{"p": 0.2, "p-emp": 0.18818898003333195, "t": [48.062721729278564, 51.973185539245605, 49.53866100311279, 50.34005522727966, 50.38367056846619, 52.46073627471924, 50.02698874473572, 50.36890363693237, 51.99044322967529, 53.126036405563354], "nmi_acc": [0.07935427639674, 0.10252363818217225, 0.08069470795298062, 0.09751135112306254, 0.09004461566464617, 0.10876256366276019, 0.07884751113214378, 0.09657469845880923, 0.08054666988007576, 0.0791923865737588], "nmi_repr": [0.0807086971447826, 0.07149297518451654, 0.07544818447019129, 0.08250846455790578, 0.09096517023846232, 0.09362024617651175, 0.09333029795154035, 0.08662903207339501, 0.07569531423932709, 0.07068534678962822], "mi_td": [0.8451426382383245, 1.0030999347257512, 1.0918316787305757, 1.0915635880546637, 1.048976579805304, 0.9401106726312589, 0.8368771692909258, 1.023254817216175, 1.0238985881471747, 1.0136185941259288], "nmi_td": [0.17089003321391935, 0.19647564114787075, 0.20996101526821914, 0.2100043075868103, 0.20370713618537922, 0.187094312970474, 0.16852401915064824, 0.19998278309466766, 0.19915121710420822, 0.19743889491590083], "mi_tw": [0.35744621517444075, 0.3910261944010817, 0.43083194774679656, 0.4422387376845259, 0.407517137672535, 0.383233884317755, 0.36021895355442807, 0.3819807378634538, 0.39254234052784664, 0.38856786663875087], "nmi_tw": [0.077066372299008, 0.08149617122198283, 0.08805446220202362, 0.09042921646859277, 0.08416192984028331, 0.08123800413626076, 0.0773243001487245, 0.07942476946086072, 0.08120549942989494, 0.0805078381322956], "coh": [-1.0392707965387618, -0.901772401211739, -0.8781694061398133, -0.8766874895131446, -1.0058886750040006, -0.9900409610678054, -1.0370276505128484, -1.191672214296522, -0.8648988353863917, -1.1264894268883894]}