{"p": 0.1, "p-emp": 0.09864676034891762, "t": [148.24111890792847, 147.79706454277039, 147.32909893989563, 145.87953543663025, 150.90058064460754, 145.32338857650757, 146.78410243988037, 147.11353039741516, 149.48820090293884, 148.07582092285156], "nmi_acc": [0.11387322766295611, 0.052542996531497146, 0.12155571057845435, 0.08652293973047802, 0.10246724443960736, 0.0639788480567596, 0.1289725666242319, 0.10765722022678352, 0.09565879090366941, 0.1403958123724893], "nmi_repr": [0.27098921842229134, 0.27771794598370936, 0.2966805506405363, 0.2935978027029599, 0.2740595231787127, 0.27655656100030807, 0.26845846589459255, 0.2702654327074454, 0.28550223602606617, 0.25543699955563437], "mi_td": [0.7419281535309256, 0.7436798065876973, 0.7549880292082306, 0.7254675962972191, 0.7589419735880051, 0.7194149093849195, 0.7598129129063125, 0.7364404201367958, 0.7225957879063897, 0.7898813001790693], "nmi_td": [0.13953814898457467, 0.14144559268571594, 0.14158944735343562, 0.13665149034006926, 0.14268341768294698, 0.1358005754867216, 0.1413774923247045, 0.13856331638553207, 0.13562343259788912, 0.14612187477371016], "mi_tw": [1.518777221440106, 1.5359149460990968, 1.5386292729250912, 1.5712449163216917, 1.5097147732226177, 1.5833461170842449, 1.53603128649676, 1.5171902850257595, 1.5812579898646508, 1.5211924740349365], "nmi_tw": [0.29694061727869697, 0.303814739982049, 0.2999302432435331, 0.30768830880650916, 0.295051407748143, 0.31074597106357527, 0.2969852776273019, 0.2967578617289744, 0.30849720525522906, 0.2923482910530648], "coh": [-1.6602185771481046, -1.707514637724167, -1.7042269092989493, -1.7447013597344234, -1.6276360971547796, -1.6217383142605637, -1.6841037034614743, -1.6812264794089404, -1.6194453642495419, -1.6736686318847984]}