{"p": 0.7000000000000001, "p-emp": 0.36451680291909805, "t": [75.10210132598877, 79.50170278549194, 76.27402067184448, 78.31553483009338, 76.25892233848572, 79.70573997497559, 74.53161239624023, 76.90064430236816, 75.236652135849, 74.58304619789124], "nmi_acc": [0.11902981266846994, 0.11813054162312851, 0.1335613169334096, 0.12388663038347278, 0.130305807912047, 0.09318157294885887, 0.13342812821047953, 0.15888300545194967, 0.09422225564005032, 0.1547305345076175], "nmi_repr": [0.12824336822986201, 0.15502421662593283, 0.1482043369876192, 0.13649178895710834, 0.13705744914477358, 0.13728513036590798, 0.13663314293507495, 0.12753456644502162, 0.12199641184195727, 0.14952504199758607], "mi_td": [0.9211933121059848, 0.9649306675256887, 0.9280148833317887, 0.942375923701435, 0.959134000354779, 0.9356440997198776, 0.8972826466004737, 0.9426498584372441, 0.9106827830455311, 0.9914217560686962], "nmi_td": [0.17120416298867713, 0.1795731648342467, 0.17059693418953462, 0.17268831609825502, 0.17571257052336536, 0.17374419871078345, 0.16508962424527288, 0.17118278759047642, 0.1700764603851909, 0.1822250672103771], "mi_tw": [2.072480580279891, 2.0677221229354514, 2.189931413507084, 2.207196349164686, 2.19210689967856, 2.0854965632909126, 2.1890133540675176, 2.226271660919656, 2.053481315071018, 2.169694577909591], "nmi_tw": [0.3481839423856091, 0.3478054030260688, 0.3642966229682673, 0.36611614761277034, 0.36352588486974935, 0.350105364191823, 0.36442794795051775, 0.3662671656650192, 0.34651269906923937, 0.36088012273042847], "coh": [-2.468089380654755, -2.4101813758920794, -2.3054433596632675, -2.474406141493181, -2.28330144257081, -2.4902102842616913, -2.2509185889613073, -2.2249754453927557, -2.420796813923962, -2.2931218346652567]}