{"p": 0.6000000000000001, "p-emp": 0.5992623197936411, "t": [61.36512470245361, 64.25382924079895, 66.47668647766113, 65.04778170585632, 67.83886575698853, 62.9363853931427, 62.861660957336426, 66.17899250984192, 62.46533536911011, 62.736252307891846], "nmi_acc": [0.3349757260463778, 0.3041839591654095, 0.23222316128724813, 0.31117088803733195, 0.2409229179111707, 0.33001862157481027, 0.30333539792233777, 0.28828485390672537, 0.33493814196211674, 0.2874167080353045], "nmi_repr": [0.18675861889447637, 0.19036789193825399, 0.18103067728109362, 0.1789486129229166, 0.16196639433495405, 0.1634467641033768, 0.19092805374100588, 0.177187519511151, 0.17766250616501775, 0.18439112219153625], "mi_td": [1.8514175660680632, 1.9459034742959258, 1.9409244226142854, 2.005001057711584, 1.9236193549503227, 1.9592655803744612, 1.9219326953625182, 1.8944992785656516, 1.8543187962903038, 1.933065616615508], "nmi_td": [0.306287653913927, 0.3189053380560603, 0.3179681622388434, 0.3279791811050832, 0.3151371926712067, 0.3208164498848273, 0.31554445625149186, 0.31177213063407616, 0.30766181667190706, 0.3167906972664372], "mi_tw": [2.4920653097320327, 2.5585026786267013, 2.55796859900273, 2.583630759909078, 2.563672343768635, 2.5797933739697507, 2.5555950358347412, 2.512184081351613, 2.4534470697824107, 2.573008730655505], "nmi_tw": [0.3687830613905441, 0.3754411515444789, 0.3752347318068697, 0.37849674995314864, 0.3760757019376726, 0.3782711179760472, 0.37561944250718565, 0.3700163590967768, 0.3640146040150039, 0.37755838535833863], "coh": [-2.540679265862301, -2.559681757649895, -2.652179019436408, -2.5573953675622003, -2.533480932441799, -2.4742698158376943, -2.4409460216235104, -2.338880151064865, -2.4184352201915593, -2.4973653588499722]}