{"p": 0.5, "p-emp": 0.4998848717840084, "t": [74.28025102615356, 73.445387840271, 68.08947038650513, 83.55644202232361, 75.93792223930359, 77.22708058357239, 79.50546336174011, 70.00246810913086, 78.66940402984619, 76.0104513168335], "nmi_acc": [0.2495365329998346, 0.21553775210267148, 0.21286629515402183, 0.21894520325764563, 0.21407043146465837, 0.24697605519419707, 0.22583332619128482, 0.2439156934346764, 0.2562893636887593, 0.1994636508946873], "nmi_repr": [0.22229539666916442, 0.2184745516464752, 0.20224043994138252, 0.19735825496159004, 0.21844958114425161, 0.21199941269766517, 0.2308972321009424, 0.2384052543999058, 0.20037050804141482, 0.22885351313478958], "mi_td": [0.723105112657038, 0.7321295173645159, 0.6766011233800772, 0.8625865105923423, 0.7283254097625159, 0.8372221127201831, 0.8060036006389795, 0.6637846676518427, 0.8128603383228135, 0.7810334679911637], "nmi_td": [0.1312982902475304, 0.13194990070216256, 0.12283778192433747, 0.1547491518889785, 0.13272541983323952, 0.14916294289850426, 0.145378815022544, 0.12187689444859978, 0.14551509683571603, 0.14154079350818377], "mi_tw": [1.207981054614075, 1.2136529893318406, 1.1603090519310613, 1.2516135234809345, 1.1139464097913143, 1.3376931559861687, 1.1961964575893895, 1.087752729585066, 1.2533657869483208, 1.265797286957976], "nmi_tw": [0.31761441564061293, 0.31568635899936054, 0.3050206329071023, 0.32341071920694026, 0.2944293632367521, 0.3422303766775617, 0.3115006132504757, 0.2906640841664384, 0.3228628694081907, 0.331879346631081], "coh": [-1.8296148415803717, -1.9578296327499636, -2.0534920134797203, -1.938675541252, -2.043180037143818, -1.8077131465553602, -2.146757457124056, -1.8689355482915373, -1.863533551285336, -1.9986501063355326]}