{"p": 0.6000000000000001, "p-emp": 0.2833345306667796, "t": [142.34896779060364, 141.8076696395874, 141.29731631278992, 140.84252047538757, 141.74902629852295, 139.2797875404358, 138.4986047744751, 139.98483896255493, 140.27484965324402, 139.6945984363556], "nmi_acc": [0.2412033060174612, 0.27479583834105664, 0.30161062803129074, 0.28824529235481827, 0.26708147307443303, 0.29076877787744027, 0.26495135628754074, 0.2648372249803141, 0.2621325326868172, 0.2969510247318969], "nmi_repr": [0.10738723968471936, 0.11330037180043305, 0.13553669413600353, 0.13763595323070552, 0.12023763528332514, 0.12317018400164388, 0.12787024945651213, 0.11871791220336794, 0.11812455880986396, 0.13158500616246988], "mi_td": [1.6570700879733857, 1.66321459182175, 1.6727641460375735, 1.634999587326293, 1.6853382688447143, 1.67374917354674, 1.6506626698779856, 1.6850062935040073, 1.6604467572520638, 1.6646380124082536], "nmi_td": [0.2774457946681008, 0.2792030569002211, 0.2809251035792298, 0.27584297766977256, 0.28141544552875397, 0.2807729328118234, 0.27742338009714984, 0.28207892913467064, 0.27859814500908936, 0.27965300832936024], "mi_tw": [1.4704915788625414, 1.4906787534592123, 1.495749280861406, 1.469945187048529, 1.4949704724159123, 1.4845231794272096, 1.464414124527378, 1.4735093400311645, 1.4689470384069425, 1.4971639062850977], "nmi_tw": [0.23796366945429437, 0.24184034624331088, 0.24276231899184378, 0.23963218354300433, 0.2412924007525785, 0.2406772050427789, 0.237850586603341, 0.23841585888030797, 0.23819879055292756, 0.24306970942587997], "coh": [-2.081567977940822, -2.241996593069905, -2.173222409717508, -2.246092276041952, -2.0181964902344793, -2.185559960557764, -2.033418633885228, -2.1044632282727176, -2.010186091133714, -2.180299331649242]}