{"p": 0.8, "p-emp": 0.7992340152918402, "t": [16.814196586608887, 17.725671529769897, 15.189230918884277, 17.186004400253296, 17.56458568572998, 15.82957410812378, 16.0610134601593, 14.0778067111969, 14.297802209854126, 16.41227698326111], "nmi_acc": [0.09170137057795343, 0.11016659761365591, 0.10113845360003242, 0.09564968243160307, 0.10942942472408708, 0.10460745478858544, 0.09806883092406746, 0.09189175120654823, 0.10502301464266542, 0.11592709673876134], "nmi_repr": [0.14854310437371765, 0.15241528929081252, 0.1461804142237924, 0.14039555347441052, 0.1551421318005968, 0.16232145901312453, 0.1649808014997035, 0.14595109374535623, 0.1531913819560626, 0.16245785681173688], "mi_td": [0.6550013786948311, 0.8381714635425108, 0.6792393409280764, 0.7667849945500455, 0.8608286924697917, 0.7059647001797431, 0.7260499737799813, 0.5222111190790116, 0.6072788440224944, 0.7288989356373206], "nmi_td": [0.12846867565362052, 0.16023280365655293, 0.13263674448405235, 0.1477435859183286, 0.16469857146741618, 0.13661263203976912, 0.14092476986423502, 0.1048970169306171, 0.11961523869056441, 0.1415621427653632], "mi_tw": [1.1643615581838676, 1.143697133469948, 1.1351928569444956, 1.1439898927919363, 1.1962618881187645, 1.1830487095389768, 1.1612439367603427, 1.0670024302490004, 1.144697259585608, 1.1616685706194554], "nmi_tw": [0.28436723207340353, 0.2705694216995112, 0.2757270113837129, 0.2732887486470503, 0.28329097144784987, 0.28413544460548956, 0.2799473565499522, 0.2684713655254782, 0.28104691943533056, 0.28025724565284615], "coh": [-2.1077354211380026, -2.1925832708178343, -2.2275336734662923, -2.0225324664056026, -2.2720191403924384, -2.127323141425394, -2.017128391786107, -2.137394615211475, -2.2585483400021302, -2.16409066314553]}