{"p": 0.1, "p-emp": 0.0959033389638706, "t": [266.9295620918274, 269.2860424518585, 257.5257956981659, 275.50579857826233, 271.0916213989258, 268.9542860984802, 266.3829689025879, 272.1006073951721, 269.49327278137207, 275.931688785553], "nmi_acc": [0.4789804379534675, 0.48754108180622124, 0.4770024817875261, 0.4808346145267132, 0.46928533428279356, 0.4820060153884624, 0.46750161665503875, 0.49093372358280274, 0.48478305823042145, 0.476188391591018], "nmi_repr": [0.4392243000630105, 0.43687406318459715, 0.43725897206744563, 0.4432535965587735, 0.4319688295174445, 0.43598719910386247, 0.41968073390621946, 0.44038233798243026, 0.445397888171559, 0.43955825253804565], "mi_td": [1.7245981781902933, 1.7294728453336803, 1.729979115490549, 1.714345386915719, 1.720270042028508, 1.7071016599043092, 1.7360340477205465, 1.7372690014071241, 1.7249474656019628, 1.7144865500453652], "nmi_td": [0.2910931591598453, 0.2916251516408962, 0.29143451331117104, 0.2890918720448492, 0.2889543512678891, 0.28810373402462525, 0.2927617773230363, 0.29331705472180153, 0.2910129991660449, 0.2888850698093787], "mi_tw": [1.663234961998946, 1.6552242776458175, 1.6583916759421644, 1.6700292548164366, 1.6865653860537337, 1.6694480025320821, 1.6483118372458123, 1.650069792093358, 1.6595455065734255, 1.6714296732141618], "nmi_tw": [0.2883600035022858, 0.28667753970318044, 0.2869469901825115, 0.28925970736267675, 0.29094837433408255, 0.2893998205322941, 0.28551065697504036, 0.2861628984166391, 0.2875791437226233, 0.28926509359205904], "coh": [-1.8096523935847872, -1.8404570439982464, -1.7189485689721085, -1.7404245378971184, -1.7510489408005632, -1.7724872712156805, -1.79973374140461, -1.7850506909395243, -1.867777260302248, -1.8502825427873208]}