{"p": 0.8, "p-emp": 0.7999795737411157, "t": [40.8838095664978, 41.50162410736084, 42.78087091445923, 41.19599986076355, 44.18382906913757, 39.85916256904602, 36.89313507080078, 44.96503281593323, 40.41203737258911, 38.20916295051575], "nmi_acc": [0.08961407625787055, 0.08993489903837532, 0.0748656544860235, 0.07094209330886601, 0.09089110472139934, 0.08911598779777817, 0.07646574094320799, 0.10222531345034405, 0.07273123027245884, 0.06323555967978652], "nmi_repr": [0.0683120835172259, 0.07059543766422992, 0.06846662433419273, 0.064970320802985, 0.061773214026051765, 0.06594103791176822, 0.058779132064181554, 0.06655566765411854, 0.06628511402966382, 0.058610816802772865], "mi_td": [2.495148556125205, 2.5166304863263376, 2.614009169289438, 2.5250966904722545, 2.487769570464443, 2.4251975612478733, 2.441639196245496, 2.513122944251364, 2.492370173878443, 2.367613692449549], "nmi_td": [0.41069214631846135, 0.41349395790001603, 0.4261176659870455, 0.4137498107906873, 0.40935659144774583, 0.4009944182984904, 0.4031580331706803, 0.41319492593409796, 0.4098149623692936, 0.3930365915883382], "mi_tw": [3.410088281413314, 3.431696873503138, 3.5062227520170586, 3.4481112142969286, 3.4149508453703348, 3.3663286647478374, 3.372291991676651, 3.42649042318736, 3.414965230940391, 3.318917495681574], "nmi_tw": [0.468499921056623, 0.470771090180981, 0.47783390458634617, 0.47194175691734097, 0.4690522447551375, 0.46424276595080294, 0.4645318514763251, 0.47032036333890276, 0.46876906951083147, 0.45922795211222495], "coh": [-2.3129610279574764, -2.3272244904759694, -2.150092858336985, -2.1244571875963336, -2.194757309851621, -2.2661817441715533, -2.2562514510967153, -2.309010899558725, -2.2000896484734316, -2.3851973309176198]}