{"p": 0.0, "p-emp": 0.0, "t": [130.85426473617554, 137.09461212158203, 130.78073263168335, 127.75844216346741, 129.37990069389343, 136.032568693161, 131.53057622909546, 126.91755318641663, 135.56016421318054, 129.4693787097931], "nmi_acc": [0.03646827180965932, 0.033489636466547235, 0.069158274950666, 0.05125764661017192, 0.024134534944744716, 0.058902765079155185, 0.06455371566080526, 0.05802603975119434, 0.12768615741613118, 0.02746594864432815], "nmi_repr": [0.24082707895953345, 0.23183769219409944, 0.24427851369484502, 0.23522038425489544, 0.22848055961798575, 0.22657504277690388, 0.2248228763763548, 0.24971265425837083, 0.20626280986336498, 0.19158831166105503], "mi_td": [0.5320611871839958, 0.6098171607302648, 0.5451279370426887, 0.545005416393515, 0.5027246225809622, 0.5414476477813119, 0.5898303537967475, 0.5286233377389205, 0.5517305505268129, 0.5027825920189887], "nmi_td": [0.10750950195760713, 0.12467797195042596, 0.1109272633983904, 0.10933832768906547, 0.10327519109022834, 0.10852392793663383, 0.11953606707004381, 0.10927529011539468, 0.10971215126158942, 0.10168278258762471], "mi_tw": [1.4515052164442928, 1.2993458116058696, 1.381392829950181, 1.4819494324047096, 1.3160632241681218, 1.5014957638847408, 1.3924978047970986, 1.2364983642707343, 1.533100581931328, 1.4244875755703597], "nmi_tw": [0.3149166583060527, 0.28548633340658147, 0.30197769218358217, 0.31905686416498075, 0.2906487505562028, 0.3229436926073936, 0.3030771017924774, 0.2749154024998885, 0.32695017149924843, 0.30934691337198983], "coh": [-1.906822492222517, -1.894358236707759, -2.151309462522146, -1.9315521491086474, -2.175110348410103, -1.8379837538423733, -1.990174521733486, -2.2552749075556604, -1.9509735112066873, -2.0608775015217917]}