{"p": 0.2, "p-emp": 0.18146355900305722, "t": [243.37536025047302, 250.10704684257507, 250.78979587554932, 244.40683579444885, 243.92548775672913, 238.31307911872864, 243.75183629989624, 240.6921672821045, 245.97939014434814, 250.26712369918823], "nmi_acc": [0.496089634781954, 0.49776707815186544, 0.49072013920474505, 0.4812602709140365, 0.48268448293451954, 0.49038424668935987, 0.49381344531864535, 0.4982312577584228, 0.47534452181858305, 0.4820131300545574], "nmi_repr": [0.4539638933425541, 0.472856381297261, 0.45579146758650546, 0.4221853393535704, 0.4284844043812678, 0.43512555992177704, 0.4451777619041042, 0.44583230853018335, 0.4558567256880357, 0.4454273116557659], "mi_td": [1.7944034375135474, 1.7903903206335041, 1.7956407359124822, 1.752739532394035, 1.7790037456092156, 1.7908437757493125, 1.7945466770893328, 1.794710159257526, 1.790699796934903, 1.7908860469056198], "nmi_td": [0.301904792649959, 0.300868361255053, 0.30112757135865087, 0.2948230289385692, 0.2982166689621229, 0.3012418733486626, 0.3016140917451165, 0.3018657873445191, 0.3005321520467576, 0.30104731807818874], "mi_tw": [1.752040227356114, 1.75402819898776, 1.7566189588862193, 1.7475837048382865, 1.7665018301633835, 1.7353894528983793, 1.736432785696004, 1.7383295282712263, 1.765609368445143, 1.7415138846803138], "nmi_tw": [0.29794762710705397, 0.2979241519865607, 0.2977414822076535, 0.2971165284400123, 0.2992939691038645, 0.29505266513862066, 0.2949822740003523, 0.2955263577472152, 0.29950019146814977, 0.29589360243713037], "coh": [-1.9918306667527481, -2.0821271186474735, -1.958886297113806, -1.9324707214644796, -2.0393129791662123, -2.1465280888420972, -2.053831078910064, -1.9845804693941222, -2.054294734373496, -2.028671047003553]}