{"p": 0.30000000000000004, "p-emp": 0.2996828865770338, "t": [160.56776022911072, 160.35551166534424, 158.5887644290924, 161.32092380523682, 160.15594387054443, 156.90314483642578, 160.93221163749695, 157.77927899360657, 161.0543463230133, 154.69951272010803], "nmi_acc": [0.2732007317880369, 0.2606645251656647, 0.21740987396107758, 0.2448684930830634, 0.2289980348697477, 0.2164196775065371, 0.22940338282789902, 0.24706190844978856, 0.2293418251890109, 0.21624164028781037], "nmi_repr": [0.2533613379958961, 0.2461890191129912, 0.2513440336950948, 0.2539448887818328, 0.2721815028569123, 0.3019173968820064, 0.2971873505083365, 0.2922457513419282, 0.31904283178113535, 0.30434071226619275], "mi_td": [1.1191266799596273, 0.9961408566500844, 0.9193645366975827, 0.9623759986625375, 0.944104923319118, 0.9033843530181423, 0.9415993259595962, 0.9491969812471077, 0.9128764048676983, 0.9079145641925851], "nmi_td": [0.21007248441290854, 0.18687992428557962, 0.1737767960134972, 0.18110784326814097, 0.17771329485890341, 0.17163236729883566, 0.17759020462312275, 0.17909281263457028, 0.17308245469398537, 0.17253971622123385], "mi_tw": [1.2136693757404178, 1.3223181446980141, 1.3967301787833724, 1.3724656917333646, 1.3836268016118216, 1.413616836695542, 1.362434393997879, 1.3550691333140013, 1.395149355428764, 1.386578869845851], "nmi_tw": [0.24559088270219903, 0.26741171913780853, 0.2847570506663276, 0.2784851375473906, 0.2808245407311367, 0.2897953639596862, 0.2771097014062894, 0.2757273034759661, 0.2853809334235014, 0.2843354796873975], "coh": [-0.6423983476602495, -1.0333626258139819, -1.0718128773427962, -1.0429793469238444, -1.07579962686569, -1.185583238492948, -1.0642513177773747, -1.1637461698588711, -1.1250603841945375, -1.1586431866784093]}