{"p": 0.9, "p-emp": 0.899669597370533, "t": [17.68371891975403, 19.51439356803894, 20.00705313682556, 19.69340705871582, 19.76499056816101, 19.455734729766846, 19.664573669433594, 19.844101905822754, 19.89154624938965, 19.389236211776733], "nmi_acc": [0.19154772987647908, 0.15968782845654633, 0.16907766234360933, 0.15421546245205564, 0.17152679236331148, 0.17072300978693739, 0.15759356524907642, 0.15478713466652275, 0.17382933241023796, 0.18667659455001662], "nmi_repr": [0.20664632896953217, 0.21840513852936644, 0.19610057920737153, 0.19678497184635027, 0.20674750682152432, 0.20280453501486204, 0.20940293044427533, 0.19349539789887155, 0.18784762909067712, 0.2103165931263515], "mi_td": [2.2821804444583798, 2.268753810152918, 2.2580526923588935, 2.268444232945788, 2.2653893909416154, 2.249959227692566, 2.2496170330888585, 2.273513558497695, 2.247644425929993, 2.2627399808718325], "nmi_td": [0.3845074076812766, 0.3818185353817156, 0.3805661911905493, 0.38171643453490856, 0.38165548161639173, 0.3793412093605088, 0.3789252064116445, 0.3826491672288623, 0.3785514129636487, 0.38079314165549855], "mi_tw": [2.4375777807155914, 2.4367975047904644, 2.399771095252485, 2.4345381394899177, 2.4293010944438884, 2.430951943721937, 2.4301325994965186, 2.400761630985665, 2.431282466669687, 2.440262587245137], "nmi_tw": [0.49402801418603304, 0.4932068138550038, 0.4865562006242478, 0.4926719064444277, 0.4923149868889324, 0.4930956214152799, 0.4923692874232626, 0.48595836650209184, 0.49253726875172904, 0.4938873993007095], "coh": [-3.421403827102297, -3.390261527931853, -3.295493576964211, -3.288909230104217, -3.388502835298064, -3.339422209480074, -3.4765381262245256, -3.3988101070134116, -3.5345759482941133, -3.309875087889779]}