{"p": 0.0, "p-emp": 0.0, "t": [134.19358730316162, 134.3817846775055, 133.48759388923645, 136.91705799102783, 133.01840353012085, 133.56793785095215, 135.4934413433075, 132.66366314888, 135.7439796924591, 134.57044506072998], "nmi_acc": [0.08023659631220272, 0.08170417680380533, 0.054674459016825945, 0.10017681354133139, 0.10517909708310152, 0.12158333201595364, 0.1073325102513918, 0.09288875050172406, 0.11220844017949924, 0.08249821517812832], "nmi_repr": [0.2861748528709065, 0.2918468713170195, 0.2945182930499645, 0.28912092356468394, 0.27932004055312487, 0.26609929752832234, 0.27527462782268136, 0.2721956825628246, 0.28553758939204754, 0.26646873935264803], "mi_td": [0.7241663847792426, 0.7235554630552428, 0.7452063272823314, 0.7526554967789175, 0.7422234952308575, 0.7652553865924909, 0.7642775073657279, 0.7360769189748325, 0.7482737292383663, 0.7294980430964884], "nmi_td": [0.13596036815665868, 0.1352609841296303, 0.1419124525930946, 0.14091582663007227, 0.13960622497472727, 0.14284009742184256, 0.14321714960948334, 0.1381572726093015, 0.13904584841030626, 0.13729994574303772], "mi_tw": [1.6057085248052196, 1.670189778430914, 1.526021249135329, 1.5570922793957278, 1.5506123730897818, 1.5269264392545112, 1.5438351153280843, 1.569372582651042, 1.5909958058453217, 1.5831814722844686], "nmi_tw": [0.3087398349312764, 0.3197226715567067, 0.29771893875260674, 0.2985387519485363, 0.29870640658746817, 0.2918454906993189, 0.29626260930989673, 0.3016654824464878, 0.3026991010253651, 0.3051791195573332], "coh": [-1.603053293526705, -1.5347483907227395, -1.7581003267541118, -1.5958199354521523, -1.627039794960469, -1.5375515402090847, -1.584814826205896, -1.5986667097791623, -1.5230791761553486, -1.6147304626926846]}