{"p": 0.4, "p-emp": 0.3999926776651891, "t": [50.97352576255798, 50.806235551834106, 51.21906089782715, 51.50386643409729, 50.99342179298401, 51.134554624557495, 51.54554295539856, 51.14164924621582, 51.4587721824646, 51.28718090057373], "nmi_acc": [0.2163920451385765, 0.19390758044902187, 0.213089711088867, 0.17435241955624886, 0.20430734992117908, 0.22579715048762736, 0.20369463155644282, 0.19652825046078481, 0.21529096947176207, 0.21220008871139864], "nmi_repr": [0.15289981160241264, 0.1554087130122274, 0.1350823253621189, 0.12584278363056695, 0.132571894135447, 0.14771788129134583, 0.1606343719458715, 0.13658029336482608, 0.12730535225898712, 0.13973871110714772], "mi_td": [2.013003470059905, 1.89227151041416, 1.833414463056016, 1.8959387717252683, 1.8774086997179742, 1.8681816373663587, 1.8545020568701363, 1.9612359128090788, 1.859377710496005, 1.8106973143141532], "nmi_td": [0.3670311685441252, 0.3500058603796363, 0.34148860199899733, 0.34961860162536945, 0.34829298478663817, 0.34686543255878627, 0.3443500662134388, 0.35951628617537895, 0.34511906056173, 0.3378078533573789], "mi_tw": [0.5785550050955861, 0.5450089587436058, 0.5216518808131301, 0.5346899992103498, 0.5427673118294436, 0.5487097966933004, 0.5490386103096068, 0.5514575381110147, 0.5359635598140263, 0.5206409895061596], "nmi_tw": [0.10694916864272085, 0.10222492844244262, 0.09853721714568653, 0.09998044075717227, 0.10211254695958173, 0.10331638002981622, 0.10338575859323802, 0.10249614008612926, 0.10088326955943618, 0.09850907266455436], "coh": [-0.540884844458583, -0.5352318135815575, -0.6070968054709508, -0.47544199904011963, -0.5893289304739441, -0.6407728910284418, -0.514226636971839, -0.4144226315850797, -0.5677178769643269, -0.5317622743864284]}