{"p": 0.1, "p-emp": 0.09999767883421773, "t": [64.74355244636536, 70.07330822944641, 78.60944509506226, 66.96770095825195, 68.80851888656616, 72.4263379573822, 71.06465363502502, 78.18618655204773, 71.40225005149841, 69.77713012695312], "nmi_acc": [0.026750311946232445, 0.027152581607436263, 0.0433256115357915, 0.027868327979713836, 0.03361299860421959, 0.04137190592356007, 0.033110434676109045, 0.050784879882650014, 0.04264361804165666, 0.02714181705651006], "nmi_repr": [0.17345301364393237, 0.1835301064149686, 0.15260754327725554, 0.14536957901336955, 0.1467847389933905, 0.1377623540336244, 0.13373227723789052, 0.14156070599712675, 0.12971785066371777, 0.14263407454603855], "mi_td": [0.30153116454435924, 0.37926190632913254, 0.4241602837708221, 0.3038481501780288, 0.3329987339068201, 0.3785310496090414, 0.33697661961878106, 0.42057926378329885, 0.3418203839836057, 0.31545979785494205], "nmi_td": [0.06202129791069423, 0.07583967151541231, 0.08313444031107683, 0.06114034054426573, 0.06625663084812167, 0.0744298384292836, 0.06702661992628364, 0.08301588981591675, 0.0676399090657944, 0.06377948652695264], "mi_tw": [1.1437608183032906, 1.3207624186960332, 1.5111597464821263, 1.3198314496995667, 1.3765450264356736, 1.5200751465704956, 1.416749315805094, 1.3937405509845597, 1.4168829320230936, 1.2726472486822675], "nmi_tw": [0.2606739651815171, 0.29176458797133664, 0.32652041578250873, 0.29357939637460173, 0.3024135104103066, 0.3296117669485321, 0.3111358593699003, 0.30350034053844027, 0.3093967497368456, 0.28457665718484526], "coh": [-1.9817278032241832, -2.027739573218765, -1.8203851534158468, -1.9142846557400992, -1.9114595203240374, -1.8756826580788868, -1.7243595024050404, -1.8050145825345594, -1.96829435120457, -1.866685366933291]}