{"p": 0.9, "p-emp": 0.8999986073005306, "t": [28.226640224456787, 26.40796184539795, 23.408661603927612, 23.92767333984375, 26.447200298309326, 21.84241223335266, 26.574981451034546, 23.80546545982361, 22.8946475982666, 23.922532081604004], "nmi_acc": [0.028705914563373795, 0.03238553388221197, 0.0266950599162489, 0.025705208582949897, 0.028049225582867165, 0.02762479239825052, 0.02877868901518053, 0.028383747409703532, 0.030137450311628542, 0.023506874574139008], "nmi_repr": [0.05127215925228686, 0.05758965389001336, 0.057319066401616006, 0.0512239566813946, 0.05358583916664941, 0.0490577039115133, 0.048792061728433776, 0.053706464387796284, 0.051216941894471436, 0.04723969572693462], "mi_td": [3.30215177525596, 3.435954338763138, 3.296173783738728, 3.2649035595852594, 3.3263479577696415, 3.1729607188024485, 3.36149850116348, 3.30657863281686, 3.258064091355539, 3.192223623434087], "nmi_td": [0.5250370505409946, 0.5409490072539586, 0.524353886650721, 0.520656845425425, 0.5275983953214965, 0.5091296795282941, 0.5317332614689749, 0.5251632867296863, 0.5193167834451099, 0.511674695865933], "mi_tw": [4.105058460206559, 4.2208291492291465, 4.097228705679138, 4.0724752757317155, 4.134123857870245, 3.999855894249652, 4.163913304812755, 4.11814880643432, 4.078338655725191, 4.013926137858316], "nmi_tw": [0.5315871489329029, 0.5422014152895145, 0.5307936276519117, 0.5286430764184741, 0.5342904845792843, 0.5218320193131682, 0.5369552392980257, 0.532804999912387, 0.5291973491692498, 0.5232138126807683], "coh": [-0.7345708520644096, -0.6718930593294469, -0.7286008272775071, -0.7219244462370951, -0.735680913039374, -0.7446381408864771, -0.7392786008253575, -0.7279811840278761, -0.7201915286128815, -0.8133768550860107]}