{"p": 0.7000000000000001, "p-emp": 0.6999902511037144, "t": [55.02278661727905, 53.444737911224365, 52.34148597717285, 53.431970834732056, 54.77865934371948, 53.1150016784668, 51.888370752334595, 53.73747396469116, 54.5849609375, 52.64359259605408], "nmi_acc": [0.026712307212880683, 0.030426751305842218, 0.0352616945970966, 0.03354620862467054, 0.026300770382639598, 0.0275619680592692, 0.027301834611697766, 0.02784530932614956, 0.02893766711938202, 0.028417280212022125], "nmi_repr": [0.023129027966014605, 0.022914587317217024, 0.020439408613584995, 0.018824251907801584, 0.019227947645066697, 0.019104638123825457, 0.019777667729647973, 0.019999405036624278, 0.025251855112006078, 0.02308606108129428], "mi_td": [1.8944900564909013, 1.9059576368398616, 1.908524244438, 1.8887035708031146, 1.9014374759240473, 1.8973307913736177, 1.8975241564091199, 1.9039361795682643, 1.907044876634173, 1.9014546953333968], "nmi_td": [0.33410876755166713, 0.3360507987964251, 0.3366502145756048, 0.3333777000385455, 0.33544896343044045, 0.33471066248955833, 0.33469782774408974, 0.3357192670262982, 0.3362410502082344, 0.3355408392228544], "mi_tw": [2.072673340356791, 2.075087106641122, 2.0646962547452703, 2.073235255152617, 2.0621437973127565, 2.0677978558622216, 2.0610243154825874, 2.0729523738807467, 2.0696508822011204, 2.063486815099217], "nmi_tw": [0.30414625793375016, 0.30443987406872747, 0.30302542536740257, 0.30444863744575307, 0.302687455042459, 0.3035069587394683, 0.3024774526876595, 0.30414544159145795, 0.3036412286954555, 0.3029513226294458], "coh": [-3.2614310979566725, -3.2014842245518715, -3.180452757597171, -3.098448858762606, -3.220881660403605, -3.2217428615683312, -3.2527243619475237, -3.2940529401430836, -3.2521237113803876, -3.1761820892734014]}