{"p": 0.9, "p-emp": 0.8999971837173804, "t": [28.15917134284973, 28.611379384994507, 27.913039922714233, 27.770505666732788, 28.00742244720459, 28.282774925231934, 28.57562756538391, 27.837156057357788, 29.08050537109375, 28.024266958236694], "nmi_acc": [0.22410737922269058, 0.22563789019784963, 0.23522037664656462, 0.22185345829254094, 0.22709676687736166, 0.22356124484573345, 0.21358689166437994, 0.24085397111425585, 0.22416393211168006, 0.21687378082802308], "nmi_repr": [0.24691977860856484, 0.2327920748430324, 0.23723350051520106, 0.23079974053954927, 0.23365602206571184, 0.2423184807371065, 0.2378753138642901, 0.2332667701904816, 0.21994269244643294, 0.2162099765034435], "mi_td": [2.1708316070398954, 2.168530533450581, 2.1935390368042658, 2.175685186832062, 2.1760671508093736, 2.1868355454540733, 2.181632103072622, 2.1642593426192507, 2.1824477250659493, 2.172668803851736], "nmi_td": [0.3977232502545475, 0.39707451038288505, 0.40100820341689963, 0.39794756256607144, 0.398674653183965, 0.40050166957480376, 0.3994735399300424, 0.39603700394077623, 0.3981328637107345, 0.39796139691033683], "mi_tw": [2.2716106928163233, 2.2808882529295817, 2.2834817544342387, 2.2832110467741162, 2.278293916001837, 2.267435398017943, 2.2727046128045676, 2.2907989898701504, 2.3027775322305355, 2.270796375755939], "nmi_tw": [0.3417110167445391, 0.34294552870035994, 0.3428822256333057, 0.3429854853346828, 0.34271083751017767, 0.34097550111138025, 0.3417150907544819, 0.3442533589962258, 0.3451759715186152, 0.341519153132521], "coh": [-1.6167599992492387, -1.5970925516781338, -1.6320672379715926, -1.5920814680331234, -1.64675534485727, -1.595111819651803, -1.5990934924554272, -1.6787690506599637, -1.6562565890654493, -1.5451473683998853]}