{"p": 0.8, "p-emp": 0.4085434749547987, "t": [95.75000715255737, 93.6724853515625, 90.29775166511536, 89.41780161857605, 90.70482015609741, 91.80984354019165, 110.75221133232117, 130.60839915275574, 99.28702974319458, 90.93697142601013], "nmi_acc": [0.2877086739902425, 0.28702624490196194, 0.28633081489696316, 0.27613936086220325, 0.2758226220724008, 0.20392109115790993, 0.280892124120733, 0.23966392571231268, 0.26802505591030634, 0.27804812186448674], "nmi_repr": [0.17841075788790656, 0.19506515410342856, 0.20294818106083837, 0.18377173923565485, 0.1603732527311924, 0.16202419312596977, 0.17058690304633917, 0.16347000577774914, 0.1681604475505978, 0.19770764221419782], "mi_td": [0.969994134106455, 0.9378373266452593, 0.9650480841302679, 0.870070754580925, 0.9058041446852428, 0.8735952812738983, 0.9021383698686165, 0.7977477484254369, 1.0106807144137446, 0.9405208487382842], "nmi_td": [0.18097166078955804, 0.17583207371563517, 0.18313786969854506, 0.162866761031007, 0.17083182817919848, 0.16562837276957512, 0.17076798528430692, 0.15224997585001673, 0.18824955649285188, 0.17809229919875627], "mi_tw": [2.0152373320416705, 1.948975158594773, 1.865560814041983, 1.989656560653572, 1.9207007727239522, 1.8841298208492177, 1.9098463787782582, 1.8214785955919188, 1.9937834501182248, 1.8792322770475636], "nmi_tw": [0.34918972373297247, 0.33924902620890124, 0.3283989588384651, 0.3458177487421577, 0.3361645203953127, 0.3313810911267758, 0.33540855540383574, 0.32232956008721475, 0.3449396623901341, 0.3301332122525954], "coh": [-2.1898388762711662, -2.0704814802059297, -2.2048168289808068, -1.9829687059916041, -2.2028947492672977, -2.0945067343616666, -2.024850305742309, -2.072218464079489, -1.9982830745029738, -2.051097113380585]}