{"p": 0.1, "p-emp": 0.09999944738456323, "t": [190.3498179912567, 177.5740613937378, 182.33220887184143, 181.20095872879028, 179.10517263412476, 183.9488968849182, 178.71715593338013, 177.28845834732056, 184.8932900428772, 176.45480060577393], "nmi_acc": [0.47142004188064157, 0.4733875094159374, 0.47511259803127653, 0.4535397235290517, 0.4655069014561667, 0.4664844902919512, 0.4650107991048242, 0.45563898780465667, 0.472474605210858, 0.46976157108652095], "nmi_repr": [0.41249312914726893, 0.43287707331203534, 0.4473840350713229, 0.43553169965435157, 0.4264276717842358, 0.4279011664286469, 0.41210343287629464, 0.431477536420005, 0.4235996182809378, 0.4201918340921799], "mi_td": [1.7446415569078741, 1.7454733150957709, 1.7256001173688045, 1.7281526694613802, 1.7323664475119764, 1.7269713258136108, 1.7299217587379072, 1.755790583836981, 1.6757957562012256, 1.7244421914148822], "nmi_td": [0.2940071185733973, 0.2941915044096269, 0.2913439609307691, 0.29101208965082664, 0.29189348566844076, 0.2917739099307144, 0.2915500691635693, 0.2953686661413401, 0.2833550241136437, 0.29004856574887233], "mi_tw": [1.376284596104363, 1.3876887381287615, 1.3832238434541986, 1.392133525576121, 1.3937301773638624, 1.3720702762605796, 1.382240356957093, 1.3846048957295856, 1.4047286979121512, 1.4052880681263555], "nmi_tw": [0.255498087474492, 0.2576578524256422, 0.25731725851704496, 0.2582288803231355, 0.2586927798590582, 0.2554338040221642, 0.25662655277628105, 0.2565477435346319, 0.26174506334067554, 0.2603340717158956], "coh": [-1.5916618424372835, -1.5500320575157371, -1.5311531377430347, -1.4731389529613608, -1.5310197074485938, -1.6223936229561644, -1.4335870384255833, -1.5544831956905447, -1.583021201926355, -1.5750161370757403]}