{"p": 0.7000000000000001, "p-emp": 0.6980423287792061, "t": [49.38298583030701, 49.16058015823364, 49.2486412525177, 50.055097818374634, 49.92168736457825, 49.526862382888794, 48.918134927749634, 48.84460926055908, 48.00622916221619, 49.35541367530823], "nmi_acc": [0.02694982706981494, 0.02653755730145651, 0.023493518938757587, 0.022472467219880995, 0.024460814577035382, 0.02852716562090612, 0.025468246566959226, 0.023445120202334257, 0.023368292816335658, 0.02237130431469019], "nmi_repr": [0.16546074397624705, 0.1665699842677689, 0.17180228247471693, 0.1686461833701146, 0.1629485469481439, 0.16456244625599703, 0.16549896743221934, 0.16959580108863123, 0.1756170350198353, 0.1717086986638527], "mi_td": [0.4020595927628897, 0.4005218640944861, 0.40129570657071617, 0.40164781421506573, 0.40674213951329485, 0.40194800299176603, 0.400601115957064, 0.4000727696489496, 0.39985861842619247, 0.39993915857077894], "nmi_td": [0.07102115840190647, 0.07075174245148959, 0.07089303667729235, 0.07093839418291084, 0.07188050969592233, 0.07102351097333799, 0.07076553691000692, 0.07068010520998073, 0.07062936972218353, 0.07065040609225647], "mi_tw": [1.248038633729381, 1.2515347249342748, 1.2746820267750767, 1.2404826884466096, 1.217448325912818, 1.2385595271393146, 1.2458274421691955, 1.278665302821681, 1.2765536210455346, 1.2396919820925825], "nmi_tw": [0.3966859711997214, 0.3978195911639635, 0.40522458774935904, 0.3941840841251887, 0.3872751859616148, 0.3938932445776214, 0.3960033761960436, 0.4065231007226144, 0.4057183681857536, 0.39407123086600465], "coh": [-0.2935662044733962, -0.28131856314987536, -0.2896165564923618, -0.28363801858752347, -0.29192928176699573, -0.3018979148678496, -0.30139153881027264, -0.289230526635054, -0.3020123386338523, -0.29089295884360833]}