{"p": 0.6000000000000001, "p-emp": 0.5989168577045043, "t": [90.53382921218872, 90.69671130180359, 93.59672999382019, 94.76327276229858, 90.95739221572876, 90.24144196510315, 91.1829776763916, 90.23521423339844, 90.31769847869873, 90.80306696891785], "nmi_acc": [0.28626520919381304, 0.2895983576963057, 0.2895802128280522, 0.2855384692238503, 0.29034269438978655, 0.2774505459550951, 0.28385543469053726, 0.2807395133827353, 0.27414507991410353, 0.29033262549028815], "nmi_repr": [0.2699445944135633, 0.26700602212507313, 0.25708136369017126, 0.267372176512839, 0.2512061335404131, 0.2384487930304872, 0.24027618367373224, 0.25302633498208177, 0.25978031378292277, 0.27197852565314934], "mi_td": [1.3749770279799773, 1.4119958370279164, 1.3953869110701431, 1.3866293834887433, 1.3449538262522063, 1.3654190712935925, 1.4105194834474286, 1.3700338009953676, 1.3873913697719633, 1.4179110698085868], "nmi_td": [0.2513634257794886, 0.2577635075717373, 0.25454169268742227, 0.2532166334519237, 0.24595542286715852, 0.2497318352721949, 0.2575827126889478, 0.24994671477484937, 0.2525085194089267, 0.25884539241597965], "mi_tw": [0.9896095092378552, 0.9631583486176937, 0.9823377564412235, 0.9767957407049628, 1.0040166070562606, 0.9817371453525541, 0.9636092831491067, 1.0006323287175443, 0.9991051178503709, 0.9589895249993224], "nmi_tw": [0.21236719102194318, 0.20634557633303482, 0.2102705283929824, 0.20934857477922258, 0.21554184814372546, 0.2107924706797113, 0.20652566244299872, 0.21421652157921128, 0.2132900220157818, 0.20545435766275305], "coh": [-0.9874562773734482, -0.977549260375099, -0.9698934131946153, -0.9187838853545627, -1.038630249421557, -0.9902053722259672, -0.9327757257335261, -0.8955136379083161, -0.9956823193755472, -0.9593981137999679]}