{"p": 0.1, "p-emp": 0.09999860730053067, "t": [138.0671763420105, 134.8828411102295, 138.06362318992615, 135.09005880355835, 135.01112937927246, 134.7236225605011, 133.79962682724, 135.99075269699097, 133.8667552471161, 133.62501764297485], "nmi_acc": [0.09540702317762577, 0.09016124024523885, 0.1147250050812594, 0.07046200524472286, 0.060142086574527, 0.0858187136009965, 0.09580662694965807, 0.09082569472039417, 0.12090441578200721, 0.1006812614318558], "nmi_repr": [0.27929041262433746, 0.2813276510029504, 0.27182643560334857, 0.27141015449325934, 0.305058645891028, 0.28969393498554763, 0.2717882112554931, 0.2686531021000913, 0.25900893148150334, 0.27268438347516916], "mi_td": [0.7265233523242619, 0.7199334502149619, 0.7473013482702795, 0.7064946254080643, 0.7031677036953895, 0.7356701962350576, 0.7158570513034397, 0.7254942454251841, 0.7482283586272481, 0.72513891832491], "nmi_td": [0.13650610651277922, 0.13669011454167543, 0.1394842247740117, 0.1338145591651367, 0.13332373015647786, 0.13764547589750598, 0.13568388270373452, 0.13527011281047255, 0.13944368450546574, 0.1366267175047427], "mi_tw": [1.4884104879436937, 1.4505257090729267, 1.486962898264638, 1.5051518471600274, 1.5453885296699543, 1.5048222864946856, 1.4531032970014495, 1.5478881653158723, 1.4805338722073804, 1.4622734137498834], "nmi_tw": [0.30017285812340566, 0.29583631849171127, 0.2977594967903945, 0.30618104976728244, 0.3147192647183437, 0.302118069311798, 0.2958180633916524, 0.3096064702580849, 0.29598576196977056, 0.29578642838546565], "coh": [-1.5584586401220986, -1.6294976945212896, -1.4836823180909267, -1.6983344678873842, -1.5450282439417307, -1.6141049532411338, -1.7519955254079733, -1.5555204192566414, -1.5163534308093094, -1.7732206367406202]}