{"p": 0.2, "p-emp": 0.199991526563303, "t": [163.37408900260925, 161.01090145111084, 159.7884202003479, 158.66756319999695, 158.85895609855652, 165.68094277381897, 161.2321949005127, 165.2163963317871, 162.16602540016174, 168.05552172660828], "nmi_acc": [0.44851970905074867, 0.4512881080431797, 0.4477399312797377, 0.4441576227638446, 0.45683814513593524, 0.45594004137299554, 0.4404720296556079, 0.43833554895485194, 0.4444372192366157, 0.45246885742701304], "nmi_repr": [0.4056295811428431, 0.4187823752842194, 0.40289784397208306, 0.4160052219226016, 0.41793284197390235, 0.4116127858401407, 0.4144107575565414, 0.39758190726727205, 0.39933736956500837, 0.4133292774751846], "mi_td": [1.773432458936478, 1.7716689765279419, 1.7464991038024813, 1.7326608964445638, 1.7818499330387654, 1.7754017206794703, 1.7765143475264773, 1.7736977874545896, 1.7676144109171965, 1.785358362408102], "nmi_td": [0.2985317904579378, 0.29814179675589575, 0.2941588780168867, 0.29188716940535264, 0.299845796067873, 0.29908546248354245, 0.29895921576319157, 0.2968550403083639, 0.29663208562930665, 0.3007221917024752], "mi_tw": [1.2323175520017984, 1.232679859188581, 1.2387989846366345, 1.249759579817636, 1.2140115944219076, 1.215773590934538, 1.2269916616316818, 1.2567360727554389, 1.244693628090324, 1.2200275926922857], "nmi_tw": [0.24139681377240252, 0.24138003842238828, 0.2428210389181796, 0.2450271294466021, 0.23771590584755678, 0.23836209132333802, 0.24026808503225025, 0.24453003624313602, 0.2429440223967563, 0.23915856853260825], "coh": [-1.5149372268963759, -1.4803678648591765, -1.437385521942836, -1.416335988820197, -1.5084595713197042, -1.560582290168648, -1.5304361876213182, -1.462906677753487, -1.4730750628802356, -1.5613269719337635]}