{"p": 0.2, "p-emp": 0.18956229335526276, "t": [47.489445209503174, 49.083394289016724, 48.048842668533325, 48.31229901313782, 47.97170376777649, 48.48498463630676, 48.64883542060852, 48.09679174423218, 48.461013078689575, 48.222066164016724], "nmi_acc": [0.22978455644134202, 0.21950355392735657, 0.22286575192535418, 0.18946755634375956, 0.22376190309471636, 0.22986721295240123, 0.1844972366405213, 0.21547147212779788, 0.22038145363590264, 0.24949335048490454], "nmi_repr": [0.14007886900263655, 0.14256508915432953, 0.1516365977344349, 0.15862790790679046, 0.1637846014952555, 0.18381239485308298, 0.14904695308524557, 0.1519506571412062, 0.16727315942075602, 0.17208904047188572], "mi_td": [1.5488449509826796, 1.541181233623094, 1.6226593911571328, 1.6090285956973147, 1.4985687016584577, 1.6453142399963612, 1.5460033806872038, 1.6381115820276182, 1.596111293417849, 1.6374540983968222], "nmi_td": [0.29639746882965506, 0.2944692254391446, 0.30791107286947433, 0.30318081674263686, 0.28817722435616266, 0.31146994821729745, 0.2951282422004759, 0.31065171347595333, 0.30423163505440753, 0.3103930360890115], "mi_tw": [0.2833759371982015, 0.2713161236597529, 0.29149414516283384, 0.2951225948045528, 0.28396448681079306, 0.2970519343362736, 0.28257892885826347, 0.2860368999992595, 0.2899169139024969, 0.30156285364846946], "nmi_tw": [0.06035167793261192, 0.057682608085682305, 0.06150003017757283, 0.061779876713446, 0.06080600568948049, 0.06250749618394304, 0.06001775115583492, 0.06030731028054692, 0.061472405740472046, 0.06355026365927328], "coh": [-0.43972643429318764, -0.2023906280975027, -0.3608720323164956, -0.6535476314641202, -0.5001698970667016, -0.31140800318649503, -0.5320892932317989, -0.5328785119352765, -0.44880173524375, -0.3822758953399478]}