{"p": 0.9, "p-emp": 0.8930982456629017, "t": [13.833529710769653, 16.18690538406372, 11.699501037597656, 16.124868869781494, 14.59498381614685, 17.411932945251465, 13.913307905197144, 14.92922306060791, 13.723700761795044, 13.076087236404419], "nmi_acc": [0.03671159149011466, 0.03835843170469624, 0.03643019798090986, 0.04081757259917702, 0.030401938015794404, 0.05320755435300677, 0.035239919645260985, 0.035994366485302944, 0.03685185803391446, 0.042176431020693614], "nmi_repr": [0.1949345549306875, 0.21054919462484847, 0.23282506379978316, 0.24583063301226174, 0.2024036749272843, 0.19771968513066765, 0.19722932573005347, 0.2141608562458802, 0.22414501453280555, 0.24595318725483922], "mi_td": [0.7316276938150625, 0.743945614180405, 0.6594653288373196, 0.7356047188125421, 0.7103328853490017, 0.8093285215605894, 0.7165775213959904, 0.7545269613875647, 0.6879262216198825, 0.7158525231954022], "nmi_td": [0.1515538549161609, 0.15318873277373374, 0.13930201104349535, 0.15230230162736522, 0.14517854162841848, 0.16077094804270659, 0.14956021440741452, 0.15454411891843964, 0.14454499321803516, 0.14858901050959675], "mi_tw": [1.0665091825396569, 1.1003910464308138, 0.9681745544015561, 1.0749127296603587, 1.1533538362966622, 1.2822394022250219, 1.0401645553861374, 1.1487895225384597, 1.0087689096346233, 1.0654381572699885], "nmi_tw": [0.3063615511936754, 0.3134927604637038, 0.2857851840756141, 0.3085637461236099, 0.32520681824835695, 0.34770251850480854, 0.301940500154139, 0.3248860480212469, 0.2955705700154693, 0.3069215800211703], "coh": [-2.454802599872301, -2.4208312380914943, -2.3020363863054385, -2.2037554519233544, -2.2454013387423752, -2.3902217146519296, -2.2721960036147286, -2.5843509450264337, -2.367011697778526, -2.3554740560226883]}