{"p": 0.8, "p-emp": 0.7999795737411157, "t": [45.43183374404907, 44.69381046295166, 43.02524924278259, 42.87837362289429, 68.466881275177, 58.31636834144592, 53.50549387931824, 51.85331130027771, 42.70604586601257, 48.32442259788513], "nmi_acc": [0.20165125585862978, 0.20344807453303498, 0.2251365711617711, 0.19411179643994309, 0.18344368210107445, 0.20171658514611934, 0.19200544527773244, 0.19653676543541546, 0.18772248437664132, 0.21580912490710194], "nmi_repr": [0.22767892466093823, 0.2288315600257098, 0.23124870663639904, 0.24253618903495455, 0.20523652843021142, 0.2235354211890045, 0.23401010350610785, 0.24056194886336577, 0.23333760948119797, 0.22072073178500698], "mi_td": [2.3281546705913714, 2.329855629411224, 2.3355458849759456, 2.3169186465539977, 2.3121867934434244, 2.3050108046789983, 2.300031652224046, 2.3066226367333393, 2.3077268965211277, 2.3296428076343365], "nmi_td": [0.4108103475223888, 0.4115048273089493, 0.4122581642438382, 0.40927495842659134, 0.40832399984189893, 0.4069699337280955, 0.40618484977493235, 0.4073449407577983, 0.4075398889158983, 0.41133755380241255], "mi_tw": [2.5149353945672224, 2.4894375294085473, 2.513925255807888, 2.5004845192516165, 2.502072716809599, 2.512470919240804, 2.5101249405081782, 2.510653114463707, 2.506114731648084, 2.5099503643325156], "nmi_tw": [0.36604883759834284, 0.36262426261581626, 0.36600698322942227, 0.36427386452118676, 0.36442052182613505, 0.36587062621899935, 0.36559880459886335, 0.3656728641834957, 0.3650118097947988, 0.3655172274461905], "coh": [-2.7279242524639113, -2.801824469886929, -2.691653403871295, -2.6341619653256814, -2.8054925162117765, -2.7935935039630406, -2.724764617629496, -2.6950459094330137, -2.7222420380657835, -2.673111007668148]}