{"p": 0.6000000000000001, "p-emp": 0.36451680291909805, "t": [106.97050523757935, 106.74850058555603, 110.78000545501709, 111.69538426399231, 105.26189756393433, 111.20960426330566, 109.91141676902771, 110.48016381263733, 107.57826614379883, 107.83152937889099], "nmi_acc": [0.23529843106651502, 0.21839051886788827, 0.22844233868074945, 0.21366594062084057, 0.24104760476263395, 0.2295469205659054, 0.22808873985954337, 0.2166939638276475, 0.22396560812365512, 0.2171102295537689], "nmi_repr": [0.31211942282620186, 0.3008011076122107, 0.31269925039241414, 0.3010872740407895, 0.3065445827214521, 0.30551174741453313, 0.2699863267268736, 0.27886127575092257, 0.2932076057615779, 0.29829674412625334], "mi_td": [1.0921665408340764, 1.0684718104930506, 1.07666004298223, 1.085446104744145, 1.0913118440730796, 1.0905391185062965, 1.0760174730063865, 1.0835719484087336, 1.089563437037922, 1.0804552611512634], "nmi_td": [0.1992816576359612, 0.19612549135903184, 0.19799446426737166, 0.1988005319471431, 0.1993748429517688, 0.2009757053787243, 0.19567420979818517, 0.1974098396436805, 0.19826955479167685, 0.1988594144057538], "mi_tw": [1.8998797773227183, 1.9110721564724864, 1.87477845287408, 1.9041896310403892, 1.8938605927177683, 1.8632814281066103, 1.9258882579330239, 1.9331185501724109, 1.9168261564541995, 1.8833253730144157], "nmi_tw": [0.3139205588095071, 0.3174809923213263, 0.3119735068715689, 0.31570420702918295, 0.3132804984622601, 0.31066028646216226, 0.31724778850859825, 0.318968429252359, 0.31594555377637706, 0.3136341264543614], "coh": [-2.001063433227872, -1.9345136294654008, -1.985968709463209, -2.0249418790906697, -1.946450411933948, -2.0254037033064565, -1.925410085503667, -1.9156652555195444, -1.9452980550145782, -1.962522175398308]}