{"p": 0.4, "p-emp": 0.39911061794873237, "t": [152.3551003932953, 152.67508721351624, 151.28354835510254, 175.6731822490692, 158.54995274543762, 152.90372395515442, 154.31145310401917, 152.2958002090454, 153.9886384010315, 153.2207899093628], "nmi_acc": [0.30079743227455313, 0.3102381061505998, 0.31117031587067445, 0.32032053078577477, 0.320656370893714, 0.30297580250563094, 0.31179101346446636, 0.3179482332843978, 0.31407861163857265, 0.30798319833539883], "nmi_repr": [0.3311253904868808, 0.3426428087340272, 0.32234987610101584, 0.33683830456782327, 0.34629416295934606, 0.3440266409943941, 0.34889095562169975, 0.3569520630861402, 0.33784755030149316, 0.35214782640139525], "mi_td": [1.2191726087494643, 1.2421667187893064, 1.288384829550953, 1.2502245425488971, 1.2449375763262074, 1.3095123809553992, 1.2925319637722341, 1.285456810773086, 1.2640076800642557, 1.3144343756891366], "nmi_td": [0.22417654848905555, 0.2282707709376847, 0.23723285796359814, 0.22981735842536538, 0.22923505821424778, 0.24125163639312797, 0.23810461995652732, 0.2367542439112632, 0.2325283959536774, 0.24173925018343853], "mi_tw": [1.7868862741342082, 1.7710336283034054, 1.7228803361386877, 1.7773489022798936, 1.7661600506555093, 1.7135625038639788, 1.7322300442053644, 1.7260701625961572, 1.7385840223303215, 1.7229716731637759], "nmi_tw": [0.30426133529742067, 0.30139838565409566, 0.2937409528250809, 0.3025533728883136, 0.3011226008141722, 0.29229649748835773, 0.29545927519405507, 0.29435447948807436, 0.29616378115437453, 0.2934304038437395], "coh": [-1.4668122795469773, -1.4774757472027082, -1.4495355307580917, -1.5146995616897, -1.5055229253405877, -1.5168119750296314, -1.4851246282667296, -1.486594269420144, -1.462013832504632, -1.4374098131618849]}