{"p": 0.30000000000000004, "p-emp": 0.2995937959880971, "t": [121.93731188774109, 123.22543382644653, 123.95174264907837, 121.3173098564148, 122.1871120929718, 122.78931879997253, 121.03834557533264, 125.12064981460571, 124.19333553314209, 120.55543065071106], "nmi_acc": [0.21375874706623185, 0.19994367506774563, 0.21320779109398508, 0.22102839068092806, 0.19406421817651395, 0.20900006646774982, 0.20376289583457544, 0.21835619413146487, 0.20126893036445104, 0.22645800947369668], "nmi_repr": [0.2886173831365382, 0.31041732423904184, 0.2878175224929852, 0.3084665207670464, 0.28930815552973543, 0.3099987581810491, 0.2829075960207756, 0.3054254794489259, 0.30376520333393664, 0.2850827372469353], "mi_td": [1.0429159534963306, 1.0329533517224145, 1.0200867212127136, 1.018111401811907, 1.030613112256204, 1.0187379620842847, 1.0448328714853052, 1.0143034331273895, 1.042393062568172, 1.0191639636827527], "nmi_td": [0.19097477164835971, 0.1904243074173304, 0.18633116163016547, 0.18576236902781615, 0.18878498523850404, 0.18677862523933988, 0.1907480771224242, 0.18509264970167724, 0.19043907671409832, 0.18639127135066383], "mi_tw": [1.8308487892516294, 1.806038226744527, 1.8910370547683013, 1.9023665324721544, 1.862224524070959, 1.8696593565498347, 1.8621777601034788, 1.8994699853166248, 1.855453665079279, 1.875481125531698], "nmi_tw": [0.30935449601377396, 0.3070576748248718, 0.3187931058451305, 0.3203720081936393, 0.3147530029824851, 0.31627353059056806, 0.3137711987170852, 0.3199242113507368, 0.312845045771172, 0.3165290499657622], "coh": [-1.8432953302591648, -1.8669947483418103, -1.8174945080033396, -1.8591366960085711, -1.7448966475963985, -1.7352828956367623, -1.8126227171453848, -1.835229654336785, -1.7922094696245168, -1.7226110729947979]}