{"p": 0.7000000000000001, "p-emp": 0.4085434749547987, "t": [151.71843886375427, 154.20304012298584, 150.52381658554077, 151.10330152511597, 148.71426820755005, 148.9836230278015, 148.98799777030945, 150.011244058609, 149.23265409469604, 148.49487829208374], "nmi_acc": [0.3137241029482026, 0.3260449761630134, 0.2891809701818777, 0.31899232873424066, 0.30618657762676454, 0.30257993466247485, 0.30980550275774643, 0.3268538578601088, 0.3000886519129086, 0.30747480576235353], "nmi_repr": [0.3387321741867243, 0.33672694837610745, 0.3497608829642178, 0.3536533410323501, 0.32916483881141567, 0.33488044941448875, 0.36706825362586387, 0.34184658437452714, 0.32242176518932775, 0.31916640087298753], "mi_td": [1.2746882246621722, 1.3086800566051493, 1.3012575959466122, 1.3085836238477675, 1.2777037312236974, 1.2758770214084307, 1.2882053886276243, 1.29761093118926, 1.2397856509024168, 1.2779079023436775], "nmi_td": [0.23336970175030766, 0.24110436856966297, 0.2403854740073869, 0.2414157866957635, 0.23443434954805215, 0.23487080575336636, 0.23646009329730217, 0.23865650104759892, 0.22811740937265246, 0.23590408656401615], "mi_tw": [1.7943495173208783, 1.71621709499883, 1.7028152355129234, 1.713738538265163, 1.7524370297909921, 1.742837523299247, 1.746624252153554, 1.720560641211628, 1.7724322392827563, 1.7164404057111071], "nmi_tw": [0.3055066304466051, 0.2939172834690659, 0.2923553405041408, 0.29386528899138603, 0.2989785116721453, 0.29825186510025503, 0.29810273087457784, 0.2941930036644981, 0.3031811348446098, 0.2944998057340966], "coh": [-1.4085322141023648, -1.3933626562804542, -1.5297955601382205, -1.547458428796625, -1.3717611088503574, -1.5177777236319323, -1.4615728576620006, -1.4796890529249436, -1.441922234267737, -1.4752763828421223]}