{"p": 0.30000000000000004, "p-emp": 0.29993632642134227, "t": [75.84634065628052, 88.03295803070068, 82.28351020812988, 76.47886919975281, 76.86064195632935, 77.35985279083252, 89.96250891685486, 80.9849488735199, 78.39305758476257, 76.23379945755005], "nmi_acc": [0.325885349267199, 0.3375439736130422, 0.2964675944138918, 0.2945210889009045, 0.31519986537677247, 0.297124448394505, 0.34046788764147784, 0.27738499540569467, 0.3290911632698338, 0.3416123917676544], "nmi_repr": [0.16939579783978972, 0.18726756758563237, 0.18137289480948202, 0.16775268374500646, 0.16946622898162328, 0.17514749313774766, 0.19035090973285881, 0.17500802835881724, 0.17878102244907984, 0.19015813933247164], "mi_td": [1.7104799360637122, 1.6952691852855415, 1.7771233846405794, 1.6609014895434113, 1.7760980451375523, 1.7855636597479938, 1.7869370043945765, 1.7239979535194143, 1.7398820383517972, 1.7893978598818066], "nmi_td": [0.2897205225137716, 0.28863794413514565, 0.29722362920790446, 0.28294738792803265, 0.29749009520972924, 0.2988690826625838, 0.2999477221164275, 0.28988854634515826, 0.29384369627297746, 0.30013147443097044], "mi_tw": [1.1335858428631431, 1.1371563574879062, 1.174097775402887, 1.1293044383102946, 1.1752164466824138, 1.158657209603142, 1.1766049242416503, 1.146702911918431, 1.1647908672362979, 1.1636746843717576], "nmi_tw": [0.20821409944157104, 0.21004876958223523, 0.21271775426245587, 0.20872719271925036, 0.21326052495483383, 0.21009835715626984, 0.21400885179984427, 0.20896492476297113, 0.21327128632795217, 0.21148192223688245], "coh": [-1.5917473708455527, -1.6305637534737631, -1.5300750053638965, -1.590450908367354, -1.4396760130495971, -1.3809535964609505, -1.5523594036336599, -1.5804598233133706, -1.6700141262498946, -1.3696795758909521]}