{"p": 0.5, "p-emp": 0.49992058083012747, "t": [77.26786732673645, 77.76228260993958, 78.74359941482544, 76.35880541801453, 79.23173093795776, 80.19354486465454, 76.36870646476746, 77.7916841506958, 83.64823031425476, 77.80449843406677], "nmi_acc": [0.29535992276119377, 0.2707771792636042, 0.26355211291604175, 0.27840818833754905, 0.2791243961572285, 0.3010403191378059, 0.25291360057806866, 0.2923831020542048, 0.30502282894792065, 0.27911392994526874], "nmi_repr": [0.15136902956935025, 0.16474755443702577, 0.1824192691771801, 0.16803867673788447, 0.17266099313662345, 0.18794444175377215, 0.19927411842226972, 0.1928633011971555, 0.20109309292783736, 0.19207304837941797], "mi_td": [1.0064047889150798, 1.021963930464038, 1.0637440343521183, 0.9994316567420156, 1.091668255477739, 1.1156825847638736, 1.102440063170178, 1.09842082113577, 1.117412272773546, 1.066522278336569], "nmi_td": [0.18688091136325213, 0.1909720614009028, 0.1980433527148965, 0.18507153044898603, 0.2029952492314059, 0.20629052820717123, 0.20628337104029845, 0.20274833790495803, 0.20554396721629573, 0.19786741059816465], "mi_tw": [2.023976196327142, 1.9945089860517027, 2.022822421593385, 2.072932509781573, 2.0208715665723185, 2.0423406746669284, 1.951480800600705, 2.0685378640154153, 2.087564400049368, 2.048274988413468], "nmi_tw": [0.33930133822267255, 0.33627213620820634, 0.33990594059412715, 0.3466383912480816, 0.3392057314346013, 0.3410629801067113, 0.3294108419483564, 0.34489933736410194, 0.3469892749761302, 0.3430980236291384], "coh": [-2.17711846916247, -2.165557582366995, -2.3542085173618497, -2.259791847782361, -2.2434561148190415, -2.154255854443964, -2.201406884062417, -2.0769455494280957, -2.2305773977951207, -2.0932852468551144]}