{"p": 0.4, "p-emp": 0.3956094153960539, "t": [62.97973871231079, 63.210323095321655, 63.7946412563324, 63.36022973060608, 63.9460027217865, 63.32894229888916, 63.95068717002869, 64.89291143417358, 63.518245458602905, 64.96439671516418], "nmi_acc": [0.18968281921714822, 0.14791039798823127, 0.17319025601408128, 0.1370564356087754, 0.17331435320327568, 0.17741971815126723, 0.1555149968544965, 0.17320874640240638, 0.1413928304837748, 0.16075241516229455], "nmi_repr": [0.09592564942021306, 0.09367751501997727, 0.08154938948988286, 0.07330111169791526, 0.07901231137060721, 0.09764574075339076, 0.09293984647687972, 0.10314180918117728, 0.0962705897252858, 0.10075295712228811], "mi_td": [1.6702349165884756, 1.6059067401835267, 1.8132421482533048, 1.7659270135686151, 1.7531672904963689, 1.783754236992938, 1.6526816276754674, 1.7202281989749668, 1.7544546124018758, 1.7482173593755839], "nmi_td": [0.315407445239266, 0.3054682466287336, 0.3352270081155567, 0.32829020453062563, 0.3270330686833898, 0.3314566089512946, 0.3120178209759365, 0.3225243850615766, 0.326878434529432, 0.32553789496045044], "mi_tw": [0.6888425377640311, 0.63033927481925, 0.694499239816378, 0.673518146802256, 0.6748112018998309, 0.6996246727774528, 0.6511468023207871, 0.6793091913991134, 0.6879921901882625, 0.6809305165360159], "nmi_tw": [0.12142426856165588, 0.11186670337920862, 0.12001985491142042, 0.11699720372726238, 0.11759644058326363, 0.1214815924353625, 0.11475383300669281, 0.11894383608486933, 0.1197583187936264, 0.11846842326069633], "coh": [-1.4695085119345501, -1.3429715858237528, -1.308095411173615, -1.2413121900232482, -1.1769046462763975, -1.177927566725024, -1.528590784626073, -1.2201869153489142, -1.1176450842709311, -1.2057940444532673]}