{"p": 0.0, "p-emp": 0.0, "t": [258.8097984790802, 257.61274695396423, 259.3719890117645, 255.83504056930542, 257.52414560317993, 253.4889464378357, 255.00723910331726, 253.82705926895142, 255.9979236125946, 265.7827868461609], "nmi_acc": [0.24629863731869245, 0.2543952224199603, 0.3152231373414822, 0.30724699227305846, 0.32545990312406575, 0.21024933597184797, 0.3141363701931977, 0.1917855601128429, 0.26180605400590784, 0.2870956091308041], "nmi_repr": [0.24670897031299183, 0.2780770191999803, 0.2383298734106602, 0.24535736362759225, 0.2367748917671807, 0.22465516681149772, 0.22662656916121246, 0.23606068800101393, 0.2725513688197579, 0.23606336672481718], "mi_td": [0.9192542135504318, 0.9335657887054054, 1.180876697392048, 1.1582025327593324, 1.1639115371691597, 0.8858098153445442, 1.1598462041408721, 0.8621118489733075, 0.9384874512967859, 1.1331157338752118], "nmi_td": [0.17398319035636148, 0.17599088085533934, 0.218574892156693, 0.21363871190590839, 0.21434210918072646, 0.16723698714892668, 0.21402055434175246, 0.16408588997737164, 0.17675332065321125, 0.20999164068172763], "mi_tw": [1.366631576388825, 1.2818617686808556, 1.1583273271801486, 1.1665446106980044, 1.1779229816443932, 1.3961887361196799, 1.2170261408810001, 1.389548820425702, 1.2866027395485582, 1.1706732423433515], "nmi_tw": [0.2764343092767459, 0.2581884763076248, 0.22879085348204736, 0.2295661868850968, 0.23140261051254252, 0.28166357624812066, 0.23959447067600673, 0.28276014524032467, 0.2588846047173859, 0.23153187820836904], "coh": [-0.8850178828684854, -0.8054667821054803, -0.32092203497204874, -0.29542875539900615, -0.2966671910117395, -0.9812267327185611, -0.3520669610841378, -0.9719181184900195, -0.8682126001957746, -0.22873771574242588]}