{"p": 0.30000000000000004, "p-emp": 0.2987637471043457, "t": [96.20586442947388, 96.63073253631592, 98.29347038269043, 98.55447363853455, 99.61991310119629, 96.78257393836975, 97.94223237037659, 98.15744280815125, 96.17001080513, 98.08508324623108], "nmi_acc": [0.20928566756293973, 0.21618949013065064, 0.1993444586408713, 0.21014668788760205, 0.18715004657256631, 0.21025351840069928, 0.19709660282080596, 0.18880788320536102, 0.21484095080706267, 0.20745970240273712], "nmi_repr": [0.30534466364910157, 0.30898345035690433, 0.29659203798285483, 0.29803126042180694, 0.29459724683293564, 0.29274998789016915, 0.2838987397472164, 0.2878017726106944, 0.3023427565497089, 0.3091390317528459], "mi_td": [0.9999206845160633, 1.0052775209815596, 1.031767107498888, 0.9971299100224085, 1.0148872682497998, 1.0310023702419173, 1.0194323348888985, 1.0242411777268443, 1.0058924081426706, 1.00564424883186], "nmi_td": [0.18352934195474804, 0.18447325586489852, 0.18926658274940647, 0.18286819107918445, 0.1861413933872712, 0.1891000362626879, 0.18661839222541737, 0.18763129764225014, 0.18470463410914736, 0.1844731068348471], "mi_tw": [1.8587297892815875, 1.8556212478646392, 1.8317190027919903, 1.8696067775797633, 1.8562144249205237, 1.820786474670918, 1.839495490780573, 1.8467485243249304, 1.848190023662401, 1.8615852255843701], "nmi_tw": [0.3142753231686879, 0.3136881658558585, 0.3095456416152049, 0.3158774431062645, 0.31364051954517835, 0.3076587684534495, 0.31026934201769335, 0.31169566880430444, 0.31261676631725754, 0.3145904054258073], "coh": [-1.8111138284709298, -1.886013408138038, -1.8200052328156247, -1.9109513831448581, -1.8442354004740384, -1.824768254871697, -1.7161759929817968, -1.821636555689598, -1.8880376821411051, -1.833993137811286]}