{"p": 0.2, "p-emp": 0.18818898003333195, "t": [59.359312295913696, 60.272603273391724, 61.08636665344238, 57.358128786087036, 55.15444016456604, 54.41804504394531, 64.1364381313324, 59.656867265701294, 58.01037096977234, 58.80018067359924], "nmi_acc": [0.043620621634120844, 0.029304415684092564, 0.03858423848414026, 0.043635965535019354, 0.041532419511951725, 0.04081608357403522, 0.057552485573424794, 0.030299025623622616, 0.05033563076983992, 0.037705735129971406], "nmi_repr": [0.15603785761233832, 0.1787086490297258, 0.16927170196261998, 0.18126587489004875, 0.1729974653531941, 0.17365700370018822, 0.15366566268555956, 0.15994593717881614, 0.17625314605881973, 0.1554623134591523], "mi_td": [0.4078718173352045, 0.4016482179646606, 0.3615693943645254, 0.4220105960872368, 0.3898413046296308, 0.3696913993410724, 0.4580335541691771, 0.4621002715425856, 0.3844165234149407, 0.4198718301968304], "nmi_td": [0.08084075944081245, 0.08086136548525061, 0.07197892312479252, 0.08413570462470071, 0.07771670485229512, 0.07410975278125587, 0.08907075581379666, 0.0925327680964206, 0.07663753916094182, 0.08321129406253776], "mi_tw": [1.4476833865989687, 1.2992049757321564, 1.3902290074706483, 1.3664579290963272, 1.3375563322268516, 1.3298937720349158, 1.5706681898476793, 1.2858237057478472, 1.3781258140801016, 1.4225082526592463], "nmi_tw": [0.3055474195772201, 0.2788144855370029, 0.29479653652894183, 0.2902134631135782, 0.28405401379326, 0.2841011818529896, 0.32485503208357946, 0.2743655294256762, 0.29267898561715666, 0.30020367616156357], "coh": [-1.9328335212075687, -2.0772082215850554, -1.911738240376343, -1.7826833704390117, -1.8496188190406677, -1.9694923418015182, -2.052728631936721, -1.9202451018614073, -2.098682944852177, -2.004953219925452]}