{"p": 0.7000000000000001, "p-emp": 0.6980423287792061, "t": [23.600517988204956, 28.675668954849243, 23.278924703598022, 28.416385412216187, 20.740549087524414, 24.951514959335327, 21.185785055160522, 25.26651906967163, 22.619718551635742, 25.351797103881836], "nmi_acc": [0.018765226742323723, 0.018867900798509616, 0.004143102988458195, 0.010404789323569568, 0.0015231075487975657, 0.010022830683542356, 0.015386658019628071, 0.009593131577120646, 0.00044420155162471143, 0.010965488844560532], "nmi_repr": [0.043981203256709456, 0.06501541659089452, 0.0577281399050098, 0.11887967258036361, 0.0754762164653468, 0.09405478121317344, 0.05307677273211908, 0.046399818071904145, 0.06664999839374859, 0.05197480889433703], "mi_td": [0.2826087752881174, 0.46135634744235476, 0.21766963184811827, 0.21358929174704677, 0.13358488951585643, 0.30218460708618233, 0.22011089480638635, 0.2835154079495541, 0.15287252813549185, 0.38909160849180385], "nmi_td": [0.05806612061444919, 0.09187666864602038, 0.04615219688702056, 0.0456802752108393, 0.028906788190351352, 0.06232022764552143, 0.04560797676008925, 0.05819891110399135, 0.03347261240394766, 0.0798940650443804], "mi_tw": [0.6224696981720164, 0.7773691901145114, 0.705339166913094, 0.6477342760598996, 0.6885196561080335, 0.8800822005470004, 0.7459061079899716, 0.7263023711225984, 0.5012051555928616, 0.7008834785896361], "nmi_tw": [0.26464926247660814, 0.31013968320831065, 0.32040735924312896, 0.299768304356844, 0.3268908570983215, 0.3770801198770801, 0.32273713641298224, 0.3082086016823818, 0.2442363757480158, 0.2975982996518896], "coh": [-0.28716044042017586, -0.3276478993226203, -0.33314033503778295, -0.33549176665571445, -0.32609165382922023, -0.3646291293492942, -0.31986206543511514, -0.2975739652706218, -0.31950225355439943, -0.33983183669516964]}