{"p": 0.0, "p-emp": 0.0, "t": [217.5943648815155, 217.32412433624268, 218.53010153770447, 218.43587160110474, 217.0140597820282, 219.05141711235046, 221.47824501991272, 216.94088101387024, 220.45706844329834, 219.95552325248718], "nmi_acc": [0.2892476065311721, 0.25545658391442083, 0.2115116631381714, 0.21028396093468296, 0.2033508024364948, 0.31140253823247926, 0.25434863777808187, 0.28171985946613476, 0.29421835800705487, 0.3067797947020652], "nmi_repr": [0.2372258161525425, 0.24589912373908807, 0.27160880740155674, 0.2943985725422182, 0.3143016036318799, 0.2491172198007228, 0.24624934902555398, 0.2461021539925852, 0.22855879242345065, 0.23549080842824122], "mi_td": [1.034710405578131, 0.9052164437965853, 0.8719089818115788, 0.8691819055742755, 0.8412179163098921, 1.113415624608532, 0.9041455825530449, 0.9660455705142021, 1.0428663059228567, 1.1439257492920474], "nmi_td": [0.19204228507864618, 0.16979419271467416, 0.16621919786624498, 0.16545992029921708, 0.1609371886094577, 0.20772354562605008, 0.1700562481321324, 0.180870095006092, 0.1939127512335492, 0.2107350410315803], "mi_tw": [1.2450968540729064, 1.329539842925834, 1.3812450049679619, 1.3692490839551321, 1.3650934618677708, 1.1690803130415708, 1.3376996944942412, 1.2589439234767428, 1.2700529882091611, 1.2047263684610212], "nmi_tw": [0.24664498452550002, 0.26636289550219405, 0.2815568675360288, 0.27868045381998385, 0.2793202224438542, 0.23287118969352077, 0.2687791254340018, 0.25172307042763775, 0.252083580023144, 0.23675615388298352], "coh": [-0.5487131530559316, -0.9350082541786889, -0.9845715011893363, -1.0096229221691098, -1.1447213835836298, -0.2958038294665617, -0.786383740541468, -0.7582724295946336, -0.40983420778852003, -0.2038544860525206]}