{"p": 0.7000000000000001, "p-emp": 0.6904088679107125, "t": [33.001898527145386, 32.45230984687805, 31.213032007217407, 30.7259783744812, 31.43378472328186, 32.771456718444824, 31.837573528289795, 32.52037787437439, 31.841297149658203, 32.33873271942139], "nmi_acc": [0.11096890381050604, 0.08701580735411535, 0.1014796304551316, 0.12793307742249432, 0.11384546928284106, 0.08594474716768592, 0.10678736068597035, 0.08889844878928614, 0.14458496594854428, 0.11010371844304051], "nmi_repr": [0.06934283429893855, 0.0575200431803809, 0.06410811506562811, 0.07781379409418894, 0.08731578048740732, 0.06714094903805201, 0.062152645704162145, 0.06445381213268302, 0.0827500474740561, 0.07775745924593012], "mi_td": [1.4000654972336688, 1.5177043890611797, 1.4299949655734219, 1.4117072545180347, 1.6092010538425474, 1.4551492422192043, 1.5518513281785253, 1.4005007236431797, 1.6112608202424092, 1.461770308874339], "nmi_td": [0.274848448654922, 0.2924720018253155, 0.27909339696139784, 0.27661127775984734, 0.306887151315549, 0.2829801056762885, 0.2976295667806877, 0.27384714365096924, 0.30724541017129325, 0.28435187830983566], "mi_tw": [0.4167433531010407, 0.43235358416925207, 0.43512214302459107, 0.4258082262225309, 0.45317291244233915, 0.4190856729577443, 0.4505804706690647, 0.4281599970217853, 0.4681577820009498, 0.43257021381433003], "nmi_tw": [0.09451827183054622, 0.09598461163630453, 0.09802498173674858, 0.09636387611249712, 0.09940617853785201, 0.09402005695011496, 0.09948319914686646, 0.09666440267351867, 0.10267991623809221, 0.09707841252706817], "coh": [-0.7964019875484614, -0.8380830501279201, -0.8438466462825007, -0.8042793763568165, -0.754615818169907, -0.7901670711884252, -0.909067183104914, -0.8818541477613661, -0.680981479671627, -0.7602711247449744]}