{"p": 0.6000000000000001, "p-emp": 0.5997375690692544, "t": [86.32167053222656, 112.06651473045349, 107.20026564598083, 88.38988947868347, 86.09979391098022, 85.56299781799316, 86.31256985664368, 85.70931673049927, 87.57512855529785, 85.65077686309814], "nmi_acc": [0.25319454255471785, 0.26987548535741496, 0.27245813954140397, 0.26288543503355005, 0.2690593762850664, 0.2656609378338941, 0.263826497062366, 0.24825858893632202, 0.25415062139058026, 0.262888069434856], "nmi_repr": [0.2656369893939664, 0.2643165388058323, 0.28711606371612153, 0.2705976853436846, 0.2730094525281531, 0.2697620885607186, 0.2653183728174622, 0.2760811125253649, 0.26934158972124006, 0.2610001050334432], "mi_td": [1.6620037926506637, 1.6380030842289037, 1.649829189864615, 1.6751811620020909, 1.6865698343386593, 1.6801871392073915, 1.6647623312251902, 1.6718892928307558, 1.6969792739780276, 1.6554788173646657], "nmi_td": [0.2798600687802051, 0.2779913641235509, 0.2802499768225035, 0.28235865499573143, 0.2844517648687006, 0.28365973110294007, 0.28161761295849913, 0.28176399406668123, 0.28575705012808034, 0.2793287433762503], "mi_tw": [0.8097762076028912, 0.7825533516011741, 0.7725513098187223, 0.7923086042856098, 0.7989564051455871, 0.7838899093460205, 0.7836930142813181, 0.8048902598836882, 0.792356864513546, 0.8090016851982014], "nmi_tw": [0.20827230873900893, 0.20370243738424187, 0.20137610830992386, 0.20408846539079056, 0.2059928674988714, 0.20241861549902693, 0.20298735165215223, 0.20728458866944194, 0.20380033500976355, 0.20872068467287636], "coh": [-1.212539033258484, -1.2602728425515104, -1.2518624238544376, -1.182826918001863, -1.2569183191974662, -1.2022391983436425, -1.2770435094223695, -1.214619898703099, -1.1750550631078076, -1.2701332583586074]}