{"p": 0.1, "p-emp": 0.09881869240135355, "t": [146.98442912101746, 145.9387481212616, 147.99217200279236, 142.3328151702881, 133.82440781593323, 139.13696098327637, 151.76353883743286, 134.82380390167236, 144.6598289012909, 146.7075629234314], "nmi_acc": [0.3162653176980019, 0.3790206301990145, 0.3288354545664523, 0.33426541382009395, 0.3227205511639439, 0.3767515918060702, 0.36309338047826684, 0.324286616947061, 0.31246230230513306, 0.31270006810795536], "nmi_repr": [0.2328926932187497, 0.23305354816408222, 0.23061661132699549, 0.2321395342803459, 0.2793815814845694, 0.27123283011085203, 0.24839863592103945, 0.28326791268590856, 0.27078569810156516, 0.23673115720106827], "mi_td": [1.1635001837425805, 1.1682448688406317, 1.1261263194590048, 1.1459484558897097, 1.1480627410330537, 1.1305827228259122, 1.167482558164671, 1.125365525641285, 1.166900596853112, 1.1778531313794005], "nmi_td": [0.20097330038666025, 0.2012728646850424, 0.19495693552462356, 0.20058215968749535, 0.2025441400251095, 0.19578928393874478, 0.20290794974577891, 0.1981909858893321, 0.2028940897771356, 0.2038822708570543], "mi_tw": [1.9050641621680648, 1.913360238397285, 1.8545426085968453, 1.796152150830176, 1.7141428532956273, 1.899406476759715, 1.8643384686156883, 1.7219191783512768, 1.8468206959956803, 1.8640106933023295], "nmi_tw": [0.3462201888898228, 0.3467852555279249, 0.337839483611364, 0.33101171341067265, 0.3185341575502253, 0.3461254645147429, 0.34102349267956983, 0.3193870591343654, 0.33797217819056835, 0.3395122299427646], "coh": [-2.4829205439397986, -2.397507211089029, -2.3115726321860506, -2.436412218246216, -2.410349386852318, -2.263402246029033, -2.3689140089564207, -2.1755715902187176, -2.390699838617895, -2.39431225792877]}