{"p": 0.4, "p-emp": 0.38476943860284385, "t": [94.69812250137329, 97.65232491493225, 95.98378300666809, 94.72990560531616, 98.67218446731567, 98.9134292602539, 96.30163931846619, 96.3044261932373, 97.79394435882568, 95.21620512008667], "nmi_acc": [0.1748909147345907, 0.1762008784410319, 0.15580715999493233, 0.1656865433525572, 0.1953693575899933, 0.16058488058938597, 0.17013566156625504, 0.1691770741254541, 0.18310773189862428, 0.17325553998745744], "nmi_repr": [0.2865745210189908, 0.2730181642415753, 0.27090616513787086, 0.2671270692617956, 0.2732384005546995, 0.2745852514236147, 0.2994726367573628, 0.27311548346985953, 0.2744566465724381, 0.2676615445953898], "mi_td": [0.9878581460559234, 0.990918616837611, 0.9908340999166946, 0.9603039910124883, 1.0108442479144997, 0.9955084797193632, 0.9897340108983189, 1.004587368293213, 1.031260338534268, 0.9799502985828819], "nmi_td": [0.180702611089336, 0.18196146010237033, 0.18255168653529155, 0.17548807057303847, 0.18483397517488695, 0.18179090113605348, 0.18120137666512598, 0.1847873015122411, 0.18852352249768004, 0.1808628508176362], "mi_tw": [1.3948074837655238, 1.3900882409687307, 1.3486348398381518, 1.4418060545343194, 1.3836081986585853, 1.4041415490051077, 1.4096495030193406, 1.3486387142386347, 1.3556551420391214, 1.3563038298287866], "nmi_tw": [0.2850932683359791, 0.2853535551187014, 0.2778748636424161, 0.2943730172838296, 0.2826788520264937, 0.28645329763701455, 0.2884036923870121, 0.2773749268859167, 0.2768964055164822, 0.28000279189358074], "coh": [-1.2497821062929986, -1.1719178030104174, -1.3883599286363617, -1.2818901889467813, -1.1725494970477506, -1.2873886353852648, -1.1773090128811106, -1.1636107723541944, -1.1376337220486354, -1.3320454495122873]}