{"p": 0.2, "p-emp": 0.19880524542572575, "t": [129.03034257888794, 120.31972408294678, 134.11801290512085, 126.57647585868835, 124.10317420959473, 130.93535828590393, 125.44555616378784, 117.9874176979065, 133.92640566825867, 124.5640640258789], "nmi_acc": [0.2681978266623738, 0.2667550352749736, 0.2567149795686371, 0.26151247991740684, 0.3022068026155559, 0.30640259790777247, 0.27649409789073365, 0.29603952399440087, 0.3119398010068811, 0.260962702122319], "nmi_repr": [0.1414622100397334, 0.14785580932806827, 0.14797915271643103, 0.13654167225526836, 0.1456053367376053, 0.17463337400121715, 0.16859535589310345, 0.1566475134869535, 0.16956225266506203, 0.1542153843227695], "mi_td": [1.6851743080009824, 1.6486040966577933, 1.5904461071748794, 1.65257914446975, 1.69902466556736, 1.650418814776445, 1.6307136739667107, 1.684214479736037, 1.62595950380351, 1.5856809496434587], "nmi_td": [0.2822616863931141, 0.2770935953845071, 0.26881911077865517, 0.2773292625279278, 0.2848773425679968, 0.2784977845677061, 0.2749105774072721, 0.2828897788261178, 0.274712392513202, 0.2687594960947277], "mi_tw": [1.3979031749672124, 1.4063879701743998, 1.3938752931243485, 1.3935815364806776, 1.4287195456631583, 1.4066797820670018, 1.3866386646399156, 1.4297910929015087, 1.3869592010975573, 1.3683325263119313], "nmi_tw": [0.22814066530078492, 0.2303006482544982, 0.22949978768029594, 0.22785738781000056, 0.23340607097497262, 0.2312376010813344, 0.2277316315620574, 0.23398058171512162, 0.22827264095473096, 0.22590486467332105], "coh": [-2.200693147882468, -2.2214896963624726, -2.206762046355279, -2.3202750622770623, -2.071083922022699, -2.087615499056141, -2.1278276177223208, -2.009216828110458, -2.2268569642026192, -2.157427945061073]}