{"p": 0.5, "p-emp": 0.4998922399898319, "t": [103.07188868522644, 105.75890564918518, 111.20492029190063, 135.31746625900269, 103.44457173347473, 99.46227860450745, 97.48449301719666, 97.28825855255127, 128.52828764915466, 105.27947735786438], "nmi_acc": [0.40175053889783363, 0.40836712547653875, 0.4354729927083378, 0.41975267818033296, 0.37589197487992876, 0.4260862142090349, 0.36270324863380476, 0.40987912769253393, 0.40949234202799895, 0.39067978804807174], "nmi_repr": [0.25425082607660654, 0.2833559127809532, 0.2956399323047468, 0.29890635031042107, 0.26398463969976593, 0.2677709595320606, 0.2585076249827359, 0.2500797492998163, 0.25854724576968635, 0.27010666353792046], "mi_td": [2.00918447207885, 2.1067718397958974, 1.914721838748985, 1.9862329419214397, 1.9159816194587709, 1.992103860904187, 1.8695319133747381, 1.9576424345078143, 1.942386311264397, 1.876824462560506], "nmi_td": [0.33004447354435124, 0.3419082603298748, 0.31682510977389267, 0.32563805359846176, 0.3160940447090612, 0.32768565305592323, 0.31002963783977416, 0.323221049076773, 0.3205052516071029, 0.3103047478003101], "mi_tw": [2.479590019594973, 2.61531090286768, 2.427768645915979, 2.5300910494610256, 2.458558804925515, 2.485803348975416, 2.4017271046116604, 2.4310627037399124, 2.4573903703120754, 2.4435770394679635], "nmi_tw": [0.3781357771734371, 0.39437140663412296, 0.3727427397038283, 0.38513858760251335, 0.37643188910081254, 0.3795639527050216, 0.3694987085632049, 0.37249350063779607, 0.37631294743357213, 0.3748900946028621], "coh": [-2.5939716843630727, -2.448675334839485, -2.4504618586120297, -2.49697777524498, -2.745093152222522, -2.65553985394463, -2.408523172188785, -2.4848626250329815, -2.4404871735720004, -2.46630093727692]}