{"p": 0.8, "p-emp": 0.7992182333621307, "t": [45.26091241836548, 44.55930304527283, 44.85957193374634, 44.91338133811951, 44.841095209121704, 46.04528069496155, 46.976975202560425, 46.326728105545044, 45.311625242233276, 45.395954608917236], "nmi_acc": [0.4261380329740136, 0.41884429281436114, 0.415934694312127, 0.4139080018321522, 0.40716535809707777, 0.43280945680044597, 0.4264824834341226, 0.43185141225137136, 0.4261089477600142, 0.42264776800391274], "nmi_repr": [0.45137657028402123, 0.4772305447596837, 0.46112816397466755, 0.4431075135799576, 0.46098384266518017, 0.4454355215813642, 0.46334050928085424, 0.46530056024689687, 0.44854019413771506, 0.4335528735348157], "mi_td": [2.115392089655173, 2.086945452091065, 2.0784423428759595, 2.1249226084363806, 2.1080585343577116, 2.1246393590539685, 2.1293613169622576, 2.1419948920677045, 2.0824636451482323, 2.0918544273394337], "nmi_td": [0.35594320774227384, 0.3514810122609395, 0.35028451201035615, 0.3561675003258058, 0.35434001512018953, 0.3578393578520737, 0.3578843394052718, 0.3592892098128077, 0.3509365171133488, 0.3521142432566614], "mi_tw": [1.373930547851136, 1.3816246252799962, 1.3780202407156397, 1.384009906211161, 1.3791683205755012, 1.33995991916481, 1.3651583030890366, 1.3722395808507788, 1.3656814189312025, 1.3792404799551283], "nmi_tw": [0.2794703624998289, 0.2813492570758814, 0.2808436506198634, 0.2802087562255021, 0.2801828422808507, 0.2728740023039479, 0.27730254759974216, 0.27806891806754164, 0.2783043111758688, 0.2806772300733227], "coh": [-2.2108342303904864, -2.2594036328645606, -2.285700206672945, -2.3086724968383407, -2.18648192351972, -2.243514442388376, -2.2202922364561406, -2.199733335728697, -2.2867795010566168, -2.281971977174531]}