{"p": 0.8, "p-emp": 0.7999990715336871, "t": [34.88257026672363, 35.66945815086365, 35.98266863822937, 34.65625977516174, 35.58689570426941, 34.999526500701904, 35.21325874328613, 33.994279623031616, 35.00091338157654, 35.032689332962036], "nmi_acc": [0.24867977477279934, 0.2638373476441162, 0.2518903144621039, 0.24180971754275912, 0.2577544563777857, 0.25323495243179556, 0.2662998164793792, 0.2564150285745344, 0.25174823617126657, 0.25213260356362144], "nmi_repr": [0.39403894132668343, 0.4078284556648246, 0.40570111035129314, 0.4087470723723947, 0.39372474118650624, 0.3925898573107244, 0.3805719410047543, 0.38385121438401953, 0.39268481342681977, 0.3972303759169109], "mi_td": [1.8500341892169276, 1.860227172107492, 1.8355131081645615, 1.8495804543045353, 1.853639449758136, 1.82738366405207, 1.8588467576134553, 1.830050238070153, 1.8236893944916857, 1.8820115744145458], "nmi_td": [0.3313833237621574, 0.3328329755138833, 0.32926848218462035, 0.33083835919712024, 0.33175497147458516, 0.3272444956986085, 0.33283160482474383, 0.3281060116462982, 0.32704249496342175, 0.3360447958296269], "mi_tw": [1.855496985744643, 1.873190794515989, 1.8552784103746478, 1.8829632129865774, 1.8529731526564244, 1.8877981722109982, 1.84286045535362, 1.865728866710969, 1.8763909338987912, 1.8532099767255483], "nmi_tw": [0.36330828206042054, 0.366320212956934, 0.36385279599721837, 0.36812221255484745, 0.36248669230411573, 0.36953216153719776, 0.36067974438307543, 0.3656799473572537, 0.3678642642276198, 0.36160611301296675], "coh": [-1.8205875751278122, -1.8489674618839274, -1.9121634014127185, -1.7861433025836793, -1.8826705535235877, -1.9021310660167654, -1.8471289939425641, -1.8694656867310169, -1.9812007942767216, -1.8584959608610252]}