{"p": 0.4, "p-emp": 0.3993395631513571, "t": [99.32111239433289, 96.02026653289795, 100.38501262664795, 98.55169296264648, 93.61536860466003, 96.11795663833618, 95.05314183235168, 97.1657440662384, 95.36920237541199, 104.59374284744263], "nmi_acc": [0.3781423153068462, 0.363052419116392, 0.32514008493564794, 0.3613023747276584, 0.276935700692832, 0.36680832061148255, 0.3230960642489511, 0.3468046559598014, 0.36816232352570016, 0.43547229431988765], "nmi_repr": [0.26441665847958323, 0.2844056190378586, 0.25700230376716665, 0.26294896020174807, 0.2736056081115791, 0.23854955694639657, 0.2695456248534789, 0.26503682267080064, 0.2592305137317996, 0.3101143655420716], "mi_td": [1.2865615118859202, 1.173070017463362, 1.1903532774246577, 1.2487257504502018, 1.1990193005763294, 1.2026004640389392, 1.2996784590421706, 1.2133322945210456, 1.296199893181279, 1.2892771063851913], "nmi_td": [0.22241695616263232, 0.2057120532098296, 0.2069040288511638, 0.2185906760349983, 0.20927075417781094, 0.20873828103664752, 0.22874709504947652, 0.2096270745775528, 0.22556194555820716, 0.22272667334855287], "mi_tw": [1.8035891100984551, 1.8188572401216088, 1.882878856456562, 1.7733104475886843, 1.8252979586840568, 1.8576220655344113, 1.727527428972538, 1.911297259919882, 1.8540494726225587, 1.861241178394802], "nmi_tw": [0.34105452178759516, 0.34935699190543795, 0.35816736659659987, 0.33994677797766915, 0.34878352202026436, 0.3528181389917451, 0.33314315328863914, 0.3611764496681581, 0.353128707589659, 0.35168049094641757], "coh": [-2.7065453311984884, -2.495623804383048, -2.4706168159854958, -2.6252432710811244, -2.4498374531929445, -2.304017063096354, -2.457266855817792, -2.5239644183191405, -2.4553692193928316, -2.4217364205578114]}