{"p": 0.30000000000000004, "p-emp": 0.2991988918218441, "t": [111.78066802024841, 116.34137010574341, 111.24391484260559, 108.69282817840576, 109.97836518287659, 117.06463098526001, 109.24367332458496, 108.23855447769165, 112.01282238960266, 107.98441290855408], "nmi_acc": [0.3246114713351242, 0.3409233068352836, 0.35089484062574183, 0.3087946556982351, 0.2925267167039782, 0.341001795890808, 0.3640471279944142, 0.2913121167381006, 0.3374558610765995, 0.3565477884678984], "nmi_repr": [0.2428809526773029, 0.2508913181604499, 0.2595497968561127, 0.2720093004108095, 0.25139038107110045, 0.23220718750146913, 0.26977716441338, 0.2701609218006473, 0.24487337622410443, 0.2672852731723654], "mi_td": [1.201402064262592, 1.2805457234841422, 1.2046884044684203, 1.1466641264808786, 1.1221233028935735, 1.251211510564685, 1.1534470202219982, 1.192799916782911, 1.2466630449225187, 1.245145395130286], "nmi_td": [0.20665640926356763, 0.21997819355938064, 0.20909722019441773, 0.20315933454805948, 0.1966205424364296, 0.2157539034752545, 0.2007024928679872, 0.2079475008151666, 0.2147522600650166, 0.21508017761225384], "mi_tw": [1.9813790883783744, 1.975731276839281, 1.9000535345844531, 1.6987337182854119, 1.839507267290469, 1.885201544955247, 1.9060723663923984, 1.8189922715823938, 1.9550177789353385, 1.9303200733176953], "nmi_tw": [0.367660536911544, 0.3660884531028159, 0.3560147064410707, 0.32544095330874256, 0.34821482201331205, 0.35074284537310846, 0.3581040148241444, 0.34245063105479795, 0.3633354789483416, 0.3598091552105911], "coh": [-2.541053167209646, -2.438915416999744, -2.364713083780434, -2.6511216507730926, -2.5821020615468426, -2.5654236601308495, -2.4503706655847983, -2.406124204839399, -2.3349272361545306, -2.531677893098329]}