{"p": 0.9, "p-emp": 0.899669597370533, "t": [15.58696699142456, 15.741405487060547, 13.730071783065796, 15.058070659637451, 14.77349305152893, 15.525466203689575, 15.637386083602905, 14.303562879562378, 14.713073968887329, 15.525917053222656], "nmi_acc": [0.27328141308777903, 0.2897692938950042, 0.29639908120870617, 0.3017433070452212, 0.3041624843212391, 0.26820818487217235, 0.2934617481531683, 0.2850786858026989, 0.27831325804132173, 0.2936678081842855], "nmi_repr": [0.3110919188416217, 0.2847219489947286, 0.3013272908214212, 0.30361478486257454, 0.3449076841933873, 0.34226969085966036, 0.33285901813355545, 0.34414464438594233, 0.33684308669804097, 0.30084647143428334], "mi_td": [2.247939620596933, 2.4139140075834717, 2.200334115954788, 2.3259182428141965, 2.294070644689629, 2.4677657291507558, 2.4804867168260807, 2.238435763038193, 2.2839518682346465, 2.3278930170426095], "nmi_td": [0.385080617813414, 0.40768035667493574, 0.3786445663380466, 0.39641154924124655, 0.39157177631298606, 0.4140690085650124, 0.4165074403640339, 0.38470973505659806, 0.389639517718014, 0.39563627396506257], "mi_tw": [2.3803220041548396, 2.523572130446822, 2.3652653688648684, 2.4342886728921256, 2.434866530595946, 2.581029565776648, 2.5596142402266246, 2.3847575433515384, 2.4341201627034867, 2.486227700766751], "nmi_tw": [0.49217480128137747, 0.5129370689773782, 0.49175619576998664, 0.5002457287160601, 0.5012722203340726, 0.5205214427646077, 0.5166557577351243, 0.4950445587543115, 0.5008006141030132, 0.509193789586742], "coh": [-2.750712370504189, -2.6639889071435516, -2.89039139176082, -2.5396776130626866, -2.628297002026112, -2.6656597870645338, -2.678446985795634, -2.5359358978273527, -2.646848442642449, -2.7708024106356457]}