{"p": 0.5, "p-emp": 0.36451680291909805, "t": [72.16869640350342, 77.64361572265625, 78.66824769973755, 79.83441638946533, 81.6116406917572, 83.88963055610657, 80.47208499908447, 77.87881875038147, 77.73877096176147, 80.49581909179688], "nmi_acc": [0.11189366003040642, 0.13902269211553053, 0.11175985569843297, 0.12309494497322473, 0.15848497872973288, 0.15399381141134957, 0.09809183593382069, 0.13741124568727736, 0.10984681701090122, 0.12264690458103399], "nmi_repr": [0.09882775529413863, 0.11210633585600074, 0.12246274366860596, 0.1433100155948792, 0.12424959095930604, 0.11804789206146339, 0.10691414862998817, 0.10860998536412948, 0.1057326828024564, 0.11382155939747553], "mi_td": [0.8504708557063704, 0.9155663831035131, 0.9904137358299705, 0.9310064394879971, 0.9505887711414349, 0.953269360557345, 0.9377825269479134, 0.9007190841782682, 0.8833647264595278, 0.9477341622364648], "nmi_td": [0.15836204361162212, 0.16774758734696005, 0.18350413216818504, 0.1724822994316743, 0.17484775624170373, 0.17380513465161465, 0.17305545857707183, 0.1664378979962037, 0.16213800507219056, 0.17443647448971666], "mi_tw": [2.065185864142708, 2.2034366587326955, 2.0824627427765683, 2.114741710906277, 2.178608686605763, 2.205740892644328, 2.1569077906353633, 2.1214342655512035, 2.161897179201401, 2.1881090180529412], "nmi_tw": [0.3475569187227361, 0.3654374182423127, 0.34889047714641525, 0.35427086522637774, 0.36260274186222297, 0.36420670655539567, 0.3600512532371788, 0.35455749836305034, 0.35913022927631716, 0.3643990391713141], "coh": [-2.3781277722472556, -2.249149580421089, -2.167841439516448, -2.414300931418957, -2.2915997212965156, -2.165707107749352, -2.4142945030424703, -2.36133071357587, -2.3453105922848247, -2.4212021138037296]}