{"p": 0.0, "p-emp": 0.0, "t": [256.13669896125793, 261.5269362926483, 256.73413944244385, 254.23834466934204, 255.57331824302673, 258.5608694553375, 255.7498059272766, 257.6463782787323, 259.48713088035583, 255.56370878219604], "nmi_acc": [0.24664758173664425, 0.2983527173668017, 0.31863808255301074, 0.3023248058635251, 0.29007882679073027, 0.3015939234139672, 0.3096290003664563, 0.2935110543494437, 0.3223186931669699, 0.2578890629766937], "nmi_repr": [0.26271994451807124, 0.2431153637078861, 0.26301494780942036, 0.23976524931079435, 0.23625050124967795, 0.2289811231869326, 0.23810015499852316, 0.2361104468540582, 0.24369649064766064, 0.23994008987995655], "mi_td": [0.9005751351188565, 1.1904757738997445, 1.1929519170082175, 0.9891553974038747, 1.0132158659817296, 1.1332734098240724, 1.1212330087697573, 1.1497867076083743, 1.141700525762316, 0.8985269934324789], "nmi_td": [0.1699713756642955, 0.21979386785437421, 0.2210472980514667, 0.18555263619956217, 0.18933182050266287, 0.21038922143295827, 0.20724016035864995, 0.21172016788752512, 0.2121368164278004, 0.16969850756748636], "mi_tw": [1.3331161148897772, 1.1694311845934573, 1.163073582350453, 1.311455802074811, 1.2626465377212206, 1.1737716512926366, 1.1918443513459387, 1.1979945536486003, 1.1964788082411282, 1.3029709318610168], "nmi_tw": [0.26884948346174203, 0.23036024983354272, 0.22999184103430007, 0.2627607107449977, 0.2519378277158834, 0.23257924869881472, 0.23505408266388433, 0.23532105114268012, 0.23729723648093823, 0.2629583489750193], "coh": [-0.9552309976790099, -0.3921636195098242, -0.3075655668108439, -0.5926589578432745, -0.6577774415007837, -0.4155602335525893, -0.3332369427909322, -0.2918965093842469, -0.33380234584995205, -0.8953669376945154]}