{"p": 0.1, "p-emp": 0.058975211080382284, "t": [247.90639233589172, 248.1346297264099, 245.00695824623108, 248.11930871009827, 247.70242357254028, 249.23428177833557, 246.57307839393616, 245.7244167327881, 248.28647780418396, 250.88316464424133], "nmi_acc": [0.32075820508124503, 0.30404464631200945, 0.2921926924830823, 0.3134931695497267, 0.33452061734374383, 0.3121090949062206, 0.31538398427360076, 0.30830212866788215, 0.30933411187365467, 0.2938247151478146], "nmi_repr": [0.24710630973748185, 0.23730468088649675, 0.24127256674933997, 0.23477237214976168, 0.2663969663797752, 0.25403115563459294, 0.22542409469064054, 0.23671261842417737, 0.23135615753999814, 0.25446255425802633], "mi_td": [1.2001412547946793, 1.1222405311822456, 1.1381955946379951, 1.218622598479798, 1.2511378178585746, 1.2120196405327568, 1.200675298529228, 1.2856067468578007, 1.1372658761671193, 1.088917673445521], "nmi_td": [0.22083003139840776, 0.20794256874510425, 0.21099447390285833, 0.22439608627750285, 0.23044981368774098, 0.2232628231389795, 0.2212775489451093, 0.23676575701552222, 0.21021094651232386, 0.20305278374297814], "mi_tw": [1.0890046489125151, 1.0985761505025395, 1.0950836916756206, 1.0605384543237124, 1.0684635530749826, 1.0923627274112202, 1.075227731567956, 1.0330670435904015, 1.1214423485382223, 1.1009364007883689], "nmi_tw": [0.22226077530115262, 0.2259577641788705, 0.2253527141800182, 0.21662809451801773, 0.21831667622537007, 0.2232202047859725, 0.21983383088028746, 0.21105159339044938, 0.23003450140028514, 0.22804480216754497], "coh": [-0.2734191098379897, -0.3480569496088378, -0.26515562170265783, -0.2519232486605265, -0.20724758770008397, -0.24528357408383852, -0.2846233997460574, -0.26455479941022736, -0.27004746350404635, -0.3984553379609269]}