{"p": 0.30000000000000004, "p-emp": 0.2985721447118661, "t": [57.271564245224, 56.16265869140625, 55.597954750061035, 56.247812271118164, 57.48970293998718, 56.283509254455566, 56.60611605644226, 56.39506649971008, 56.33843803405762, 56.24249887466431], "nmi_acc": [0.20839230684601923, 0.18439355453560427, 0.21119901097360022, 0.2117664268927691, 0.20039507371019583, 0.19887649995132575, 0.2042790034277678, 0.24597518569875074, 0.1975819134000173, 0.2360734883058771], "nmi_repr": [0.13501284869306235, 0.15341279364465005, 0.14866352776256767, 0.1446171811001121, 0.13395249444838284, 0.13497057712444244, 0.13576677765284453, 0.14764681967906648, 0.15191345332359066, 0.14946291125728503], "mi_td": [1.8549577143020994, 1.5797846940077984, 1.7340992596964135, 1.7697748931738915, 1.7547214223004732, 1.5785118428750722, 1.7432553323766604, 1.6097361330480418, 1.8124833143415273, 1.7177256813307547], "nmi_td": [0.3440359712379775, 0.3042656906339053, 0.326595264791246, 0.33159393059810033, 0.3293514741181937, 0.30242150741988877, 0.32756936805616493, 0.3092316828285099, 0.33873719806432967, 0.32618613098213234], "mi_tw": [0.4791042434687098, 0.4212713417219112, 0.46820015788080294, 0.4608786681752526, 0.45905351958005464, 0.42669332650048764, 0.4608624549249633, 0.4408495608100348, 0.46277883184934226, 0.4646712132829844], "nmi_tw": [0.0914544192666648, 0.08360069748329196, 0.0907963943597358, 0.08890163477407496, 0.08870985969423976, 0.0842178631973112, 0.08916312291313182, 0.08725261724893062, 0.08903577361674771, 0.0908793341748799], "coh": [-0.38494133890878535, -0.5184178979801715, -0.5039420601274929, -0.43181073613980736, -0.3933200180643697, -0.6505807147730049, -0.5064667359554373, -0.5524397329398317, -0.5422611363039335, -0.6022096451530402]}