{"p": 0.4, "p-emp": 0.3986036870772056, "t": [49.67977809906006, 49.48331809043884, 49.56394147872925, 50.574517250061035, 49.23876452445984, 49.826889753341675, 49.33519768714905, 49.82942724227905, 49.17258048057556, 49.17552614212036], "nmi_acc": [0.16423522149003666, 0.15812094300175525, 0.17494459327600223, 0.15982533739239005, 0.15512688468393063, 0.15488836108603957, 0.15371977352812333, 0.16296546320127947, 0.1928137997768187, 0.178017411136411], "nmi_repr": [0.07345473632149997, 0.08860613269415875, 0.0929056743503995, 0.09730221067001936, 0.09117552284275776, 0.09322752214058298, 0.08571346544794937, 0.08308742819033134, 0.0973096032786825, 0.10427763778364244], "mi_td": [1.905602958502583, 1.821922894045873, 1.9207509463707586, 1.8980220944384307, 1.8400953190922962, 1.843318901036174, 1.8586487302428274, 1.7111778522057062, 1.8361068367929885, 1.7222003147623401], "nmi_td": [0.34826951302026854, 0.3364018918329413, 0.35037825825081, 0.346938323840159, 0.338687317501926, 0.33915732375316343, 0.34145407679771694, 0.3203914633620017, 0.3388755124164646, 0.3223413941369047], "mi_tw": [0.7401977585614461, 0.711981416582796, 0.7456658745612396, 0.7340696086223397, 0.7251937000548966, 0.7084743259836374, 0.7214539461002333, 0.6711866012788823, 0.7230182031058088, 0.70134778111924], "nmi_tw": [0.12518163376089045, 0.12155519236568653, 0.12588706156121138, 0.12416322714734228, 0.12345029306995448, 0.1205635950699778, 0.12259843104805777, 0.11607697872128164, 0.12339055536105398, 0.12125358270691049], "coh": [-1.36439897256454, -1.3489511938748375, -1.383857123241341, -1.364231932224894, -1.2538451324493454, -1.441452968685889, -1.457582365881343, -1.4459345476075591, -1.4116669544467424, -1.550794917117183]}