{"p": 0.0, "p-emp": 0.0, "t": [137.79658937454224, 137.75726103782654, 136.85768508911133, 136.49838137626648, 135.34196615219116, 137.7818238735199, 139.0363428592682, 138.70644688606262, 137.59547400474548, 135.29064345359802], "nmi_acc": [0.07625840864186884, 0.14105352001297017, 0.07807224961229585, 0.1110699673002578, 0.11355005871075936, 0.10195381309800247, 0.11459817811438905, 0.08836687341981028, 0.10942777137562297, 0.10373581321372641], "nmi_repr": [0.2897278098486415, 0.25912854102189886, 0.2674505389177083, 0.2806761483508544, 0.28451723064473244, 0.2949042062555333, 0.2782119360259157, 0.2888206542403228, 0.2969786659433245, 0.27370477251999287], "mi_td": [0.7198214147751804, 0.7849753287100055, 0.7294519995904563, 0.7468909711277479, 0.7508258063989436, 0.7423028129789303, 0.7476304299530043, 0.7280549644808542, 0.7554878410734134, 0.74843220162909], "nmi_td": [0.13561580245648186, 0.14459287078174654, 0.1369783828867374, 0.14004416642002393, 0.1408528859867047, 0.13864042616681652, 0.13935061094649112, 0.1365292733396017, 0.1416728379745691, 0.1398490048647138], "mi_tw": [1.5969788127127769, 1.5525329529691423, 1.6073676791292655, 1.5310155499369869, 1.5373512875937538, 1.5999033313149011, 1.5769641269173176, 1.6105038862950793, 1.5399204750683586, 1.565970757393011], "nmi_tw": [0.30815782605266523, 0.29274252333741124, 0.3091181413376375, 0.29398539195202905, 0.29535428873297587, 0.3059849092501933, 0.3009677427771967, 0.30928796442973133, 0.29573108720888885, 0.2996351823578474], "coh": [-1.5724926793794172, -1.5409459135510377, -1.6171463692589647, -1.6878658370104662, -1.6093980185986623, -1.5167842056507277, -1.5236949094011603, -1.5863509053541924, -1.6165333356377984, -1.5190920035331215]}