{"p": 0.4, "p-emp": 0.39991086723395963, "t": [84.02678656578064, 85.23779249191284, 85.9371109008789, 88.3294460773468, 87.24075436592102, 84.55248832702637, 84.38646674156189, 83.83654403686523, 84.51257753372192, 86.45735239982605], "nmi_acc": [0.10103904968029091, 0.10061629463277391, 0.1229074630712298, 0.11166715348725971, 0.1114918873377396, 0.11940377248992125, 0.11235074825369737, 0.12379894437351059, 0.11718090910973371, 0.10781754551567935], "nmi_repr": [0.1561335903648031, 0.14802879729024102, 0.14232698724624854, 0.13953385795377876, 0.14349211702240805, 0.14569336150140993, 0.14112362747591514, 0.13897502668809525, 0.14143037830608682, 0.14592934967114188], "mi_td": [0.8128833872748972, 0.844377849887503, 0.9169300021606513, 0.8999535055706108, 0.8612755270576797, 0.9009753804181142, 0.8522057222916902, 0.9033795676384968, 0.8746965873748968, 0.8423647245676367], "nmi_td": [0.14632300255865865, 0.1517942439744414, 0.16402688405918867, 0.16097083840443951, 0.1545668410209911, 0.1614242896826993, 0.15275565129847535, 0.16156400328791587, 0.15670072638948843, 0.15136701932836527], "mi_tw": [0.9382100807702425, 0.8927525024025889, 0.8447490659695688, 0.8573235862451157, 0.8813984344573805, 0.8617328041101687, 0.886579634352732, 0.8627090000822671, 0.8767719552925249, 0.9024648040843811], "nmi_tw": [0.22942959278905165, 0.21792739661695743, 0.2048357122447875, 0.20785124248285225, 0.21465585476935434, 0.20939613253062953, 0.21556627715063492, 0.20912243555701485, 0.21302236386854712, 0.22016921916568108], "coh": [-0.6526226275691233, -0.6700255153943894, -0.608936699713129, -0.6180275070522373, -0.6412152007057219, -0.5841282378068898, -0.6841182549322764, -0.6533745387133791, -0.6905182394841712, -0.6608385015431926]}