{"p": 0.9, "p-emp": 0.8998277694989532, "t": [18.013327598571777, 17.914534091949463, 17.72355604171753, 18.05856227874756, 17.79292392730713, 17.824815034866333, 17.621649265289307, 17.740166425704956, 17.873929023742676, 17.771695137023926], "nmi_acc": [0.09497837679457949, 0.08984950569999063, 0.08458774566271922, 0.08327435193220437, 0.0844294127079415, 0.08891358032714117, 0.07768346540558384, 0.08525161054102093, 0.07855904375645713, 0.09858342951385499], "nmi_repr": [0.13022356483261918, 0.13000955271856243, 0.1334713126047872, 0.1292967954697669, 0.13057713174163724, 0.14331279545396508, 0.14938819051222868, 0.14479528320512597, 0.1275328243697526, 0.12993703752618135], "mi_td": [2.249890949205386, 2.216998209107164, 2.2324606549312724, 2.2320037356899216, 2.2467555156993577, 2.2382688737424203, 2.218892890230441, 2.250498415488929, 2.244835753950733, 2.2414194298336603], "nmi_td": [0.3988725336032105, 0.39468602715337653, 0.396774743347643, 0.39709086973898616, 0.39945159095730826, 0.3972061454761771, 0.394469364789851, 0.3994583106704267, 0.3983328961953577, 0.3979029145853295], "mi_tw": [0.5921113346578157, 0.5874716150306518, 0.5972493612916364, 0.5684695232090686, 0.590862744459661, 0.6134996369846935, 0.6054435971206054, 0.6082151364402401, 0.5746357041260277, 0.6022287479618992], "nmi_tw": [0.13762358223332485, 0.13729534645004368, 0.13927448078013333, 0.13273748587857445, 0.1378468454315745, 0.1427805312105551, 0.14123512445220954, 0.14158873114164403, 0.13371867911047416, 0.14022106677327123], "coh": [-2.1521355867157985, -2.133577018302822, -2.181383831438221, -2.132576525021389, -2.13133700817648, -2.114798902635292, -2.122233428541997, -2.1744172688272627, -2.111026016324153, -2.111935216130113]}