{"p": 0.1, "p-emp": 0.09999211440866518, "t": [49.25914788246155, 48.73292589187622, 48.85247087478638, 48.18725275993347, 48.80461812019348, 51.97541570663452, 48.42081689834595, 48.18043088912964, 48.72089719772339, 48.45028495788574], "nmi_acc": [0.22872033956063792, 0.21699701169862973, 0.21664833374127976, 0.20833445803281117, 0.21787895411313937, 0.24107598859681775, 0.21842823954772145, 0.21636624739459556, 0.20015403156767575, 0.27181136909573106], "nmi_repr": [0.18586170590461082, 0.19136734984679699, 0.18552854420267162, 0.18792995082304423, 0.1667149955029591, 0.16605178449306393, 0.15995693074966702, 0.17930650031134926, 0.17260067314324246, 0.18155695226858523], "mi_td": [1.5859384841970425, 1.634314752239483, 1.3585989962310316, 1.4273362789861639, 1.5582666741032258, 1.2349763835612473, 1.488184062412722, 1.6105553941773554, 1.4871262296774264, 1.6007628264392362], "nmi_td": [0.3014331334193075, 0.3081104393326573, 0.2669911153130776, 0.27666700511567743, 0.297497632935989, 0.24422711733324573, 0.2867024707666331, 0.30390821523458095, 0.28535566515848293, 0.3050971168089331], "mi_tw": [0.27011209452766183, 0.2699413595880366, 0.23928292903928963, 0.2363909017519815, 0.26504363982127044, 0.21773333241684253, 0.24926914966515357, 0.26578348166384463, 0.244857709762547, 0.2637803070167977], "nmi_tw": [0.059034422318625136, 0.05844798514883379, 0.05434877494077293, 0.052845868576339876, 0.058224645462850895, 0.049814919966953634, 0.05533331807705449, 0.05760802747117896, 0.05410434476204768, 0.057835067456966906], "coh": [-0.26789843795349244, -0.2423574315634609, -0.5855621557063128, -0.6549960256294072, -0.448540774774154, -0.8368843655049613, -0.7005764572133792, -0.2601267310304096, -0.388287797006479, -0.5996660766580776]}