{"p": 0.6000000000000001, "p-emp": 0.5999493069128473, "t": [66.68254828453064, 60.912599325180054, 63.54174184799194, 64.32494401931763, 66.61388278007507, 63.433894872665405, 66.12690544128418, 67.58144474029541, 62.28861451148987, 61.887200355529785], "nmi_acc": [0.3108372449977054, 0.2764984090318548, 0.3195086244127527, 0.2962515036149354, 0.25874836595331496, 0.30678745847578986, 0.3327507660189819, 0.2919729302759634, 0.28031005594352515, 0.2732035155638443], "nmi_repr": [0.21341825178180038, 0.209787992544568, 0.21414083029581701, 0.21842946099316174, 0.20076058793981452, 0.19339335848548492, 0.21775921556845534, 0.22675055339721345, 0.21109672693802284, 0.20667177014988167], "mi_td": [1.3166583729505092, 1.1499963007865088, 1.2117039459872467, 1.250722560320581, 1.272759000574018, 1.1900737495891858, 1.305248686220673, 1.395983056720377, 1.243856133538206, 1.2929062451276327], "nmi_td": [0.2404858837275484, 0.2144382677050355, 0.22400409616259326, 0.2308195976881444, 0.23312372911088308, 0.21997279344112217, 0.24000427979987005, 0.25177575595368207, 0.22894768404349228, 0.2377753488989869], "mi_tw": [2.1982836685315257, 2.0554849850682086, 2.103988815149618, 2.1269110171721266, 2.1769956283582848, 2.11541015566166, 2.1240412513945266, 2.292421984250392, 2.1403269655025245, 2.1416226526585063], "nmi_tw": [0.3572538652920451, 0.34024894248899207, 0.34561973117664047, 0.34885096725602555, 0.354682292790466, 0.3474501564431149, 0.347251186948412, 0.3683884744496519, 0.35022927081674954, 0.3501785999666227], "coh": [-2.153012877846266, -2.176512636569268, -2.119157067080289, -2.2867673665060146, -2.278102560077393, -2.2919880553708833, -2.065697398689333, -2.26379138641171, -2.199067794258467, -2.2274570838901053]}