{"p": 0.5, "p-emp": 0.49839050364655146, "t": [34.08743643760681, 35.73912477493286, 40.786296367645264, 32.33342719078064, 39.91376185417175, 35.47172427177429, 42.39882850646973, 32.756915807724, 35.95731854438782, 31.59151315689087], "nmi_acc": [0.09894432387974722, 0.12968619562523145, 0.11156087165724671, 0.05781150024930629, 0.11574397098993783, 0.07411464819981708, 0.10950567187076725, 0.09521992961658667, 0.09747437607836204, 0.10642721307700692], "nmi_repr": [0.13055339229345364, 0.15074186289826377, 0.15477060721101285, 0.13547027573557166, 0.13519225308641522, 0.17193104045947386, 0.16988016482568044, 0.13399464617184023, 0.14240838770600747, 0.1575091111065931], "mi_td": [0.4680011791128599, 0.48869596273615823, 0.5479985216234549, 0.32573239892835565, 0.49162301731834945, 0.47874336658661926, 0.7197255460028056, 0.42065652024044314, 0.5230112060828667, 0.36883352981392303], "nmi_td": [0.09126828769158278, 0.09578041561015056, 0.10527977639977956, 0.06658656996947347, 0.09506016321123335, 0.09440384962145064, 0.13548841726260102, 0.083373717925234, 0.1011204092025377, 0.0725282129045326], "mi_tw": [1.4195976896689695, 1.3331288315375645, 1.4675975873468043, 1.1401645501482403, 1.4558792634763955, 1.3087010340771148, 1.459368776445146, 1.2930729401416678, 1.484584088063877, 1.4497608296484605], "nmi_tw": [0.3114296767016671, 0.2941054390960292, 0.31658345564364887, 0.2637782396291452, 0.3163389347906957, 0.2907061814868996, 0.30771139093944594, 0.28888991606686304, 0.32254387513306887, 0.32103100120641265], "coh": [-1.7938192245124256, -2.1736230429162244, -2.153496605037968, -1.9059740316290819, -1.8594304260108794, -2.153580898672739, -1.9366905114128614, -2.1725805001384932, -1.8784532654209152, -2.126039021395395]}