{"p": 0.4, "p-emp": 0.3824145680667347, "t": [40.97204828262329, 42.83229088783264, 40.46657466888428, 40.46615648269653, 42.121755599975586, 40.89244604110718, 40.36792826652527, 40.87477397918701, 40.466731786727905, 40.88222289085388], "nmi_acc": [0.24576755104613507, 0.23522166647571693, 0.25331465169469075, 0.2596953851606337, 0.2537288859325952, 0.257336215665877, 0.2547957483628276, 0.2319726226137981, 0.2507662563528633, 0.23157847064846795], "nmi_repr": [0.20793538532981307, 0.1981757273085782, 0.21549577292276448, 0.21484321861633088, 0.22249461656702305, 0.21912780838118043, 0.20557988482503223, 0.18606043878288533, 0.18491156758798166, 0.19130404765932407], "mi_td": [1.8226931582547101, 1.8745723929894726, 1.9537898048186775, 1.9137006656675752, 1.7260114522134362, 1.8501214105684447, 1.8442871128027303, 1.8003761838797145, 1.8921798052503287, 1.853441623484987], "nmi_td": [0.3373123391084997, 0.3454828410755856, 0.3561687059160072, 0.3505899471557832, 0.32425975923217226, 0.3420556817431698, 0.3400816901029865, 0.3337934098279826, 0.3473488317333532, 0.34198940552613966], "mi_tw": [0.307730310433886, 0.30566400013460676, 0.3348467237570073, 0.32019784219919295, 0.3127292346492464, 0.3096629088606114, 0.3111726702589427, 0.2928445659557874, 0.3172376133606143, 0.30072671914919713], "nmi_tw": [0.0652032962801106, 0.06445991275731652, 0.06973723538026962, 0.06706430171889284, 0.06741448228300037, 0.06553981932459858, 0.06566146588248448, 0.06217957437988727, 0.06659806339631169, 0.06350390817857313], "coh": [-0.40154569236312837, -0.36641766603428605, -0.20000733645640242, -0.19662695476536754, -0.4934436662981274, -0.26979468216502384, -0.3187943678377341, -0.5240417909440198, -0.24762445699736219, -0.31640632698458826]}