{"p": 0.0, "p-emp": 0.0, "t": [80.02310132980347, 82.13102340698242, 83.05824732780457, 85.37614941596985, 84.44863796234131, 81.0200355052948, 84.44312477111816, 80.92075276374817, 81.86418581008911, 82.65132141113281], "nmi_acc": [0.029902850211076377, 0.028121823754849562, 0.02634686618073184, 0.026750311946232445, 0.026749919930632284, 0.03166192162892574, 0.03268867193044217, 0.02634686618073184, 0.03456095634148604, 0.02575834039871741], "nmi_repr": [0.16881684750270548, 0.17475238518299177, 0.1863864507908855, 0.20202681056572877, 0.19015280312355134, 0.15669144028462254, 0.1386118609209687, 0.1473462179179178, 0.1520360431763419, 0.15839755742058262], "mi_td": [0.5766414758973897, 0.6061751459271472, 0.5920305959188452, 0.6657064887632564, 0.578262875218635, 0.5711091681095042, 0.5876648500012207, 0.5617610033848349, 0.5866677892304292, 0.6249515283692442], "nmi_td": [0.11433857519134669, 0.118516655143983, 0.11764537328142112, 0.13285798771501678, 0.11421636807513451, 0.1104930271711224, 0.11406761309807235, 0.11059703290849107, 0.11364216081005737, 0.12378756245684197], "mi_tw": [1.487903551108515, 1.657302030001383, 1.4989166879911406, 1.4146603108378941, 1.545846585921551, 1.7666412194390544, 1.712713142613828, 1.60733169946369, 1.7417472441320427, 1.5061118578389296], "nmi_tw": [0.302553363981083, 0.33217625580286647, 0.30547284222942245, 0.28958061415277103, 0.313088315870339, 0.3502963197134846, 0.34074073097180374, 0.32445840975562995, 0.345793699624972, 0.30592613385344986], "coh": [-2.403393169665014, -2.2244656001525382, -2.243673960577411, -2.3033319763248623, -2.2762897733826004, -2.187866858932503, -2.428904078867882, -2.1468105491291745, -2.21884795343129, -2.292461129914015]}