{"p": 0.4, "p-emp": 0.38476943860284385, "t": [47.041167974472046, 47.209898948669434, 45.07836604118347, 49.41014552116394, 48.89433145523071, 48.160850286483765, 48.91531038284302, 48.85409212112427, 49.01259398460388, 50.05628442764282], "nmi_acc": [0.04398910475417172, 0.0756817477698631, 0.08905746858223679, 0.06535210055581783, 0.06956842999251261, 0.08953204918800757, 0.07286832607994907, 0.09870982320405756, 0.06046900796967076, 0.09764044067033935], "nmi_repr": [0.14513759492905604, 0.1779361003377577, 0.17625372726475966, 0.17249647274203325, 0.1723109898353181, 0.17521453454527752, 0.1417159398093493, 0.12607885346515527, 0.1549717718955423, 0.1842562010652891], "mi_td": [0.4594955585938505, 0.46619034366260015, 0.4768813447802376, 0.5449738330442707, 0.4634464821701039, 0.5368246475586836, 0.43789148749899476, 0.4747865063311495, 0.45629831352471684, 0.5305001830650865], "nmi_td": [0.09117011416234357, 0.09257559535918698, 0.0936129104704994, 0.1080774926808026, 0.09199181217026092, 0.10515812812767483, 0.08556262218514353, 0.09200531614505902, 0.09267818801317186, 0.10361473640918716], "mi_tw": [1.407581895933323, 1.408539458573736, 1.504978620493289, 1.3631419847234998, 1.3700675618638591, 1.4631926990933954, 1.5328969437127633, 1.534752094371612, 1.1731031815918445, 1.4709236865310171], "nmi_tw": [0.3152000112153179, 0.31571136288682144, 0.3329685730471631, 0.30508079892583684, 0.3069416957014017, 0.32295595709484265, 0.3373833042623606, 0.3346513097942416, 0.26973043550952663, 0.3235908461391606], "coh": [-2.0619485404893827, -2.1149875019747917, -1.7749363898552273, -2.0946980750442656, -1.9851139709896313, -2.0530665819545257, -1.9369263826760608, -1.7841831287292191, -2.19300063578309, -1.980379570532161]}