{"p": 0.5, "p-emp": 0.4999464906302278, "t": [70.56963682174683, 71.92623519897461, 67.99459624290466, 75.00315690040588, 67.2037501335144, 75.88781785964966, 65.65231609344482, 71.84687280654907, 69.94835710525513, 69.90314722061157], "nmi_acc": [0.27071401261821426, 0.2859520173182796, 0.31602364459026155, 0.2580120633827435, 0.29266920790991907, 0.30016201150781424, 0.24719117399228946, 0.2587850445069147, 0.30856883051991535, 0.2957144336605116], "nmi_repr": [0.23117750894928077, 0.22526876284554365, 0.2172324421644311, 0.2434852195887964, 0.24251605513246022, 0.23866642807418104, 0.1882279592444303, 0.20056537055375112, 0.22968688116993966, 0.21295004437562284], "mi_td": [0.8746020372900168, 0.9355334725076193, 0.8191525215448566, 0.9364830525903896, 0.7694419827343185, 0.9350925149397522, 0.7058936027877676, 0.881177906158152, 0.8537317118359318, 0.8037002147571077], "nmi_td": [0.16946422563517904, 0.17895732484662472, 0.1575326977532076, 0.1811523126126094, 0.1494761330556307, 0.17819193322030638, 0.13825532759530912, 0.17098798509664676, 0.16285196381279415, 0.15446050459962557], "mi_tw": [1.5901006196489196, 1.6489872797205736, 1.67675905147923, 1.5875577099281575, 1.6309585203717805, 1.6880834314124056, 1.5818114743739653, 1.5629215160909675, 1.7228253538484548, 1.6655987139864952], "nmi_tw": [0.31420067454981265, 0.3215975276457552, 0.3287965288481139, 0.3131656547462414, 0.3231292131387055, 0.32794446179233105, 0.31601331859753046, 0.30929058210474775, 0.3350381862605831, 0.3263914833241133], "coh": [-1.8204098709850196, -1.7780664544019826, -1.7471452440911381, -1.834703894974086, -1.922499798800641, -1.7517946595969907, -2.0267228444298757, -1.913301949312276, -1.850337219594382, -1.9117561225624229]}