{"p": 0.9, "p-emp": 0.8999606415005597, "t": [28.116920471191406, 30.29270362854004, 26.358716249465942, 28.409823656082153, 28.914778232574463, 29.093021392822266, 25.869460582733154, 28.480138540267944, 29.015729427337646, 27.802518606185913], "nmi_acc": [0.23822125524255874, 0.2671488712717816, 0.24727515299786504, 0.2103130675453107, 0.26662628000079297, 0.23675141982934264, 0.23622762076415654, 0.2757787265086949, 0.252475218883085, 0.22857360830191314], "nmi_repr": [0.2691722435978667, 0.3036802791289778, 0.30361694169211856, 0.2876150250937647, 0.2948793691896089, 0.30364626202148687, 0.282102147833509, 0.30848384202527274, 0.3245606913989768, 0.2915523481237287], "mi_td": [2.7742650954506596, 2.782533216227522, 2.785622391348817, 2.7787362134730107, 2.783983226998603, 2.7828224283965293, 2.7781929601415873, 2.7840055405680104, 2.7789750638316666, 2.78142257355183], "nmi_td": [0.4665539252555679, 0.46822465484242887, 0.468331105975925, 0.4670170157497825, 0.4682639396753058, 0.46778566606022987, 0.4673744977490043, 0.46856057569729515, 0.46747109227311806, 0.46755233696022297], "mi_tw": [2.576620938833638, 2.5766781116422006, 2.578571795365166, 2.568718785404001, 2.57919439141552, 2.576473177089337, 2.5583895074200336, 2.581606833949805, 2.577478640437276, 2.5743706302274463], "nmi_tw": [0.44264528749723625, 0.44292593722274476, 0.4428521526180984, 0.4410091388545847, 0.443160568922824, 0.4424195613163747, 0.4396670263846011, 0.4438584948642593, 0.4429136971972726, 0.4420604374145329], "coh": [-3.1105776932376745, -2.9535948516259856, -3.210007947176581, -3.3127144209747157, -3.08451258604356, -3.232477193440462, -3.134965220074644, -3.0481269989104116, -3.0786850701148216, -3.093096883852767]}