{"p": 0.6000000000000001, "p-emp": 0.599870943182504, "t": [65.45101547241211, 68.62448406219482, 67.15192008018494, 68.3310375213623, 67.2422034740448, 67.16681146621704, 65.39665484428406, 67.08998131752014, 67.44224166870117, 68.60766053199768], "nmi_acc": [0.1359898932153771, 0.08289216942862603, 0.10930408056745373, 0.08145003410224369, 0.1380512468994029, 0.11777589684869427, 0.11048900317072305, 0.08785876021755246, 0.13524244301844715, 0.14769421253000978], "nmi_repr": [0.2644257159542597, 0.2717520376220087, 0.28347793161109075, 0.2670205105898859, 0.2613047406327114, 0.27337261015799463, 0.2684952314750371, 0.26597115797494847, 0.2600085948377589, 0.2469113392261791], "mi_td": [0.8612298651140975, 0.8422447621625248, 0.8571013083878536, 0.8431746635359232, 0.8740317084558729, 0.8654769345023048, 0.8556531198700648, 0.8492548008068809, 0.8663882408507386, 0.8777330132221915], "nmi_td": [0.160845734575661, 0.16048016603901166, 0.16148764624047524, 0.15982635484920432, 0.1628452370113507, 0.16263746821562802, 0.16137420006663322, 0.16049719923711414, 0.16131543502213153, 0.16269033168018707], "mi_tw": [1.6072832110866275, 1.5902006014756436, 1.5764947935643767, 1.596020008914034, 1.602901017706314, 1.5770850007972144, 1.5677085616395687, 1.5970121389527854, 1.6218842369870734, 1.6408043311749085], "nmi_tw": [0.3214638817740118, 0.3249430384373822, 0.31828845098916453, 0.3243237577819832, 0.3197643624479969, 0.31751173342876965, 0.31684993608378786, 0.3234846310536424, 0.3233244880127273, 0.3255165039047855], "coh": [-2.0575242878560003, -2.1099917713608245, -2.0503293359110373, -1.941266999565689, -1.9505040692297073, -2.088440389648226, -2.0064724069564885, -1.9916669904628583, -1.9619607221865951, -1.8289011827186001]}