{"p": 0.9, "p-emp": 0.8783579945814722, "t": [16.887706518173218, 18.54898762702942, 20.111138820648193, 18.84426212310791, 15.533705234527588, 19.34376621246338, 16.264728784561157, 15.432611227035522, 15.635649681091309, 17.39821481704712], "nmi_acc": [0.019341181319029236, 0.021193757120792116, 0.028687989216736504, 0.022048592603931237, 0.027720818786206847, 0.04665631733187623, 0.02502984098510169, 0.04164106435276336, 0.02487566047152862, 0.033594533114277986], "nmi_repr": [0.5666089652977299, 0.05989117708140571, 0.08292004872706124, 0.07020515634290699, 0.05662874363606022, 0.08862221676958541, 0.31542560879768716, 0.18821062806685349, 0.2749159531092371, 0.3938513988586346], "mi_td": [0.3809205706650484, 0.5881435320246048, 0.691014731274974, 0.546533280066201, 0.2738288754349158, 0.31178905666886636, 0.46089022083564096, 0.34086721823072735, 0.15204642656387454, 0.3787163684644923], "nmi_td": [0.08201625963101233, 0.12335154969073249, 0.1424277388919743, 0.11875880820802517, 0.06356506202515821, 0.06866954228467889, 0.09882980199838298, 0.07414713473155093, 0.03383665623180623, 0.08159208430657001], "mi_tw": [0.6655497809509865, 0.2658813237945068, 0.6178314079821119, 0.18965017114852445, 0.08771478176154254, 0.5868518872703133, 0.4583045823928995, 0.634506181569065, 0.704804319215384, 0.5380196340132521], "nmi_tw": [0.5897380691548099, 0.2123437813304827, 0.4625227187523642, 0.17460871521518934, 0.11075776132417292, 0.5728028599850062, 0.3993683169390476, 0.5868141568534354, 0.7209231900889599, 0.47794999354600426], "coh": [-0.0037793180473458445, -0.0041885684930547, -0.004189479182861327, -0.004380028892237301, -0.0037042225865807185, -0.0034749265557101473, -0.0038775076096011127, -0.0035940649637153494, -0.0038643910087266193, -0.0033368934568715858]}