{"p": 0.4, "p-emp": 0.3999990715336871, "t": [56.4454505443573, 55.13386535644531, 54.84511947631836, 55.41038179397583, 55.022913217544556, 55.913225173950195, 55.22627830505371, 56.65231156349182, 56.62987756729126, 56.240729331970215], "nmi_acc": [0.07171804362868013, 0.0650200654853282, 0.08823409765588285, 0.06498285971534995, 0.05081742687068361, 0.06510889455504786, 0.05531130705441313, 0.034714021474091625, 0.05600815818630536, 0.07150733239477308], "nmi_repr": [0.05474795772870226, 0.06653574902961701, 0.04981298540644985, 0.04867176095927723, 0.05984288403259307, 0.0649210337813237, 0.05804728445942587, 0.06273342519995141, 0.05759200435848808, 0.04908462310901766], "mi_td": [1.1728614671267272, 1.0876052092879482, 1.3150327105065358, 0.9731554274915266, 1.173687185848288, 1.3719341532195997, 1.0802587471233784, 1.0150266124213967, 0.939991797820187, 1.501776704365623], "nmi_td": [0.2263708115282344, 0.21228613468214616, 0.2488266981981747, 0.19350089856542949, 0.22600118261516255, 0.25668547176632106, 0.21172195312558578, 0.20034419168679315, 0.18800039627513837, 0.2767342686113684], "mi_tw": [0.6755423196721844, 0.6593774192166011, 0.7314375494841607, 0.6136297488678942, 0.6941438691295652, 0.7440665268513506, 0.6440237652860749, 0.6134188012790107, 0.5984380124305029, 0.7719751033588717], "nmi_tw": [0.1336879933682372, 0.1320002710578893, 0.1418364281232008, 0.12520044887192847, 0.13704029381767097, 0.14262942828115335, 0.12947213558660095, 0.12421435893923906, 0.12283410428223132, 0.1456898369876092], "coh": [-0.9381274382547382, -1.0452403648861575, -0.7281058144243088, -0.7523705778954786, -0.9900231715905589, -0.5963880365514455, -1.095422200945007, -1.2007934292557667, -0.9967133334849432, -0.7407026957147315]}