{"p": 0.6000000000000001, "p-emp": 0.599870943182504, "t": [45.4814350605011, 46.54196643829346, 45.858211040496826, 52.723140716552734, 43.53499412536621, 44.058382511138916, 43.94145154953003, 43.079981327056885, 45.24410700798035, 43.952420711517334], "nmi_acc": [0.05903047881834034, 0.07359597732111031, 0.04120164605476581, 0.04599018525672845, 0.06441592341167075, 0.05835892690972524, 0.07125175094479097, 0.039823433528100784, 0.04800592780358034, 0.058456679198045786], "nmi_repr": [0.15617050592924764, 0.1496679530662185, 0.14470741800533926, 0.1470404276426005, 0.13694631648080155, 0.1329423456219004, 0.12414644350717917, 0.12634101458077293, 0.1521979045006434, 0.12863913582526265], "mi_td": [0.83630386973999, 0.7692242375515973, 0.7732060752332581, 0.7272291574330965, 0.7440135204906061, 0.7512606773442199, 0.7174490248293632, 0.7763646273433359, 0.7517437713780809, 0.724988676191138], "nmi_td": [0.15986271900150228, 0.14600611569670915, 0.14940654232494435, 0.14097062370673452, 0.14188082733618881, 0.144048946381987, 0.13643083191491084, 0.15046702698285694, 0.144369909360629, 0.13833101508791512], "mi_tw": [1.7823305639952642, 1.794892515982805, 1.6794704112488412, 1.7356633352328688, 1.8317219809063432, 1.7748224842580564, 1.8427680068625565, 1.6711370251686335, 1.7469087694223853, 1.8320429799489766], "nmi_tw": [0.3654645132728363, 0.3652653302898694, 0.3483883082423993, 0.36127803557886323, 0.37462848556834416, 0.36512831920173844, 0.3757526695767265, 0.3477766038516002, 0.35999661184944676, 0.3749213355457912], "coh": [-2.2002759420122677, -2.476016718584685, -2.3529348277340754, -2.3238932023689385, -2.2842252863371733, -2.3353399875357064, -2.3631457062932677, -2.4077400712666366, -2.415657801480955, -2.3675210252297214]}