{"p": 0.2, "p-emp": 0.1972000518196002, "t": [208.33697891235352, 204.20530915260315, 204.7334771156311, 211.90813398361206, 206.8410084247589, 196.91400027275085, 201.73125171661377, 201.08030200004578, 206.54029273986816, 198.5690405368805], "nmi_acc": [0.3014194197057111, 0.30293654039980067, 0.26974534393852173, 0.3035011772249465, 0.29844551442841405, 0.27932410095969945, 0.3018522984729231, 0.3134489463116581, 0.2886109018737336, 0.2703891822149094], "nmi_repr": [0.26643264044701803, 0.27889411723852536, 0.2882051486985914, 0.2885543403045945, 0.30107262717571764, 0.2938291376002777, 0.29058432666770345, 0.28276958074772784, 0.29317134142515555, 0.29457977283808534], "mi_td": [1.1168868586075273, 1.0949446639746339, 1.0480144326544374, 1.1253745171679608, 1.1641263692410542, 1.0202929339561435, 1.165018760236339, 1.1100760028390948, 1.1424787324350927, 1.0226169749566552], "nmi_td": [0.20681086969083326, 0.20316602656361535, 0.195214029202678, 0.20887470147721818, 0.2165652720675794, 0.1910619203763473, 0.21590066260668703, 0.20581321916047565, 0.2132073797854602, 0.1900859102645962], "mi_tw": [1.4468090503361084, 1.475196633114696, 1.5180495535518737, 1.4561279948185435, 1.4156820024453034, 1.5252731445839625, 1.4195008155593276, 1.4647008922934897, 1.424267645404056, 1.5429258517723354], "nmi_tw": [0.2660844771321472, 0.27186099085203597, 0.2808382795863028, 0.26842656981794455, 0.26156810021525106, 0.28366627433804026, 0.2612753413093959, 0.26971795845944196, 0.2639774180453393, 0.2848490397320254], "coh": [-0.8118147012902688, -1.052118159718314, -1.0911571051104136, -0.8156992983234117, -0.8793161603985542, -1.0732727405233071, -0.7009891637092864, -0.8924133301753636, -0.746469591794191, -0.9247384027744154]}