{"p": 0.30000000000000004, "p-emp": 0.29685760576391884, "t": [96.57647061347961, 95.76884436607361, 98.45250749588013, 97.76392889022827, 98.00197243690491, 96.69618701934814, 96.57201838493347, 99.08051252365112, 96.91911387443542, 96.53040313720703], "nmi_acc": [0.17552369429111023, 0.18009561852229403, 0.17801607876702227, 0.16352811494585992, 0.17978692488250556, 0.18871676252653513, 0.18273012488492307, 0.17845161338302612, 0.186335137435769, 0.1735116525430827], "nmi_repr": [0.27003290533689545, 0.27542625112946906, 0.26276753523181123, 0.24897847849861585, 0.2559000470833327, 0.274066181318281, 0.2557431719060436, 0.25315896846985203, 0.2651274668839664, 0.26166333573595035], "mi_td": [0.9431576769538044, 0.967663041768976, 0.9839945732205658, 0.9404347515990488, 0.9544977720819074, 0.9603087410550756, 0.9589237966706479, 0.951282736406666, 0.9604785519862368, 0.9425761788932328], "nmi_td": [0.17047168045183816, 0.17567996930146573, 0.177506453331025, 0.1713830809999848, 0.17255391097992456, 0.17346018038836727, 0.17338673620969605, 0.17299112236373454, 0.17398467057887332, 0.17104230541915263], "mi_tw": [1.4358719295907956, 1.3805602419087815, 1.3919474737829562, 1.3750796511930152, 1.42192507517915, 1.4165900153153217, 1.4076457920925425, 1.3818010164950085, 1.4060058987313417, 1.4112497184066382], "nmi_tw": [0.2788133731987052, 0.26935633014008736, 0.26971891856546276, 0.2693789491945067, 0.2761611919603578, 0.27487947817212605, 0.273443306089094, 0.27007659966096503, 0.27366010704175064, 0.27520031718919824], "coh": [-1.1780311671587902, -1.0293909489978512, -0.964524454284794, -1.1698384864921538, -0.9693950176422227, -1.0094978976931848, -1.0912002769580957, -1.1455064342862056, -1.0987489874361365, -1.16345613179873]}