{"p": 0.2, "p-emp": 0.19418831918620694, "t": [61.13473033905029, 61.650957107543945, 62.21442008018494, 61.182342290878296, 60.972747802734375, 61.28520393371582, 60.86951041221619, 61.36090636253357, 60.50780916213989, 60.166080951690674], "nmi_acc": [0.17291208342216965, 0.2122214363133611, 0.1586500349580271, 0.23818240216341147, 0.19198390481708563, 0.1955084657478728, 0.2215981309600792, 0.19211723517794121, 0.18318650024426122, 0.1901621882070858], "nmi_repr": [0.12594870459976118, 0.14040938443123807, 0.11740461183668462, 0.11616119902537993, 0.14491315261506818, 0.13236612655476085, 0.1348913591595054, 0.11988547292182423, 0.10569673011690252, 0.12990404599702637], "mi_td": [1.294437372471557, 1.6203896688438983, 1.2671725263696512, 1.515590963564732, 1.731572617377842, 1.640343452264521, 1.6092438661677886, 1.387380656384054, 1.4431751696982191, 1.546563167830709], "nmi_td": [0.25662246711318687, 0.30905740058126935, 0.2507259634970439, 0.29342002534416844, 0.32356663903207245, 0.31099600570867203, 0.30704105381251307, 0.2716103306189468, 0.2801539813239245, 0.29785419494604276], "mi_tw": [0.31371276335197673, 0.3719508741918835, 0.30225140153859315, 0.3595084076006206, 0.3919041202308583, 0.3713841459424976, 0.37195750233499836, 0.31214766154698065, 0.3323000640078867, 0.36798660936548705], "nmi_tw": [0.06623011632401798, 0.0753610808168446, 0.06367756777543676, 0.07400584018938641, 0.0776956221097733, 0.07476938756879474, 0.07539098392898634, 0.06502318463340136, 0.06860117009271238, 0.07533103088092379], "coh": [-0.6514873897451613, -0.4902606296755594, -0.8803611250966499, -0.5858020948046023, -0.32086727224614914, -0.516003790792732, -0.40438166479820803, -0.7463852046014933, -0.521486817122252, -0.4090595100536377]}