{"p": 0.8, "p-emp": 0.7978563433190943, "t": [47.56222629547119, 49.27432560920715, 48.941051721572876, 49.94486093521118, 50.151023864746094, 49.09254860877991, 50.136358976364136, 50.43120312690735, 49.471314907073975, 47.85528206825256], "nmi_acc": [0.050175360272239886, 0.05216229915234906, 0.056868104152092765, 0.05289442634113687, 0.05605751528734282, 0.053684780135783775, 0.05757701950047979, 0.058027202745607236, 0.055180246798641856, 0.054773752129850806], "nmi_repr": [0.2514599188805575, 0.244408204627866, 0.23681695449656315, 0.25071285659790504, 0.2539132123865106, 0.254656048269268, 0.25188024233336986, 0.24628657572249388, 0.24510953532357949, 0.23714799723114963], "mi_td": [0.9344118061282514, 0.9784581547616004, 0.9663743210957848, 0.9192060036123304, 0.9384549845098789, 0.909139449569817, 0.9661861517557782, 0.9513114074129104, 0.9588192829981526, 0.9847373344392563], "nmi_td": [0.15830912110072248, 0.1653700783755421, 0.16416527788053004, 0.1564647432095251, 0.1596300579556205, 0.1551763147587157, 0.1642599164816148, 0.16178635013508702, 0.16249475466962396, 0.1665212312806253], "mi_tw": [1.232319922075631, 1.1620922217108292, 1.1307586304211619, 1.200812868447074, 1.1673789803868142, 1.1830715943594703, 1.139401396650515, 1.1560833660923275, 1.165807909358346, 1.1488594899447868], "nmi_tw": [0.4277431286270224, 0.4013706992153776, 0.3946630328135663, 0.42083953503531457, 0.40853630330032586, 0.416973601078122, 0.39831032710787, 0.4044260667745155, 0.4049143128869194, 0.3972385709478828], "coh": [-0.8843125410632717, -0.9092337276581081, -0.8640453979345951, -0.9368856288371786, -0.8949392111358311, -0.8740139108200748, -0.8929019618637029, -0.9185428460881034, -0.9271505391725317, -0.9035089748928955]}