{"p": 0.6000000000000001, "p-emp": 0.5999887348695216, "t": [45.25705122947693, 51.25240421295166, 52.20392441749573, 51.33936786651611, 51.59915900230408, 49.95539331436157, 48.043118476867676, 49.3888144493103, 47.37830853462219, 47.50781798362732], "nmi_acc": [0.04865077382219634, 0.050781429634496326, 0.03726238639480302, 0.04811456445310383, 0.06513987725636738, 0.06844687953310132, 0.02504376762596397, 0.05762090383485442, 0.04574908186582944, 0.030559229053204347], "nmi_repr": [0.21004362014185254, 0.2175687271175161, 0.2227270250859123, 0.21834632842929588, 0.21648121089411038, 0.22670065186650065, 0.24467734960185883, 0.22742556605599043, 0.2230100312362243, 0.21843395518131667], "mi_td": [0.5852595310163761, 0.5645525857965306, 0.6175536095942533, 0.5959063520684645, 0.6132111577140436, 0.6346983031626723, 0.5896127471786439, 0.6081577831822461, 0.606635626216589, 0.5509583262774582], "nmi_td": [0.1211623317759864, 0.11576038375614135, 0.1280281296627482, 0.12147550248463396, 0.12408129746963015, 0.13368417074898217, 0.12079045790338526, 0.1245945610972109, 0.12586827958924848, 0.1144191172841556], "mi_tw": [1.1950705207028607, 1.2822384571231962, 1.1672543810527973, 1.3001395656922625, 1.4002761488935722, 1.023307211526481, 1.3091614402875285, 1.2900069664245712, 1.1657326797597065, 1.2055949709893223], "nmi_tw": [0.29675745674366283, 0.3147658333537332, 0.29034030465129235, 0.31693034715467, 0.33833465525772927, 0.2594286765320987, 0.3210298209075952, 0.316347668326941, 0.2902484642452509, 0.3004984110927219], "coh": [-2.1808684411198316, -2.169130459561287, -2.315894067527198, -2.2161671589547036, -2.3728892409563715, -2.315006500866473, -2.2588428944101735, -2.336441664926273, -2.27994062824688, -2.385220183062753]}