{"p": 0.6000000000000001, "p-emp": 0.4085434749547987, "t": [149.71659517288208, 149.48341012001038, 148.46185111999512, 150.81932711601257, 151.80742239952087, 157.53173923492432, 152.65581512451172, 148.88877201080322, 147.82041549682617, 149.37202095985413], "nmi_acc": [0.33152788605544026, 0.3197044916744567, 0.31816888342107275, 0.33445948710225676, 0.30907367923649115, 0.3146226780466452, 0.32134812135861035, 0.3096207288594628, 0.31367115006684415, 0.3136206922142594], "nmi_repr": [0.34975592422461893, 0.3479080491548668, 0.35577234398999, 0.35405835614530395, 0.33825612788996623, 0.3163213022670087, 0.339897359733893, 0.3462568603529516, 0.33729983771130484, 0.33708945311910554], "mi_td": [1.2898661321000668, 1.3136125138294181, 1.2743428749450794, 1.31148662148207, 1.237930852236897, 1.2772908453820255, 1.2898341069450097, 1.244376321335002, 1.241171942837391, 1.3054291873666268], "nmi_td": [0.23798591978318373, 0.2420666227600325, 0.23376745749678804, 0.24238391014256574, 0.22686745031672967, 0.2357413175824214, 0.2376408318710041, 0.22902898364519148, 0.22822190250717175, 0.23986449851153702], "mi_tw": [1.7189143257943562, 1.7197241678175308, 1.7757375864164506, 1.691437921860522, 1.7902064244458884, 1.717854049657999, 1.7148171260807532, 1.7841923983003685, 1.7769520728652828, 1.7338613728543886], "nmi_tw": [0.2947795857291012, 0.29457844809773065, 0.3028932289202111, 0.29052317181706894, 0.30508546738601106, 0.294685586797597, 0.2936873401088079, 0.30527565589167716, 0.30376794226127046, 0.29620327647179334], "coh": [-1.4801102654021745, -1.386602714285749, -1.4929898932692767, -1.5358022220282739, -1.5467243288414139, -1.5009353076207466, -1.5831152998050868, -1.476430044969607, -1.4175211229514069, -1.4290517567499463]}