{"p": 0.30000000000000004, "p-emp": 0.2995937959880971, "t": [74.07314944267273, 73.84737968444824, 73.6645438671112, 70.71295189857483, 73.03369045257568, 73.96859622001648, 73.35595750808716, 72.89600777626038, 72.78394770622253, 72.67098093032837], "nmi_acc": [0.06733815495488245, 0.07407671783117926, 0.06836619233738178, 0.059766235352187655, 0.08459245460811775, 0.06796838129006573, 0.07252399165069094, 0.08068887606097694, 0.06223019314270183, 0.09092367828919247], "nmi_repr": [0.04324545185686454, 0.05482749556929872, 0.04935724887014238, 0.039668522574612404, 0.04717379747588669, 0.05239410042284035, 0.04824215310256394, 0.055651603530623504, 0.050357688803466895, 0.04537409844932409], "mi_td": [1.5692578529193109, 1.4185606579244026, 1.4035728125750297, 1.546049812359448, 1.265860622140753, 1.432430622404846, 1.5792921458381715, 1.3840345499198516, 1.6460216831753804, 1.3397910093380234], "nmi_td": [0.2852595939227913, 0.26272824299317166, 0.2603909755592812, 0.280959599701558, 0.23969737239337968, 0.2648267464378383, 0.2864207581219404, 0.2581614677551634, 0.29627591163547395, 0.2511868718677339], "mi_tw": [0.9800207671208105, 0.9572559917773209, 0.9353275574763327, 0.9806224700339355, 0.9133841616974235, 0.9302611412978258, 0.9957165038677548, 0.9403820957159137, 0.993837736323747, 0.9471963567593256], "nmi_tw": [0.1644763363062666, 0.16344857050070086, 0.1599527409620966, 0.16453339677256065, 0.15917187483833917, 0.15857964050387233, 0.16675423773508916, 0.16162231139384725, 0.16528210525052672, 0.16356028164376446], "coh": [-1.1537638627429456, -1.1907278899809033, -1.2186532426476417, -1.2408376775836707, -1.4063662408103077, -1.1725862822348865, -1.175787843583978, -1.0970532520584204, -1.0757131229973473, -1.3347726558945674]}