{"p": 0.0, "p-emp": 0.0, "t": [260.6269688606262, 256.8260815143585, 258.54562282562256, 253.81880831718445, 251.06290793418884, 253.43565845489502, 257.09554386138916, 259.40645027160645, 258.43114137649536, 254.13295459747314], "nmi_acc": [0.46659291280236975, 0.46645843267295956, 0.46365372659319276, 0.4634048423082354, 0.4818672065273916, 0.4669240085685232, 0.4661647429149858, 0.4705274846773305, 0.4458099682542853, 0.476208378747253], "nmi_repr": [0.4163426734388897, 0.42712166530392104, 0.4271834400089846, 0.41024014071289244, 0.42495980656178967, 0.4077360495019006, 0.4154098533089929, 0.416813764122807, 0.38745051502018896, 0.40645848844553806], "mi_td": [1.6445440754150564, 1.6368809313973802, 1.666939508570163, 1.66252606728415, 1.6892578737347679, 1.671223826439931, 1.6774278314083153, 1.6855700760146792, 1.6498611160207117, 1.680954835939366], "nmi_td": [0.2769353824068747, 0.2762259236963143, 0.28161066296953535, 0.2806336179430847, 0.2847834054545931, 0.28210223705784415, 0.2829927399426743, 0.2833649225090096, 0.2783434974013086, 0.28352256254438135], "mi_tw": [1.6043311134905949, 1.6022064569480938, 1.5913527809493342, 1.5834406279371485, 1.573982127892569, 1.577975741090004, 1.5825615318489337, 1.5952208694395404, 1.5800934317609163, 1.5801856503672211], "nmi_tw": [0.2809002484007362, 0.2811430749145167, 0.27956094178053237, 0.2779326180498599, 0.2759071971900608, 0.27697384724491714, 0.2776188859038691, 0.2788150136272612, 0.2771874111608917, 0.2771358254026915], "coh": [-1.5392991663683433, -1.5098769556863663, -1.5462321857962205, -1.596861086644888, -1.5873200978535977, -1.4634351974984372, -1.4125436011802885, -1.4627039182372525, -1.5054172244784065, -1.4864568599681707]}