{"p": 0.8, "p-emp": 0.7985783405336292, "t": [50.24581170082092, 47.57269620895386, 48.2819664478302, 48.75996804237366, 47.32788825035095, 47.705512046813965, 49.50304102897644, 48.75114369392395, 49.54160165786743, 48.9380738735199], "nmi_acc": [0.2694560996812783, 0.26350170885969654, 0.2714403913437216, 0.2745072345313003, 0.2682026723747404, 0.2699875233596113, 0.267730229775274, 0.26366396210662835, 0.26661301507259366, 0.2675287205610937], "nmi_repr": [0.27461209891862665, 0.2909724899252549, 0.2872061321405114, 0.27825247513813495, 0.28041905026001607, 0.29038095480572595, 0.29517940546218985, 0.2882429818058381, 0.3046800967743661, 0.2773577836230572], "mi_td": [1.5565498651949579, 1.5337402920932282, 1.4945090515328319, 1.5041638596389315, 1.4587161073523052, 1.4715530245667172, 1.4380460984824621, 1.4859055442320614, 1.5096201092445085, 1.5088218885597857], "nmi_td": [0.2824151886955721, 0.27980587440411553, 0.27235587961953545, 0.27323724437134533, 0.26574011094437505, 0.26835602966083055, 0.26265381495478063, 0.2711698183584348, 0.2755712219688527, 0.2747406929131991], "mi_tw": [1.0157488898992564, 1.003956512536856, 1.0403152239119724, 1.0495164568586277, 1.0812895035062855, 1.058419918559001, 1.0799286740723513, 1.0466361585027424, 1.0292935051122218, 1.0392323997106576], "nmi_tw": [0.22973708632911277, 0.22862752138739578, 0.23658976415832011, 0.23772890604615107, 0.24580089837772884, 0.24091285025904563, 0.24628631196279668, 0.23844626819715903, 0.234573472686839, 0.23610378984103952], "coh": [-1.3125045499176795, -1.2917310490391614, -1.2797428910362902, -1.3188880902398474, -1.3340862883459776, -1.3276792969081113, -1.2906834044687323, -1.2732387237051763, -1.3290580070975202, -1.2904978127156188]}