{"p": 0.0, "p-emp": 0.0, "t": [83.12094783782959, 81.02247428894043, 82.1179301738739, 84.20960330963135, 84.21371865272522, 84.15732407569885, 83.5088849067688, 81.96697664260864, 81.35993766784668, 85.118647813797], "nmi_acc": [0.06744972330389547, 0.05683563043357143, 0.06969799111905536, 0.06968371622488166, 0.05868643106157969, 0.07474323900816486, 0.08578477381017924, 0.0467417055018524, 0.07714034554828901, 0.06153799241898255], "nmi_repr": [0.09999693958916592, 0.10642792162462113, 0.1301714934141488, 0.09172519905329939, 0.08337124815439491, 0.09445077295364955, 0.09950526545144951, 0.08400197285944458, 0.09507749386898161, 0.09494011372758836], "mi_td": [0.9236299887742131, 0.7253798474612423, 0.7464367434890786, 1.0317823526277925, 0.9226736538043314, 0.9505261308811456, 0.9301292763377293, 0.6448630654471154, 0.7571725585135479, 0.9015970240486504], "nmi_td": [0.18470361234823088, 0.15133145932831982, 0.15461964948733067, 0.2024450923842092, 0.18553456827700546, 0.18889808306437922, 0.18571064285645478, 0.1354490191410917, 0.15504838819693098, 0.18058362443613712], "mi_tw": [0.4981773233628454, 0.45525242028577295, 0.45404254143950906, 0.5294740585156672, 0.4964344226578584, 0.5198458867879189, 0.5109269912786184, 0.43139452895040326, 0.5082575689559553, 0.4897072702042928], "nmi_tw": [0.10218712576655879, 0.09752915249184349, 0.09656147055072817, 0.10650947631641622, 0.10240835541692672, 0.10595058305140297, 0.1046332235373603, 0.09306381799589138, 0.10682165266880596, 0.10061321940725755], "coh": [-1.0822574165348697, -0.7824739078691071, -0.9990048148237488, -0.9074890226590565, -0.9830995202051961, -1.042469073804958, -0.7234025246657467, -0.7078334766017172, -0.6890316424040681, -1.0044688904249865]}