{"p": 0.7000000000000001, "p-emp": 0.698551867477005, "t": [45.912312030792236, 47.18094348907471, 45.11571478843689, 45.18040227890015, 44.68076038360596, 47.227949380874634, 48.18800449371338, 43.68754506111145, 50.38594174385071, 48.36251354217529], "nmi_acc": [0.30266479354094683, 0.31781037343683094, 0.2972534024468374, 0.2886433829867644, 0.3027617133741451, 0.3189553604751312, 0.3266881724674595, 0.3301179447671045, 0.30081400690926463, 0.28488341352401303], "nmi_repr": [0.25597911476016943, 0.2524168730339176, 0.24692264847681816, 0.24156368969889908, 0.22940292143888666, 0.2590639908556592, 0.2997887825119001, 0.2971926879305338, 0.26843361177771635, 0.24224023827876295], "mi_td": [1.3020990907690488, 1.3130361825329346, 1.2115674590430308, 1.2792218305832432, 1.244871687405058, 1.3520288825459026, 1.4180873452291505, 1.2069631254197237, 1.3934441034149585, 1.3853336731515322], "nmi_td": [0.24643424170159567, 0.24565440892353685, 0.22924552576709148, 0.24007046637464452, 0.23334981595793153, 0.25381916898205803, 0.2632237681963815, 0.2321192195026297, 0.2568070667784033, 0.25727229326526757], "mi_tw": [1.6775816608545975, 1.76265095313538, 1.7305999881856873, 1.7634994512543611, 1.7566316850602754, 1.7631156481998733, 1.802575565262313, 1.5858879649655155, 1.8889369557242768, 1.7922013232793355], "nmi_tw": [0.32455933039139034, 0.3370209092729395, 0.3347349573030644, 0.3382520755510182, 0.33653064157953555, 0.33829433594940506, 0.3418875290385494, 0.31188830592306915, 0.35566005563025876, 0.3400930851101688], "coh": [-1.9787096247652824, -1.7926279987662708, -1.8193175009925924, -1.879488276627247, -1.698724092416203, -1.9020872206755823, -1.7864422198037162, -1.84618689735878, -1.9283720518205425, -1.9661683990835537]}