{"p": 0.6000000000000001, "p-emp": 0.5991696032036959, "t": [49.45487070083618, 50.54567623138428, 51.52737808227539, 62.528581619262695, 54.58377122879028, 54.90887141227722, 57.1705002784729, 49.85796904563904, 54.6293523311615, 57.213104009628296], "nmi_acc": [0.4506441642120538, 0.4484301194076172, 0.3800972493982869, 0.45194449711013, 0.4389396602451275, 0.47460898878092034, 0.4186303764751965, 0.418790501241692, 0.4206037028967298, 0.47744934381943227], "nmi_repr": [0.341674999491439, 0.31230697465560486, 0.27094093085208126, 0.2855052516724141, 0.3167349421942277, 0.31141214559970937, 0.3211098798405514, 0.2862484114148425, 0.29001174037003913, 0.32758973250355666], "mi_td": [1.4822243475702117, 1.6631955000493879, 1.5156632412937778, 1.8561287408413663, 1.583830751394661, 1.7178099218790281, 1.713668764546588, 1.5356096166014686, 1.6943689682757328, 1.8040724090623825], "nmi_td": [0.26052111944667455, 0.2856088648888719, 0.26333497964984615, 0.3135376038154267, 0.27437236705608586, 0.2947276287622062, 0.29291821840616, 0.26675716994863147, 0.2902717770675569, 0.30634024030157314], "mi_tw": [1.6364890560136176, 1.8148670712409745, 1.7792846259709367, 1.8885413685780716, 1.780570723845065, 1.813867607201696, 1.880804556807927, 1.7334178589408933, 1.8297093972880267, 1.9175512420223544], "nmi_tw": [0.3127110406539806, 0.3381464160694659, 0.33575091336194596, 0.34565074900301884, 0.33492475295757695, 0.33763728834124596, 0.3486778996844382, 0.3270381474612231, 0.3400344765817911, 0.3529526820859881], "coh": [-2.240893046190591, -2.190744512390639, -2.2082415814270497, -2.1177141609699586, -2.335208981155324, -2.350660491376862, -2.4982496652922537, -2.013802669286768, -2.4354625860952814, -2.234417139611826]}