{"p": 0.2, "p-emp": 0.1991816379398742, "t": [107.99648547172546, 103.16258788108826, 103.99380850791931, 97.62625408172607, 104.88649487495422, 98.4762179851532, 98.33807730674744, 110.85367441177368, 102.7202045917511, 93.96603202819824], "nmi_acc": [0.40706417245658316, 0.4238871015708065, 0.4515423322755772, 0.4215292595061305, 0.4230590837180361, 0.41518693038826204, 0.4445344919857765, 0.4252825964287139, 0.4653541214392801, 0.4247973024990337], "nmi_repr": [0.27396319052040535, 0.2792846695388779, 0.30034027680336445, 0.2826469030661822, 0.2859381137056232, 0.29944562325265073, 0.30475560672698104, 0.3241714925599169, 0.33398009205209095, 0.29227913097415664], "mi_td": [1.211414889898912, 1.1802513521114857, 1.23946452284198, 1.06304119991744, 1.2061808467645023, 1.137805988761642, 1.2183707355631705, 1.2922239304684993, 1.1694530407265535, 1.0084111239524511], "nmi_td": [0.20950619794016337, 0.20449354352907398, 0.21460722735100157, 0.18565824259757113, 0.21063093352424916, 0.19790171406590262, 0.21213000481005087, 0.2222695939813901, 0.20317444189110198, 0.1790770412346922], "mi_tw": [1.6635264182401992, 1.6832125447029673, 1.692495966072551, 1.6512531153353986, 1.6066984583563375, 1.6765723235768515, 1.625751236410815, 1.7437623888322367, 1.670137160849854, 1.5429776167994949], "nmi_tw": [0.3042450823678762, 0.30844666467703447, 0.3099252234145216, 0.30515045357499615, 0.2968774222399529, 0.3084867159363281, 0.2994574501913251, 0.3170910745800092, 0.30693232509703444, 0.29021681822323825], "coh": [-2.0872513552041405, -2.176365061509873, -2.024897592314413, -2.0358724523571237, -2.422925484408723, -2.059136729828293, -2.3521850323238196, -2.0581169854167127, -1.9789026262620075, -2.391755454260138]}