{"p": 0.6000000000000001, "p-emp": 0.5999850179814923, "t": [102.45310521125793, 101.6004536151886, 100.57537961006165, 102.21487808227539, 102.1779465675354, 102.85202527046204, 101.45209527015686, 101.80315804481506, 119.73718070983887, 118.08120369911194], "nmi_acc": [0.5188943386373659, 0.54129868790967, 0.5228866555025646, 0.5258697273180974, 0.5297078331681679, 0.5083054285629229, 0.5030839619966292, 0.5419764714138392, 0.5359953071219323, 0.5289176474463855], "nmi_repr": [0.49753794559417325, 0.5350778315727458, 0.5295563405419753, 0.5000354496605315, 0.521259054152089, 0.49225458410709305, 0.4901680602588631, 0.48408981830354025, 0.5331749147638986, 0.514964435892817], "mi_td": [2.2857890323784438, 2.300299849375401, 2.2871157867242915, 2.2780861598418487, 2.2827506531711172, 2.2883832690656707, 2.283780612871994, 2.3003445779015737, 2.295729308616932, 2.287738614357113], "nmi_td": [0.38083521184684077, 0.38327985023180106, 0.3812563513902003, 0.3798166191166219, 0.38053040826795226, 0.38150795825355494, 0.3806114984566017, 0.38369925991207615, 0.382791666775399, 0.3813046482445658], "mi_tw": [2.340223092619341, 2.339961735916187, 2.333613088838943, 2.3359743119050624, 2.3313031432374807, 2.3255202323038313, 2.32418105727852, 2.322203555254715, 2.327239244064297, 2.3269480926062087], "nmi_tw": [0.3580706394957026, 0.3580538066628457, 0.35723143584070766, 0.3576495186747131, 0.3568793031560405, 0.35602712879288223, 0.3557112855669671, 0.35568720511148494, 0.3563407495650395, 0.3561635235183635], "coh": [-2.5400153335378564, -2.4280336555789885, -2.4964850945362764, -2.424475949790967, -2.315031330128494, -2.4397383378579933, -2.514290717587941, -2.380970745932287, -2.4815921264405403, -2.4346645304215957]}