{"p": 0.8, "p-emp": 0.7975639155340517, "t": [48.188719272613525, 48.274941205978394, 47.85537385940552, 48.89083194732666, 48.67940282821655, 47.770538330078125, 48.50194334983826, 47.24326300621033, 47.77691960334778, 48.56639504432678], "nmi_acc": [0.19230430094604917, 0.1859414395967748, 0.18418461822302779, 0.17808365256595535, 0.1752321443297258, 0.19362985808474936, 0.19341183755351626, 0.18739417972183614, 0.17726412643505482, 0.19921151166090764], "nmi_repr": [0.30048736785018054, 0.27968843940065313, 0.2693287358333873, 0.27501342591433775, 0.274530214156798, 0.27462519658712586, 0.29128674489305556, 0.2866154383953393, 0.2812903133155859, 0.26578762162969805], "mi_td": [0.9797287500235635, 0.9575243267170199, 1.0037606298429171, 0.9950898767226668, 0.9647529132867543, 0.9895290995292036, 1.0109654081113195, 0.9534300399426184, 1.0039558211992379, 0.9934575548240807], "nmi_td": [0.18649207906665713, 0.18242296504182426, 0.1896010701910018, 0.18960730236768217, 0.18461158627636953, 0.18898405554574516, 0.19449622424024332, 0.18379674360532125, 0.19025580633580005, 0.1892986811730523], "mi_tw": [1.384878388590439, 1.4549119764469682, 1.4152515234431395, 1.4149217794611253, 1.398832302995908, 1.393343153546006, 1.3566918628632494, 1.3772260524796593, 1.4197105934986165, 1.351437790704684], "nmi_tw": [0.3152496220384203, 0.3315342000985745, 0.3192130579673414, 0.3224775393638754, 0.320439881803201, 0.31843890042954553, 0.3127917760698979, 0.31829298173338116, 0.3214654112391346, 0.3080134645244966], "coh": [-1.7136596566262678, -1.6604769796571168, -1.5922772155075193, -1.6000168338165675, -1.7486166321678975, -1.7863653555079426, -1.6640012303199696, -1.7127213971892932, -1.5171985785998303, -1.7027221670772719]}