{"p": 0.9, "p-emp": 0.8991224463357347, "t": [19.560770750045776, 19.401062965393066, 19.523086547851562, 19.465957164764404, 19.558776140213013, 19.370737314224243, 19.385382175445557, 19.688262701034546, 19.287341117858887, 19.30031394958496], "nmi_acc": [0.17413009283354206, 0.20766970016952893, 0.17107368956334731, 0.1874577009637943, 0.18581503558241416, 0.17971120166858334, 0.19102968728753633, 0.17651194367716405, 0.20432886773098408, 0.19653314670599492], "nmi_repr": [0.20544079469315496, 0.2149237999512164, 0.20238912991403776, 0.20426317885332795, 0.2122747800525307, 0.1873853295039044, 0.20091680366982112, 0.20243458904619008, 0.20785259714681895, 0.2040174449849671], "mi_td": [2.2133602188853647, 2.1833783137685323, 2.2335399580811344, 2.2083250727379635, 2.165965308075907, 2.197871231031707, 2.2415429310824337, 2.2371765804090087, 2.192828545637204, 2.1706544980482962], "nmi_td": [0.40268967492060986, 0.3981115230080944, 0.40480276739584137, 0.40255135604489695, 0.39542114360916086, 0.4000054933037718, 0.4072077648048178, 0.40567368389129344, 0.4000159965029427, 0.3961745676902845], "mi_tw": [0.45919470368114057, 0.4589976047747811, 0.4429248202086037, 0.44659904895289576, 0.4572875791507637, 0.4353543566000373, 0.447916587478801, 0.4460720549997904, 0.4585326467569368, 0.452632244706204], "nmi_tw": [0.11245897983877197, 0.11274489576732696, 0.10791519557978078, 0.10965944168244322, 0.11251063089868227, 0.10666840155591033, 0.10947639156676997, 0.10875833608436822, 0.11269951330075234, 0.11132636574483278], "coh": [-1.4164771962726033, -1.4081383702733248, -1.4445639969164696, -1.4724877913645478, -1.4406995241011806, -1.4937696196240051, -1.5022301115339798, -1.4695817514464022, -1.430501535965178, -1.4434899794744311]}