{"p": 0.4, "p-emp": 0.2833345306667796, "t": [144.18227171897888, 154.82375931739807, 135.16736507415771, 145.25524139404297, 149.85329794883728, 143.91140747070312, 147.0524435043335, 149.10562443733215, 152.86540126800537, 145.86410403251648], "nmi_acc": [0.3666597544591166, 0.4115523306072352, 0.41027427288370183, 0.35733817884043345, 0.3947936719154714, 0.42063981921754506, 0.4293911023471068, 0.3678935451392633, 0.4003736436731613, 0.3980645320812802], "nmi_repr": [0.25448745017537344, 0.28187928204577284, 0.2574723506308698, 0.22243004391982343, 0.26211962426132157, 0.2790599503398808, 0.25250462414114944, 0.24470970936486433, 0.2530302912457375, 0.25592212675935255], "mi_td": [1.4457226773007614, 1.7328066251521026, 1.5571741983078728, 1.4436154685108096, 1.5647311311980445, 1.5626480843997972, 1.521348208778854, 1.5491801121287796, 1.5413887736354148, 1.517190249649023], "nmi_td": [0.24667988256767195, 0.2886998595466516, 0.2606197726580668, 0.24364478018797678, 0.2654199701601254, 0.2619968611863814, 0.2562514775830852, 0.2613236875852339, 0.25974323849847797, 0.2555037425403366], "mi_tw": [2.0436762855382256, 2.212390011729974, 2.1655284372942045, 2.1488032913470403, 2.0582177889024122, 2.15623396043583, 2.098919109242633, 2.0937704518947067, 2.108730240571682, 2.1154605363242855], "nmi_tw": [0.33681718756564305, 0.35632025637592063, 0.3503083539862109, 0.3504261631686549, 0.33729155465888194, 0.349398962463426, 0.34163077222365806, 0.34127771068114443, 0.3433761060457585, 0.34426144930854724], "coh": [-2.5617056913818694, -2.489816657817522, -2.2867580366968867, -2.432474127347446, -2.406324844513945, -2.487214397283289, -2.4330836435519414, -2.573166576545512, -2.4734892788447085, -2.348414847309321]}