{"p": 0.2, "p-emp": 0.1999988734869521, "t": [179.33584189414978, 180.64500546455383, 182.69530653953552, 182.64319849014282, 181.0411593914032, 183.96606850624084, 181.5360460281372, 184.42842483520508, 183.1670274734497, 184.86684846878052], "nmi_acc": [0.17119291772410722, 0.17205830681981368, 0.23104150247558353, 0.1764280661054303, 0.22605961416135617, 0.2961303591654807, 0.23152220352153363, 0.16477758452017371, 0.262098147579141, 0.29660534319010584], "nmi_repr": [0.3004630683743624, 0.2859191547645771, 0.2660411057151555, 0.2559719054393815, 0.27904144554474647, 0.23249920432414398, 0.23680615641267574, 0.2597878411223224, 0.24537705457391912, 0.23262341155656754], "mi_td": [0.8333475746953232, 0.8443332745263666, 0.8858116199719153, 0.858019730048258, 0.8793483709761625, 1.1451656165150996, 0.9078616894673246, 0.8488288526377652, 0.9694579159241428, 1.0795200446405477], "nmi_td": [0.159018444492111, 0.16189115680042293, 0.16695688299898834, 0.16293621367453867, 0.16673780142893074, 0.2118635898702518, 0.17199336926608014, 0.1621147217038468, 0.18111091061193998, 0.20101965311159173], "mi_tw": [1.352228128486319, 1.3728999465562746, 1.3087268553026696, 1.3399133087363646, 1.3139666170562234, 1.189508092830004, 1.2699899973713855, 1.3503032885040023, 1.266931283348406, 1.1815787676715184], "nmi_tw": [0.2845293671081952, 0.2904149069082123, 0.27165719872825206, 0.2804385192941932, 0.27455666892585123, 0.2419106153685123, 0.26511117043527793, 0.2843993503290294, 0.2604294473589167, 0.24201978527026657], "coh": [-1.100307086634753, -1.164787919053154, -1.163606581612157, -0.9647591502703007, -1.0669369306092356, -0.5181504815582786, -1.0473750087692226, -1.0336327107613845, -1.0165265818418323, -0.5959998591888022]}