{"p": 0.7000000000000001, "p-emp": 0.6999448008606559, "t": [65.67661118507385, 64.42269325256348, 65.61973762512207, 65.76681756973267, 66.33374786376953, 67.13082194328308, 64.95842409133911, 66.82527160644531, 65.97338771820068, 66.79876351356506], "nmi_acc": [0.29108889262485965, 0.2954162204198049, 0.30363344803706427, 0.2854587180599018, 0.30134707559957125, 0.3102362093358231, 0.29479628839189503, 0.305642666068494, 0.32170893012915336, 0.30541373577122355], "nmi_repr": [0.35274289771687584, 0.36032660529394456, 0.3433801162474187, 0.3535449461013513, 0.3326286315540111, 0.36079956395146917, 0.3422978658722668, 0.3521176572408542, 0.4018761995538034, 0.35487241191377816], "mi_td": [1.5102289310618313, 1.5053977179135045, 1.5070958827108223, 1.4960102191766327, 1.5095721730386558, 1.5210454300436056, 1.5059019734044412, 1.5226540087398701, 1.5142646332177607, 1.5077381726611363], "nmi_td": [0.27763021384937153, 0.27616127332448326, 0.2769078111874045, 0.27487718448490917, 0.27794597047985287, 0.2794274030247703, 0.2777054785973887, 0.2804616251061748, 0.27900022400618263, 0.2770494347271735], "mi_tw": [2.036676474892732, 2.059245636607851, 2.041588985380173, 2.04722405647454, 2.025825288488706, 2.0311062545477636, 2.018166287236866, 2.0210193555964944, 2.0241772182220275, 2.04629404403417], "nmi_tw": [0.3223627908703815, 0.32534588257997693, 0.3229932653868868, 0.3238910716469891, 0.32107941371896404, 0.32129181530054224, 0.32029766593824915, 0.32042293231488433, 0.321006647293775, 0.3237613965833876], "coh": [-2.3263768486665173, -2.448109221310549, -2.3521922765304, -2.3148597551797923, -2.4945721375904832, -2.3877460611407058, -2.298691324734215, -2.346071117829336, -2.452898198705535, -2.365616606961779]}