{"p": 0.4, "p-emp": 0.36451680291909805, "t": [71.42447757720947, 70.40386390686035, 70.03954148292542, 70.70322966575623, 70.92050433158875, 70.92799830436707, 70.37121224403381, 68.71813249588013, 70.87700605392456, 68.4051125049591], "nmi_acc": [0.048126043348219266, 0.06650697832868666, 0.06165411785047987, 0.055373069769653706, 0.06607998933572776, 0.04541723678691147, 0.0499058885913547, 0.055761376129297845, 0.05130695469943854, 0.06619604315736632], "nmi_repr": [0.027481847663102316, 0.033627398422873434, 0.04336492528967335, 0.034663627163568536, 0.029716731402164916, 0.028032492647903313, 0.032317483645753264, 0.03606581385698465, 0.033026734604964185, 0.04162319529884053], "mi_td": [1.53549396501236, 1.3851524250716927, 1.5669519457298773, 1.5705489722109878, 1.598431340828885, 1.533335940685758, 1.641902921852639, 1.4810312965236847, 1.5544122581856743, 1.3963178011791963], "nmi_td": [0.27946030648372544, 0.2578548775280348, 0.28504696211503655, 0.2849596104166296, 0.28894777671232846, 0.2797150205828749, 0.2954821955619391, 0.2718278349030992, 0.28286501063510056, 0.2595280765138911], "mi_tw": [1.0616044585699314, 1.008998046660382, 1.0520495494310362, 1.065686215835775, 1.0804878541419223, 1.0311147755970556, 1.0791035092916166, 1.0455462529992618, 1.0421259539195609, 1.014897659319343], "nmi_tw": [0.17500655140755206, 0.16976736009640128, 0.1733550083070111, 0.17518900061808101, 0.17702785901591012, 0.17033743555117273, 0.17608597157634037, 0.17367868739822137, 0.17177436217466738, 0.17051929968599513], "coh": [-1.2383330554381973, -1.36662207355042, -1.0998034143612738, -1.157289526414578, -1.3060685953456406, -1.2542102773097246, -1.1483681893759867, -1.1762963850019585, -1.2538000634817321, -1.288775639355586]}