{"p": 0.1, "p-emp": 0.08819130119911422, "t": [65.39091205596924, 71.31445550918579, 65.4460220336914, 65.5387954711914, 64.27615880966187, 64.949045419693, 63.19436573982239, 66.39664220809937, 64.85201048851013, 65.21352553367615], "nmi_acc": [0.06441631169273042, 0.07363291373302422, 0.074674159685241, 0.05967797677595724, 0.0822241180294252, 0.06959887830355324, 0.07061675542490478, 0.0654944454285166, 0.07691366518719552, 0.08943811121331816], "nmi_repr": [0.07927669724567751, 0.07344966482911397, 0.06588223015765907, 0.07102659581402587, 0.07615241997207214, 0.07918172673751707, 0.07280383965363119, 0.07628111329178275, 0.060974777567378576, 0.06569252919075587], "mi_td": [0.9396608166552103, 1.2377342230250978, 1.2055565674358326, 1.0620284654296839, 0.8771000049530828, 1.1115775856017711, 0.9277205992456443, 1.0463776758547372, 1.195978964832304, 1.1545304857352072], "nmi_td": [0.18741948018364457, 0.23528098762159344, 0.2301907506307786, 0.20769100972157692, 0.1768731500293685, 0.21549042974631172, 0.18604840918273916, 0.20465945356017773, 0.22908699104835012, 0.22301211729825424], "mi_tw": [0.5716377641324362, 0.6554205071007732, 0.6517841668492028, 0.6053195492996186, 0.5588786430548456, 0.6447673895558615, 0.5758584332313684, 0.5886880067760468, 0.626572366227805, 0.6247514849471102], "nmi_tw": [0.11286539973166874, 0.12339044141800785, 0.12325014184315637, 0.1172055246806951, 0.1115522242781662, 0.12376860082667333, 0.11431332767401664, 0.11400128959037734, 0.11885518915083779, 0.11949916984229514], "coh": [-1.0657495119285556, -0.7677789254088268, -0.6751765836807098, -0.672600135645912, -0.7496857000808972, -0.37478595757269456, -0.4086424597843058, -0.5511617029528424, -0.656492922680581, -0.8318220625555531]}