{"p": 0.5, "p-emp": 0.49945081217590725, "t": [38.00605249404907, 37.572526693344116, 37.5286431312561, 38.08839249610901, 37.65914273262024, 37.961687326431274, 37.76804256439209, 37.44160509109497, 38.05625915527344, 37.61320996284485], "nmi_acc": [0.08114589049271449, 0.10731242947156767, 0.10547608027908167, 0.09034963240078026, 0.09650399665385655, 0.09109156513347505, 0.10593451256881355, 0.10720322191131629, 0.08013479012848052, 0.09376205985120495], "nmi_repr": [0.06783578427393132, 0.08083643425256919, 0.08843499452920976, 0.08735870154544044, 0.08869983918414179, 0.08221886597122938, 0.07363747595116445, 0.08276611920662737, 0.07686398470990234, 0.07679762906731799], "mi_td": [1.7099535060755, 1.5669026224804106, 1.5295347127087207, 1.5859727039099933, 1.6155180433751244, 1.7068148836369867, 1.566573592165377, 1.6491388159072664, 1.7075284459247144, 1.5170977381136161], "nmi_td": [0.3085648575605695, 0.2887213548924375, 0.28308393102809204, 0.29135073081910334, 0.29604745813865607, 0.30892767744869515, 0.2886257199473461, 0.3008029277471521, 0.30824181060882466, 0.2813630910526194], "mi_tw": [0.6568994960737363, 0.6423273024725298, 0.6212606052398014, 0.6302056728759045, 0.6493064780572283, 0.6481154696328449, 0.6154075221531846, 0.6567299638619679, 0.6510476779777996, 0.6265237293505055], "nmi_tw": [0.13115893479120505, 0.13125246193338208, 0.12757144322182976, 0.12834344398058875, 0.13187246030952682, 0.12983718410370054, 0.12573479153040337, 0.13269294463715126, 0.1300440169897935, 0.1289476003493014], "coh": [-0.6659491689426195, -0.8075011776385846, -0.6061238138460142, -0.6121018773466552, -0.5849974780560505, -0.6568494801857349, -0.6459228273520298, -0.5634569247832532, -0.6713791817091412, -0.7373752974557894]}