{"p": 0.2, "p-emp": 0.19850795463513593, "t": [77.56717801094055, 77.55830883979797, 78.0144715309143, 77.41226077079773, 76.91169619560242, 76.95675373077393, 77.33449006080627, 78.00107908248901, 76.77553033828735, 78.4807448387146], "nmi_acc": [0.072901046473859, 0.06536795990635882, 0.05753638150277166, 0.08518496719417452, 0.07771716268793984, 0.0785177832048864, 0.06436402844560617, 0.08265569655799611, 0.07666409087347459, 0.07047767972460305], "nmi_repr": [0.05309824201923255, 0.05261571876791007, 0.057963946568206366, 0.05873308803486141, 0.061461338728770396, 0.05205734037287951, 0.046931370720609496, 0.050438529774887365, 0.06190011304587946, 0.05978786706982346], "mi_td": [1.4197829407303673, 1.095057083956324, 1.137245726815273, 1.2145299858069758, 1.2391051136181743, 1.181574709223305, 1.406004917344692, 1.2900791706171868, 1.0705197929122947, 1.4221977370266163], "nmi_td": [0.26293449857011, 0.2129634048395943, 0.21965911850652714, 0.2315736077904841, 0.23525861313599497, 0.22631806752536301, 0.26015893341535434, 0.24320820707153726, 0.2095705916470054, 0.26318556623773776], "mi_tw": [0.8177815130874426, 0.7212617883833993, 0.71859662565964, 0.7749026252793736, 0.7719097314973218, 0.7663384425884746, 0.820208961055353, 0.7966216308978579, 0.7295852496739609, 0.8187644355062769], "nmi_tw": [0.14458423161793707, 0.13360836581371222, 0.13224928256104643, 0.14086542187164705, 0.1397545874729063, 0.13991451341299707, 0.1448943222377111, 0.1432578343521492, 0.13600272317270465, 0.14465509546887326], "coh": [-0.8187621004472184, -0.6850830406917061, -0.7414145593596196, -0.7639565511827405, -0.7520323778701418, -0.8375338918168398, -0.7911411788312457, -0.7001945630843682, -0.7075855011550386, -0.7685884729507578]}