{"p": 0.9, "p-emp": 0.8999986073005306, "t": [25.821576833724976, 25.85631513595581, 25.99510097503662, 25.863964796066284, 25.76958727836609, 25.59408974647522, 25.937406301498413, 26.01585626602173, 25.86172389984131, 25.890076160430908], "nmi_acc": [0.008628663614664649, 0.010411693964747814, 0.007081751468843065, 0.009128376022128112, 0.008219714060915434, 0.007017174612542935, 0.008304642842697971, 0.0072244934164801605, 0.009023494881350647, 0.009022467642271735], "nmi_repr": [0.021363001038204002, 0.021666477035178214, 0.019922717218585226, 0.02509150907163787, 0.02279472575497052, 0.023451472476001548, 0.020443070042856, 0.020983321140464244, 0.022203665541318314, 0.020387606623060623], "mi_td": [2.4968173773906046, 2.5085881197872797, 2.507372015970668, 2.4940624556130118, 2.499822249078135, 2.503475487111883, 2.5014689552246776, 2.4981867825764343, 2.498672366600575, 2.50123306268553], "nmi_td": [0.4424954656669502, 0.44449672018057224, 0.4442764932294604, 0.4422724310866527, 0.4431548025257466, 0.44355221265027195, 0.44313229804877985, 0.4427501248932508, 0.4427866864070363, 0.44323887644582394], "mi_tw": [2.8490143511679378, 2.8504609373322554, 2.8514504271945778, 2.8420200759247387, 2.845271878521256, 2.8498549042796366, 2.85200126128104, 2.8477876911965505, 2.8498894729847004, 2.8482172919902635], "nmi_tw": [0.40266011008287533, 0.4028032764589326, 0.4029396703931256, 0.40186375903247473, 0.40222295717573275, 0.4026896887561162, 0.40294626386531546, 0.4024954189406245, 0.40275657181237, 0.40251910328141344], "coh": [-1.109694479388168, -1.125812327080384, -1.068412558745069, -1.163693946840492, -1.093347325171306, -1.0966190761617614, -1.0405708581868067, -1.1245916467596415, -1.1230362629879769, -1.0923883849298002]}