{"p": 0.4, "p-emp": 0.3999990715336871, "t": [70.5626802444458, 62.94099164009094, 65.1757709980011, 61.78783178329468, 63.648048400878906, 62.342798471450806, 60.491923570632935, 61.66067862510681, 61.267088413238525, 62.5280077457428], "nmi_acc": [0.041022103115392304, 0.028355491865308568, 0.05196398030318424, 0.03601763610795769, 0.029577330338482196, 0.037249482573822656, 0.05655921976228359, 0.0291426554365771, 0.03163603979193158, 0.03320265051670607], "nmi_repr": [0.1530207019265969, 0.15227934679878447, 0.15679536727998034, 0.15260313374394247, 0.1594165625676199, 0.1523285443699824, 0.1340072953536942, 0.136471089748378, 0.16169775889788848, 0.14667329136331844], "mi_td": [0.7198588318941159, 0.7194130282739731, 0.737816752195299, 0.6774017334930362, 0.6987069904346962, 0.7032771471800046, 0.642775312014, 0.6962726687270696, 0.7086450708584845, 0.678974947218896], "nmi_td": [0.13809560623241116, 0.1424893881214205, 0.14070425580795587, 0.13177247262856245, 0.13694568081199726, 0.135932879614012, 0.12296875413378051, 0.13512711210101988, 0.13790039602801213, 0.13071779037809064], "mi_tw": [1.8139211186023323, 1.5340306277228122, 1.824767476467932, 1.673772205516206, 1.5813656366985958, 1.7208919923495833, 1.8231169034141852, 1.7012207768258507, 1.6552862869114988, 1.7509545833034716], "nmi_tw": [0.3567387996250936, 0.31174014210150475, 0.35669832658319833, 0.3339085086192917, 0.31792322564317144, 0.3410621997546375, 0.35753571790734046, 0.33857171184469464, 0.3303441706770746, 0.34561637716699467], "coh": [-2.310851306567225, -2.581445380856603, -2.3367196634669454, -2.203234922159958, -2.3786038578479114, -2.4797013073590195, -2.307071609549424, -2.165051068358045, -2.2190200318165396, -2.283810113307414]}