{"p": 0.0, "p-emp": 0.0, "t": [92.97306275367737, 94.63600373268127, 89.51544737815857, 89.77486062049866, 91.54342436790466, 86.33046627044678, 91.13097667694092, 90.79271197319031, 90.38246965408325, 92.2461724281311], "nmi_acc": [0.0279534767790873, 0.026749919930632287, 0.026733285257684765, 0.02634686618073184, 0.027152581607436263, 0.025974232612730297, 0.026749919930632284, 0.027591530039055668, 0.02717764507004463, 0.02677539844619547], "nmi_repr": [0.15853515304188978, 0.1449184772768039, 0.16754794366413, 0.1725791400357567, 0.19198917639422522, 0.15326430458789303, 0.1572614644217694, 0.1777239352445774, 0.15819798580889557, 0.17420280210258174], "mi_td": [0.5608970783028726, 0.5842216622926623, 0.529042329608874, 0.6086049326975828, 0.6206237396676684, 0.5554493567687762, 0.5972779339448739, 0.5935678963624016, 0.5603106665375711, 0.6005861600293737], "nmi_td": [0.10997973737893404, 0.1152077988494633, 0.10555571719425495, 0.12074353526729119, 0.12117812167056591, 0.10847952351504565, 0.12046432204505995, 0.11569759138432441, 0.11064102328286134, 0.1199368751120803], "mi_tw": [1.6289262573952081, 1.5819153385946352, 1.4636576230244185, 1.5126700596049645, 1.6611535111339646, 1.6610406130155781, 1.340283416937841, 1.6718536464514968, 1.5501102271106457, 1.4521584517025818], "nmi_tw": [0.3274522822542744, 0.31986531743561036, 0.2995300214959974, 0.30776490853563426, 0.33248844203225086, 0.33255019201873787, 0.27733790677992737, 0.33404464088666375, 0.3138660698021976, 0.297447862699998], "coh": [-2.1871653267525923, -2.3579687028466263, -2.3326084906002222, -2.352181058151801, -2.165990004582863, -2.2239493899264504, -2.3637598945632416, -2.24057475245775, -2.3515453891311413, -2.3706430504626113]}