{"p": 0.30000000000000004, "p-emp": 0.29996000878680174, "t": [42.30106830596924, 40.10904145240784, 42.45168948173523, 42.15158224105835, 41.46298670768738, 40.751219749450684, 42.58463191986084, 40.50258207321167, 41.22426080703735, 39.60229849815369], "nmi_acc": [0.2369046337421148, 0.22864021497525225, 0.22138701307320988, 0.2075042749694142, 0.22273526892926387, 0.21440417753750418, 0.24819168564515012, 0.2115483821774856, 0.2512506238610827, 0.20846276648586767], "nmi_repr": [0.17726383747401225, 0.18865437849031513, 0.17435888581165968, 0.17236305814703518, 0.16747170355105626, 0.17322803674875115, 0.18304703201203493, 0.1708485747807705, 0.1735706771500206, 0.16746403699080506], "mi_td": [1.659535339817363, 1.36566371800266, 1.5521422191381098, 1.515113143741958, 1.5652033620037022, 1.4874508361318899, 1.5084007477244565, 1.5639767745844058, 1.468948085123187, 1.4683009574698054], "nmi_td": [0.304442868003869, 0.2604114756200799, 0.2879262678598257, 0.28010897293254167, 0.28966243805645525, 0.27837430373214656, 0.281775330285826, 0.28848075550842556, 0.27725743873192593, 0.27255909641399856], "mi_tw": [0.20608025140813482, 0.1704116871043057, 0.1932377915166195, 0.19459537771084034, 0.19307078786530874, 0.1822347629378045, 0.18516481782263153, 0.18553146783819732, 0.1834957803290736, 0.1894525786953104], "nmi_tw": [0.049569614275999145, 0.04313578721939784, 0.047164566196155645, 0.047285288180294524, 0.04697727036615632, 0.044999769407492694, 0.045612292051648975, 0.04494726342404878, 0.04582271949355616, 0.04628215489563938], "coh": [-0.1913802725143055, -0.6009456025928889, -0.28071876917029803, -0.2915192923409652, -0.30897029400834486, -0.40802693454023703, -0.38638807882033566, -0.4147036050373246, -0.6788904895953445, -0.2832229388157717]}