{"p": 0.2, "p-emp": 0.18843038127469136, "t": [140.04212713241577, 132.3778784275055, 132.39805698394775, 130.74498558044434, 131.43049669265747, 132.83794856071472, 131.00843167304993, 131.11911749839783, 136.63323068618774, 132.03116059303284], "nmi_acc": [0.1037740338018352, 0.12620526176169086, 0.11360750348041787, 0.13859369671009303, 0.10658170013213396, 0.11835353028864744, 0.052923949031775934, 0.10951588980913372, 0.1154380046441371, 0.13342859052502778], "nmi_repr": [0.2631363722216718, 0.2607927543695936, 0.2613253162677288, 0.24992288388281772, 0.27051206652320053, 0.2895166757829311, 0.27354749820976804, 0.27911865663518776, 0.2502507872028196, 0.2587282559889025], "mi_td": [0.7481603231357918, 0.7454536628677908, 0.7605579316662594, 0.7388266498774131, 0.7563085205618494, 0.7473471325648304, 0.7451048393488159, 0.7405141477639922, 0.7769040304141989, 0.7631498525540001], "nmi_td": [0.14032318069193594, 0.13880411040366641, 0.14180768680999403, 0.13743084376475695, 0.14286081473618026, 0.140734952356288, 0.14227619891461435, 0.13792405207310365, 0.14464210178505438, 0.14226940143119], "mi_tw": [1.5302840354755949, 1.5988505654274423, 1.55661147773479, 1.5924367342919628, 1.5300524026626863, 1.5263533620789864, 1.5260659035655744, 1.6034387875411575, 1.5661966811809824, 1.5564258537261424], "nmi_tw": [0.3008214064185182, 0.3119179800562591, 0.3041070891703277, 0.31033711360889604, 0.3030198236849486, 0.3013149837861392, 0.305680578639012, 0.31290741861863314, 0.3055075283788376, 0.30402256171090675], "coh": [-1.7031899786444928, -1.6176735495182488, -1.6221873954679817, -1.5653223458891297, -1.5992920518709501, -1.7197854028019635, -1.6984201349202999, -1.6287719027047154, -1.6212828837227076, -1.5254937788394254]}