{"p": 0.1, "p-emp": 0.09918219055531097, "t": [109.77750849723816, 110.13254857063293, 110.60956621170044, 110.57163524627686, 109.76197099685669, 109.62373614311218, 108.37035012245178, 110.90588355064392, 112.74623775482178, 111.43602323532104], "nmi_acc": [0.29842603675167834, 0.32237426449104334, 0.2534029377783119, 0.26250813899901493, 0.28329251162063107, 0.25281786777676263, 0.31315388395463556, 0.30082711184163285, 0.2645183562432905, 0.3012207033854069], "nmi_repr": [0.1793944837060314, 0.18500768094990794, 0.16790623108040176, 0.14457080634338404, 0.15786271405457328, 0.1530838062344733, 0.15392653891101357, 0.17262617645095918, 0.14866873594943855, 0.13921011589271784], "mi_td": [1.6132195624249128, 1.6449460403862286, 1.5084066875456215, 1.611384547250427, 1.6188466940874595, 1.584412654591983, 1.6615630715352556, 1.658222233456018, 1.6429921740139553, 1.6674678857917906], "nmi_td": [0.27409144335153396, 0.2781410207415124, 0.2591377229063445, 0.27209153410708975, 0.27424572152242604, 0.2692471768278403, 0.27967481499654867, 0.2789201585213712, 0.27625664522474713, 0.2800330027438912], "mi_tw": [1.2579237165026211, 1.2837961030735716, 1.1970540337568363, 1.2403749717403016, 1.2580167335566896, 1.2123257118448545, 1.2959655840409758, 1.2822536241513802, 1.2465473182832512, 1.2753313261716601], "nmi_tw": [0.2133945018261567, 0.2167402599062209, 0.20532667536581636, 0.209122084089308, 0.21278912997276092, 0.2056974788795969, 0.21780266291245998, 0.21534993872851918, 0.20927622873265078, 0.21385010318272352], "coh": [-1.7341229046694675, -1.5873272819314446, -1.6460499452596102, -1.5366600327299762, -1.5806950289980435, -1.6381952034985232, -1.63994913173793, -1.5964470307088805, -1.4737413775085708, -1.4578652786048432]}