{"p": 0.0, "p-emp": 0.0, "t": [83.81347417831421, 83.71417808532715, 84.33702421188354, 83.78502583503723, 85.70384287834167, 84.9777181148529, 84.49828767776489, 82.01531744003296, 84.04757618904114, 84.72632575035095], "nmi_acc": [0.07420388781159029, 0.05564656309951283, 0.07189714737272873, 0.07905673061449336, 0.06847192459399402, 0.0569558492260199, 0.087237741902642, 0.05636572597415282, 0.06623522375739407, 0.05350152065963724], "nmi_repr": [0.0883916921818441, 0.07769472890638125, 0.06605815453500792, 0.07374415104105755, 0.08950709217262158, 0.08568378811344902, 0.08759556649342261, 0.08501248631220153, 0.07814335367100111, 0.08959552030681849], "mi_td": [0.9522245004156336, 0.9339220967450174, 1.0275588039554902, 0.9989963673755157, 1.0146417851344283, 1.126684366694461, 1.0283530382921269, 0.8187765852873647, 0.9543054873685133, 1.056837699075669], "nmi_td": [0.1892462470930747, 0.1849185217888169, 0.20108804526941348, 0.19678889063581562, 0.1991691647350464, 0.2177962182112417, 0.20167971672387275, 0.1669473392106773, 0.18967022938328884, 0.20642811291770602], "mi_tw": [0.5198184802502503, 0.5435709131638701, 0.5507291107556825, 0.5183660361003144, 0.5406135846420286, 0.5599667949888791, 0.5225179704934673, 0.48453152960156864, 0.5165662071005152, 0.5205099116146258], "nmi_tw": [0.10595111051684238, 0.11036987364642487, 0.11048753501486977, 0.10469864113275518, 0.10879915420273986, 0.1109360437687509, 0.10506077449251384, 0.10138887071326727, 0.1052941451658883, 0.10422325638811042], "coh": [-0.8802443063293541, -0.6988501431659824, -0.4236016723407353, -1.0863650234102953, -0.7373514440350563, -1.0495247616832888, -1.182902422373484, -0.42343361380026917, -0.7295047866406185, -0.9670108243729132]}