{"p": 0.30000000000000004, "p-emp": 0.2987637471043457, "t": [57.48318672180176, 58.35224413871765, 58.63178253173828, 58.19774389266968, 57.88691973686218, 57.997053384780884, 58.62902569770813, 58.95474672317505, 58.7062554359436, 59.11459255218506], "nmi_acc": [0.08699900520917454, 0.04693848949123472, 0.06471140698634785, 0.0674090492352992, 0.06067145520274858, 0.06780440119623922, 0.06394289883130887, 0.06693806019233176, 0.05753027303138873, 0.05985707506691956], "nmi_repr": [0.0525515807485145, 0.03780053261461192, 0.03246426514576512, 0.03049944896102183, 0.04154433284336357, 0.04504940189735497, 0.04179798661114886, 0.03960588012625656, 0.04124035858621478, 0.04348985689322117], "mi_td": [1.3562798656023256, 1.4063458588346336, 1.5219420725814672, 1.4839348907061807, 1.5492660623248198, 1.3668246935697392, 1.5091509211844216, 1.38772381925223, 1.4012241301320263, 1.5730844725082136], "nmi_td": [0.25344864151214663, 0.26022736067736485, 0.2778416651057106, 0.27127117544965546, 0.2817528326355992, 0.2547047545817001, 0.275585403737624, 0.2575952543610058, 0.2595122883590729, 0.2857113479676285], "mi_tw": [0.9186895278146364, 0.9288838456616464, 0.9587227831241834, 0.9827957361164974, 0.976725574439662, 0.9467437616206711, 0.9632600762563983, 0.9206975847720118, 0.9333347354669643, 0.9865452227330622], "nmi_tw": [0.15792238068294126, 0.15823327404000145, 0.16129850985425362, 0.165555597190088, 0.16375048437648074, 0.16232607105922445, 0.16210462633300693, 0.1572961757519097, 0.15912279525158013, 0.16519787515240658], "coh": [-1.289921233989875, -1.195082622815489, -1.1293872630012145, -1.08784103642891, -1.0201486853844077, -1.2725378718959734, -1.0611133800628731, -1.1847170075050084, -1.224592462090454, -1.0524232962034152]}