{"p": 0.0, "p-emp": 0.0, "t": [179.16000151634216, 165.38976669311523, 167.88376927375793, 156.58702278137207, 157.36841297149658, 163.51913046836853, 169.36186623573303, 161.4432396888733, 165.9215850830078, 177.81184911727905], "nmi_acc": [0.33511263480765396, 0.3561288782741946, 0.3634085053767655, 0.28919344434845107, 0.3730448351700938, 0.30657660967979294, 0.34329251774383673, 0.3359631962152744, 0.3163677580466139, 0.3196034092059748], "nmi_repr": [0.2670001620945579, 0.23659475934193158, 0.2345611259295429, 0.25400378473379553, 0.29654146882937976, 0.27194033857200206, 0.28542729840662034, 0.2650012425023106, 0.2538549625777296, 0.2524150626029948], "mi_td": [1.2290772001003705, 1.1317502057421802, 1.2349864163698818, 1.124941296284209, 1.1736247826435418, 1.136132835333049, 1.2481271433038545, 1.113794123637448, 1.09699284191751, 1.2553251146194506], "nmi_td": [0.21152508267609374, 0.1965043937872403, 0.21187696194245978, 0.1990586201505897, 0.2034188910214607, 0.2003887626290912, 0.21464140998850556, 0.1943759372846126, 0.1923505860494685, 0.21734550890266824], "mi_tw": [1.911265567161511, 1.8439016654429619, 1.8990532043177453, 1.701153049833707, 1.8857807943806921, 1.7241524455586577, 1.9256681574932144, 1.8263257840529574, 1.769838784602426, 1.8466924393040398], "nmi_tw": [0.3423014672641721, 0.3332891925714085, 0.3390068397075266, 0.31361533260833707, 0.34023882659551813, 0.3167844927093782, 0.34460995434861047, 0.33187059379601824, 0.3231924605506288, 0.3328131980275568], "coh": [-2.344640169868907, -2.307529298066301, -2.264834514779924, -2.4210379276810294, -2.4164041480197174, -2.2581624680592207, -2.39427734198054, -2.2770631834320127, -2.473764611528418, -2.390501383245317]}