{"p": 0.7000000000000001, "p-emp": 0.6904088679107125, "t": [71.45160818099976, 71.1494209766388, 69.15951323509216, 71.92606997489929, 70.82604169845581, 72.16566491127014, 73.47403764724731, 70.85283184051514, 70.55048632621765, 70.43278789520264], "nmi_acc": [0.21343156805693103, 0.19716708836517016, 0.18591943711667644, 0.20972699043115864, 0.20752353592451026, 0.22432751963941147, 0.2039361879843105, 0.22071805093429891, 0.21045221758218097, 0.22970324828342017], "nmi_repr": [0.27206426218592716, 0.24785877730291722, 0.25439918815886475, 0.2575842616790079, 0.24983598372729238, 0.25638143026053806, 0.27189442558071075, 0.27825352263049935, 0.2620959353106399, 0.261251223409679], "mi_td": [0.9646299372511433, 0.9565000885613145, 0.9422125698637775, 0.975968002430976, 0.9584865962850607, 0.9963734159708451, 0.9554690571695527, 0.9832481031895817, 0.9846461101297592, 0.983951573990762], "nmi_td": [0.18193195690688613, 0.18163195280507483, 0.17843290327614478, 0.18373939702260506, 0.18022762300449416, 0.18930951367737145, 0.18049482186713128, 0.1858199878563713, 0.18544258510865083, 0.18658636166277073], "mi_tw": [1.374037605593356, 1.3517386835169967, 1.37719099252461, 1.3710947272751557, 1.3908573548159562, 1.3148181068669667, 1.384995152270637, 1.351960590907074, 1.3634712697678188, 1.3246446979190283], "nmi_tw": [0.29758321280663214, 0.29505441808559174, 0.2996719355086606, 0.29633293745402134, 0.30018228786505896, 0.2871801861427888, 0.3005120045919133, 0.2934848747935474, 0.29481197714631574, 0.2886808276923179], "coh": [-1.48710233304865, -1.335817042769317, -1.3048015556000974, -1.3656012726860967, -1.2672971522990455, -1.4268461448879175, -1.3662382889349174, -1.2782849234476248, -1.4245485938173421, -1.322299244352916]}