{"p": 0.6000000000000001, "p-emp": 0.5999887348695216, "t": [36.13245749473572, 35.269387006759644, 36.61362934112549, 33.54669380187988, 35.90094590187073, 34.41668748855591, 37.10179400444031, 36.880996227264404, 36.66532516479492, 36.716593503952026], "nmi_acc": [0.1030657357823274, 0.10288381920568566, 0.09357113879550694, 0.0603545361066863, 0.13221335660921507, 0.12431430329290069, 0.08162639958778854, 0.09263204703580141, 0.11215977212415364, 0.11238498233775963], "nmi_repr": [0.06834735477316, 0.06148500970678447, 0.06231214066177933, 0.05961976449273598, 0.07972410993407346, 0.11741725301762528, 0.06008239841818851, 0.0540311705130164, 0.0645955494240032, 0.07434572454895068], "mi_td": [1.2774697074434973, 1.1158567823725363, 1.1518645714480424, 0.718049881893749, 1.0390826321229125, 0.9202018888867356, 1.2759008671134215, 1.3147311300688047, 1.3924467058512122, 1.3918465332773022], "nmi_td": [0.2532845384761965, 0.22651889570472847, 0.23383599470149977, 0.15577436231611125, 0.21447125252320495, 0.1938234554743877, 0.25281312132254163, 0.2586856532427229, 0.2720944474172202, 0.2716199393737767], "mi_tw": [0.32634808289716466, 0.30295984563016676, 0.3057112975831669, 0.25402096121393186, 0.31796262466881564, 0.2838425149041176, 0.31896058128436927, 0.33077747793140444, 0.3581149120902333, 0.3583923901733942], "nmi_tw": [0.07696280778553731, 0.07348348650821741, 0.0741537053271848, 0.06673748709275057, 0.07867290467229876, 0.07196181439305674, 0.07516390085273209, 0.07730124902313731, 0.08300779559470928, 0.08294271683543195], "coh": [-0.7644009296528924, -0.925314761507523, -0.7633861282835855, -1.0226462279407824, -0.7055570013371911, -0.9035157215463361, -0.6865087292967136, -0.6794147634380647, -0.6476544732476064, -0.9819185403026621]}