{"p": 0.7000000000000001, "p-emp": 0.6991741292146567, "t": [28.7369966506958, 28.547242879867554, 28.9510440826416, 28.84960913658142, 28.714856147766113, 28.879617929458618, 28.727526426315308, 28.866004467010498, 28.513556241989136, 29.00896167755127], "nmi_acc": [0.1364501819943566, 0.13717991172645227, 0.12961412958459886, 0.13633257676715774, 0.13944011608362208, 0.1271123742973373, 0.1411349688394793, 0.12935547931327995, 0.1355492108465431, 0.13518929340727612], "nmi_repr": [0.14230111682475075, 0.13037782065272643, 0.13432401475855987, 0.13317656114381887, 0.14291164212496255, 0.14026974409664172, 0.1338765107593098, 0.14471928446972426, 0.14165196817705683, 0.14645204824414151], "mi_td": [1.8361706094132573, 1.9142312293676738, 1.9076393180315485, 1.9248154411283454, 1.9245355985083905, 1.9527412313526225, 1.937528485849346, 1.8793298425697236, 1.8539415794097056, 1.940596263958307], "nmi_td": [0.33220739497698626, 0.3429799102552371, 0.34192614555328615, 0.3447324039412746, 0.3440957121008249, 0.34831650428154987, 0.3461560922595878, 0.3384044981809087, 0.3345667401125432, 0.34683600226861927], "mi_tw": [0.458739603134489, 0.4678398749569652, 0.4772269373625676, 0.47170816320291864, 0.4839739355246817, 0.46569838369772965, 0.46920063338113244, 0.46828203510587685, 0.4651375435900611, 0.481823723343773], "nmi_tw": [0.09727561995599143, 0.09808233809761964, 0.10009394469663857, 0.09884503761243608, 0.10121342493390216, 0.0971232998340348, 0.09803687057326274, 0.09874796858683907, 0.09833746895055495, 0.10071916584313971], "coh": [-1.4772599447499084, -1.6248628991566716, -1.524104603305006, -1.5775456125180924, -1.6501657548921191, -1.565831861529189, -1.5257987742375447, -1.5972828888139399, -1.643366167226255, -1.5346159268249044]}