{"p": 0.7000000000000001, "p-emp": 0.6997219243392802, "t": [51.043025970458984, 49.2428457736969, 50.87188959121704, 51.86314821243286, 51.942935943603516, 49.927595376968384, 49.36461544036865, 50.867156982421875, 49.75654458999634, 50.325676679611206], "nmi_acc": [0.25581355013827833, 0.25823567851175566, 0.2479854133126401, 0.2627167292049037, 0.2580544399109497, 0.2619129859639304, 0.24933280859336318, 0.25554176602338163, 0.25341264359835913, 0.2600275637210856], "nmi_repr": [0.32568630587432024, 0.36572288277954357, 0.3729319503611241, 0.3459659129660475, 0.33987462492967463, 0.35338799521944864, 0.35125305123489714, 0.34694831381820496, 0.3545201048271842, 0.3544882360483367], "mi_td": [1.6041475372461025, 1.5824591267218362, 1.5251654228807294, 1.6494283935826863, 1.54166410360388, 1.599357205351484, 1.5343555905590098, 1.5208163273852497, 1.5551148824581018, 1.5515738981218863], "nmi_td": [0.28830118984168945, 0.28433598489570877, 0.2752224733493959, 0.29477689925528744, 0.2775311934353186, 0.2876040161705773, 0.2763351874102919, 0.2747682189743392, 0.28032864519325185, 0.2795981347364528], "mi_tw": [1.6173514187401163, 1.6462794315623719, 1.6568124271659967, 1.6191102254611391, 1.659909304340767, 1.6126915964301254, 1.6627089215268063, 1.6371104240659142, 1.635563108659012, 1.6418827884518543], "nmi_tw": [0.3210011893233748, 0.3266572298697317, 0.3303124555595291, 0.31936146344570115, 0.3300514947978768, 0.32027772474382793, 0.33076638522157914, 0.32681892470015256, 0.32569312180780824, 0.32683250944277353], "coh": [-1.5312779303929682, -1.4859776839713539, -1.5231333661712676, -1.3074761601760323, -1.6107887799630896, -1.5689979368265417, -1.547121420291467, -1.6325804259683783, -1.63338134074136, -1.468405563548806]}