{"p": 0.6000000000000001, "p-emp": 0.5962929328467861, "t": [65.92323422431946, 67.14904713630676, 59.81174564361572, 64.1162977218628, 65.22748327255249, 69.72117805480957, 68.8049201965332, 67.19371247291565, 69.58211088180542, 67.08306813240051], "nmi_acc": [0.2085510316172531, 0.19412845911506602, 0.1669790074281212, 0.17236317994171993, 0.19623204535916203, 0.19798233660212933, 0.17761378494475571, 0.17595580908264113, 0.22357462343448486, 0.1931633753526823], "nmi_repr": [0.17227091408526787, 0.17641562600843141, 0.16311122678077963, 0.1436370514325852, 0.1493453362358056, 0.15655691222513873, 0.13613613029353272, 0.12723865955732055, 0.15028025747167198, 0.15132944321447947], "mi_td": [1.210242775430121, 1.1246350074918119, 1.0268636448981452, 1.2687688864981121, 1.2835074319616764, 1.3449085236660865, 1.2303134459599334, 1.351468689055504, 1.381368654067729, 1.3798423312924952], "nmi_td": [0.2189790318007458, 0.20468445771908175, 0.18990733644829608, 0.2258202282232002, 0.2291496388220148, 0.23822526650635262, 0.22050723440404643, 0.23825331042496573, 0.24251909426754875, 0.24309795003928755], "mi_tw": [1.0529010062367448, 0.9972170140534076, 0.984770427503963, 1.0697560745457124, 1.0616326974721828, 1.0806518943670584, 1.021078027299993, 1.106615394912086, 1.158377987091209, 1.1170778073225953], "nmi_tw": [0.2190215456069358, 0.20884020876106943, 0.2100742778447714, 0.2183606512428579, 0.21747111393705132, 0.21937382136038736, 0.21009783723644218, 0.22342574369071644, 0.2327715129638286, 0.22537097577873363], "coh": [-2.7023092148009447, -2.818112619436183, -2.641359167897041, -2.500846445862154, -2.5489242604163307, -2.599861177930575, -2.7531766205409784, -2.509034613227801, -2.4431009008801086, -2.4994748633197172]}