{"p": 0.1, "p-emp": 0.0848281222717262, "t": [234.55612325668335, 233.37776112556458, 237.49138116836548, 230.728453874588, 234.3773431777954, 230.81978726387024, 233.86595749855042, 232.4589385986328, 232.74391055107117, 234.95900440216064], "nmi_acc": [0.25945365987916424, 0.22773602087875577, 0.2926471264970907, 0.26510607645936174, 0.26205514251048123, 0.23973011143423184, 0.2888761536183483, 0.3118327168565677, 0.2885980509162577, 0.31971502561097753], "nmi_repr": [0.26227051260527684, 0.2681973196128764, 0.2514485754841438, 0.23183953607955973, 0.284804139592354, 0.2895337565889617, 0.25894544627505983, 0.26445571991209366, 0.24006879313623644, 0.251019615508888], "mi_td": [1.010620734999578, 0.9372318724765519, 1.1850055445782055, 0.9339239065276153, 0.9605594678390998, 0.9213913625425881, 1.031442547884012, 1.1217905333222722, 1.0807845561921936, 1.1073505219212203], "nmi_td": [0.18822332120733531, 0.17658863271866293, 0.21927143819052466, 0.17597694538494213, 0.18003559308125064, 0.1739985825051122, 0.19221519462254857, 0.209572107066657, 0.19891900336546164, 0.20473183399004327], "mi_tw": [1.3648317635075786, 1.4078391639503116, 1.2581123804574934, 1.3948532614874352, 1.4127241312077927, 1.4305025630711605, 1.3605537931364522, 1.2681927740581551, 1.3304019237314835, 1.3271124069810976], "nmi_tw": [0.2632228989852455, 0.27479436593303125, 0.24101300441556467, 0.27227823044392574, 0.27425134476726176, 0.2798754376191345, 0.26255896836612763, 0.24536570026409676, 0.25345308104134223, 0.2540122038837899], "coh": [-0.7239004129078787, -0.9492532315258334, -0.42675397031662127, -0.9393525134779763, -0.8593564676365182, -1.095116360187104, -0.7583844265264924, -0.6255067433688878, -0.5409256024365117, -0.5808232858017488]}