{"p": 0.30000000000000004, "p-emp": 0.29996000878680174, "t": [68.88141989707947, 69.1761224269867, 67.18166732788086, 80.0328540802002, 76.40477967262268, 72.66317963600159, 72.23010635375977, 75.98707723617554, 71.45222091674805, 77.11780309677124], "nmi_acc": [0.049043173335295454, 0.06485837550073956, 0.0520873882993949, 0.012074596077410392, 0.05858717658217218, 0.07453291790580788, 0.03050077179644459, 0.015342622726111844, 0.01512560924098494, 0.011528279401990754], "nmi_repr": [0.17982930671271624, 0.17753847043864895, 0.15780317884884434, 0.16993096358603493, 0.15534544806836714, 0.13046845664438877, 0.1332235396368011, 0.15627846940109916, 0.17280028880356665, 0.19643815694004343], "mi_td": [0.25421162208501286, 0.30761526863825844, 0.2685786678477462, 0.42065802586131995, 0.3514104759753477, 0.33169413694833944, 0.32408594159044635, 0.3583305998157279, 0.3656274248398155, 0.32261788653291457], "nmi_td": [0.053525992974469805, 0.06406324456626615, 0.05592896576275063, 0.08689996874710652, 0.07138950494213663, 0.06705410839672517, 0.06587038099573352, 0.07446686204302705, 0.0768568706398265, 0.06771974880053856], "mi_tw": [1.0554367722282008, 1.1218945492469525, 1.186825134499407, 1.0224009488646422, 1.2345561909834184, 1.2692210300911269, 1.2378541638848333, 1.030950154929046, 0.9554247668009122, 1.0142304134156275], "nmi_tw": [0.30542390492904603, 0.3198032439232948, 0.33827398762325617, 0.2882398353721336, 0.340213136654914, 0.34744642233306466, 0.3413461582185478, 0.293026664357172, 0.2758485157373687, 0.29225604788461934], "coh": [-1.5126811096692836, -1.3851488625191974, -1.441123571449226, -1.403732609701374, -1.529841240831245, -1.0984550384000789, -1.4963352345278012, -1.3496071117161341, -1.409958056922115, -1.5907409732168833]}