{"p": 0.7000000000000001, "p-emp": 0.699062211603819, "t": [41.568177700042725, 41.96115279197693, 41.14714741706848, 41.555612564086914, 41.43348479270935, 41.144036531448364, 40.9225652217865, 42.31891679763794, 40.88630247116089, 41.802520990371704], "nmi_acc": [0.33275302028585874, 0.32956288168859466, 0.36309584845090986, 0.3511063256449147, 0.33151101411798717, 0.36373042837282293, 0.34118742295318155, 0.3356773691296776, 0.34737656993498683, 0.35391934595280305], "nmi_repr": [0.2417825334079148, 0.24327311147286748, 0.23737673035916637, 0.2615206766370581, 0.24886203099756116, 0.2569561862680325, 0.25158576174607156, 0.23296116696475838, 0.23950688152159427, 0.24341110343114886], "mi_td": [2.0477474559396978, 2.028690174555848, 2.083774767729101, 2.0116126665031513, 2.038618608344916, 2.0423350759329204, 2.0467595747190637, 2.0670474822875593, 2.037852652836579, 2.070959239527748], "nmi_td": [0.34294300203658307, 0.34003631000685586, 0.3478506440569272, 0.33823633046914364, 0.34139399526280445, 0.3428643614316497, 0.3427114800349802, 0.34488444323656964, 0.3414808656590928, 0.34609782169901554], "mi_tw": [1.08836822456255, 1.0565470491558238, 1.1028565572426783, 1.071314216192233, 1.078064108912319, 1.084158521494952, 1.0810141284015553, 1.076624297473444, 1.0915941159448592, 1.076591117982869], "nmi_tw": [0.21144013862138789, 0.20545784103696946, 0.21345332562744446, 0.2090914739550141, 0.20942397912730362, 0.21121385043170002, 0.20996447764563866, 0.20825445601303172, 0.2122073964113291, 0.20863990707006813], "coh": [-2.493086953524363, -2.8045316793146418, -2.645348931483625, -2.5950877072341116, -2.60002960465208, -2.4724758266975977, -2.714352951821259, -2.6006474856005535, -2.7949486328738846, -2.5899138798392185]}