{"p": 0.1, "p-emp": 0.09999637729880351, "t": [201.254163980484, 196.0014045238495, 195.25556135177612, 196.99816465377808, 197.47772431373596, 194.82523822784424, 195.86556553840637, 201.33341145515442, 197.50014209747314, 197.10696840286255], "nmi_acc": [0.4739384251064119, 0.47092513064033964, 0.46386304597598604, 0.4622700564398965, 0.46653243007220113, 0.46898388578591244, 0.46530005712112826, 0.45778161035439896, 0.46386809964678544, 0.4473572289711337], "nmi_repr": [0.4069201101251025, 0.41045920739842107, 0.39997165717650024, 0.40562130119565676, 0.42957320863214266, 0.4344272522908117, 0.4475803666419456, 0.4628194927628378, 0.44506215219338935, 0.4341344245926527], "mi_td": [1.7197079653190896, 1.7367035402777011, 1.7180294998771566, 1.7452655803696593, 1.725798946397626, 1.739834068103463, 1.7474884132395416, 1.730689556875222, 1.7366761764913534, 1.7146357168148305], "nmi_td": [0.28943586128336946, 0.2923101449316286, 0.2898058004749746, 0.2947202001365056, 0.2906433536209526, 0.2935219759005782, 0.29498496503303673, 0.2925266081450693, 0.29284498076183224, 0.28973950022982214], "mi_tw": [1.4436389297488477, 1.4241636369847568, 1.4234456496666599, 1.4067323906629332, 1.441223994088392, 1.4169303595311737, 1.4123234044160948, 1.412897408167502, 1.4210550520875287, 1.4286605267241628], "nmi_tw": [0.2664141323063494, 0.26283373863704146, 0.26333763921999925, 0.26055603092555885, 0.26615156456521893, 0.26216960391184696, 0.2614840684116982, 0.26196099794390537, 0.2627908262443558, 0.26480976465264855], "coh": [-1.5014156492841415, -1.4627036035658132, -1.6042783280359214, -1.4699199836236114, -1.46890002427955, -1.5431489178947977, -1.5376338191137728, -1.5237366885340928, -1.5362910992000933, -1.5198319250464283]}