{"p": 0.0, "p-emp": 0.0, "t": [116.40386652946472, 114.68620729446411, 120.65163683891296, 122.43542742729187, 120.92648816108704, 118.55940341949463, 119.45014095306396, 119.6321542263031, 118.67609238624573, 118.93810772895813], "nmi_acc": [0.30446301401357506, 0.2915232396647244, 0.2529170566202174, 0.3064947879950548, 0.21038961940488632, 0.30338155614340256, 0.26255995002279586, 0.29367298589054364, 0.2564466121162603, 0.252654239793243], "nmi_repr": [0.18639961919364523, 0.21023165970537877, 0.18569360740224675, 0.18059722897087263, 0.16992389221732387, 0.1686411313137738, 0.19366130259942982, 0.17395657737281192, 0.17963909497145286, 0.1397406198496301], "mi_td": [1.3128833250631429, 1.3591737951037521, 1.3863837594914004, 1.4056356176446925, 1.37585332125318, 1.3747217161599008, 1.2523955568990213, 1.5097694978860057, 1.4517093068151519, 1.5750116733873307], "nmi_td": [0.2337640021482282, 0.24054754954497418, 0.2423153609851799, 0.24671581073399496, 0.24070325235879164, 0.24206778846857183, 0.22445807067879056, 0.25977092582276545, 0.2516760597214905, 0.2683783599742081], "mi_tw": [0.9582580389031927, 1.012698412808892, 1.0135979596108842, 1.0080292446352448, 0.9867031090142013, 0.9905729607136955, 0.9308772935093518, 1.0673359752802305, 1.033511706430168, 1.0497394913999607], "nmi_tw": [0.17780751164230682, 0.18672908718783468, 0.18447749565704963, 0.1842693791377788, 0.17976020045755436, 0.18168647214137093, 0.17390913204158776, 0.1911093247255822, 0.18651441531871066, 0.18606967632559276], "coh": [-2.0948700755241196, -1.7221660006743478, -1.682259370660502, -1.9301401411087145, -1.768725818535135, -1.5950548956851751, -1.8295318587511293, -1.671764520352242, -1.759521802659237, -1.5305517276202198]}