{"p": 0.0, "p-emp": 0.0, "t": [87.90984654426575, 86.94849753379822, 91.77218890190125, 86.51909685134888, 85.22153067588806, 89.4949152469635, 85.29276609420776, 89.54343008995056, 84.6092836856842, 91.31914067268372], "nmi_acc": [0.00044420155162471143, 0.02634686618073184, 0.02899517373588894, 0.053193376410417555, 0.02566020347706987, 0.028798295788097162, 0.02677539844619547, 0.02634686618073184, 0.02634686618073184, 0.02838048883523546], "nmi_repr": [0.16560667926134606, 0.1643636699034752, 0.15308357998446576, 0.13170104241574815, 0.14154100099884664, 0.1536436478995518, 0.1680975139902741, 0.19191796294639613, 0.17596264090456334, 0.1624740004968872], "mi_td": [0.5744266172687493, 0.546147322871309, 0.5416246871068804, 0.5725936776706954, 0.5226459277982345, 0.572157255907628, 0.5724727805075798, 0.5609527398062963, 0.4996353074424451, 0.6451506145966247], "nmi_td": [0.11409882395948856, 0.1086058078165623, 0.10610625300934436, 0.11041094155365308, 0.10276398433947709, 0.11119227787193695, 0.11457797132249668, 0.11253559852055592, 0.09905874783582731, 0.12598530547649792], "mi_tw": [1.505059618844673, 1.5018606307340328, 1.6356231273554354, 1.7859437788001569, 1.599154068894744, 1.6974300546928653, 1.4347383808403638, 1.4264884942973934, 1.5077473629542926, 1.6461797717676083], "nmi_tw": [0.3065914368447322, 0.3062987880680084, 0.32849828920011115, 0.35291393749720423, 0.32238228760751697, 0.3381201382064424, 0.29455294273931387, 0.2935638151820049, 0.306554286540337, 0.32954032941935], "coh": [-2.30988550500359, -2.4331128672500792, -2.244942950981614, -2.209325123175914, -2.1208760965952287, -2.246553392818155, -2.2980781121874085, -2.300959777139631, -2.356334373863838, -2.3049126861859643]}