{"p": 0.7000000000000001, "p-emp": 0.6991741292146567, "t": [21.380632638931274, 24.29352378845215, 22.01053524017334, 20.891632556915283, 23.92424440383911, 23.95651149749756, 23.94900345802307, 20.738884210586548, 20.846416234970093, 22.868001461029053], "nmi_acc": [0.09349099303726546, 0.10662928809192335, 0.07781906632810315, 0.0826132019032209, 0.09240430228722099, 0.11671121761674078, 0.10778752395943167, 0.09386103037092788, 0.11416012164568169, 0.10994292446084146], "nmi_repr": [0.14244297009475634, 0.14095772446371474, 0.13867532980410746, 0.14488757655717618, 0.1456747548798989, 0.1436361873868694, 0.14886498156197836, 0.1407747446394919, 0.1425574172424938, 0.13468535477575236], "mi_td": [0.5056380333187753, 0.5987462420042489, 0.6311754652032835, 0.5478599447292948, 0.7184058135738205, 0.6437427604040441, 0.6074014137421335, 0.47678820964889534, 0.5196723833794813, 0.5680666661558071], "nmi_td": [0.10033085674380339, 0.11636651951442804, 0.12241800596938861, 0.10787672994447553, 0.13822268571693794, 0.1247683246553674, 0.11737574429319551, 0.09507619780717691, 0.10127937284774721, 0.11037866014250587], "mi_tw": [1.1565602339831056, 1.285173235255127, 1.2481104389125601, 1.2327333329152372, 1.2114101456281812, 1.2426592747212357, 1.3255955475755603, 1.1528692557125302, 1.340274781446658, 1.3019335850495328], "nmi_tw": [0.27352202786490104, 0.2965300285616712, 0.28727878839141563, 0.28888125261605446, 0.2761901709484158, 0.2857872218163491, 0.3037891013182687, 0.27426453604900647, 0.31026524192343424, 0.30031553233616776], "coh": [-2.143385541103295, -2.1354560472389053, -2.06120889663403, -2.1896733786782616, -2.035557821310806, -2.281034560767911, -2.109139489641081, -2.337921338269037, -1.9326937608851538, -2.0907907676287754]}