{"p": 0.6000000000000001, "p-emp": 0.5998912914908837, "t": [60.0702109336853, 65.26828408241272, 60.17845439910889, 59.08904242515564, 63.73692750930786, 62.67848181724548, 52.49728202819824, 62.150415658950806, 62.4398729801178, 55.88591527938843], "nmi_acc": [0.29243405622610547, 0.3113052932079122, 0.31634810824348825, 0.28726808236146095, 0.32992044742264076, 0.2855858721901691, 0.2989514070113097, 0.3204348698710552, 0.3023089945011284, 0.28675019713191197], "nmi_repr": [0.20864318135352736, 0.22274137855475773, 0.2292735344782127, 0.20867721337218814, 0.21897548377504875, 0.2302089107236412, 0.23833563633426252, 0.24879658694923096, 0.23052730955025036, 0.23715772985537614], "mi_td": [1.1064797944112794, 1.2097530199776865, 1.03111839674402, 1.0523355341727345, 1.0303057013550003, 1.1332470693429786, 0.9028672197811379, 1.1217505606964007, 1.1092067615066976, 1.0099554042735392], "nmi_td": [0.20816079190221937, 0.2250073003256525, 0.1940422987388243, 0.19802436233010173, 0.1948046776130368, 0.21198325557002934, 0.1757498835045453, 0.2110992299460698, 0.20723838227598695, 0.19498350958989877], "mi_tw": [1.7141801911451757, 1.8322256437685798, 1.757043548593274, 1.760959038278723, 1.7439786629997585, 1.8011720969673957, 1.5254770762885945, 1.7431501059836867, 1.8202800727193034, 1.5802100728433774], "nmi_tw": [0.32571318803611926, 0.344154128793641, 0.33396053935732106, 0.33468647274214863, 0.3330578823982495, 0.3402756446914415, 0.300020606777136, 0.33132172808965266, 0.3434704980075915, 0.3082108179089205], "coh": [-1.8717579321577236, -1.974033790782781, -1.9187827123403904, -1.9500302983702629, -1.9573400856464558, -2.0232462299543967, -1.6434040374396508, -1.7080769335811916, -1.8133479572245093, -1.7973494852082939]}