{"p": 0.9, "p-emp": 0.8916984267038516, "t": [35.195587396621704, 34.734747648239136, 34.47510313987732, 35.455427408218384, 34.16897392272949, 34.49928045272827, 34.102625370025635, 35.16310095787048, 35.15265917778015, 34.58426070213318], "nmi_acc": [0.01723705085216917, 0.014401020567392179, 0.015064145613695581, 0.01410142580665158, 0.01436082948444756, 0.014959625661844684, 0.014916065596095995, 0.01358382128684216, 0.014539998377231994, 0.01321551577253235], "nmi_repr": [0.29859309728979366, 0.2990280047796668, 0.29892305596908103, 0.2965724149943569, 0.2936467507564163, 0.2910557344765262, 0.2923424066751016, 0.2963588057297779, 0.28493288155733787, 0.2907552622507018], "mi_td": [0.7449423405808303, 0.7495455820636373, 0.7439004720433317, 0.7500376842204141, 0.7459249131887935, 0.7501833028669905, 0.7450880690063079, 0.7537926082054426, 0.7527030112209915, 0.7436771642617153], "nmi_td": [0.12485923066755857, 0.12559051539728083, 0.12465519257394916, 0.12568181267460554, 0.12498341548979272, 0.12571870070335361, 0.12487209755197458, 0.12629866382342464, 0.12610330772641182, 0.12465107472842664], "mi_tw": [1.0427943593566824, 1.0389653836210406, 1.0371477511111482, 1.0211293471112821, 1.0252435438406935, 1.018876071359329, 1.035089248897417, 1.035727516134753, 0.9919540217271552, 1.063816683433008], "nmi_tw": [0.4926631323332112, 0.4904110093603176, 0.48966976277208557, 0.48208762120297716, 0.4839292812629036, 0.481158472042756, 0.4888953324594712, 0.4888449016340982, 0.4680508352428382, 0.5026393475959526], "coh": [-1.281805830463655, -1.6151726393039691, -1.6059801271521117, -1.5531769997618488, -1.420680009161034, -1.7248602547361909, -1.5650722841402773, -1.3524902099246459, -1.571006153901235, -1.5798591361103862]}