{"p": 0.8, "p-emp": 0.7975639155340517, "t": [25.53093910217285, 26.364216566085815, 26.01227903366089, 25.22470498085022, 25.761365175247192, 25.974278450012207, 26.258946895599365, 25.483102083206177, 25.55051589012146, 26.547605752944946], "nmi_acc": [0.0923283455535835, 0.08916513750344676, 0.07227583255759776, 0.09084907202859191, 0.07908234181331972, 0.12046417135692963, 0.1008748769484829, 0.09503266380137591, 0.09294965674523509, 0.09640254780261645], "nmi_repr": [0.07236328639986647, 0.071886462848172, 0.0652911949643458, 0.070643177838523, 0.06112366293238315, 0.08024817999301362, 0.08225697907569017, 0.0651314650063246, 0.06758833873438215, 0.07606684394063384], "mi_td": [1.673869608262721, 1.5823937282792448, 1.3954889615272146, 1.4324364142592199, 1.664911710937258, 1.4470735784074524, 1.3118293250918922, 1.6891208706536238, 1.4387085904620425, 1.549413668405886], "nmi_td": [0.3185966298493962, 0.3047688394879185, 0.27492447331878994, 0.2816261752785173, 0.31665015976884076, 0.2835642257769006, 0.26149760423011664, 0.3209782543009219, 0.28212250899368574, 0.29933581443386476], "mi_tw": [0.5349941218820393, 0.5155249237527263, 0.47833769990888053, 0.49397224012755825, 0.5367192274145425, 0.4961247483016916, 0.5019238520045479, 0.5252452336728584, 0.49542160165675686, 0.5281290442916654], "nmi_tw": [0.12177274880706274, 0.11901464838782606, 0.11347393554585922, 0.11689431752057906, 0.1220541054266271, 0.11693725816867544, 0.12076800855207066, 0.11932203824917482, 0.11686991495669416, 0.12237475838492726], "coh": [-1.1392462922757736, -1.1823822926558705, -1.4122445504901826, -1.3066248623846017, -1.1893501340975694, -1.4577324096254218, -1.404774601528747, -1.0795324794298973, -1.3746605048501936, -1.1927673743241929]}