{"p": 0.5, "p-emp": 0.2833345306667796, "t": [151.8899712562561, 145.68603444099426, 150.80305671691895, 140.3499345779419, 152.09982299804688, 158.78558993339539, 201.20191311836243, 153.9684464931488, 142.21352672576904, 147.61454916000366], "nmi_acc": [0.4214687964930837, 0.3801887101477978, 0.3890237539314756, 0.39672952124673777, 0.41395570361239387, 0.40691227018887766, 0.4439384537105236, 0.3905197248689841, 0.3937489016475662, 0.3963738512384496], "nmi_repr": [0.28950316000828064, 0.2564389886513479, 0.28458264307150544, 0.28078474241932927, 0.281771643295455, 0.2807656041663593, 0.2773538234009266, 0.26715564148622795, 0.24498320961175543, 0.2555072286627396], "mi_td": [1.5094485350472093, 1.5263885254179752, 1.603448874013603, 1.5815211262336724, 1.5826295878395416, 1.5559874770846023, 1.5662701642286196, 1.5943997610856382, 1.4613515253182943, 1.521944596737501], "nmi_td": [0.2536770728636883, 0.25748286027535094, 0.2694551362890163, 0.2647981966716314, 0.26502779146348565, 0.26351129963667, 0.263353572786751, 0.2655686412846078, 0.24768545511611256, 0.2576809285423018], "mi_tw": [2.1207561225875526, 2.1108682304257904, 2.1412148987750164, 2.178841622020584, 2.1829947538703727, 2.0490841576224854, 2.13126708457213, 2.2164766030658316, 2.0956808299672827, 2.0803583616647696], "nmi_tw": [0.3444371276986499, 0.34406946684709333, 0.3477354668636995, 0.3525952383006719, 0.3533240247202438, 0.33527173898939167, 0.34630574278972165, 0.3568855526297869, 0.34316501887994844, 0.3403057644979082], "coh": [-2.3329328491748216, -2.3730371916290274, -2.4692599516901623, -2.4447621471401737, -2.5345182769505255, -2.4329048830141153, -2.4856591485753814, -2.245050517424569, -2.3305911936592216, -2.5310561185202047]}