{"p": 0.30000000000000004, "p-emp": 0.2999682553132439, "t": [138.63469791412354, 139.3573842048645, 117.78322243690491, 149.69583129882812, 135.13634967803955, 126.69851541519165, 127.65661311149597, 116.94892692565918, 146.8340504169464, 137.721932888031], "nmi_acc": [0.38642941974137235, 0.3356936837240316, 0.31988543986693585, 0.33184467060196854, 0.3201196279685966, 0.34802492749482355, 0.32684481687863487, 0.377028253556036, 0.35533042607122906, 0.36488406099343695], "nmi_repr": [0.27496703162520236, 0.2952307357111669, 0.2492129249956169, 0.23618695673886167, 0.27440707364892336, 0.2699890154509528, 0.23124136776879287, 0.24885183549602632, 0.27931170924698445, 0.2654926803369252], "mi_td": [1.0648663522163926, 1.0799547294566472, 0.9133235595358797, 1.113167051114616, 1.04925537391433, 0.8780171893810199, 0.9158953038331912, 0.9757395474258677, 1.1532820382236444, 1.0026100224490768], "nmi_td": [0.18467199473476803, 0.18851540703760755, 0.16078568425985906, 0.19224315610856244, 0.1830521009831497, 0.15550581139058237, 0.16118241822385868, 0.17154075730371116, 0.197679611029843, 0.1750953915886064], "mi_tw": [1.5161635983593105, 1.5435099288171443, 1.4177955762850813, 1.5459407096925484, 1.5267652653815427, 1.4389262456524243, 1.3894477270077, 1.5216020595956794, 1.5385709084458106, 1.519925552895954], "nmi_tw": [0.3259411680333033, 0.33451846864776, 0.31052724336498916, 0.33062578640646845, 0.3306551757839966, 0.3175321771882058, 0.304186961692664, 0.3327010222483823, 0.326003831699553, 0.3295968274677005], "coh": [-1.9740581781569428, -2.073274895756438, -2.1616388181460904, -2.0351191325490547, -2.235633962461104, -2.1642261135243017, -2.0113165948089216, -1.7453802343564828, -2.227542938053294, -2.1135415649600224]}