{"p": 0.5, "p-emp": 0.2833345306667796, "t": [140.99807405471802, 141.22409749031067, 139.57410764694214, 141.72132277488708, 140.78316855430603, 140.93196940422058, 140.48787212371826, 140.6330258846283, 137.72775769233704, 141.11465525627136], "nmi_acc": [0.3330791855183908, 0.2691085656830922, 0.2808887764282429, 0.25926860082194797, 0.24162414756517372, 0.3185788404886234, 0.25966569486951047, 0.26419993355251636, 0.3134605419114028, 0.25947527037697626], "nmi_repr": [0.1378775183415345, 0.1409837190252867, 0.13119884494351847, 0.12166923742967388, 0.10938909888848183, 0.1324376069922517, 0.1314692997188763, 0.12020653983142988, 0.1460417556429893, 0.1283709854661396], "mi_td": [1.6849750807303072, 1.689174963317515, 1.652298136957954, 1.6708924915883872, 1.6874619804279232, 1.668219164998948, 1.6622052998519314, 1.6756691562968542, 1.6828628989997685, 1.6830502784167551], "nmi_td": [0.2825351479639371, 0.28223126070828247, 0.2779085802848307, 0.2796809846407747, 0.2820746243860835, 0.2801654516076695, 0.2787936334646786, 0.2808242872442231, 0.2824431750634307, 0.2816438799278291], "mi_tw": [1.5177623404058327, 1.523236033759547, 1.472940499445738, 1.4800892628555629, 1.4950665445927334, 1.5001231729406328, 1.48989571438981, 1.4871583086495737, 1.517119430866385, 1.4677317270785963], "nmi_tw": [0.24596432399891985, 0.24600212599507768, 0.23941054842123974, 0.23945135526144756, 0.24156001726929383, 0.24347526112731707, 0.2415123867587934, 0.24087999561990117, 0.24608091706506133, 0.2373933730373542], "coh": [-2.083391032266257, -2.142017631861198, -2.212275657416185, -2.057314914291196, -2.050519855173957, -2.043966366991828, -2.148194576640873, -2.1608899931471477, -2.1939055969737273, -2.2116727172618242]}