{"p": 0.2, "p-emp": 0.19543194574042866, "t": [62.6542067527771, 61.8601496219635, 62.4739465713501, 61.11807608604431, 61.58830809593201, 59.66204619407654, 61.35227108001709, 61.28509068489075, 61.27901649475098, 61.935060262680054], "nmi_acc": [0.06576175752584766, 0.043091752427703585, 0.07312527168158574, 0.06299961982786186, 0.07368442075953303, 0.06402910436430183, 0.06515462810355553, 0.06449666978105982, 0.0793751110202749, 0.06265484468169993], "nmi_repr": [0.045998579818408575, 0.04751659262575622, 0.041762383593079364, 0.049094349202357154, 0.05716464164938981, 0.05261699571231211, 0.04388397177617134, 0.058202617593193916, 0.04643402569945966, 0.04583731173027843], "mi_td": [1.2691075231420572, 1.2920088377662655, 1.4168911305955092, 1.2340333592622166, 1.2470435937525903, 1.183143056111922, 1.1827024586050885, 1.555062304998254, 1.1209575292555014, 1.3524231243367464], "nmi_td": [0.24042967418959016, 0.24282452282676895, 0.262433944927659, 0.23482863290430703, 0.23643176809720873, 0.2260820045762271, 0.22711881902680175, 0.2824407486049864, 0.21660336599335173, 0.2531560713285389], "mi_tw": [0.7392319055045081, 0.7497464261136431, 0.7921493637523295, 0.7380242955233349, 0.7740145480799888, 0.7631987076400466, 0.7336693281354671, 0.8639823929212517, 0.7272692892417597, 0.7650457451559725], "nmi_tw": [0.13367301235068615, 0.13454631752119506, 0.14018625866922188, 0.13402319702432103, 0.14006559531594504, 0.13914541320479168, 0.13439456046031314, 0.15006330035263765, 0.13401402050399153, 0.1367642074652022], "coh": [-0.948811058191057, -0.9927696486710831, -0.7441420501730556, -0.7424741908881715, -0.7980362862834116, -0.751035363873805, -0.8087059549249721, -0.5386008557740082, -0.6843267876876005, -0.7370473842305476]}