{"p": 0.4, "p-emp": 0.2833345306667796, "t": [142.5006844997406, 142.48990678787231, 143.05213379859924, 141.23284482955933, 132.4243941307068, 142.41103625297546, 140.0592703819275, 130.21900844573975, 141.6386685371399, 141.33470249176025], "nmi_acc": [0.2685936885057882, 0.21945405583924582, 0.24484268366415043, 0.2571125592019335, 0.28495289851614614, 0.24216109068036942, 0.2884315982511675, 0.2884579318089419, 0.21604416563617546, 0.25804583339490234], "nmi_repr": [0.12345576441554396, 0.10350991525184285, 0.10835811083721497, 0.11382226106611373, 0.12522556217183076, 0.11668106778531796, 0.1338123245543457, 0.1578564692753895, 0.1155937537809817, 0.10447784634870748], "mi_td": [1.6591869394912464, 1.6040357151383726, 1.6707195787287314, 1.671133472963341, 1.6998996856846285, 1.668965846163104, 1.6901628526806904, 1.6543936125003504, 1.6595360503014374, 1.6890857224139366], "nmi_td": [0.27841185937087726, 0.2702286595752531, 0.27963254199590737, 0.27968930289075483, 0.28383493425376866, 0.2794828767975756, 0.28335704767559977, 0.27827681609840704, 0.2772969624331572, 0.2822922180627174], "mi_tw": [1.4663725715414608, 1.4489687960701771, 1.4684500738488897, 1.4956258344301412, 1.5065010485197976, 1.4801526267207696, 1.5215259684320839, 1.5099158106198682, 1.471700251911609, 1.4815584321872288], "nmi_tw": [0.23780203872455144, 0.23588333253808427, 0.2375523365839659, 0.2419381186818675, 0.2431435675457609, 0.23956465460057538, 0.24653390067160116, 0.24543394086634118, 0.23769389499678248, 0.2393333801234837], "coh": [-2.1163871833707377, -2.145804875784096, -2.022551467780019, -2.112437667428659, -1.9180450649411243, -2.0360813406869784, -2.1144511182598267, -2.1493200410592177, -1.984357970849322, -2.0599677380260673]}