{"p": 0.4, "p-emp": 0.399614642835433, "t": [56.23934268951416, 57.21219801902771, 56.5670223236084, 56.51921224594116, 55.768144607543945, 55.75342774391174, 55.763659715652466, 55.754979848861694, 55.57330656051636, 56.11562395095825], "nmi_acc": [0.39244791310389665, 0.3763049278544175, 0.33867552679725393, 0.37738122742957464, 0.3769382840207422, 0.43621509647734835, 0.3937405320667487, 0.3555866783172796, 0.41226191514013283, 0.3823722421944296], "nmi_repr": [0.22698324465163905, 0.2466742884460873, 0.22500746529218005, 0.21345854660683047, 0.23226475353748613, 0.2673522691613804, 0.27560449792656466, 0.24181148613376752, 0.2495534829551733, 0.2563626834226189], "mi_td": [1.903448672191183, 1.8781129767591236, 1.8356861198214132, 1.8571904333624367, 1.8526450310093125, 1.9128481830328208, 1.8604245785607854, 1.8746067869406084, 1.872292993038074, 1.8518570843748061], "nmi_td": [0.31887549639817175, 0.3149273321203613, 0.30859900636011595, 0.31181964385835725, 0.31148606128976, 0.32025768741730826, 0.3131888545611899, 0.3140901622994131, 0.31517232066580664, 0.31111413247890835], "mi_tw": [1.105192722739269, 1.0972331141173615, 1.0692734147849445, 1.0798792256371037, 1.09350944406618, 1.1216228495472769, 1.100579687864816, 1.0939339552237983, 1.1016861215713982, 1.076670596358153], "nmi_tw": [0.20087282571943, 0.19962984453238067, 0.19508194517687272, 0.19674678734421613, 0.19952872945245825, 0.20372623073157578, 0.20109393133632056, 0.19885838014137566, 0.20128604748535928, 0.19629224608805265], "coh": [-2.1247666570252464, -2.1421909017072283, -2.152979830925135, -2.2730090412734216, -2.1197841187868023, -1.9692084338215081, -2.193743724483115, -2.0340606930045153, -2.061330227789971, -1.966728393092303]}