{"p": 0.30000000000000004, "p-emp": 0.29685760576391884, "t": [50.554771184921265, 47.328579902648926, 51.025362491607666, 46.80538082122803, 48.02741551399231, 51.7331428527832, 47.980257987976074, 52.52302694320679, 49.061883211135864, 49.226271629333496], "nmi_acc": [0.05215585552259415, 0.05061662048339944, 0.06696545701040886, 0.037551581799793426, 0.05459143306808981, 0.0900339427901985, 0.05672124816547391, 0.07522946539116278, 0.08806064864028174, 0.04863211774855024], "nmi_repr": [0.1689935537888153, 0.14867794342630777, 0.1380884910001955, 0.18407467370259475, 0.16816723369183376, 0.17486396059313405, 0.18296522809697832, 0.19005552080361232, 0.13280525813583366, 0.13684152059828103], "mi_td": [0.4493004047731442, 0.3410946044119266, 0.45638266362373436, 0.40957990956990853, 0.41390811206364764, 0.47938289601907597, 0.42855429580390647, 0.46420687703193075, 0.3762981018142269, 0.35404850383823105], "nmi_td": [0.08891184409002753, 0.06807322431803392, 0.09026058300419333, 0.08253119152645057, 0.08345508633269771, 0.09338873437145966, 0.08521217095517573, 0.0915713079921601, 0.07361035699819259, 0.07211592134169437], "mi_tw": [1.3954348328940016, 1.304396290897546, 1.3641541285855032, 1.2215652838272828, 1.2368504664453646, 1.4667010906698592, 1.3688839762581646, 1.4180529110780995, 1.4918162833327584, 1.203828751094945], "nmi_tw": [0.29876812232435235, 0.2818484954795332, 0.29188618302235303, 0.26671542642585716, 0.27023436245597665, 0.3087465449667301, 0.2946012592117632, 0.30257267595103693, 0.3154392258745718, 0.26593725693596015], "coh": [-1.8434143870795165, -1.9001239858489676, -2.016509623314987, -2.1883760692427687, -2.0379779826697546, -1.7981564468172875, -2.074975221980891, -1.9288777175974063, -1.7329352003531655, -2.1116862517239627]}