{"p": 0.6000000000000001, "p-emp": 0.5999610044148573, "t": [60.147597789764404, 59.28521800041199, 58.50489521026611, 58.29082655906677, 55.73184633255005, 59.575623989105225, 60.30870842933655, 59.240267753601074, 57.683005809783936, 58.092031955718994], "nmi_acc": [0.039683047754534434, 0.037954437917805395, 0.03814257188770932, 0.035223034400942946, 0.0365497755324197, 0.04573610728316656, 0.04346751830515039, 0.04119846803258272, 0.04437301801050355, 0.038395151997293486], "nmi_repr": [0.023282445858620618, 0.023527433744990195, 0.023517611950286895, 0.025240956209720323, 0.01946636521152299, 0.02596363295999137, 0.026519377030241785, 0.02533292658772784, 0.0310248376227498, 0.027766973079013643], "mi_td": [1.8280845719223673, 1.840550540787586, 1.832951925320852, 1.828739282292323, 1.8440060118910153, 1.8309622611521774, 1.8369449451958544, 1.8245321637748695, 1.8289395257746255, 1.8060533016582698], "nmi_td": [0.32352687795438045, 0.32534734132242754, 0.3243083899034181, 0.3235430471878046, 0.32584374540574507, 0.32387941851155627, 0.324779769870529, 0.32315816138022774, 0.32359016294523285, 0.32033852773054916], "mi_tw": [1.695511406387386, 1.6997133888779863, 1.7012208555870216, 1.6851623715266508, 1.700219933926449, 1.7098583336001756, 1.7061248290646531, 1.6977386394351544, 1.7083507179057529, 1.6953414402749596], "nmi_tw": [0.25455638946017795, 0.254930861949788, 0.25536021376308843, 0.2529365115077765, 0.25493088864179286, 0.25660502221872983, 0.2559391349231102, 0.25506485039532134, 0.25642485273434856, 0.2550107998022929], "coh": [-2.898963547680462, -2.9402273108535852, -3.123529957437327, -3.088201065551538, -3.1448940998798864, -3.0073186890430215, -3.0098621176435616, -3.1105566544941405, -2.9152378239339773, -3.117858470034958]}