{"p": 0.0, "p-emp": 0.0, "t": [119.40605092048645, 127.26335096359253, 122.27084636688232, 120.28385376930237, 123.5958297252655, 118.90985870361328, 118.02872586250305, 118.64556002616882, 124.08476662635803, 128.6841230392456], "nmi_acc": [0.12938403163445475, 0.06777546234525401, 0.04347592235946624, 0.03495760926421064, 0.08168142713502567, 0.02612439928286729, 0.04591900309370311, 0.034142116257143536, 0.033468224546737056, 0.10344317941094375], "nmi_repr": [0.20922093147478812, 0.1863621498482273, 0.2250283649612676, 0.23276316619715462, 0.21960435953353707, 0.223764427309047, 0.23507374585250213, 0.2338777362363577, 0.23859420518282573, 0.20962609818539954], "mi_td": [0.5339128795458156, 0.5623791576224121, 0.5372059343775879, 0.5143371469253355, 0.5305818596021566, 0.5406808906386853, 0.5412074964688613, 0.5279840650937007, 0.5402547468197051, 0.5814603973081529], "nmi_td": [0.10599619980708413, 0.11249163542300003, 0.10807006938425898, 0.10431350300872921, 0.10623170993684772, 0.11016644043262588, 0.10977448405013314, 0.10854911130608876, 0.11000061882953402, 0.11484731761919775], "mi_tw": [1.6044247866741264, 1.5000222825780074, 1.4822974728568408, 1.417050529721525, 1.486868177587302, 1.352816782524333, 1.4011240242702878, 1.2824043953440847, 1.3695310425691696, 1.6366196295999405], "nmi_tw": [0.34156332836961417, 0.3219276559058321, 0.3200740771192454, 0.30866577087704145, 0.31942858258767726, 0.2961470000325038, 0.3052305541951879, 0.2834534888855978, 0.29957481154691046, 0.346513655436458], "coh": [-2.0112906208958155, -2.091049094283021, -2.0726000600874084, -2.1138535037773494, -1.8662475476437, -1.890294687920501, -2.1292436580979164, -2.107200090673533, -2.2208492262298996, -1.9248659430941488]}