{"p": 0.5, "p-emp": 0.4988492669216341, "t": [133.05291986465454, 134.8670608997345, 119.32716059684753, 114.81932425498962, 115.56583857536316, 115.64202642440796, 113.2614438533783, 114.05398726463318, 116.15803337097168, 116.12289786338806], "nmi_acc": [0.19960005972394965, 0.19204071346263646, 0.19250221495449796, 0.23585560099712052, 0.21168656413194456, 0.19893845419772657, 0.18277307913582544, 0.24973604059379456, 0.224684648018379, 0.23010784037696397], "nmi_repr": [0.2852357848665882, 0.29521656078269026, 0.289727618480504, 0.2840221893880483, 0.263824292291914, 0.26733572123130506, 0.27794885297361294, 0.26161137141043767, 0.24377101651308375, 0.25779263979261324], "mi_td": [0.9196780000495934, 0.9458476654693979, 0.9398773897900314, 0.9954521529224161, 0.9521027416359266, 0.9424186235196867, 0.9015312645660979, 0.9730630124859543, 0.9746161054437563, 0.9536969506985558], "nmi_td": [0.1745081653237727, 0.1799819437732753, 0.1780012956113173, 0.18660737797621194, 0.17820663563036185, 0.1783247402294348, 0.17085557992636663, 0.18262646636923183, 0.182173483415484, 0.18062632096523257], "mi_tw": [1.3972490017416668, 1.3537118936796089, 1.3674240254948, 1.3350399967671092, 1.4031458215454415, 1.3820553719515387, 1.4261338847996643, 1.3582309434714057, 1.366298651970744, 1.3701188328276317], "nmi_tw": [0.2938932430808396, 0.2856296244093017, 0.28701279835769145, 0.2770578128415445, 0.290696015111927, 0.289799545139474, 0.2995621052698848, 0.28224039524392514, 0.28263802631511953, 0.2875921293381766], "coh": [-1.4272748006116571, -1.2524175376772262, -1.2371903648982274, -1.2228401025799251, -1.2353945444921888, -1.1457608483069084, -1.3036959309026144, -1.2004867914314894, -1.0118272990923272, -1.3196307322750236]}