{"p": 0.1, "p-emp": 0.07168966941956934, "t": [84.346120595932, 82.68527793884277, 81.54306173324585, 82.84335732460022, 81.99472403526306, 83.57039189338684, 84.85947823524475, 82.18596839904785, 83.0914089679718, 83.0460295677185], "nmi_acc": [0.061498594686529816, 0.05808108830582795, 0.10331869255040639, 0.09237155472897343, 0.09019762129809533, 0.05846231073501571, 0.07457987248948864, 0.040684059362353586, 0.07553255574448871, 0.04089821282620148], "nmi_repr": [0.1007540150241419, 0.08883116857033217, 0.08783058125299462, 0.0693030602632943, 0.07232315524769266, 0.10411145596551613, 0.0980557179918365, 0.09454722225185411, 0.09973847324574099, 0.08386385443389509], "mi_td": [0.7292708346396923, 1.10984590619672, 0.8069436280932608, 1.1720185792724505, 1.0463639530777011, 0.9885081118847598, 1.1031242244201622, 0.6480862377900042, 0.9777931130325516, 0.8096634158424342], "nmi_td": [0.150537626153673, 0.21559525797302537, 0.16444137945889178, 0.22488451753911162, 0.20522251510933073, 0.1953057968995679, 0.21362006967403643, 0.13712107617224875, 0.19358004099353449, 0.16434794735290528], "mi_tw": [0.47619704275118047, 0.5787389601091018, 0.5410668400128482, 0.6171201483002478, 0.5887450720994505, 0.5734778909832601, 0.6025001032340254, 0.4651361115781183, 0.5606455150444285, 0.5142145384374683], "nmi_tw": [0.0992819786036545, 0.11348292376384393, 0.11135013403651439, 0.11951322688595609, 0.11656823571133326, 0.11439123633477093, 0.1177696148294914, 0.0994231770270524, 0.1120602434016673, 0.10540450636878755], "coh": [-0.9188408319484394, -1.1216890310687695, -0.7340937382684948, -0.545285147103543, -1.0180199924682294, -1.3565230377737043, -0.7187729959930488, -0.8701242584108844, -1.079984652641191, -0.8455231967299388]}