{"p": 0.1, "p-emp": 0.09999944738456323, "t": [161.27541708946228, 159.72684478759766, 168.09265637397766, 157.3080530166626, 170.11298823356628, 172.46283388137817, 143.8286030292511, 183.2630898952484, 168.2618544101715, 179.4472212791443], "nmi_acc": [0.4098797875099957, 0.4386234130805127, 0.38696834037417166, 0.43637872557922164, 0.4177596450085209, 0.44245853566220433, 0.4126451335694892, 0.40938154820070266, 0.4064427959742767, 0.38381290091647224], "nmi_repr": [0.27843581442110776, 0.28102065423425066, 0.3002413009953913, 0.3094830229502923, 0.31340244956251345, 0.31964647103041666, 0.31690757853925533, 0.28097543545543513, 0.29417565294586767, 0.28785572962033606], "mi_td": [0.9834760490288397, 0.976392241590062, 1.05478617117976, 0.9888491607646885, 1.1343194445851332, 1.1757845387536483, 0.9878001076389764, 1.1440090032147545, 1.0717529819637457, 1.1373641518734616], "nmi_td": [0.17199764430434145, 0.17145781380973038, 0.18651552575556987, 0.17460944535335451, 0.1970611825516942, 0.20409978388456868, 0.17459374203399597, 0.19747680246213223, 0.18859026337844734, 0.19676328967151893], "mi_tw": [1.7037138959819471, 1.631019660117939, 1.5565601767957553, 1.6167799345776377, 1.7102952174659711, 1.6596853894314492, 1.5971677833581754, 1.702775692012444, 1.6040763195066516, 1.6259437610795708], "nmi_tw": [0.32949871247146945, 0.3168682624363443, 0.30473699011135114, 0.31603244352304893, 0.3283447066539932, 0.3183442018950498, 0.31253480236472014, 0.32459836315165264, 0.3123425090692127, 0.31070795013187413], "coh": [-2.0571886288858208, -1.8385721020586012, -2.35664250597022, -2.248123808338423, -2.1740425762146356, -2.0257312659456774, -2.2517634625397283, -2.1114697737711587, -2.0450399815507394, -2.1383427422612953]}