{"p": 0.9, "p-emp": 0.8997739184528037, "t": [13.571231365203857, 13.511452436447144, 13.422012329101562, 13.475661754608154, 13.630158424377441, 13.47210693359375, 13.48969030380249, 13.404800176620483, 13.461317777633667, 13.197528839111328], "nmi_acc": [0.05403341746290584, 0.05405896861742316, 0.062345921080749454, 0.04919939804299294, 0.05578913759052881, 0.056562110158119815, 0.06151900342161705, 0.05333422544526431, 0.06163849347495341, 0.04771416895822327], "nmi_repr": [0.13449438504135094, 0.11622283756489807, 0.1304215269470178, 0.1346250744571916, 0.11889030885329732, 0.12950369375154636, 0.1393386688490595, 0.12851051009888464, 0.12099404125236908, 0.13416670328366107], "mi_td": [2.207742238757361, 2.2349697482414155, 2.140408796880975, 2.1842835849991857, 2.2168583543950566, 2.164963831756957, 2.1969373212374155, 2.197712112608581, 2.2129875340055616, 2.1310283236058183], "nmi_td": [0.39511892033106705, 0.39941078757676246, 0.38492952563760247, 0.3913843823392388, 0.39649543709824175, 0.3884731093295388, 0.39387939771568686, 0.393591906631497, 0.395607068317879, 0.38296334034666896], "mi_tw": [1.6771764146666894, 1.6567588227978938, 1.6954453385102837, 1.6744073729802393, 1.6485766522716574, 1.6952527763911651, 1.6644090804562892, 1.672693684806282, 1.6879554756656299, 1.7101317103655758], "nmi_tw": [0.3456165651284755, 0.3408381962331217, 0.35133731974751164, 0.34551744567903614, 0.339471620026967, 0.35039074229882045, 0.3436830788947355, 0.34496333904599774, 0.34738222393253854, 0.3540832292389439], "coh": [-2.7666987466660418, -2.8119635356452903, -2.7240929959770743, -2.8146488010735107, -2.8294193044288436, -2.7689711767338823, -2.725646029635496, -2.745384995698723, -2.7466011481769947, -2.89000619226974]}