{"p": 0.1, "p-emp": 0.08460742123123921, "t": [123.99819827079773, 123.40506315231323, 125.48930668830872, 127.3251268863678, 126.3438949584961, 124.55198454856873, 124.44953083992004, 126.07238531112671, 124.65106868743896, 124.21410775184631], "nmi_acc": [0.10859431724087215, 0.10820532774536668, 0.14148248775249986, 0.1331049174430497, 0.1420221294836479, 0.14178778144903753, 0.12647138193284188, 0.11494244789628907, 0.13977454348194704, 0.13768953273045928], "nmi_repr": [0.27273739815518394, 0.27934570465666403, 0.2619295561011782, 0.26130127840395917, 0.26067917058430773, 0.2766569586412922, 0.2712347765244483, 0.2743281265151352, 0.26278740928876426, 0.26240356036632173], "mi_td": [0.7914824747592697, 0.7985882962211236, 0.8318358021440413, 0.83974446236459, 0.8149940108160252, 0.8308566221597411, 0.8121579509330084, 0.8149143960378025, 0.8403937347358302, 0.8161390836072595], "nmi_td": [0.14677488946750314, 0.14848979429047815, 0.15306705741096333, 0.15471746813193968, 0.15018966872621958, 0.15309545319860168, 0.14955582754688845, 0.15068123087167315, 0.15545964468570875, 0.15045290611970935], "mi_tw": [1.5159131423519268, 1.4800457046700335, 1.4831225351620563, 1.4644667955890112, 1.5045576299944667, 1.4916739484477142, 1.5160474721869568, 1.4908405109202187, 1.4466528843062587, 1.5063792443376491], "nmi_tw": [0.2940258341398278, 0.28787437005364924, 0.28534344284877844, 0.2821262216143119, 0.2899148454663456, 0.2873980662488094, 0.2919018875815716, 0.28828439823454344, 0.2798662846927284, 0.2903712357019961], "coh": [-1.4024191979036482, -1.4714346948544925, -1.4611050113451785, -1.341481111990062, -1.4295363599661097, -1.288084897515399, -1.2992320132766424, -1.310087848097063, -1.4308732923510545, -1.3624883522158455]}