{"p": 0.4, "p-emp": 0.3999746534564237, "t": [57.26062774658203, 52.647014141082764, 50.056013345718384, 55.7643358707428, 61.31275391578674, 63.25783014297485, 64.5444712638855, 61.4900062084198, 56.45484375953674, 59.256985664367676], "nmi_acc": [0.0012738187613218815, 0.010054471489586776, 0.001226449891148095, 0.004139819275019516, 0.058405883678979954, 0.078150368846604, 0.005326087396454139, 0.10931062165417325, 0.069079453637816, 0.048809289474740496], "nmi_repr": [0.1288362392533416, 0.0954409496349734, 0.09086769127629876, 0.09441686835718144, 0.11191746505374267, 0.09648354577549058, 0.12474545273233292, 0.14756695357905494, 0.09812927109334259, 0.07335344366356297], "mi_td": [0.185804338676675, 0.09113183573446357, 0.10389101616292025, 0.1918306570170968, 0.1637826417093022, 0.2780169805291832, 0.2669921723177254, 0.3680540506660217, 0.12866846278194777, 0.266564091738247], "nmi_td": [0.04060894071026929, 0.02032705281255696, 0.023049489429175084, 0.04127997061719662, 0.03445951091783349, 0.057320280149960476, 0.057207498187341145, 0.07641055934642711, 0.027188450229656987, 0.05599448478496027], "mi_tw": [0.7668980533518918, 0.7189837614718764, 0.801453909439054, 0.8522482343074111, 1.0636126309291716, 1.1157410388991953, 0.8000486011228585, 0.9431112388241601, 1.0897622059980114, 1.0055014076817763], "nmi_tw": [0.25920050924586513, 0.250820229316565, 0.2772665289828758, 0.2812407462900918, 0.33914566771395144, 0.3450578828068469, 0.2622821764062106, 0.2947178864233252, 0.34976261023079114, 0.319836949631376], "coh": [-1.2823553892336934, -1.3307081892729709, -1.4422561313545377, -1.1482875715520924, -1.0537160027154875, -1.2062429323865236, -1.3244453230697415, -1.246226585353113, -1.1704350926633185, -1.174155212217794]}