{"p": 0.5, "p-emp": 0.4085434749547987, "t": [90.80169129371643, 90.10869836807251, 88.02743482589722, 84.06736516952515, 89.03983545303345, 87.69329452514648, 85.2140462398529, 83.89044094085693, 90.88255500793457, 86.3158266544342], "nmi_acc": [0.2784764135589859, 0.22252598100028276, 0.26746997815035956, 0.27051960328024954, 0.263830190214162, 0.27404970606791224, 0.24577079062832732, 0.3053275836697058, 0.2737018612732825, 0.29505096762304206], "nmi_repr": [0.21255266607512197, 0.19597872540260636, 0.18363973112745216, 0.17467752825633925, 0.17808372264096137, 0.18820986040018783, 0.1776550483561592, 0.18490193025291035, 0.187620335234065, 0.17514669159410762], "mi_td": [0.9529239696790317, 0.9630344458065543, 0.9001354128797264, 0.8611274049909999, 0.9757745041363605, 0.952302640354612, 0.8658188853224815, 0.8691381316433952, 0.937537423111449, 0.9201097713859253], "nmi_td": [0.1804059623677653, 0.18180542086126328, 0.16995083423302254, 0.16374354191178542, 0.18427373965875268, 0.18056790984092463, 0.165979272774266, 0.16449203902388634, 0.17585010843534243, 0.17274025751166652], "mi_tw": [1.867200100953105, 1.870004716414513, 1.8914648574253814, 1.853703664470936, 1.888441026609265, 1.8575395631299758, 1.757261047113651, 1.9051181791987903, 1.9615236428716811, 1.975125037230236], "nmi_tw": [0.32796055484618886, 0.32759282788312055, 0.3313879946163657, 0.326916897098432, 0.3309278756449969, 0.32673309343527873, 0.3122528261739665, 0.3345229967030682, 0.3415672024997853, 0.3442297895884373], "coh": [-2.1315762072998448, -2.0705018093509207, -2.1005380266370244, -2.033247437834829, -2.188437802478919, -2.2345988613243026, -2.1250666412830213, -2.0455826836962574, -2.0427568713114446, -2.174508932035109]}