{"p": 0.9, "p-emp": 0.8941260578713053, "t": [9.797950744628906, 8.884564876556396, 11.398061513900757, 9.654512405395508, 9.520752429962158, 10.155804634094238, 9.102568626403809, 8.933599472045898, 12.11639666557312, 10.632863759994507], "nmi_acc": [0.009295686299372306, 0.006158261928485536, 0.010117862871369013, 0.004734962276161317, 0.010384682680620644, 0.005258245649298514, 0.009870801893622631, 0.006685184961485469, 0.009169611114446507, 0.005441526120022303], "nmi_repr": [0.010161965451944295, 0.012237686084060876, 0.04376198454488998, 0.017152163000787268, 0.0172306474924517, 0.012472970716579155, 0.031122779164453596, 0.018284462881898285, 0.01354232957398214, 0.04727021484924683], "mi_td": [0.4529792358173577, 0.09887970454541455, 0.7035049786027952, 0.17215557108698082, 0.42453994391464733, 0.11625996095622787, 0.19430650790042714, 0.10293357477858064, 0.4412690695575346, 0.3903458936197567], "nmi_td": [0.09452124236833961, 0.021772784282364507, 0.1427162548925868, 0.040018472761383324, 0.09077784025540268, 0.027303340109593933, 0.04079550016388584, 0.024255169681360746, 0.09689703743541452, 0.08267855755987988], "mi_tw": [0.5752574918526872, 0.48056615409251996, 0.30577845321926417, 0.04047106371023967, 0.14526697321149046, 0.027813941344951888, 0.9088688011990754, 0.018051849684979606, 0.12288368478219908, 0.6226626391827602], "nmi_tw": [0.4418030734540325, 0.457181431953172, 0.21247744948475383, 0.049864766822063464, 0.12244296359195167, 0.036225526509453765, 0.7141525618801048, 0.023957565961370164, 0.11552329749866151, 0.5058346330765303], "coh": [-0.027171229907930236, -0.022172079561707938, -0.024714232613111856, -0.02404420501148053, -0.023763956935246, -0.026245151246102008, -0.018053921764252048, -0.025171899911233003, -0.026547241561600238, -0.022927631121141392]}