{"p": 0.0, "p-emp": 0.0, "t": [221.05766987800598, 221.890882730484, 218.6688356399536, 221.0374677181244, 224.1740312576294, 221.32850885391235, 221.46020936965942, 219.93331837654114, 225.13911414146423, 223.25133395195007], "nmi_acc": [0.2381542414869151, 0.2961226767745711, 0.24493855022812544, 0.32065309358875943, 0.27597826617355836, 0.2969491852223483, 0.24370130260092268, 0.3157015514489334, 0.2257822242691503, 0.21737751831963364], "nmi_repr": [0.24636093558270997, 0.23812148625133805, 0.22733424437052366, 0.2401599883930126, 0.2367310563358174, 0.24900934426557178, 0.25262102915285695, 0.2154134580618184, 0.22259227157574563, 0.2814383774098612], "mi_td": [0.8910867117627662, 1.0546321204131601, 0.8974593620936923, 1.1148059707902185, 0.9911953817336925, 0.9747660534396749, 0.9268346557949982, 1.0830994878032334, 0.8915270479676616, 0.8744551460991958], "nmi_td": [0.16866296161506988, 0.1960484175531093, 0.16863305518076702, 0.20697380413095529, 0.18512736000530994, 0.18219459179178962, 0.1746856918915469, 0.20086348633916135, 0.1684320250540278, 0.16576452057877475], "mi_tw": [1.3513123842289019, 1.224650487664276, 1.3308360259102916, 1.1876607275776956, 1.2663483886974678, 1.296379180632624, 1.3554793175856525, 1.2158648520048183, 1.384128662149178, 1.3490645306669096], "nmi_tw": [0.27335452938936605, 0.2430030423221543, 0.26711978349720933, 0.235347121003942, 0.2525458552480264, 0.2587407218543472, 0.2729557313547406, 0.2406499716719197, 0.27943562736108213, 0.2733395914077289], "coh": [-0.9096598759660376, -0.4484149901861117, -1.042592445290714, -0.4534092317613608, -0.5827961245117217, -0.6198566891760955, -0.93357899375413, -0.462013340461269, -0.9251480744251912, -0.8926947706122969]}