{"p": 0.0, "p-emp": 0.0, "t": [109.56675124168396, 109.85067534446716, 109.74789881706238, 110.13463139533997, 109.9768373966217, 109.17309808731079, 110.69791054725647, 110.59739637374878, 111.80818367004395, 113.67479729652405], "nmi_acc": [0.282729966837469, 0.22287278310851236, 0.2815986421867049, 0.27990098690405346, 0.2513229756266547, 0.28114218580788375, 0.29266893145702655, 0.30834840270234903, 0.26247124085685786, 0.2241299410151986], "nmi_repr": [0.17427248657556862, 0.16342512291819625, 0.15649897846601024, 0.18240941040552786, 0.18027578364956626, 0.16491040855003314, 0.16524680675605666, 0.18052808767510226, 0.17458888576089435, 0.17751838082434515], "mi_td": [1.3389414284034529, 1.3967109619880262, 1.358240248536277, 1.5592360942064358, 1.3863654337437532, 1.5036735723592618, 1.414334337328963, 1.564580312145314, 1.335290140883254, 1.3593899356524277], "nmi_td": [0.23691812613772192, 0.24260317709818585, 0.24036828195907692, 0.26634471860256415, 0.243161651802719, 0.2581903776283294, 0.24787032741183693, 0.2685765027995162, 0.23642556644591356, 0.23799701750535687], "mi_tw": [0.9839930874246473, 1.0143330049094594, 0.9992139821914695, 1.095264034911253, 1.010588892270561, 1.0747783491892955, 0.993771741102545, 1.0683197110615876, 0.9841250743541314, 1.0019812998731519], "nmi_tw": [0.1813973438251908, 0.18341683498130468, 0.18423150696174156, 0.19463656376330904, 0.18460139048884508, 0.19203038823072363, 0.18137936949991776, 0.19082322999003806, 0.18154448762091396, 0.18268271011036133], "coh": [-1.7694456107865044, -1.790337605673351, -1.9678842104782628, -1.3979120416542568, -1.696261096289324, -1.7784208014036036, -1.729364941711001, -1.428222748090912, -1.9134322562127175, -1.9588630043932025]}