{"p": 0.30000000000000004, "p-emp": 0.29812589074736895, "t": [63.79822111129761, 63.29897952079773, 62.74942970275879, 63.14734220504761, 63.539645195007324, 63.22305226325989, 63.51069188117981, 64.3185625076294, 64.93624019622803, 63.0582013130188], "nmi_acc": [0.08192233467988783, 0.08943308706432361, 0.058895805020450026, 0.06061743390518497, 0.05587514112702845, 0.06111608105974097, 0.07542766476255457, 0.06813139545266259, 0.057126601164806924, 0.06105041910921251], "nmi_repr": [0.06889401805029437, 0.05993484251805884, 0.06153969634829008, 0.08980818705372966, 0.08363215409002471, 0.06221522744501199, 0.06151772812710556, 0.06977888474795511, 0.07737031301942955, 0.06194240487866373], "mi_td": [1.103638988742131, 1.3589768499026442, 0.9291417758716825, 0.9512202638502048, 1.052511994554059, 1.231886957624132, 1.044506557009775, 1.0688809033445492, 1.036565890186386, 1.1554627042275025], "nmi_td": [0.21485662497288635, 0.2546808839724933, 0.1862666904134383, 0.18942336444687086, 0.20676432195043085, 0.23459068655748985, 0.20545526137812678, 0.2093527297897887, 0.20388958546318706, 0.22225649925345184], "mi_tw": [0.6579661346202814, 0.7087073642615356, 0.5880958618899502, 0.6158069522517609, 0.6395923187075186, 0.6649168355679398, 0.6260905905705179, 0.617418151286197, 0.6151232114263363, 0.6601888846191146], "nmi_tw": [0.13020050336757857, 0.13491857511500063, 0.11989508193894903, 0.12469472174213507, 0.1277332908875288, 0.1286585783545085, 0.12520015081914923, 0.12293045132138208, 0.12300469559563784, 0.1290531880925913], "coh": [-0.9134102407430934, -0.5776012987329462, -0.6281777500167451, -1.2249722825468008, -0.9077324232089342, -0.8062028187306293, -0.6370816228764635, -0.8525494208632611, -0.9267307996218783, -0.6338633500962668]}