{"p": 0.6000000000000001, "p-emp": 0.5999850179814923, "t": [79.46749091148376, 85.28782892227173, 77.6832869052887, 105.98669505119324, 161.18349838256836, 97.00498867034912, 82.46370720863342, 77.07686161994934, 77.96197891235352, 101.48485374450684], "nmi_acc": [0.4309669523748601, 0.42199942486562897, 0.3523630336749192, 0.3570276664142975, 0.35760487140503333, 0.37739867432803637, 0.37523651648351036, 0.40450161004842505, 0.3617306368846822, 0.40297319144732235], "nmi_repr": [0.303758193155632, 0.3000856021191262, 0.2529114741860517, 0.21692190012546458, 0.2353310868383349, 0.25735771379345657, 0.24835394908002895, 0.26275925122517363, 0.24742839546556958, 0.25652230212395305], "mi_td": [2.115542786884822, 2.2107053040415847, 2.1431520061560714, 2.0513833736953, 2.082302191947631, 2.1880604464251214, 2.2028499569036364, 2.0160832055369196, 2.0857481271335727, 2.2645556372552322], "nmi_td": [0.3477653846243398, 0.3607544676993377, 0.34932563661020527, 0.3370555387601339, 0.3415563115014329, 0.3558469915623061, 0.3569646972058354, 0.3338753503808986, 0.34142297609814337, 0.36795694061309336], "mi_tw": [2.580117298727202, 2.670040604378546, 2.6648035666721173, 2.585750399126896, 2.6069937021747815, 2.6794117450338457, 2.7220203747478378, 2.532805035393232, 2.6192424313203015, 2.7068979977408265], "nmi_tw": [0.38993127892098123, 0.40081013485619504, 0.3995976713199699, 0.3906090003702804, 0.39320482329568823, 0.40096043349983856, 0.40598917377351057, 0.3853912891007751, 0.3943104162285353, 0.4047390438230408], "coh": [-2.759481219579979, -2.457983642857421, -2.813740007335818, -2.711726853211261, -2.6649257620849314, -2.5249829324716893, -2.602458516965597, -2.3530089133721557, -2.556668398571396, -2.637453490666566]}