{"p": 0.30000000000000004, "p-emp": 0.29343249353555334, "t": [45.69663667678833, 46.4453182220459, 48.11931133270264, 48.828821659088135, 47.90928602218628, 46.7533974647522, 46.0619695186615, 46.22115087509155, 47.330788135528564, 46.25284719467163], "nmi_acc": [0.11267589373173109, 0.10843071350159672, 0.13520892056305298, 0.12213762308699729, 0.12874057346709922, 0.09106139959801737, 0.08183878554076555, 0.10830168442155823, 0.10082377964098876, 0.12152500238854227], "nmi_repr": [0.10746864234091241, 0.09301621883375644, 0.08793192681783984, 0.10054033151147193, 0.11329195438115966, 0.09411399161132286, 0.08117929086546863, 0.08958047167503501, 0.0954169436761238, 0.11017665493615672], "mi_td": [1.1543372459088468, 1.3787317858514996, 0.9975022738067933, 1.2194040259165684, 1.2227953904818367, 1.4232015338031234, 1.3522995845810248, 1.2610910637199284, 1.380619808630735, 1.459837952658445], "nmi_td": [0.2246708579768649, 0.25896185652047654, 0.1994320263845712, 0.23553888160073042, 0.23567675040222782, 0.26605843856586564, 0.2551164525111061, 0.24116310018028697, 0.26036206161632597, 0.2721360093281316], "mi_tw": [0.3995550686965821, 0.42450745268232115, 0.3779897939045967, 0.40638877722809086, 0.41088818507139496, 0.42917040313448995, 0.43165192473359104, 0.4217341473119859, 0.44729883633172446, 0.46922305464524017], "nmi_tw": [0.08899423511194329, 0.09078736845990126, 0.08682463739938341, 0.08973329678972729, 0.0904997622337335, 0.09129388655206616, 0.09277879386162233, 0.0920621150162974, 0.09610108655198245, 0.0994930549844858], "coh": [-0.7230292491052203, -0.8914761742660726, -0.817774688755226, -0.6377293183684245, -0.6273809933191992, -0.5785641565713437, -0.38319720761629716, -0.44548131967390664, -0.5577104967714585, -0.6287493168846946]}