{"p": 0.9, "p-emp": 0.4085434749547987, "t": [62.62776160240173, 61.95890760421753, 61.2511088848114, 62.63400483131409, 61.489739656448364, 61.38879370689392, 61.75597953796387, 61.98683023452759, 62.471797704696655, 61.370725870132446], "nmi_acc": [0.1556533574332232, 0.16746043246671014, 0.2034201671746692, 0.14371757419054781, 0.16061106193078858, 0.18588883520165617, 0.17724854351994837, 0.1421074424345977, 0.16993481532293564, 0.16968576969634128], "nmi_repr": [0.09572950107606353, 0.0849491831822114, 0.10528814514763936, 0.09074644303698191, 0.07622142177654158, 0.09584629588871012, 0.10668460118377708, 0.09429218135271283, 0.09070793300848302, 0.10458248799321936], "mi_td": [1.721076682626615, 1.7263743351413037, 1.6857445041529662, 1.780321493445828, 1.7900914017541703, 1.8508599373206445, 1.755897624669871, 1.7437161236669725, 1.8440680388610449, 1.7426294639240094], "nmi_td": [0.32210842575075554, 0.3222999722230721, 0.3171644598912837, 0.3297871362510097, 0.33169320063861224, 0.3410997044678908, 0.3271185577879471, 0.3248354444179147, 0.34007454726947683, 0.3259443272693898], "mi_tw": [0.6851023497354372, 0.6926526509549037, 0.7170400814231699, 0.7004380379826803, 0.7146477557547654, 0.7384158468526957, 0.7130598459881529, 0.6928813570585437, 0.7269724556074019, 0.7033392801373047], "nmi_tw": [0.11905675131052847, 0.12009207700382918, 0.12521857994062802, 0.12056448781659422, 0.12304355666321865, 0.1264970824085239, 0.12338745786191205, 0.11989107516519158, 0.12461389223365801, 0.12215711828120501], "coh": [-1.2194104364620386, -1.2752867284838028, -1.166219002606522, -1.3343290778553136, -1.4024865468272687, -1.213360055246314, -1.2374678119554212, -1.3234964622609786, -1.2779499539432158, -1.2201322663562437]}