{"p": 0.4, "p-emp": 0.3980488990979474, "t": [76.51816487312317, 75.55444550514221, 77.61940813064575, 77.75072574615479, 78.98091316223145, 85.3135757446289, 79.82329511642456, 79.30216360092163, 76.52293276786804, 73.70821356773376], "nmi_acc": [0.45875687751675687, 0.42188340585236234, 0.4360552620721762, 0.44498184793898027, 0.3560319042931015, 0.46166604241787573, 0.44766395315340557, 0.45504533514590806, 0.47305417765378555, 0.4349087780613824], "nmi_repr": [0.2983182783990336, 0.32458682143377743, 0.2953550183938592, 0.2967664248907318, 0.28177085693401527, 0.283220188651926, 0.30666858619151216, 0.308089526986365, 0.3366695770555974, 0.31201041200461177], "mi_td": [1.4236720894096186, 1.2762617384144932, 1.3251913363683068, 1.3473444411539635, 1.2110525079696755, 1.4255351355235841, 1.3541842511674864, 1.4324576645128455, 1.3801694361234007, 1.2037333684197118], "nmi_td": [0.24823208055138224, 0.2227714988313225, 0.23285935308194716, 0.23431118476027554, 0.2143233149979413, 0.2452991071927389, 0.23640024716560384, 0.24678935121796625, 0.23958803194211187, 0.2123443277055956], "mi_tw": [1.6548468106656107, 1.6909505258660111, 1.5742624998569281, 1.6989109620808558, 1.5470841069634163, 1.7634991972228746, 1.6274026286870478, 1.7324872231329886, 1.7138215795772724, 1.5986481211794636], "nmi_tw": [0.31722164177765705, 0.3245299581664347, 0.3043585189363655, 0.3247353451862459, 0.301456547711492, 0.33318460075408945, 0.312373512721718, 0.3277614701753758, 0.32693805698135364, 0.31040362407842514], "coh": [-2.2914134640386274, -2.232491076378586, -2.180032409988779, -2.087657937615717, -2.439521667614633, -2.0302511714910043, -2.190660950444196, -2.2162421593366, -2.15962909713071, -2.3235946099756157]}