{"p": 0.0, "p-emp": 0.0, "t": [212.6778166294098, 213.57862520217896, 207.7927689552307, 209.02855563163757, 210.26276755332947, 207.71262907981873, 205.23896503448486, 201.54560661315918, 210.64079570770264, 202.80729866027832], "nmi_acc": [0.47178506958114214, 0.46868808726632866, 0.46475401145009265, 0.45668187605808397, 0.47191879128406705, 0.4680960852233044, 0.46474701452420986, 0.470594409622785, 0.4535185866304206, 0.47072540010070063], "nmi_repr": [0.41981371418083824, 0.4250846595026825, 0.41562844919072306, 0.4146488183715871, 0.42910398717400494, 0.417830871038581, 0.4051445738114586, 0.4119418265649295, 0.4076125389429764, 0.40573583511666955], "mi_td": [1.6722714301936705, 1.6582130916064155, 1.677543056859517, 1.6591681719206401, 1.663475148354506, 1.671285650325241, 1.662849686515455, 1.6673259610886655, 1.650905949835081, 1.6927293073448793], "nmi_td": [0.2824022438833684, 0.28047530264645054, 0.28283637041585175, 0.2799085833419679, 0.2814695973319541, 0.2816215981268226, 0.2810146759994539, 0.28057271137536444, 0.27802941978164825, 0.28548026621518535], "mi_tw": [1.5844200070984569, 1.577910495379844, 1.5878349788806434, 1.601052237633072, 1.5765330294832334, 1.5882841189873802, 1.5841178781407579, 1.6010264424325136, 1.611598445219537, 1.5804996020129372], "nmi_tw": [0.2782311625907923, 0.277548172045648, 0.2783640554384192, 0.28085880137770175, 0.27741273502487923, 0.27827864527877644, 0.27838775529690324, 0.2801150049612695, 0.2821966533817723, 0.27716235017800345], "coh": [-1.501145319599762, -1.4876425394422985, -1.4883593947016789, -1.446961985513886, -1.6006189213720543, -1.4401532137274102, -1.4726639280168152, -1.462081537171914, -1.505454707297126, -1.428470215152974]}