{"p": 0.1, "p-emp": 0.0848281222717262, "t": [76.37150502204895, 76.37498307228088, 77.35095810890198, 76.31432676315308, 75.59424638748169, 76.60733342170715, 76.81526231765747, 75.43583965301514, 76.02816581726074, 74.94627451896667], "nmi_acc": [0.1741084341272492, 0.18044066806468143, 0.13779557474771578, 0.15618103024775018, 0.14184794583245855, 0.1457671517655801, 0.17013174849459564, 0.16079049080682664, 0.14645257760919128, 0.19909028879435053], "nmi_repr": [0.09499963477265738, 0.10404793319320586, 0.09198589379985629, 0.07413053383321151, 0.07815923255438896, 0.08695694113366367, 0.09812302656987651, 0.1040454616157788, 0.07222730158126947, 0.09727304831091511], "mi_td": [1.3353072249701703, 1.2665086026627912, 1.2711373194444084, 1.3711538976036342, 1.3141150628063953, 1.2842866267788682, 1.352912901694514, 1.1926820977402404, 1.4505650532083672, 1.262450496072889], "nmi_td": [0.26210241991647465, 0.25255998917589534, 0.251292498853547, 0.2685805983986878, 0.25851821962351434, 0.2541765068996224, 0.2654463947016296, 0.23859862166391552, 0.279233441219809, 0.2531331689449085], "mi_tw": [0.35488082557088335, 0.3512336533558997, 0.32309239736991147, 0.3544884035501976, 0.34313273428250346, 0.333486693645599, 0.3661823984042099, 0.31288367509369797, 0.376630766191894, 0.344016017967964], "nmi_tw": [0.07227102140823664, 0.07271165593448664, 0.06628606292486755, 0.07203582248505148, 0.07004031458781, 0.06849813974115915, 0.07454000664110925, 0.06498761647779443, 0.07516639319251235, 0.0716235450070954], "coh": [-0.361899815480142, -0.5040961774014932, -0.6015754518491476, -0.6061387503616549, -0.5149425718181966, -0.6194182590540548, -0.5158624586123672, -0.6428042342390825, -0.3731924619233976, -0.38412363532652205]}