{"p": 0.4, "p-emp": 0.399614642835433, "t": [70.91396260261536, 68.49551558494568, 74.40629434585571, 74.69711256027222, 70.29963564872742, 65.47830080986023, 71.73224687576294, 69.0043363571167, 75.43481397628784, 72.63540554046631], "nmi_acc": [0.4199234116285698, 0.4532493625959673, 0.43430846903595244, 0.4095110902715431, 0.41332394714079984, 0.4025351583294339, 0.4307117665491268, 0.46608531260246966, 0.41422816562946313, 0.4007509588447226], "nmi_repr": [0.3091145342520674, 0.305175762874906, 0.3203860268955563, 0.289388128044077, 0.24951107418955507, 0.2737018187186703, 0.2800405913685687, 0.32363039488020057, 0.2912845290709465, 0.2827840402170819], "mi_td": [1.0960236992748205, 1.162196947762337, 1.1873738811441266, 1.1509689648482526, 1.079273625535762, 1.103018482409203, 1.0899698593096117, 1.0551137022295636, 1.1917190365219394, 1.1789448384113999], "nmi_td": [0.19129455712232366, 0.2040425562035599, 0.2069146214017869, 0.20058379119056308, 0.19085266575693208, 0.1941725020881511, 0.19089165402472758, 0.1857394973951788, 0.20643654741454548, 0.20476432538382217], "mi_tw": [1.6413080119886596, 1.5917523802915685, 1.6082731808202384, 1.610299038130532, 1.4853548723471532, 1.5593600314999874, 1.640347643413599, 1.5776649516510528, 1.6723001670128308, 1.6138124352496477], "nmi_tw": [0.3119048795484884, 0.30443449846188847, 0.3051073543606593, 0.305513532929173, 0.28632197105212776, 0.29911131640516625, 0.31288900898964317, 0.3026225559097737, 0.31520068921683253, 0.30505303530918887], "coh": [-2.29928203067583, -2.2985293750507485, -2.434012765293414, -2.4011967303027775, -2.3218084603651468, -2.361826795285608, -2.393366768552033, -2.3498039057297775, -2.3595610218380374, -2.336200764391088]}