{"p": 0.5, "p-emp": 0.49983705416208235, "t": [53.18155264854431, 55.801230907440186, 54.97066831588745, 56.143261194229126, 54.21249866485596, 59.52728509902954, 53.660037994384766, 55.94108557701111, 55.05574917793274, 54.76523804664612], "nmi_acc": [0.10759825691713633, 0.11032302829062857, 0.15728514976516073, 0.12450465211989484, 0.1481544520271182, 0.16134259838360504, 0.13988436894133338, 0.1271828050997622, 0.11897876621163837, 0.15550224469390042], "nmi_repr": [0.09723250449577267, 0.11337605485477979, 0.09672501659113925, 0.086751778658161, 0.08840401704124307, 0.1231245688016852, 0.10556864825377336, 0.096040877062342, 0.11617594186235687, 0.10705241862979442], "mi_td": [1.1337984486349955, 1.1373034223740328, 1.1354355789745312, 1.1182317250940133, 1.0777915556542255, 1.25649298101371, 1.0318302971322648, 1.2082966728215108, 1.1407132805016573, 1.1336812616107022], "nmi_td": [0.2067771876079588, 0.2055918084064216, 0.20271369311887807, 0.2008498823151002, 0.1950942938158211, 0.22479757976296627, 0.1873055192936797, 0.21787199852646746, 0.20547098207585915, 0.20318403280103056], "mi_tw": [2.2455889483646523, 2.3178366985582732, 2.4201585427697263, 2.3770207186659347, 2.3206113866440083, 2.4066829990189986, 2.2662993378949734, 2.3452800982221182, 2.3804210567181077, 2.3852077249083985], "nmi_tw": [0.3532649680268901, 0.36186045530155325, 0.37378930884433326, 0.36904637122083694, 0.3627119425738971, 0.3723830598539926, 0.3550918806443594, 0.3653435522215379, 0.37048309766378296, 0.3696243122954906], "coh": [-2.3122267549172717, -2.5972339656653327, -2.3336988685522058, -2.384296349130732, -2.320184705984186, -2.4038726123348435, -2.423447771242358, -2.29172541741015, -2.4436205914104154, -2.239081181823396]}