{"p": 0.1, "p-emp": 0.09999637729880351, "t": [114.22814965248108, 114.07022666931152, 117.51212430000305, 101.11282253265381, 111.79875183105469, 116.61660933494568, 119.52408599853516, 107.76363205909729, 104.83304715156555, 117.71590375900269], "nmi_acc": [0.39858830301964293, 0.343539454804028, 0.3863419947010139, 0.29680179314306737, 0.4186148202734379, 0.33447756041245064, 0.36750218482371716, 0.31964294066883775, 0.35249144372661945, 0.3434927127976859], "nmi_repr": [0.3014243872619269, 0.31513349004835245, 0.3155430933077281, 0.2864770235459905, 0.24803808720275644, 0.28503009178552924, 0.2786789216671618, 0.26856296903108373, 0.27443556888697773, 0.2551666130716609], "mi_td": [1.0894207256364266, 1.0076442707161701, 1.1020186568937402, 0.7962556024273857, 0.9607016917578678, 0.9900288450068417, 1.035190887928825, 0.8417802277774302, 0.8510658321623239, 0.9568246430050197], "nmi_td": [0.19410973400437498, 0.18036195798871585, 0.1960619695868781, 0.14529921719104136, 0.1711239942609315, 0.1766069173303382, 0.18280083182190293, 0.15144270784736094, 0.15320607537226952, 0.16885337596788], "mi_tw": [1.5058563770788393, 1.4907367928643016, 1.498352473887242, 1.3896158633536624, 1.511845308219605, 1.4662187227512518, 1.6319803220262237, 1.5110817499551243, 1.5355202474876612, 1.6353311813432272], "nmi_tw": [0.29586999048952317, 0.294380390709784, 0.29391222733737393, 0.28031700718486857, 0.2969491669327137, 0.2884539838118119, 0.3174974985815514, 0.3000798381989696, 0.30513703673466547, 0.317923238901235], "coh": [-2.119910683890178, -2.3647272913009574, -2.1019565767718453, -1.9981578720741717, -2.0600750514216215, -2.226474846854879, -2.0679784872911693, -2.126776074733428, -2.012124060630295, -2.2182233064161947]}