{"p": 0.2, "p-emp": 0.1998533023225585, "t": [138.69122791290283, 137.45677971839905, 137.72339057922363, 134.09668469429016, 135.38224482536316, 134.47962832450867, 136.1363387107849, 137.78664708137512, 140.60001635551453, 137.57598066329956], "nmi_acc": [0.1485955537400228, 0.16712238360122822, 0.1533171634056385, 0.14897609521874475, 0.17937882574947864, 0.15001953675163435, 0.1524695352835667, 0.16763577164396826, 0.17185526597651318, 0.18641337653725618], "nmi_repr": [0.3039940834188756, 0.30520766742909944, 0.2944030687418501, 0.29566494227967427, 0.29270348022575876, 0.28945005767135507, 0.29982841355705503, 0.3106392906774858, 0.31382901837184973, 0.3166897834072026], "mi_td": [0.8910069648325437, 0.904750317673194, 0.9056120535074721, 0.9145821801015066, 0.8918839587399856, 0.8751358840435158, 0.8874848705951044, 0.8936005225831195, 0.8968919023192489, 0.9107627198712842], "nmi_td": [0.16633751084158702, 0.16799850626170892, 0.16736520187823561, 0.17096969907157739, 0.1656438741290272, 0.16225583029207877, 0.16444142487248326, 0.1658458144281138, 0.16618001675327285, 0.1679400511605133], "mi_tw": [1.70065640899257, 1.7092793104764328, 1.7223564061759784, 1.6359039927011074, 1.720192403652367, 1.7339094658766383, 1.7350305006584363, 1.718651659991123, 1.7274863807047995, 1.7384090463488389], "nmi_tw": [0.3063057071396771, 0.3062675968807855, 0.30720559695713967, 0.2950277971077833, 0.30828488013200744, 0.3102311460965334, 0.31024239865345504, 0.3077994596945554, 0.30888548099989105, 0.30939840245308753], "coh": [-1.6878755895468853, -1.7449357008465036, -1.6548027412927397, -1.87810762287546, -1.7351022207509668, -1.7772854420684006, -1.7174629397543473, -1.7462872511739609, -1.7375243355385002, -1.7214824069541337]}