{"p": 0.0, "p-emp": 0.0, "t": [147.37141394615173, 140.02881479263306, 136.03013610839844, 140.65070390701294, 140.69822907447815, 146.58037400245667, 136.85301852226257, 132.05757451057434, 143.49293732643127, 145.31980919837952], "nmi_acc": [0.37332087619102644, 0.3610272160748035, 0.3496628530564371, 0.337808740394954, 0.2706008229226279, 0.3705981566367391, 0.3204013325347558, 0.34733926093697665, 0.3488467500412389, 0.27570341222467226], "nmi_repr": [0.27553684550580404, 0.2804260247436217, 0.27390371264589986, 0.29110828900859215, 0.26472611946117697, 0.2588639589788405, 0.2845124932575279, 0.25530854784014545, 0.2378002777306593, 0.2534805370725417], "mi_td": [1.2631002563827933, 1.1343011218847852, 1.1667153117131168, 1.1299926890064145, 1.1370906574357083, 1.1775330220527451, 1.1249763060000508, 1.06143642532739, 1.1570856137398198, 1.1118212871993416], "nmi_td": [0.21699538159581838, 0.19783151197234228, 0.20252335987706743, 0.19839346056262003, 0.1995551763843457, 0.20438048075648962, 0.19821796364485694, 0.18496008950790613, 0.19937591746208125, 0.19653447604362986], "mi_tw": [1.9500427173534265, 1.8480268142868366, 1.8868850682581095, 1.777568096870887, 1.7713804316648114, 1.8563042986001161, 1.7190659097496563, 1.830106206127823, 1.9404451385185493, 1.6931389208555339], "nmi_tw": [0.348602528113477, 0.33559630354590275, 0.3409674276130346, 0.32504169109812375, 0.32376747946095485, 0.33540606392730155, 0.3155132701096592, 0.33203689416547877, 0.347964486608945, 0.3118030890135521], "coh": [-2.240169315744005, -2.47810089405206, -2.262762658946022, -2.5615405312646433, -2.338397972004862, -2.468808393168855, -2.4898860029270637, -2.2189815636746344, -2.2324786559313967, -2.386307784261815]}