{"p": 0.6000000000000001, "p-emp": 0.5992623197936411, "t": [81.0142810344696, 81.75019001960754, 81.09472751617432, 81.42010021209717, 80.8843822479248, 80.50520491600037, 79.83377575874329, 79.08899664878845, 78.70801758766174, 78.59690833091736], "nmi_acc": [0.06981064165620565, 0.08143731408022457, 0.10515743558482628, 0.09015942601850002, 0.08533576804544098, 0.07545396622333826, 0.07725040640333233, 0.07790984376491542, 0.0836579339607642, 0.09165927118065735], "nmi_repr": [0.018911519573762216, 0.020203273804191936, 0.022095498209068833, 0.028036147758333296, 0.022347864647771068, 0.020578587861186236, 0.022217189773871427, 0.02393889330890982, 0.024629704729434466, 0.024191181944362126], "mi_td": [1.642458421956268, 1.6442655352970672, 1.643611375274825, 1.6478875554189887, 1.6421534427406173, 1.6365420606531151, 1.646531631359772, 1.6397012342580255, 1.648028681524944, 1.6392644936283935], "nmi_td": [0.27315277199886845, 0.2734331640009498, 0.27374766792479155, 0.2739860447753275, 0.27323576096607316, 0.27225664066613453, 0.2738257793482373, 0.2727842160259962, 0.273936837069897, 0.27288623808655854], "mi_tw": [2.0081085886845, 2.013162338348885, 2.018130276202794, 2.0215673205012163, 2.0100889565166753, 2.0067535560630616, 2.018464234889236, 2.0164327482240263, 2.0181123438387862, 2.0119349989315154], "nmi_tw": [0.298567911616719, 0.2992995962283429, 0.3004535326949968, 0.3005006954740095, 0.29899316164475337, 0.29845249333821, 0.3001032928988356, 0.2998939996716409, 0.2999159889323595, 0.29939640267527984], "coh": [-3.064634466929415, -3.1093713084442194, -3.000136987085684, -3.1422411640669994, -3.0283208356191214, -3.238018556284632, -2.988204767160846, -3.155648877344175, -3.0062166980930476, -3.129157964628525]}