{"p": 0.7000000000000001, "p-emp": 0.6999921144086652, "t": [43.88498902320862, 41.3089325428009, 40.53592610359192, 43.023090839385986, 41.35737729072571, 40.99818682670593, 42.99503517150879, 41.175760984420776, 40.81760001182556, 43.0268292427063], "nmi_acc": [0.1061429144553551, 0.14079222207559286, 0.12386151741281495, 0.11242877390271688, 0.08537763462085032, 0.12064206492669728, 0.1331911397368062, 0.11455776003044005, 0.11153003270239678, 0.1255848773138532], "nmi_repr": [0.045417185083897624, 0.053752436702682725, 0.06746912545691278, 0.05360469808723582, 0.048939273703901325, 0.05367329456628661, 0.06662578286325328, 0.06262840018028068, 0.06353071916828396, 0.06240175164883826], "mi_td": [1.996855557701455, 2.0049651027232454, 1.9930179685622802, 1.9840366130529103, 1.9730708379654984, 2.007494785616858, 1.9925793831402696, 1.995452345788907, 2.004216241113155, 2.024249170470251], "nmi_td": [0.36127277456971035, 0.362819957890143, 0.36088959922556785, 0.36017633046933173, 0.35817181656818003, 0.3631081507838258, 0.3613170277073654, 0.3613576372473783, 0.3626337124158376, 0.3659312399799344], "mi_tw": [1.2882985223898493, 1.3301802316395197, 1.3151042484893085, 1.3089218805581577, 1.2727291059259438, 1.3321521510709526, 1.3188246456468125, 1.3307320418620006, 1.3222828349113807, 1.3240065927341367], "nmi_tw": [0.20551238968935281, 0.21223471837750912, 0.2099480913663111, 0.20942917807519834, 0.2036313635358653, 0.21246185801018416, 0.2108027362303064, 0.21245708376775302, 0.21094864249601608, 0.21105727494352147], "coh": [-2.292358862997086, -2.334875144700555, -2.3559202181947327, -2.44768831853467, -2.3699347432058717, -2.3999878591838146, -2.5069386483294567, -2.3784339477095573, -2.3124087649915537, -2.4949548069607]}