{"p": 0.2, "p-emp": 0.19765027916289812, "t": [134.30846905708313, 131.34287190437317, 123.8272500038147, 131.60497879981995, 128.2429904937744, 130.93453550338745, 122.32671356201172, 122.41699290275574, 122.28894186019897, 124.38348293304443], "nmi_acc": [0.38234590166438687, 0.27562195276333107, 0.38899314841049953, 0.3606825440903527, 0.30714789900139117, 0.32402912132828543, 0.31788405505436423, 0.3249764596688405, 0.29711330736207664, 0.35629015999136315], "nmi_repr": [0.24060570607742132, 0.22966079900725742, 0.22815667463552014, 0.2544755691934674, 0.2529980292245901, 0.256993527871823, 0.26041121841495984, 0.2618197396652947, 0.24118867105163838, 0.2749641927432277], "mi_td": [1.2547427244153975, 1.165119268262109, 1.1563543049466112, 1.1659692409059677, 1.2609572505906408, 1.212380998751471, 1.1671878424640836, 1.1397075510990555, 1.080553218036288, 1.193635087293389], "nmi_td": [0.2161535716190182, 0.2026139051379736, 0.20054491721093726, 0.20344429558647747, 0.21778229053859613, 0.21039260174444233, 0.20331038572012144, 0.1993273232664953, 0.1904073583670844, 0.2090843312079797], "mi_tw": [1.9260588470618862, 1.8433687772611216, 1.9118758407973069, 1.8315054698345252, 1.8937467317227306, 1.8459964840395209, 1.8705191191053527, 1.8025429207797539, 1.7751778896309822, 1.7952009354479097], "nmi_tw": [0.3509926445418674, 0.3392888948262579, 0.3508894005627258, 0.3383067165108867, 0.3460424500652798, 0.33902194250647033, 0.3448908026660709, 0.3337817458315494, 0.3313413370680628, 0.33297093803879396], "coh": [-2.4919509247403173, -2.406571190981745, -2.3136045968779686, -2.3378559064139357, -2.3332164729132705, -2.301267703634444, -2.4047027903138103, -2.471138059090574, -2.6878585198749105, -2.445124803143882]}