{"p": 0.1, "p-emp": 0.09881869240135355, "t": [259.07589292526245, 257.95839977264404, 254.48919820785522, 254.63641738891602, 253.72063660621643, 260.2648894786835, 258.69710874557495, 258.71703815460205, 257.6119728088379, 257.03021264076233], "nmi_acc": [0.46043094205008195, 0.4731550374877185, 0.4734501638819562, 0.4663463916540507, 0.4784811078774378, 0.47658352389260755, 0.46292389959473396, 0.4684037779752209, 0.46304357357447623, 0.4650323276829319], "nmi_repr": [0.4141757886802845, 0.4310487728338356, 0.4238317491087649, 0.41081336454941325, 0.42354045499968274, 0.450189421714547, 0.4336053489873154, 0.44382653252215554, 0.41340737669098104, 0.4060660143783365], "mi_td": [1.679200530178494, 1.6762917395865227, 1.669349427107622, 1.6763831798568163, 1.7004621129165953, 1.712801987794275, 1.7029130762415101, 1.6916992738255932, 1.680710550306119, 1.6755704472393873], "nmi_td": [0.28318636928059565, 0.2825434526295968, 0.2814211064738857, 0.2817092448117095, 0.286269388633597, 0.28835323501698135, 0.28660860234712954, 0.2851734949404121, 0.28327982595509565, 0.2817739914302617], "mi_tw": [1.5683383014504264, 1.5784190316752396, 1.5908439655899564, 1.6008275557983194, 1.5795021616564036, 1.57329662954365, 1.5840275627246683, 1.5835668643182377, 1.5851750680504342, 1.6034662715327068], "nmi_tw": [0.27793604830647617, 0.27956409865895027, 0.2818150578818995, 0.2826372895199129, 0.27939898773111377, 0.2783078322322227, 0.28012410765817286, 0.2805100378012199, 0.2807519261102358, 0.28331585015325145], "coh": [-1.4882052641182282, -1.584846668158888, -1.5922541475926835, -1.589411830018438, -1.642385979387716, -1.5290672045808251, -1.5986537985773468, -1.5698590201640428, -1.562240683434427, -1.5556189113952765]}