{"p": 0.30000000000000004, "p-emp": 0.29707106607562284, "t": [69.29415702819824, 69.27070999145508, 69.04817342758179, 69.12817931175232, 67.91248917579651, 67.73198127746582, 68.67845344543457, 67.37811136245728, 68.03620147705078, 67.2990870475769], "nmi_acc": [0.14029178319431979, 0.194745359650856, 0.1727219525527692, 0.17810259582554872, 0.15783903998548218, 0.14365308380432087, 0.17301860070609368, 0.1625843086369542, 0.1698643322221115, 0.16356608880536108], "nmi_repr": [0.07340718428383342, 0.09908031810090613, 0.11345331093268327, 0.10495900562851476, 0.10225280216249763, 0.09298615709696623, 0.0880659946146136, 0.0845804539573788, 0.08806891390962195, 0.09339043073341574], "mi_td": [1.6947214222491724, 1.6214522590307772, 1.6714571533350626, 1.8407265134965693, 1.8226565321262358, 1.6663070935177728, 1.5402820467800333, 1.7099965120697616, 1.7364360564337835, 1.6204162246853622], "nmi_td": [0.3178235639129118, 0.30843924658035754, 0.3154186076555515, 0.3389089420788973, 0.33663237163129056, 0.31342780693405625, 0.2952905252575877, 0.3204028209480057, 0.32380919884081827, 0.30685642814588715], "mi_tw": [0.561722369905043, 0.5694986847833174, 0.5804703167571216, 0.618352491220673, 0.6153451468240455, 0.5692687746051426, 0.537088271200888, 0.5809773241645554, 0.6041649876872068, 0.5599980875368451], "nmi_tw": [0.1007331162710647, 0.10352583209819433, 0.10471674567833723, 0.10895307184582981, 0.10874792206440172, 0.10237781829654041, 0.09836368060212532, 0.10409742370815542, 0.10775960320749936, 0.10136134335078156], "coh": [-0.5909578212335103, -0.7168383285431045, -0.7450942226019717, -0.4969729382655975, -0.43781775140302404, -0.6378116138955635, -0.8521151187760523, -0.6525296328126415, -0.48161421015657196, -0.7343759171566331]}