{"p": 0.4, "p-emp": 0.3986036870772056, "t": [80.06066513061523, 82.1911633014679, 92.87368154525757, 75.46594882011414, 80.78891563415527, 80.09691095352173, 81.06894397735596, 73.87898063659668, 74.70029926300049, 78.23770809173584], "nmi_acc": [0.2635230201905865, 0.2781609886636451, 0.2834440434934251, 0.2539809730934891, 0.2439490827393239, 0.287546053316009, 0.28620214306476355, 0.28942497121522676, 0.28352173880300463, 0.2818455261431583], "nmi_repr": [0.17218150910061422, 0.17686608763402173, 0.1866338990764073, 0.1568073711582714, 0.1517040124167717, 0.18897585628654961, 0.22187165712148096, 0.19040861889698457, 0.19452378732129336, 0.1985841939356122], "mi_td": [0.9368832036869457, 0.9855595197778086, 0.9891716367940457, 0.7869985979174857, 0.9555177905513115, 1.0060403121403354, 0.9942840341088512, 0.879960543957454, 0.904811098813866, 0.8879296992542609], "nmi_td": [0.17699937756449516, 0.18426824751809795, 0.18610393969041705, 0.15044324255431568, 0.18015430897090656, 0.18931912539054097, 0.18964851515453032, 0.16498207212317129, 0.17189621920102705, 0.16807765680375505], "mi_tw": [1.8781552352651867, 1.9596688377353557, 1.890244570744238, 1.7944436041724106, 1.9303027187815776, 1.906996752731613, 1.7754285620009127, 1.9997928029609635, 1.831557710153839, 1.8930350610991422], "nmi_tw": [0.3275185039464362, 0.33846558618150596, 0.328366191749522, 0.316337724227935, 0.33598281682554965, 0.3313433702298466, 0.31234835732698535, 0.3462826203374414, 0.32104076641074486, 0.3307067256875449], "coh": [-2.1950986590714265, -2.178401157074461, -2.0405494483114506, -2.099385856373207, -2.224450788188553, -1.9721878727770008, -2.0199199486540182, -2.158220666132298, -1.9229238360645922, -2.238009905312377]}