{"p": 0.4, "p-emp": 0.39991086723395963, "t": [46.408467531204224, 47.84588003158569, 44.38426661491394, 42.45690870285034, 47.42224597930908, 45.14580178260803, 51.901719093322754, 41.9173264503479, 43.82757258415222, 42.686240434646606], "nmi_acc": [0.03252051829126965, 0.06068415454020151, 0.030763957067972084, 0.027152189951830646, 0.027155544830202508, 0.02807240307697495, 0.029821399692873913, 0.026749919930632284, 0.030452583750956656, 0.028670349586762827], "nmi_repr": [0.1066314922733706, 0.0991517919382621, 0.10720111441717498, 0.12515498847477663, 0.15064401105232844, 0.13961726128166388, 0.11879165581865857, 0.105167932091008, 0.10536439239879752, 0.09452180151173074], "mi_td": [0.26764409055938876, 0.33373598183164815, 0.3323924392367685, 0.26929160460501633, 0.24416159194584838, 0.28672314013617844, 0.3407208217700485, 0.2139027093902932, 0.21690881707679716, 0.21098330069515303], "nmi_td": [0.055000291727002756, 0.06813309937844335, 0.06833140737110277, 0.0563958165626985, 0.050313605682621214, 0.05892403312457665, 0.06951133036638074, 0.04556851929931812, 0.044677835847264764, 0.043341110972752894], "mi_tw": [0.9793604400944798, 0.9072110290958653, 0.9931735347315604, 0.8502838352852118, 1.0220379428809259, 1.0177334211025941, 0.9894000967994743, 0.7271617690058103, 0.9793541666370548, 1.0710574989352404], "nmi_tw": [0.2880351313932685, 0.2643229831881715, 0.2922535280226393, 0.25696562772798254, 0.301779307704749, 0.29934291268325297, 0.2879871153177524, 0.2252668642075851, 0.2889917507667445, 0.31484248709353196], "coh": [-1.344546883401166, -1.2675551289972182, -1.7772274872678944, -1.5818898005032975, -1.5156602742016068, -1.5157546409792861, -1.707351310034745, -1.380768278717632, -1.4723323608795849, -1.521752589194682]}