{"p": 0.9, "p-emp": 0.8993374140913253, "t": [30.518721103668213, 28.701228618621826, 32.55643081665039, 29.42502212524414, 29.442382335662842, 29.817127227783203, 30.869516372680664, 33.79465889930725, 30.625847339630127, 31.484477996826172], "nmi_acc": [0.035261407098219885, 0.03274059736962817, 0.030859664714064695, 0.028374207439304817, 0.030501699928869353, 0.031180328296735848, 0.0281058718438466, 0.028764952849432587, 0.031224850369053207, 0.026531016339015813], "nmi_repr": [0.06109849404464928, 0.06076426067962681, 0.05939031889909354, 0.05771648143738346, 0.05839047791244726, 0.06021122903293997, 0.06069189631027075, 0.06239138665489101, 0.06624619014861066, 0.06236835314183573], "mi_td": [3.3264918737661406, 3.2102353527468184, 3.3049137006870284, 3.2232928358676247, 3.291214422397913, 3.27782609476765, 3.2758095547250012, 3.4071196482995467, 3.3229746006942618, 3.314040543794369], "nmi_td": [0.5095283899728302, 0.4957422329199767, 0.5072145921185333, 0.4967858747752545, 0.505101112304937, 0.5033328326800192, 0.5033805298890041, 0.5187766799898222, 0.5092697721091025, 0.5079091743652135], "mi_tw": [3.900400307645375, 3.8077776594411987, 3.8788488922110784, 3.8316567816731357, 3.8778578036779754, 3.869645731323944, 3.8626758452184324, 3.9662367829843146, 3.894676096983867, 3.889009452321165], "nmi_tw": [0.5097128631318987, 0.5010763979367807, 0.5077431833667679, 0.5033787813892222, 0.5076040102604596, 0.5067750321543733, 0.5061687008124041, 0.5156860130500875, 0.5092037802676241, 0.5084702569812849], "coh": [-0.8812510513156538, -0.927239170339292, -0.870613011818629, -0.9683041624336879, -0.8993792973749113, -0.8739103512704053, -0.9063936649268034, -0.837025377340193, -0.876610605781221, -0.9535622695507348]}