{"p": 0.30000000000000004, "p-emp": 0.2833345306667796, "t": [212.80597448349, 212.19483375549316, 216.74311876296997, 201.6897919178009, 218.1544268131256, 231.94580602645874, 220.68493962287903, 209.66611313819885, 213.5748405456543, 207.34720396995544], "nmi_acc": [0.4950246128832798, 0.5119933921468651, 0.5083154379707949, 0.5090954618466061, 0.5113620077999319, 0.5059513665425336, 0.5100373154549458, 0.5069409406337073, 0.4974253499517078, 0.504534880854369], "nmi_repr": [0.4913004020418826, 0.47875970469065215, 0.4649061277930351, 0.4865988201120609, 0.49185897338952694, 0.48596373546071603, 0.4554014062661037, 0.46330053818045136, 0.4913377675724023, 0.4715459852443264], "mi_td": [1.9054244430356468, 1.9024543846662751, 1.8870811207889762, 1.8794585635142147, 1.8769959966270189, 1.8824360935073294, 1.8962123397122783, 1.8906673608305296, 1.8803174907326965, 1.9182036238633031], "nmi_td": [0.31884355545769005, 0.3187776234606011, 0.31677888099129203, 0.31561137800006367, 0.3145410904676005, 0.3149261238679239, 0.3172421075173093, 0.3164479689445225, 0.31487674510022995, 0.3212652900227836], "mi_tw": [1.8992774349790245, 1.8876317529149151, 1.885193991499221, 1.8890773665120388, 1.90743997770707, 1.9134388398366982, 1.907481176061175, 1.909406252860675, 1.9110638521507393, 1.8807475853418674], "nmi_tw": [0.3071804552491754, 0.3056964768063325, 0.305840305380302, 0.3065755273674221, 0.30893218044104426, 0.3094037354609977, 0.30845095843119597, 0.3088882562101034, 0.30930933773605174, 0.30444303626909697], "coh": [-1.9458660150106315, -2.054322083281483, -2.0996220426823813, -2.008668675578666, -2.161958396597778, -2.026558731487931, -2.0167919547680744, -2.038655607276955, -2.0461311261260446, -2.0530201149952094]}