{"p": 0.2, "p-emp": 0.18242358017111737, "t": [178.97635412216187, 190.67675828933716, 178.69130325317383, 174.45221304893494, 177.8892695903778, 176.01251244544983, 173.12922835350037, 177.02485179901123, 177.8033149242401, 174.82885098457336], "nmi_acc": [0.2754984157512676, 0.3014989327397137, 0.26323113714633245, 0.2928703634636279, 0.30391236634715346, 0.2976754263300781, 0.27481362662011993, 0.29345393960440985, 0.2966327619034532, 0.29872870808091234], "nmi_repr": [0.26900456488145275, 0.29189651652308723, 0.27547200399795996, 0.2876862652173874, 0.28068374390784473, 0.26551311609286554, 0.2770239974208934, 0.3003220737588267, 0.26988912006135723, 0.2740052039154954], "mi_td": [1.0549438267943536, 1.1210165895897763, 1.024308235433761, 1.0451090661706273, 1.1301144635459397, 1.1166993304886152, 1.0170836084711203, 1.098457455106796, 1.1664561780612113, 1.0394943362595304], "nmi_td": [0.1964250089903139, 0.20905016029959955, 0.19100585256805946, 0.19396863102350861, 0.20925608943192348, 0.20668243869895456, 0.19037121281512606, 0.20379813166244556, 0.21532621813445674, 0.19304548291094437], "mi_tw": [1.4778887434612975, 1.40708202041611, 1.5061165852784522, 1.4813920339947364, 1.4248811529167247, 1.4690050649862563, 1.513038610657101, 1.457428584287162, 1.4068333858255246, 1.4987461910770494], "nmi_tw": [0.27478849559916707, 0.2620271504866455, 0.28045490998943545, 0.27455617102577096, 0.26346750073575054, 0.2715086158451735, 0.2828008971555137, 0.2700199010537262, 0.25933775126270187, 0.27794351986927485], "coh": [-0.9284473731004537, -0.9465526846222693, -0.9190021000301266, -1.0994954399022279, -0.92628989513919, -0.9008027706366863, -1.1463358564510637, -0.786817841906479, -0.709417870675864, -1.0579574280671928]}