{"p": 0.2, "p-emp": 0.18818898003333195, "t": [115.04810786247253, 112.92140555381775, 112.32592749595642, 113.90349698066711, 113.08827543258667, 116.70469355583191, 114.09940528869629, 112.19224238395691, 112.4453375339508, 116.97476768493652], "nmi_acc": [0.1548223969546477, 0.16580097601608637, 0.1469849126459041, 0.17544851298272632, 0.17689750281712574, 0.17348997346395548, 0.18493193919358555, 0.1680248119610852, 0.1642981647238726, 0.16336572089200624], "nmi_repr": [0.2589576142133952, 0.25284630289858, 0.2483119363880104, 0.2440825580321902, 0.25076242645756086, 0.2508036323981537, 0.25910267841149864, 0.2482534405276834, 0.26629548594048674, 0.2580021463916753], "mi_td": [0.8849190464903256, 0.8990874917134588, 0.860080062867999, 0.9082003814239943, 0.901286561799935, 0.9089003223926739, 0.9106539271551062, 0.899427203213319, 0.9080455936040419, 0.8916102189717002], "nmi_td": [0.1612794905697335, 0.16484854667895804, 0.15728142592086197, 0.16510445877119317, 0.1640404721359001, 0.165725702916996, 0.16475257742692237, 0.1647035541893141, 0.16446691385750042, 0.1628074807907287], "mi_tw": [1.4660663458219574, 1.4026611381300342, 1.463573916392893, 1.4368648314905468, 1.4268731406468922, 1.4221982483139965, 1.4731570622601258, 1.4200276486625645, 1.456770858314972, 1.443160386909529], "nmi_tw": [0.28305213690954456, 0.27253882729610485, 0.2835811797826922, 0.2766719614114204, 0.2750906641948799, 0.2747152183729448, 0.28221243521908446, 0.2755456783718275, 0.27940833971534945, 0.279190131910034], "coh": [-0.9751484194153166, -1.0798302599492582, -1.1950424460333187, -0.9931381627138418, -1.0636076292177776, -0.9869954095853639, -1.0031658948302387, -0.9488596946631824, -1.0496496824872772, -1.1781326392973308]}