{"p": 0.2, "p-emp": 0.19998968451184718, "t": [91.0886127948761, 81.63545680046082, 84.48555064201355, 89.22057843208313, 91.51069784164429, 85.34610056877136, 84.7253053188324, 85.24932479858398, 85.7147536277771, 85.37701749801636], "nmi_acc": [0.2645636226428526, 0.40142475635770564, 0.32501117400639784, 0.3376391646054101, 0.3187256998830828, 0.28798276152021834, 0.2919545405652226, 0.3220583475097677, 0.29588257567651655, 0.3259587312648192], "nmi_repr": [0.1696863711378106, 0.1953821642700661, 0.2162630338592203, 0.18895621642059224, 0.1769377324855036, 0.167362758357819, 0.17483013503221118, 0.19525730403687092, 0.1781376752832625, 0.18340755153316507], "mi_td": [1.6554921129348965, 1.7315320559308445, 1.6740644902042927, 1.68286407064869, 1.7064484890373777, 1.7123285939586748, 1.7147898229164438, 1.706562175465359, 1.691387228081198, 1.6127483637949078], "nmi_td": [0.2799865692382712, 0.29417753595558305, 0.2838470342815961, 0.2863298184671472, 0.28771287889444175, 0.28790890815437536, 0.2893934763201626, 0.2884913306066298, 0.28621113763015404, 0.2758459604198563], "mi_tw": [1.067110313496157, 1.1150787836212817, 1.0672305551511516, 1.0770689810640024, 1.0858474963622304, 1.0832405635471558, 1.0799872879411798, 1.077720890340071, 1.0721269105465059, 1.0845549560729522], "nmi_tw": [0.19408986628787847, 0.20380595302966942, 0.19464225879890118, 0.19717045751764922, 0.19684174358767104, 0.19578761347492615, 0.19597907453372965, 0.19592297774721992, 0.19511504201955962, 0.19966693387997772], "coh": [-1.6046470910083148, -1.5007583128314548, -1.3781506395296579, -1.3863156375531096, -1.3593596823693308, -1.4308841241423813, -1.3010935635195335, -1.527015562510562, -1.354208551026257, -1.5566366600012613]}