{"p": 0.8, "p-emp": 0.7994311109108421, "t": [54.31275200843811, 54.66687250137329, 55.20486569404602, 54.42651653289795, 55.18345665931702, 53.208982706069946, 54.26735258102417, 54.57304668426514, 54.04127597808838, 54.62104034423828], "nmi_acc": [0.3170685270282095, 0.3085488640148875, 0.3223237540537319, 0.3294261074155837, 0.31632357413226897, 0.3237885933015519, 0.3211172074985975, 0.32664898884107313, 0.3264596036309799, 0.3092067304838554], "nmi_repr": [0.41073792916268503, 0.39301522294478003, 0.4134821066423313, 0.4104150266071606, 0.3959107671612101, 0.40248888696345475, 0.42223581825852535, 0.39158423119437874, 0.4144035674151974, 0.42933333299610976], "mi_td": [2.0302379206261407, 2.028420713231512, 2.0337201326052137, 2.024832702183791, 2.025137996213639, 2.0351781614163214, 2.053226653706853, 2.0241943328754965, 2.042247487825278, 2.034392615801135], "nmi_td": [0.36749843293780665, 0.36647457752447904, 0.3672702874801772, 0.3662539645384505, 0.36656565179359196, 0.36796226508773155, 0.37111583843430623, 0.36613171458642696, 0.36932326028890133, 0.36819285371199495], "mi_tw": [2.3160372951238974, 2.340875752837672, 2.3399924881461605, 2.3285428653294615, 2.318373033168309, 2.3266184004693504, 2.327252731674128, 2.3276687723046514, 2.3275748264772114, 2.317639796470637], "nmi_tw": [0.36959455897760024, 0.3729348548858271, 0.3726494313536088, 0.3713523847369843, 0.3699587280255424, 0.3709006155867637, 0.37090514559198856, 0.3712069242196719, 0.37112649609913684, 0.3697992579429526], "coh": [-2.183615700358369, -2.2888742518492906, -2.235620208743901, -2.1600314936137606, -2.3088635651232954, -2.12283764813052, -2.0590819224349213, -2.152185058002252, -2.0681240924148656, -2.135525739463943]}