{"p": 0.8, "p-emp": 0.7971978886676044, "t": [18.559067249298096, 14.681057929992676, 18.526416540145874, 22.222227096557617, 16.22716999053955, 14.765513181686401, 17.899839639663696, 16.539626121520996, 30.3935866355896, 16.376476287841797], "nmi_acc": [0.014431983253354944, 0.00777591922855365, 0.01496351123946452, 0.011243172248578103, 0.01082296081066484, 0.00678564807045171, 0.005707729193750491, 0.008350286957878969, 0.017437545595063702, 0.004856557900327248], "nmi_repr": [0.02165365319258871, 0.04119578316950123, 0.059648685254220964, 0.01856355626197739, 0.027006813131171814, 0.015649352177934957, 0.02806347861116446, 0.052145937539510155, 0.08150687251563486, 0.006504787781457127], "mi_td": [0.29952994643564124, 0.11808671573576521, 0.4410178175699123, 0.593029207254824, 0.21897150288543757, 0.2052808749578007, 0.3791969189525903, 0.1304404097936037, 0.32764154438450876, 0.1250681237628123], "nmi_td": [0.06300093689028093, 0.025831969539151782, 0.0898730467407435, 0.11942625174025918, 0.04698308615987466, 0.04359399959573373, 0.08010693846288088, 0.02853203304104592, 0.06732400754877645, 0.029213511933117425], "mi_tw": [0.6012221837690096, 0.6093503979396159, 0.6735018218729897, 0.542252649123961, 0.5116092797211054, 0.7349395418577628, 0.5959980254397764, 0.45650377081815663, 0.8037121027494083, 0.0340476091021139], "nmi_tw": [0.32419434141921255, 0.36455766622253233, 0.3355331474618309, 0.26249156303965987, 0.2905576391240095, 0.406254082138872, 0.3250119495488423, 0.2730519587460611, 0.40864438447437723, 0.0246487351743701], "coh": [-0.1724473919536286, -0.1777170108287512, -0.1655630843929519, -0.1753482881947062, -0.16224630297553516, -0.16161404675541877, -0.17585809771498667, -0.1666411851581252, -0.16382581842524097, -0.18041763643833586]}