{"p": 0.2, "p-emp": 0.19418831918620694, "t": [121.73838686943054, 111.56763458251953, 115.71762013435364, 125.89223551750183, 114.95153641700745, 115.0366563796997, 103.95835185050964, 113.16285634040833, 112.98679161071777, 105.78795123100281], "nmi_acc": [0.17466054323407454, 0.0969732509081657, 0.18046294961484544, 0.23970083871786224, 0.13034419154732535, 0.12484727466103933, 0.07207362849048396, 0.1527475723429007, 0.15268378857519616, 0.13072218033054625], "nmi_repr": [0.18633691190037127, 0.17890288122152007, 0.21855147483764584, 0.16344035702886164, 0.17687217049828333, 0.2415700693783047, 0.21918470476864071, 0.191725129636847, 0.20098134126757783, 0.19685632063589484], "mi_td": [0.5635354490623158, 0.5410080049086802, 0.5372828772006593, 0.586949635294344, 0.6054989406081891, 0.5757987997970008, 0.4522002706124547, 0.5484154024056608, 0.5413720126838192, 0.4950439683486235], "nmi_td": [0.10931567027781199, 0.11031823800596006, 0.1056574108269069, 0.11256090421176751, 0.11845416541265213, 0.11375928598296614, 0.09176838774932113, 0.1082356541988792, 0.10640361321230446, 0.09967217096558634], "mi_tw": [1.5778584845302164, 1.2852384577466804, 1.5886029503366899, 1.6251753643042715, 1.5920015938289238, 1.5354340589468563, 1.3531903442769289, 1.5669770896705488, 1.5567142414240651, 1.4030263202577598], "nmi_tw": [0.3254861366148622, 0.2796036371108764, 0.3325023868675233, 0.3311895944906883, 0.33137357080604507, 0.32296834223402987, 0.29288545735450167, 0.3292354569151882, 0.3256392206742953, 0.30112387195470536], "coh": [-1.6415748381107123, -1.9890680875458984, -1.7743606616443, -1.6546590463837758, -1.767730315391524, -1.8066585460563913, -1.773946988219771, -1.8245298186302856, -1.9191761958763907, -1.7071697265770864]}