{"p": 0.6000000000000001, "p-emp": 0.5999610044148573, "t": [71.34245157241821, 69.67669200897217, 70.7348222732544, 75.45500349998474, 74.1030969619751, 76.6864058971405, 75.67588305473328, 76.7982587814331, 75.79254698753357, 75.25360918045044], "nmi_acc": [0.2792318645485129, 0.28299620948964554, 0.2883029154746742, 0.31364284419933747, 0.2988340045012724, 0.3065424155361122, 0.3067919254768903, 0.2950160218149276, 0.2891662773456144, 0.2932062196818081], "nmi_repr": [0.31205784525842595, 0.2979168555679953, 0.31026605709432975, 0.31141260792034453, 0.335498582646147, 0.31594889187394104, 0.3312209887683328, 0.3116635674864185, 0.32304321751696224, 0.3380442914058267], "mi_td": [1.4822297108016351, 1.4814744857608906, 1.4890212830450629, 1.519838005249888, 1.501736601396519, 1.4942073807670537, 1.4939491262249986, 1.5040768983495667, 1.4970108420796082, 1.4958707489562661], "nmi_td": [0.2664504312580356, 0.26685362712963745, 0.2676470108927631, 0.27272550823193337, 0.2690811556248441, 0.268100262782525, 0.26861372752459733, 0.26980068478386127, 0.26895966768837987, 0.2687793800461964], "mi_tw": [2.2091167501828175, 2.190085441812725, 2.2086524766900486, 2.212660418381449, 2.2274599987680723, 2.2237435787184308, 2.208921302710332, 2.2188313049603927, 2.209843219888855, 2.210116129680631], "nmi_tw": [0.33608771426494527, 0.3337628498638768, 0.3359912690951979, 0.33612042603650566, 0.3379473899077436, 0.33777632630566545, 0.3361178936450469, 0.3369557107668918, 0.33604188157436, 0.33610936224234306], "coh": [-2.687955113654811, -2.606897566453328, -2.5922628709548876, -2.5633943079950123, -2.6110218780290806, -2.5535038777137493, -2.523374922644925, -2.5721220502470663, -2.5078790430728426, -2.5138870677774756]}