{"p": 0.7000000000000001, "p-emp": 0.6979688969747493, "t": [28.987606048583984, 28.984336614608765, 28.61932873725891, 29.15194797515869, 28.950783252716064, 29.023746967315674, 29.238964557647705, 28.976800441741943, 28.689797163009644, 29.0001118183136], "nmi_acc": [0.2362487627750573, 0.22206241792975492, 0.257445350710008, 0.2389922702148608, 0.23999731420365783, 0.24117310087523486, 0.2451392089239997, 0.24663906731508733, 0.24725317889298493, 0.23128800764152907], "nmi_repr": [0.22168059461068537, 0.2201123450431247, 0.22547346862945153, 0.2192829991862815, 0.21363099490231438, 0.21747002446465222, 0.22271659794860948, 0.22636151993468162, 0.22000470051590126, 0.21953485416325152], "mi_td": [2.030094115816056, 2.0510623039503675, 2.048145600137918, 2.0035859776190987, 2.0626814902521455, 1.9807437526827143, 2.044958971139883, 2.0425662807743006, 2.056656806697162, 2.0435004137069464], "nmi_td": [0.3707325556856787, 0.372875127998113, 0.37375872696160056, 0.36661433202945565, 0.37465816009342645, 0.3631670050076092, 0.3728518611379666, 0.37261984507532964, 0.37538176609422325, 0.37354757750364065], "mi_tw": [0.34995438141714136, 0.3742956062409169, 0.36998603735566826, 0.3530252272726867, 0.36512163843770984, 0.3619102275395151, 0.3599181832082306, 0.3589954251381177, 0.3679040160887245, 0.3528519952189215], "nmi_tw": [0.07676233900314951, 0.08165792592424863, 0.08108582217713113, 0.07761970121310632, 0.07957256602526966, 0.07976652488406177, 0.07879678441070984, 0.07864652598193428, 0.08064755311031968, 0.07748931953591982], "coh": [-1.0432979727410379, -1.0067036421956974, -0.9719132014739493, -1.029567581547688, -1.0019876248199446, -0.9563342990409807, -0.9460976477703383, -0.9966880444017383, -0.9333743914882616, -0.9342157918241615]}