{"p": 0.6000000000000001, "p-emp": 0.5999493069128473, "t": [102.04065704345703, 101.93724322319031, 107.6517767906189, 102.29107856750488, 101.49906516075134, 101.14998126029968, 103.51073431968689, 103.30696654319763, 102.79992341995239, 102.85775351524353], "nmi_acc": [0.32800938513795, 0.33202212028394285, 0.3372818736837457, 0.3252512757849145, 0.32714008505720943, 0.3202262411454496, 0.3329404754938383, 0.33086277156656235, 0.33022082841489453, 0.33796407075836105], "nmi_repr": [0.3920421151514719, 0.37184865099242087, 0.38384330409898854, 0.3959024134634301, 0.3656557655940731, 0.36532484780356067, 0.386339353073205, 0.36495070049705847, 0.39973806872451, 0.3806402509096442], "mi_td": [1.5237953432868916, 1.5510949723284697, 1.5391028913229743, 1.539535915247982, 1.5081398455741037, 1.5348861642041292, 1.5328099092918437, 1.5382018745922643, 1.52163229103314, 1.5194817283632245], "nmi_td": [0.2774903788762462, 0.28231200198882056, 0.28067418141469075, 0.2801430183010579, 0.2753451625476923, 0.27986920203811966, 0.2801126247144269, 0.2801867977380159, 0.2780172690964552, 0.2772813431045135], "mi_tw": [2.048440071504158, 2.029632331331374, 2.027929760093616, 2.0429974429559055, 2.0293830516910227, 2.021699917237779, 2.0044367967972434, 2.033222738225627, 2.016637968438904, 2.0327671753468612], "nmi_tw": [0.33201970010459003, 0.3288160011776014, 0.32910882528054614, 0.3309127613600599, 0.3296829551425941, 0.3280602342464018, 0.3259029877469914, 0.32962956860479287, 0.32783148935580486, 0.3300902098868551], "coh": [-1.773027314533684, -1.7687918683075654, -1.756806773183459, -1.8154734857849804, -1.8590543034524356, -1.8232018206686498, -1.8405472546466608, -1.8873348620294805, -1.8825048812308918, -1.956995493614664]}