{"p": 0.5, "p-emp": 0.49071858650288525, "t": [56.14800453186035, 55.07391905784607, 53.502713203430176, 55.31036019325256, 68.2640335559845, 53.36019444465637, 53.797905921936035, 55.2950644493103, 52.85412287712097, 54.764657974243164], "nmi_acc": [0.050743210804632656, 0.03458786365837866, 0.032514803154812214, 0.03103445765357148, 0.03337226720602739, 0.0311122492512527, 0.05486211957035758, 0.02996878914598055, 0.05721533544151799, 0.03176243968182353], "nmi_repr": [0.1292150226383786, 0.1651959942378834, 0.17590884562255185, 0.1752988839122864, 0.1789375605462003, 0.16162032138977817, 0.15230675837390115, 0.18053946606448523, 0.18100171337900733, 0.1638050434474114], "mi_td": [0.7301871109277294, 0.7526283931015867, 0.7645490147124478, 0.7521885702472042, 0.7398829810345084, 0.7211588082139382, 0.6668545283695044, 0.8088182383188608, 0.7404305046296974, 0.7587445047770925], "nmi_td": [0.1403356117489565, 0.1469420086551549, 0.15003339258351675, 0.14675613499171347, 0.14596498160331325, 0.13971584107900484, 0.12932036736234442, 0.15901774290645718, 0.14212184391446966, 0.1492888610866671], "mi_tw": [1.7671240848051037, 1.6535361452701909, 1.5589060101263816, 1.6708304875476938, 1.5384761753818277, 1.7041820549994873, 1.7050430512576553, 1.5792140134960788, 1.795404539650517, 1.5638514790476647], "nmi_tw": [0.35604274050322104, 0.33869859380442474, 0.3210303603798011, 0.34199654659055156, 0.31859143352726477, 0.34625899077320477, 0.3467863899610626, 0.3258512385291029, 0.36125452315533324, 0.32294442245966626], "coh": [-2.410412503954651, -2.4865025180399405, -2.4612427832120067, -2.3000152281706727, -2.2982005251966884, -2.183550805680894, -2.3024555961269493, -2.1358047774221873, -2.4025536684077764, -2.3637354997144766]}