{"p": 0.1, "p-emp": 0.09999211440866518, "t": [202.75028491020203, 201.34042358398438, 200.17584371566772, 202.63290190696716, 200.63780808448792, 202.83472061157227, 201.9279797077179, 198.96660161018372, 199.9149580001831, 199.00460577011108], "nmi_acc": [0.2981787973010079, 0.33098434268284094, 0.29903354062997717, 0.29571681820907486, 0.3301619494908973, 0.30824816558692564, 0.3213369919786967, 0.3168766394490838, 0.32071442229973796, 0.30660484419658834], "nmi_repr": [0.23137014769545927, 0.2228163831901384, 0.21771260383745386, 0.22432149865164713, 0.23123296789521613, 0.23480269670131568, 0.23840299967274475, 0.2252379484316289, 0.22392534848162138, 0.2282405606214048], "mi_td": [1.2070821443220328, 1.3252800113173617, 1.189926525493299, 1.2244848081813475, 1.3718151738279107, 1.1733627352841756, 1.2514718865075152, 1.2328078634034723, 1.2649441271320796, 1.2213127061343805], "nmi_td": [0.2218811364126413, 0.24383819016753475, 0.21844622844455233, 0.22416510833510797, 0.25156778794319706, 0.21640399634993715, 0.22988071105224883, 0.22598345652543175, 0.23240728268755756, 0.2240112366346453], "mi_tw": [0.9612536455133831, 0.8812200995707175, 0.970705526009559, 0.9762072769589005, 0.878595326809594, 0.966088301888768, 0.9404528697528431, 0.9555558744996739, 0.9259328724263002, 0.9598918087223769], "nmi_tw": [0.20218217153060433, 0.18554917351290912, 0.20386966505648713, 0.2043729327977666, 0.1842986213160601, 0.2039767140017006, 0.1976497215752538, 0.20034821608823572, 0.19464784783568218, 0.20139607220753555], "coh": [-0.2155197803647416, -0.26819046890347703, -0.2799802286553508, -0.24117625242120586, -0.19389628954564114, -0.26723363076467854, -0.2572488528963184, -0.22372282924134862, -0.17733840053518332, -0.2600891797589432]}