{"p": 0.8, "p-emp": 0.7999981430673742, "t": [38.182135343551636, 38.40044331550598, 37.91927194595337, 37.41745662689209, 37.85353112220764, 38.82975721359253, 38.14530897140503, 37.89394021034241, 38.701740741729736, 37.694366216659546], "nmi_acc": [0.2127199136615268, 0.20291470099078293, 0.19271877633967507, 0.20984739525134247, 0.21347464165732913, 0.2001409548123001, 0.2067631336185989, 0.20732996642774168, 0.2024818979779027, 0.18454693967019653], "nmi_repr": [0.19697000697800485, 0.20070649013590086, 0.17793714415665524, 0.17458881999013012, 0.18664622097923053, 0.18689661661697662, 0.18759137431288433, 0.19222165000302788, 0.1987556179501881, 0.17303171336704354], "mi_td": [2.3258322989645537, 2.328190958794472, 2.301503508891713, 2.3067432811934285, 2.321026406900965, 2.298157222342624, 2.302049841075949, 2.3349725570291433, 2.307330592359906, 2.313473447595866], "nmi_td": [0.41163542689335114, 0.411921309590493, 0.4080446018909411, 0.4087363772401191, 0.41098665200038587, 0.40759137878948115, 0.4082533112842182, 0.4129663973423314, 0.4087837183374972, 0.4099249542156985], "mi_tw": [2.3780709846190056, 2.3770846684965936, 2.3580122911936683, 2.3665110024624036, 2.3683203468036176, 2.3571292748559864, 2.3573665543604836, 2.3800017388382657, 2.3707054057270853, 2.3598993342314207], "nmi_tw": [0.3391103614713797, 0.33888250722350866, 0.33672540011108587, 0.33778112965885604, 0.33785358631693946, 0.3366924895416922, 0.33670748760823116, 0.33919594399825537, 0.3383419924953127, 0.33683480360464824], "coh": [-1.6983540407676903, -1.6150764714059398, -1.6474977673176636, -1.738746721314466, -1.689929415538164, -1.6591385242415597, -1.6435515071820208, -1.7285194107310278, -1.6972632873761733, -1.7452486149625805]}