{"p": 0.5, "p-emp": 0.49998253904775847, "t": [46.88182830810547, 46.88891792297363, 50.00875163078308, 66.24576544761658, 55.280030488967896, 47.80328869819641, 53.32285737991333, 41.443055391311646, 52.822632789611816, 47.297760248184204], "nmi_acc": [0.003663649564987005, 0.010247668709160067, 0.025177585008603943, 0.006147121861109569, 0.0018677500922108686, 0.004077411282432275, 0.02137914639880284, 0.0010756512894472348, 0.012337821058019059, 0.0027144168662018163], "nmi_repr": [0.04983504387373078, 0.0529523031622387, 0.07278049821919984, 0.07572878352893828, 0.062206724819893935, 0.06855100941714581, 0.051819129352311595, 0.052989562428024384, 0.04896908980955442, 0.06302032155932026], "mi_td": [0.11856346523470981, 0.10607295455115298, 0.13108122249941076, 0.2763711197164062, 0.2190656628876196, 0.13042091805025124, 0.23296086658585702, 0.04767801400952188, 0.20739968072683734, 0.12300189530285219], "nmi_td": [0.026179192332885588, 0.02282692779350109, 0.02767281993280913, 0.05761701192689867, 0.046534693144691594, 0.027738585188455213, 0.048389370569635534, 0.010426751198355816, 0.04445835445670054, 0.026899161717829065], "mi_tw": [0.7640935659792996, 1.0133570096874418, 1.0245618074366756, 1.0194821566410057, 0.8105468472230499, 1.0627188493290458, 0.9422105468138444, 0.9509366115214476, 0.8641176592045561, 0.8045692762028029], "nmi_tw": [0.2986445719361805, 0.3786194184969447, 0.3703538371852988, 0.3607111932162873, 0.29612309852965013, 0.3890740202485097, 0.33130736360693636, 0.36542428272443944, 0.32067886123395245, 0.30917360264136], "coh": [-0.8813226340682117, -0.900573287066273, -0.751107839938584, -0.7922030239809679, -0.7675723704202292, -0.7426471473580394, -0.7057826297613161, -0.8534369244570008, -0.8172203881484849, -0.898711239531758]}