{"p": 0.1, "p-emp": 0.08819130119911422, "t": [81.94788336753845, 81.08971667289734, 81.81827211380005, 82.01061534881592, 82.66383171081543, 80.04051899909973, 81.88558721542358, 82.32290720939636, 82.31339311599731, 82.0763099193573], "nmi_acc": [0.06544976725508699, 0.07410370992966173, 0.07837282710168815, 0.0918348349231542, 0.06707196857983432, 0.06794406238754934, 0.07980962490614195, 0.07393168323477908, 0.06643775446223256, 0.08253722015899931], "nmi_repr": [0.06816120513079216, 0.06492891699598596, 0.05728196451980569, 0.061436423078738076, 0.07033280311136154, 0.06807636949615702, 0.0687452178394286, 0.07701589353519815, 0.06457140437358258, 0.054985440255186764], "mi_td": [1.0553961406817243, 0.9010021619752301, 1.3527637662475545, 0.9316851375768365, 1.0223694159185968, 0.9704953157751407, 1.0303157806412175, 1.095871561306761, 1.2922771467616465, 1.3704857298326423], "nmi_td": [0.20617186031957574, 0.18158514996694594, 0.2524098926571346, 0.18639762178401423, 0.2009859504021427, 0.19308397989110762, 0.20301292469943552, 0.21287890726442346, 0.24391504963042684, 0.2554423126246712], "mi_tw": [0.6008987530175715, 0.5630571516663357, 0.7031041779812983, 0.5726706430468418, 0.5814333068333823, 0.5862542383206226, 0.5997631638206588, 0.6086770976456779, 0.6673344467858914, 0.6935629207520044], "nmi_tw": [0.11622556280250916, 0.11232011307736023, 0.12995204337639407, 0.11341199926228208, 0.11316627485476423, 0.1154638636182219, 0.11699908809942687, 0.11707669674391977, 0.12475501826064915, 0.12805236682795795], "coh": [-0.42428245957099253, -0.6021670950063884, -0.40381174507754986, -0.4765021388450917, -0.6130688679875987, -0.5743018626644869, -0.504427087513533, -0.7316871968561603, -0.4212257075569082, -0.5115334851491866]}