{"p": 0.1, "p-emp": 0.0848281222717262, "t": [120.4565486907959, 131.46990299224854, 126.30741810798645, 129.72075533866882, 132.9845666885376, 125.78864431381226, 127.38857197761536, 126.47757935523987, 132.9445674419403, 125.26409459114075], "nmi_acc": [0.10793244281556943, 0.11069661543643514, 0.11325435112617235, 0.07351797767611112, 0.12473990316377952, 0.08440107429107856, 0.13041236277351867, 0.052436487556577226, 0.10049296697832132, 0.06819537275935864], "nmi_repr": [0.20890971094070293, 0.1869266034495956, 0.18604237290423958, 0.1955155849763135, 0.19861422165076983, 0.21073222778122355, 0.22935466779561955, 0.2156094195651191, 0.19443015455947832, 0.18153009353389876], "mi_td": [0.5760176657169495, 0.5598134237115053, 0.6194673292141706, 0.6118124435160364, 0.6150075918584293, 0.600679148282118, 0.6336053739059627, 0.6377168611279613, 0.605265397160957, 0.5865506487882481], "nmi_td": [0.11398780383332066, 0.11066051900009839, 0.12166688954972081, 0.11902107651425523, 0.12147013509096986, 0.12069194028021933, 0.12425212288386445, 0.12606610560606682, 0.11727221684680693, 0.11810204056612855], "mi_tw": [1.6191735714507574, 1.6547639751840437, 1.687246770036513, 1.702924036787229, 1.6301356880005664, 1.465682428071754, 1.6976317798747975, 1.6072405566206363, 1.7659726709618058, 1.4448266204092215], "nmi_tw": [0.33253769829494906, 0.3394630113187544, 0.3438225381029895, 0.3435956439771523, 0.33412286015109965, 0.30581066821880676, 0.3453863019697881, 0.32973050085603345, 0.3548255965275373, 0.30212029555731906], "coh": [-2.004506806514584, -2.1173684867952285, -2.1116256987018405, -1.9356942874357148, -2.00631562432772, -2.0145488149911106, -2.0472852210307986, -1.9585630244229846, -2.0660542678456366, -1.9212808922567344]}