{"p": 0.6000000000000001, "p-emp": 0.5998912914908837, "t": [40.030919313430786, 39.69727826118469, 39.84806156158447, 39.84607410430908, 39.74417567253113, 39.706425189971924, 39.880645990371704, 39.633652210235596, 39.38744592666626, 39.34657883644104], "nmi_acc": [0.20378698635912798, 0.2083633187534723, 0.18946644229511342, 0.18023147724866198, 0.18994838265852604, 0.19173495209503177, 0.1885112383618511, 0.19571006235007174, 0.19674422805911082, 0.1833348534818602], "nmi_repr": [0.13124859408156603, 0.13805037986749474, 0.1327833770616306, 0.12185878551705458, 0.12055031681118689, 0.12841509543631827, 0.12219181502385537, 0.12948979538377098, 0.11386214230149695, 0.10927889613476907], "mi_td": [2.0090254014915687, 2.0344334937043946, 2.0384961717684567, 1.9606744270628265, 2.0128900717937324, 1.9643592910068797, 1.9979809821641612, 2.0135980116872934, 2.0135135726806896, 2.042102514807281], "nmi_td": [0.3668392725669295, 0.37046476117293337, 0.3715788998433051, 0.35977377287814516, 0.367054999800138, 0.3603189188514436, 0.36517097530057446, 0.36780824325578526, 0.36845450998527224, 0.37145504608913454], "mi_tw": [0.7756618599296159, 0.7797201502737919, 0.7783111468560158, 0.7505548909128064, 0.7724782485946151, 0.7631623183264186, 0.7672163189051071, 0.7583976856976545, 0.7476172856219732, 0.7675417953130466], "nmi_tw": [0.14300739111553276, 0.14335944415990728, 0.14324609068031077, 0.13906661712200508, 0.14222874460675564, 0.14135069035077594, 0.1415866837797325, 0.1398758927779544, 0.1381380830620747, 0.14096467909300092], "coh": [-1.1523450196169054, -1.153484565174895, -1.1551559419894313, -1.0706978656936197, -1.2031436684451742, -1.0678085874292504, -1.1981447915961738, -1.1417039271448644, -1.1394080887440237, -1.1464269146844708]}