{"p": 0.8, "p-emp": 0.7999981430673742, "t": [35.755536794662476, 35.7137348651886, 35.75463604927063, 35.83295965194702, 35.62479519844055, 35.6127405166626, 35.731560468673706, 35.6186900138855, 35.88256859779358, 35.79429316520691], "nmi_acc": [0.012763847745747927, 0.011799709022614025, 0.012865414892347098, 0.01520862177565015, 0.01246731089342182, 0.011579891010856085, 0.012444691838242573, 0.013889613077991563, 0.011230085626611087, 0.014203370394870261], "nmi_repr": [0.01140504421707199, 0.012602633498768983, 0.012318953825259995, 0.010656017021176028, 0.011928725696799862, 0.01108960169882858, 0.009345466616613961, 0.010299912784035012, 0.011109416562313455, 0.013093102195760872], "mi_td": [1.9960669058426794, 1.994841176175822, 1.9939415427498257, 1.9943803683743466, 1.991959845029347, 1.9951128933041247, 1.993898278155884, 1.9861389343781848, 1.998185204999555, 1.9925291789282307], "nmi_td": [0.3523761061215967, 0.35212230580558673, 0.3519574444128998, 0.3520029907833565, 0.3516160114604163, 0.3521444238126748, 0.35193495309807815, 0.35057131608084774, 0.35269636751552574, 0.35170443903859994], "mi_tw": [2.474748189264361, 2.478839925839714, 2.47736887049108, 2.474010869317552, 2.476015128403103, 2.475832466925003, 2.477525901937381, 2.4768329753845313, 2.4768939694327656, 2.478338750818551], "nmi_tw": [0.35217485598079024, 0.3527269269627645, 0.35251270901533716, 0.35200916238751434, 0.3523268362916114, 0.3522781381502615, 0.35252305878920775, 0.3524292719898709, 0.3524369654656946, 0.3526477222898675], "coh": [-1.7916340628558853, -1.819117297417955, -1.7793251654974902, -1.7858513941203982, -1.8224779140254181, -1.8166133569988474, -1.8087463562332566, -1.8127070929974984, -1.8318466109246834, -1.8008245774490874]}