{"p": 0.1, "p-emp": 0.08819130119911422, "t": [151.65148615837097, 152.41805243492126, 152.40400385856628, 157.58605647087097, 154.43264269828796, 152.5189025402069, 150.98762607574463, 146.57660818099976, 153.30928015708923, 153.2196753025055], "nmi_acc": [0.12278436769118374, 0.13913079140749068, 0.1380441518644577, 0.14785245727047314, 0.11679594625226963, 0.13476741627056854, 0.13120340995578791, 0.1244970659306182, 0.1198795683850398, 0.12367931498413183], "nmi_repr": [0.2794409756096399, 0.28231314864246243, 0.2937933989689567, 0.2870721510681518, 0.2759398526649186, 0.27956055941402413, 0.29327288564886145, 0.2970811269567206, 0.28033564831079294, 0.27834123203648986], "mi_td": [0.8286575174449856, 0.8278479529253526, 0.82759691080871, 0.8186759725587683, 0.794320239431231, 0.8168821843374832, 0.8033945812891846, 0.803888851418922, 0.8494230035620843, 0.8301928278707971], "nmi_td": [0.1539771392091975, 0.15412678205469255, 0.15367675393131, 0.15257170863113498, 0.1476608247633711, 0.15087050143674996, 0.14934208727986317, 0.14999006463894618, 0.1579886799700195, 0.15405007592895403], "mi_tw": [1.6268164623237737, 1.6147388870401385, 1.622354901275311, 1.6246320231921922, 1.6876133045230277, 1.675219697349419, 1.6723434649858757, 1.6318382515941057, 1.5654330351923424, 1.6136208024854855], "nmi_tw": [0.2994440923958827, 0.2977953330163416, 0.29842413647118016, 0.29991689420343715, 0.31076839704029974, 0.3065048983440282, 0.3079450275461217, 0.3015940637571696, 0.2884220812771545, 0.2966101888538537], "coh": [-1.5513724809696527, -1.5524285481127316, -1.6092447758845538, -1.622488854867429, -1.5415632382283937, -1.5726365281934584, -1.5139572850723189, -1.673828220701067, -1.7154693755379689, -1.624456526698689]}