{"p": 0.30000000000000004, "p-emp": 0.2714688040374228, "t": [181.4025843143463, 183.47119426727295, 182.02507638931274, 182.36836338043213, 182.22422051429749, 178.73829078674316, 184.51908349990845, 187.58319735527039, 189.09632420539856, 189.09048080444336], "nmi_acc": [0.28683503829277085, 0.30808435623626407, 0.3032129263175618, 0.2951488682571428, 0.2937701044257341, 0.28222378123819764, 0.3146915837812553, 0.3006620851160312, 0.3007971611125575, 0.306645772172688], "nmi_repr": [0.29294426163665066, 0.29888505283586314, 0.29776171812495217, 0.28781125924925693, 0.3109658288702861, 0.30000539620829975, 0.3139439157700929, 0.3120228826270393, 0.29310097138404717, 0.29758897853554517], "mi_td": [1.1124497859274745, 1.166135755309218, 1.0933578465352363, 1.191006635808197, 1.1833916028173954, 1.081236602650879, 1.145727151863096, 1.0682891408335657, 1.1758794968745183, 1.1821335990420836], "nmi_td": [0.20709414856911562, 0.21743622706237406, 0.20297023519099922, 0.22020842802177518, 0.2208436714575993, 0.20176158835916355, 0.21358461790825103, 0.19816486632394292, 0.21722079903222075, 0.22007337851966852], "mi_tw": [1.5327537762788184, 1.4841789479685688, 1.5726820076218806, 1.5036184223767424, 1.4822628859731368, 1.5728862446160374, 1.5147549732590893, 1.6079608649785313, 1.5022135701460124, 1.476058297221553], "nmi_tw": [0.2813408636886683, 0.2728552536189441, 0.2878730360016206, 0.2741396396376346, 0.27273427852027093, 0.28938340529592627, 0.27841699010877646, 0.2941087864631242, 0.2736465741031594, 0.2709425915523593], "coh": [-1.3787225150142866, -1.1966819043810264, -1.2300812055353263, -1.140333689155423, -1.1746292321013851, -1.239293668691944, -1.3035142401626787, -1.2443668730452941, -1.085007908502006, -1.1285304116148818]}