{"p": 0.8, "p-emp": 0.7999136526328984, "t": [22.494090795516968, 24.15943431854248, 24.095932483673096, 25.21222472190857, 23.287663221359253, 26.061224937438965, 22.315819025039673, 24.731449604034424, 26.199970722198486, 22.35811495780945], "nmi_acc": [0.031947549197956594, 0.033976255596962365, 0.04090511878201398, 0.030624203765213392, 0.03332427302061271, 0.0365532099281534, 0.04321033383939109, 0.047704053789305714, 0.045448235875370474, 0.030774214315684428], "nmi_repr": [0.19968039597441564, 0.16086011621679136, 0.15543791903093576, 0.18547816483970192, 0.18197729875157875, 0.17077905722928532, 0.17874913700959072, 0.16962978818079846, 0.16957173634822026, 0.1693560266788748], "mi_td": [0.7676850491698619, 0.8201605063773036, 0.7460609222930897, 0.8144294363214951, 0.7764643805570847, 0.801696240351575, 0.7529181049418312, 0.7990749834620396, 0.7518791213938981, 0.7601285711246416], "nmi_td": [0.15539322946422637, 0.16221651482700394, 0.1474437971074404, 0.16379400372026043, 0.1536860064790091, 0.1602351096877699, 0.14883688531243058, 0.1567062230502976, 0.14835489171207208, 0.15250861743949565], "mi_tw": [1.302213202478425, 1.4313227680217953, 1.534173491281047, 1.352151004344365, 1.478013796076618, 1.3950825177973707, 1.546759848749695, 1.5223503686599384, 1.5623951008249317, 1.380323552223588], "nmi_tw": [0.3159859857984795, 0.33783117307048094, 0.36176465795040197, 0.3255750747498313, 0.3491551386108308, 0.33342581495887447, 0.3648434398415958, 0.355686987774637, 0.3677133468823268, 0.3314098066052477], "coh": [-2.636384498582509, -2.557506548926369, -2.407123999743279, -2.422273578805051, -2.6733074707558457, -2.4752017427323287, -2.4602938205825726, -2.3306248018758673, -2.4816863437394403, -2.455446427188884]}