{"p": 0.30000000000000004, "p-emp": 0.2987637471043457, "t": [69.26854944229126, 65.42860269546509, 73.08716106414795, 69.51022100448608, 68.49365758895874, 69.26535987854004, 65.36172127723694, 66.91352200508118, 67.30520009994507, 67.34803628921509], "nmi_acc": [0.0647774884358716, 0.09495356379094971, 0.05714643859452663, 0.04573997025489047, 0.12375635184235007, 0.1293011362167511, 0.0739046234077502, 0.10070212644195242, 0.14628472819371238, 0.10885165973302399], "nmi_repr": [0.14569982178030433, 0.1221226218031013, 0.13175311097248305, 0.14749505604857113, 0.13558161587485876, 0.1427057019490098, 0.14660260929550906, 0.14149888674215838, 0.1330970247500475, 0.14262057099816386], "mi_td": [0.8816753695103063, 0.7793234521461792, 0.8743112940846204, 0.8660633037116949, 0.8587984944858968, 0.9111397229157725, 0.8571037270525245, 0.7802472962083864, 0.8857691616769698, 0.8655622437120702], "nmi_td": [0.1656916629282915, 0.14562643891578558, 0.16543913215227835, 0.16441165263364171, 0.15878819093956348, 0.16708152830484183, 0.16147307320326634, 0.14626409156356826, 0.1635399843653884, 0.1606221833715307], "mi_tw": [1.9643999520684183, 2.0180978769188327, 1.9003058796201346, 1.857318394403662, 2.063868094047506, 2.1346969630675563, 1.9333740457831017, 2.01341878249454, 2.120839480670483, 2.0935094825640457], "nmi_tw": [0.33943704188890633, 0.34689690761856345, 0.33043974773469437, 0.32393019336288326, 0.3513265313411218, 0.36063260449654644, 0.33483691474177, 0.34710776430702217, 0.3605476871845691, 0.3575680090306488], "coh": [-2.321045875573543, -2.279956964611984, -2.439895110852108, -2.336975527745478, -2.3426019939363165, -2.174105231359601, -2.2807727601205245, -2.218912276480353, -2.2765828044864764, -2.2053975360357345]}