{"p": 0.30000000000000004, "p-emp": 0.2999818949068981, "t": [37.60609245300293, 39.31650471687317, 37.91071438789368, 37.06350064277649, 41.49294638633728, 38.72201180458069, 38.09979295730591, 36.77664089202881, 41.50890231132507, 38.365520000457764], "nmi_acc": [0.139615227322732, 0.13424410822762775, 0.13161580469597386, 0.12656460774658687, 0.13854880654444082, 0.14540660793953744, 0.13859313899611747, 0.10350398210099535, 0.15521778538566577, 0.1251198017642719], "nmi_repr": [0.1576850985983907, 0.1622602452917065, 0.1588702821466219, 0.1552384536886914, 0.15878483945519498, 0.1500425569918364, 0.13803576855107116, 0.14825199860322502, 0.14945425428951178, 0.14237058840093597], "mi_td": [1.2571935880268215, 1.2606667301833343, 1.2273093145625058, 1.2150426535362548, 1.4792223191369238, 1.1950542912510773, 1.4334131994482655, 1.2741160605288295, 1.2861720133826986, 1.238922904159857], "nmi_td": [0.23971977303695258, 0.24028506262502908, 0.23504278599104705, 0.23268578384637995, 0.27451460530626387, 0.228572892712079, 0.26717623432560716, 0.24089205703268574, 0.2437123265516643, 0.23599084023921457], "mi_tw": [0.24667254812161252, 0.26426239396842366, 0.23366952621503656, 0.25378797759558774, 0.26756368154722254, 0.24879312187497435, 0.261046509474909, 0.2775195139847483, 0.2618308279837597, 0.23768165693399984], "nmi_tw": [0.059960730838895325, 0.06420341147961187, 0.05711636106247138, 0.06203130271967666, 0.06283827737417333, 0.06071381876710306, 0.061647262382797705, 0.06673341198257245, 0.06313907678554069, 0.057698844685659896], "coh": [-0.9459864022475127, -0.9684603842051349, -1.23537273421165, -1.155902512266477, -0.8875473718664624, -1.211532883890167, -0.7440501113731632, -0.8769376608181318, -0.8991626266645201, -1.0168817714641458]}