{"p": 0.8, "p-emp": 0.7994981384371884, "t": [29.40789008140564, 28.271655559539795, 27.81817126274109, 28.86561870574951, 29.843388557434082, 26.9450101852417, 27.84977078437805, 27.312664031982422, 26.515324354171753, 25.961982011795044], "nmi_acc": [0.2901943326490588, 0.3014012428625115, 0.3225427508003702, 0.294381403433718, 0.321807836859115, 0.3276968884901129, 0.30516633373279217, 0.3049113781637243, 0.29721305642265655, 0.31275511075890067], "nmi_repr": [0.3374057811485081, 0.30407525207911307, 0.3079461461233301, 0.2879283232318349, 0.2969050072853101, 0.3355492481733716, 0.3090497736984988, 0.25803884582614633, 0.2872322199139902, 0.3299449145068668], "mi_td": [1.4641851176228766, 1.2104753218185986, 1.4277096630313733, 1.3427761586099296, 1.5048656944637895, 1.3571749566080202, 1.3797794694033692, 1.3215930701742782, 1.3593902665729205, 1.27023371245037], "nmi_td": [0.27502008308069126, 0.23481408468709083, 0.2704385628329702, 0.25556412480710866, 0.2827426512079114, 0.2599845810949195, 0.262917756399956, 0.2520846270684117, 0.26053491212258467, 0.24573546852220887], "mi_tw": [1.824924858864718, 1.5873006139496504, 1.7587754482549365, 1.692535638310247, 1.812042566830797, 1.6891358198545559, 1.6997204734974274, 1.6973756681359042, 1.6859860247050893, 1.6351806443346835], "nmi_tw": [0.35783213969635547, 0.32189825295713886, 0.34790967871759254, 0.3364753986890624, 0.3554130864697828, 0.33808144903698945, 0.338321712819151, 0.3382114145154889, 0.3376215612788447, 0.33066442903842197], "coh": [-1.8689993773049998, -2.0131985137345185, -1.839273751878049, -1.7624602807917873, -2.025384651394285, -1.8556550280539776, -1.9603928396557282, -1.8752590843209196, -1.7977944996698816, -1.8549478584215082]}