{"p": 0.8, "p-emp": 0.7993355106381541, "t": [38.90123748779297, 38.01240396499634, 40.635900020599365, 40.06065583229065, 41.45360541343689, 40.802297830581665, 36.778889179229736, 39.80236077308655, 38.84661793708801, 37.48740577697754], "nmi_acc": [0.27673028838276936, 0.2981723333359312, 0.2746801249242868, 0.3083160820160861, 0.3044294685025242, 0.2794436493302722, 0.3198946192901083, 0.2900608156736866, 0.31826383072921566, 0.2875648523916132], "nmi_repr": [0.2490008473528499, 0.2539246169234655, 0.2498632207285512, 0.2722754267815231, 0.2843896502690127, 0.25006518612719053, 0.2754928347071726, 0.2608177837953605, 0.25762105523237894, 0.24971158030017312], "mi_td": [1.6171920666339326, 1.6109393662807414, 1.6779691233723746, 1.7129217626577469, 1.7737540376412955, 1.6349197909692263, 1.620913354018278, 1.71246414457459, 1.7063992621795108, 1.540962001494119], "nmi_td": [0.27625923055705814, 0.27814018112406735, 0.28733667560828685, 0.29397027668173425, 0.3013214248530857, 0.2797735334551063, 0.27714404619623817, 0.2899018527304513, 0.29163603644548963, 0.26558511778044414], "mi_tw": [1.9853473239840516, 1.9337210969410565, 1.9683703855829577, 1.9683553889473027, 2.031831081376492, 2.022482263326319, 1.982658622030498, 2.027189459385244, 2.0023190322833075, 1.9259824272320862], "nmi_tw": [0.3771734690170414, 0.37174909962521646, 0.37495699340290944, 0.3758762304904557, 0.3836218547478346, 0.38497193521207806, 0.377039586605191, 0.3812723985818506, 0.38059780639527574, 0.36952863341239683], "coh": [-2.609015719170826, -2.6085651992966907, -2.61622280156628, -2.604506538840559, -2.727953131795855, -2.720907807133439, -2.5585467267260746, -2.6015061060593445, -2.6018047441557663, -2.675835073154624]}