{"p": 0.4, "p-emp": 0.3986036870772056, "t": [128.1476068496704, 127.04465293884277, 125.73303961753845, 127.13546943664551, 129.64685082435608, 128.14036631584167, 126.38068342208862, 126.93095445632935, 127.5363438129425, 126.36106777191162], "nmi_acc": [0.30586828492704105, 0.3236703079030501, 0.3095637177857382, 0.3061419309355502, 0.31992234950176346, 0.31336793228878557, 0.30889556128426354, 0.3115448107977296, 0.3231820626747883, 0.3145325552446582], "nmi_repr": [0.33555504987543516, 0.35091181655111153, 0.3562188776413533, 0.3268411314895853, 0.33290577157721496, 0.3603616557751469, 0.3504567671861085, 0.3678358064629967, 0.3356202072555602, 0.33203896126803156], "mi_td": [1.255429575896506, 1.2813233434763778, 1.290808060978461, 1.2338183431492447, 1.2830437744104046, 1.286898441297879, 1.2410348638119846, 1.2834100762304939, 1.250077889888003, 1.285911111647979], "nmi_td": [0.23101902890477208, 0.23616498063233918, 0.23797347691470216, 0.22664489807768945, 0.23645451208784674, 0.23645300524750296, 0.2285365551520036, 0.23649965356554492, 0.23001328339277227, 0.2360574580225344], "mi_tw": [1.740483818775095, 1.7328981955939713, 1.71953045020987, 1.7701055225494648, 1.728266637497807, 1.74468409695534, 1.7724225688890365, 1.729521069024866, 1.7393069222625395, 1.7307721304832944], "nmi_tw": [0.2962188087859139, 0.295368604041668, 0.29315883846998975, 0.30077256333561153, 0.29454740904696025, 0.29651984397149084, 0.30185782746418893, 0.2947354254590701, 0.2959935742006996, 0.293908802786926], "coh": [-1.5490913273733589, -1.5301303989437443, -1.5640735682984963, -1.5566717894173263, -1.4797361426516444, -1.4655928542568326, -1.5836097081271718, -1.5304849129565177, -1.5259443181523544, -1.4904499810224014]}