{"p": 0.4, "p-emp": 0.39998735124666973, "t": [58.26972770690918, 59.79424977302551, 58.933154821395874, 59.62921714782715, 59.43807363510132, 60.14623785018921, 59.06800103187561, 59.49557662010193, 59.0423789024353, 58.34137773513794], "nmi_acc": [0.3319372820886105, 0.352096150975992, 0.3576071620388426, 0.2995470040792215, 0.333376655334085, 0.30540769470410767, 0.37360126267488086, 0.3526575155084434, 0.3483322946527661, 0.34116286102077753], "nmi_repr": [0.26219816436076304, 0.27438249049176294, 0.29166178146060223, 0.28059831531406826, 0.28189243655709545, 0.28097219740731255, 0.28799500238504566, 0.2979297082938191, 0.282813302167133, 0.2825241336637242], "mi_td": [1.8673305562832654, 1.728098147946949, 1.7432229720246, 1.8393632632736763, 1.8201668030864897, 1.80241749189946, 1.8905927419889792, 1.7520083401052808, 1.9558809818671254, 1.8248682296373442], "nmi_td": [0.31777848815334386, 0.2981408793596732, 0.2999701277216452, 0.31285904101593354, 0.31030649662006965, 0.3085955272910783, 0.3218855672000575, 0.3018879992130683, 0.32913837157174813, 0.3118687929938053], "mi_tw": [0.6871212190706337, 0.7125341662752632, 0.7090011900690552, 0.6799886654485642, 0.7111033273333305, 0.6886296450675548, 0.703646763794527, 0.6965317171141063, 0.7035417421857673, 0.6948318110869478], "nmi_tw": [0.15348132373666135, 0.1620519354982537, 0.1606974759249514, 0.1517862277108892, 0.15921142416481573, 0.15504738269933113, 0.15726775943447252, 0.15815144998197928, 0.15485836928751842, 0.15606833375483892], "coh": [-1.594328657494602, -1.7252793259706505, -1.5404310090194104, -1.6421810032825959, -1.6267535736555019, -1.7243762883400584, -1.579970688036275, -1.5681240990199323, -1.3890997579919637, -1.4601678490696204]}