{"p": 0.2, "p-emp": 0.1999988734869521, "t": [99.65341138839722, 105.12780284881592, 94.21977734565735, 99.8352460861206, 100.74864029884338, 99.47480177879333, 96.10129737854004, 98.92959594726562, 100.97078704833984, 99.52329754829407], "nmi_acc": [0.013532556913814405, 0.040526306308039904, 0.03243612525988024, 0.08356942606014237, 0.04317643516417006, 0.014965197690962852, 0.045789619016445016, 0.05144073640326634, 0.03794303548524707, 0.02890819480539632], "nmi_repr": [0.20301226936348896, 0.2193888438226986, 0.21815558502795482, 0.20281010780038364, 0.19418373439480338, 0.22283723477161893, 0.20031806902983937, 0.21821250669537906, 0.22030586895405121, 0.23407944153511778], "mi_td": [0.5021573237557473, 0.5333783975055518, 0.5390899809321221, 0.5352207360110208, 0.5549793071409306, 0.49214593244291294, 0.5313948993551831, 0.526974471230318, 0.5168056569317465, 0.5412618861911176], "nmi_td": [0.10322549456287165, 0.10907773324816045, 0.11092928770661035, 0.10663054523832832, 0.11111810076935515, 0.0990701668632529, 0.11022407718450947, 0.10608535357525926, 0.10484182993930122, 0.10988300738232035], "mi_tw": [1.3001345314600086, 1.3092564350242368, 1.2700544840235994, 1.5574867733437774, 1.5176410269179124, 1.4727046288179986, 1.1968824410796757, 1.4781257005018307, 1.363574604953128, 1.3800379546126555], "nmi_tw": [0.2970649593096023, 0.2974346491330082, 0.29051738548772205, 0.3437151133961463, 0.3367719098728489, 0.32875905502674163, 0.2762262732847672, 0.3299834307917482, 0.3070200865951033, 0.31097779928722535], "coh": [-2.2635313164027844, -1.940190461268183, -2.203693999053715, -2.1526445761609407, -2.1941649539743486, -1.9822369306390764, -2.1659814867157827, -2.0847839615354737, -2.1252393841932924, -1.8826184628384288]}