{"p": 0.4, "p-emp": 0.3980488990979474, "t": [127.64724016189575, 121.74400568008423, 123.74004626274109, 123.37270045280457, 123.44197130203247, 122.22784686088562, 127.17649579048157, 129.81307435035706, 129.43510627746582, 132.98557925224304], "nmi_acc": [0.5022137519375236, 0.5010838383702289, 0.5136999380987958, 0.5126977070366721, 0.5116963418644159, 0.49280378970674604, 0.49476134717531245, 0.5038986149448633, 0.5100581444455907, 0.4915762987360018], "nmi_repr": [0.4930077147446868, 0.48363786164277756, 0.4744917755095005, 0.48078094816930966, 0.4825857309000632, 0.47380738036884645, 0.49725151132836304, 0.48930149277606316, 0.4753836698179582, 0.47375539717685256], "mi_td": [2.0301178031948144, 2.008743462417642, 2.048906775605102, 2.0625829252415824, 2.0178797359843714, 2.0550962434744875, 2.016233397614239, 2.027380275815926, 2.030700931850453, 2.005473377119234], "nmi_td": [0.33972229019460026, 0.33679244545810283, 0.3432609106922256, 0.34491267669838427, 0.3373868295959146, 0.34308559510883974, 0.33860992522535216, 0.338848382365956, 0.3399027152026088, 0.33531731357864514], "mi_tw": [1.5827416340920462, 1.5896802787214563, 1.5699440602583208, 1.5711744683032831, 1.6021279944326126, 1.5761207281749716, 1.5738499166713456, 1.600023644272067, 1.5885044856431496, 1.6133782973701898], "nmi_tw": [0.29002501371433814, 0.291910495310271, 0.2880424090050868, 0.28768406109551947, 0.29330370142011286, 0.28806098715061196, 0.28952960113679155, 0.29279836775610607, 0.2911587175167068, 0.2953679492865759], "coh": [-1.5449532698830666, -1.6313388106512345, -1.5661208588114006, -1.437394046455559, -1.6197264778691576, -1.5421072288314828, -1.6411130408865096, -1.5643827321815125, -1.5391267563026294, -1.5383804723353367]}