{"p": 0.6000000000000001, "p-emp": 0.2833345306667796, "t": [207.95553755760193, 206.7488603591919, 202.85220527648926, 199.86458253860474, 203.7306683063507, 200.40528202056885, 206.7336311340332, 203.68780612945557, 200.88716077804565, 191.07310914993286], "nmi_acc": [0.506877388008074, 0.5207671050197457, 0.5063669656743763, 0.5113112767073759, 0.5171684950519972, 0.5105427336100137, 0.5002173190843308, 0.49648296345720977, 0.5001295000982526, 0.505673314052398], "nmi_repr": [0.4710136564745271, 0.4990158779833669, 0.48816056713491524, 0.4883911657981704, 0.5137385378659997, 0.47666608165180857, 0.47505224696744064, 0.4751697043433641, 0.49246088529353443, 0.4805279214839559], "mi_td": [1.8813539981501088, 1.892210700780105, 1.9004713603807575, 1.908101168057622, 1.9053021706525624, 1.8888981231522075, 1.9093802661295043, 1.884373756499524, 1.896177919977312, 1.90578539457608], "nmi_td": [0.3149463861751705, 0.31712076349537566, 0.31838836510760815, 0.3191418585432047, 0.31892552644736005, 0.31726130706594935, 0.31941650883482825, 0.3152580448733721, 0.316842016360408, 0.3187092578900068], "mi_tw": [1.907850158362818, 1.8927542821295635, 1.8860297950378748, 1.9039141405700875, 1.9062040015128996, 1.877182347196699, 1.8995009778775527, 1.9140557110431564, 1.9174922477096903, 1.9051385063490471], "nmi_tw": [0.3086907388913669, 0.3065817297426713, 0.30538422248566927, 0.30779091802734915, 0.30839646185518066, 0.30470522468333483, 0.307133902491723, 0.30951084322276246, 0.3096972622749914, 0.3079465705503602], "coh": [-2.059359711657913, -2.1610935075917377, -2.053714956895939, -2.1036545580518426, -1.9527358729568811, -2.025290791288753, -2.0005489814729214, -1.9970374998561304, -1.9929001003519669, -2.089686958661371]}