{"p": 0.2, "p-emp": 0.1998533023225585, "t": [87.90141773223877, 88.01957607269287, 94.35411214828491, 82.15225791931152, 90.92241716384888, 93.02712106704712, 95.72354793548584, 84.08157873153687, 85.71819281578064, 85.96494126319885], "nmi_acc": [0.03293348548905621, 0.03110262231355887, 0.04344892240803477, 0.03292098660030888, 0.04206816679555343, 0.029583928436181853, 0.03303560302958266, 0.044401630635888485, 0.04675191123032831, 0.04181141423036691], "nmi_repr": [0.1674696535414765, 0.18029934650948753, 0.20071982237578195, 0.18434064828637245, 0.1616053543332017, 0.17370610828842883, 0.18563717735706595, 0.17588529628636657, 0.15638535200685777, 0.15888859980361192], "mi_td": [0.7582362969024856, 0.7694099228660365, 0.8034894492345539, 0.691372453575408, 0.7846471186782293, 0.7470537710198523, 0.7347829083342975, 0.6879225157954838, 0.7350766298745731, 0.7458765285327448], "nmi_td": [0.14580254026392814, 0.1494716073088495, 0.1548378699728113, 0.13550180722015745, 0.14975001388159573, 0.1464791550540248, 0.14223523747630068, 0.13351191403619514, 0.14014505397681473, 0.14331236065256392], "mi_tw": [1.7901080601438475, 1.6547186013976942, 1.743353005712365, 1.5998265373628255, 1.8394730617726467, 1.609390692299794, 1.721299298926641, 1.6923216523836173, 1.8651970296392144, 1.776940846658721], "nmi_tw": [0.3317493359199006, 0.3096946214386892, 0.32375662787382264, 0.3019768624966973, 0.3384341723020968, 0.30391081594602765, 0.3210479250015019, 0.3164370882548155, 0.34282639216937516, 0.32905798001440434], "coh": [-2.1778962848989734, -2.1534570802992956, -2.351207273223418, -2.3779349796583915, -2.2836394509541087, -2.3925049032444567, -2.274054341666552, -2.2971963994302245, -2.304527686664465, -2.297946758326355]}