{"p": 0.4, "p-emp": 0.3999746534564237, "t": [37.60830736160278, 35.7797589302063, 43.16294717788696, 37.84949970245361, 38.15108585357666, 40.78948187828064, 36.906739711761475, 39.97809934616089, 38.016873598098755, 41.77339315414429], "nmi_acc": [0.20621732972834803, 0.20314374365607843, 0.1816694550485636, 0.1948864845965597, 0.1985310236717572, 0.2227563421496959, 0.1868519295670041, 0.18368738197937318, 0.21318131096194232, 0.18914612172433135], "nmi_repr": [0.1316887231323403, 0.14270583741303938, 0.12698232913906868, 0.13832495679748466, 0.13760708614105827, 0.13907289660937497, 0.1481457428473601, 0.12791216397331867, 0.1286932808013704, 0.1378439861180198], "mi_td": [1.4583887485984226, 1.4782491182402921, 1.1098771631420483, 1.2875493916451766, 1.3428399645543145, 1.3630602677895507, 1.294299930067659, 1.3075207279109393, 1.4707716929475274, 1.4240710916146726], "nmi_td": [0.2701938565759919, 0.2712206427936701, 0.21485714626228947, 0.24372282096756864, 0.25048215880204805, 0.25532450954462993, 0.2437776195298882, 0.24321318218531307, 0.27106269075126266, 0.26363378911652796], "mi_tw": [0.14706702767733965, 0.15313238364093076, 0.14519097331956837, 0.15118902200297657, 0.144818304338102, 0.1647484715682046, 0.1514593733237742, 0.13957724607823419, 0.14924524810064424, 0.14504567131660312], "nmi_tw": [0.03889822114977015, 0.0399447154512922, 0.04091150266839167, 0.04123980130485207, 0.03867729012223124, 0.044265894049572825, 0.04101701448497214, 0.03712872530206588, 0.03918022359151542, 0.0383216514265599], "coh": [-0.2664340624595193, -0.17411086431044162, -0.5997961552378298, -0.3583180845519135, -0.5054272837688898, -0.3307476484228938, -0.47847149480712137, -0.39187565544734804, -0.13733601924476269, -0.12123592552501142]}