{"p": 0.8, "p-emp": 0.7992340152918402, "t": [32.521207332611084, 32.29389452934265, 33.50740885734558, 32.98756527900696, 32.312623739242554, 31.99196696281433, 32.10014200210571, 32.18724989891052, 34.0208375453949, 32.916356563568115], "nmi_acc": [0.15669696788447177, 0.1571525100895763, 0.15835949709615285, 0.15626965056783262, 0.15483325960954605, 0.15547912448427387, 0.1673531434069778, 0.16414458988077074, 0.1630533663281308, 0.1496690354094], "nmi_repr": [0.2211824753904128, 0.226059763444725, 0.2264858948841662, 0.21802017745128488, 0.2328455858367683, 0.22637086130226833, 0.23524205939897883, 0.23394621092955076, 0.23359213939741655, 0.22507488501275819], "mi_td": [1.373314233677981, 1.3711992538396789, 1.385106790216348, 1.4127344943503617, 1.4038444340838983, 1.3874313737975894, 1.38422165157462, 1.3530279176259667, 1.403821832161838, 1.3750865522346727], "nmi_td": [0.24475338388834747, 0.24490693581702466, 0.24754270111820137, 0.2515921749701043, 0.2504099515640463, 0.24814303003595822, 0.24770686701067504, 0.2420869093966818, 0.2512001099191598, 0.24575212559858192], "mi_tw": [1.1602948852891797, 1.1544102085488137, 1.1305772430876826, 1.1306312148346929, 1.1244472983675573, 1.1261658587233563, 1.129689843057248, 1.1494201114189857, 1.1007238133505606, 1.1307032168227324], "nmi_tw": [0.25185189355113113, 0.25123736264823077, 0.24623448493186634, 0.24519151009639545, 0.2443268906294621, 0.2454966149119708, 0.24643203268122738, 0.2506882662044971, 0.24009678239076415, 0.2462621845711673], "coh": [-1.822540274580359, -1.845204658037467, -1.8547454376897583, -1.868540331585097, -1.8520653956626951, -1.8682745513383554, -1.8537717295067346, -1.870235671546256, -1.8182507301983144, -1.8693382583006724]}