{"p": 0.8, "p-emp": 0.7999712739172802, "t": [33.39714980125427, 33.17868447303772, 33.640148639678955, 33.896522998809814, 30.40414333343506, 29.716864824295044, 31.81780195236206, 32.445866107940674, 35.79530715942383, 31.595643043518066], "nmi_acc": [0.19643910704995668, 0.18486423859160278, 0.17282575037140746, 0.20468160607090066, 0.2088707927966362, 0.19572252229030543, 0.20406389501957564, 0.19798145312273155, 0.1653369280046842, 0.19917259083416652], "nmi_repr": [0.1400075752927457, 0.13089840491392649, 0.13520559249002106, 0.13248940512622884, 0.14019407179491078, 0.13653289208784353, 0.1391295362401033, 0.15056303555682413, 0.1418482493080622, 0.1488515868807406], "mi_td": [1.544943426478686, 1.5087369482826771, 1.552146467351895, 1.5205799023030342, 1.5155959958011127, 1.4653211216195061, 1.5774130270672244, 1.5417566064853525, 1.6054820519529698, 1.5673439719675006], "nmi_td": [0.2770232618620053, 0.27098734941989516, 0.2785968200734896, 0.27489654289652565, 0.27271482682113246, 0.26494775417403826, 0.2825382445773174, 0.276741015115967, 0.28810615478425944, 0.2806630660349725], "mi_tw": [2.5605003815332084, 2.524140757099584, 2.5423005451611695, 2.477456283945717, 2.512747503994795, 2.47917211492287, 2.557525417769588, 2.5468105099649505, 2.5508570542668414, 2.575628826951826], "nmi_tw": [0.38776805255727825, 0.3828060250444005, 0.385341237394173, 0.3777938875918835, 0.38166368411809154, 0.3781050326940607, 0.38696224845509863, 0.38603552277817244, 0.3865657169382185, 0.3896173227770809], "coh": [-2.1255517861299515, -2.275320333779142, -2.1377474194034094, -2.143477515788824, -2.0673622572603287, -2.110917477368782, -2.126509887985755, -1.9281508319667369, -2.0826509412565604, -2.0332410026332837]}