{"p": 0.8, "p-emp": 0.7999990715336871, "t": [21.15969467163086, 21.22604990005493, 21.04910111427307, 21.652008771896362, 21.38390874862671, 21.38390803337097, 21.342332124710083, 21.481877326965332, 21.466195106506348, 21.263901948928833], "nmi_acc": [0.07009206302927658, 0.06943193884870252, 0.07592873848132424, 0.05773514019162075, 0.07370603822888251, 0.06086043854816519, 0.06422076066627329, 0.07766142613479246, 0.07586009151309375, 0.08022856109020353], "nmi_repr": [0.10055366434504608, 0.09552580190796456, 0.10041373621473453, 0.0888198565016656, 0.08180878351566138, 0.09479180081093738, 0.0927113383419889, 0.09062359331450245, 0.08732921469735686, 0.09572609456102947], "mi_td": [1.8780986689233239, 1.9979848843576171, 1.9383929558925297, 2.0070363189680336, 1.9546764058163704, 1.9201077280232703, 1.9106546917082587, 1.9296981266956788, 1.9320160650601028, 1.912939212453484], "nmi_td": [0.3392759429859663, 0.35556619279704976, 0.34686373291853295, 0.35719163739728904, 0.34990571820074134, 0.34503283439993865, 0.3434820893575727, 0.34570876093691905, 0.346109516404718, 0.34346717087206985], "mi_tw": [1.2393862402948312, 1.2788376047223946, 1.2935212632575392, 1.247611782369535, 1.2508661534098349, 1.2400414035519072, 1.238903153874666, 1.2638541686756604, 1.2626814175512833, 1.2694917243712713], "nmi_tw": [0.24493456404096983, 0.24862564654207986, 0.2529964463936396, 0.24256572098257403, 0.24475162792515112, 0.24364878501024334, 0.24353981143683323, 0.2475076658224803, 0.2472666699902476, 0.24921513361931097], "coh": [-1.6782998571113186, -1.4558109906997143, -1.66471178903608, -1.6677637954508993, -1.5847899102513725, -1.796324301591054, -1.696108695858684, -1.6256554498666471, -1.6578476379661342, -1.8037706368154809]}