{"p": 0.1, "p-emp": 0.09999860730053067, "t": [64.38991045951843, 63.16016936302185, 67.43107724189758, 64.06813216209412, 64.30907011032104, 65.41497850418091, 63.0089545249939, 65.03044962882996, 64.36393785476685, 63.83012318611145], "nmi_acc": [0.08023356589099212, 0.07910850767206666, 0.06250509574390808, 0.08306242745559674, 0.07578097386416141, 0.09586918728138148, 0.09371555413644964, 0.06580835766264928, 0.06905762123498548, 0.07554757658804089], "nmi_repr": [0.11917069298054958, 0.10502472371887514, 0.09909078696692676, 0.08519491909703389, 0.07516693108220164, 0.08520909376854054, 0.10128681849227163, 0.0888367520094893, 0.0952138989045843, 0.11298909216082742], "mi_td": [1.169328529196573, 1.0955368294164107, 1.1052935738660237, 1.1758120944721309, 1.3323537959973668, 1.1018036256128445, 1.2144555586098498, 1.271723580797967, 1.105410094453373, 0.957854049640493], "nmi_td": [0.2264039839181734, 0.21485046629796406, 0.21653858132518372, 0.22816229723008677, 0.2514563301748306, 0.21587820736541388, 0.23484882550565625, 0.24282349248920765, 0.21699673891784807, 0.191980134261213], "mi_tw": [0.5431661314524674, 0.5257156803637181, 0.5259918911412069, 0.5397787169513244, 0.5655207949475737, 0.5407491604854827, 0.5496862783163202, 0.5446661546290464, 0.5117370347428792, 0.4854599948991325], "nmi_tw": [0.11313552920011646, 0.11102055319508268, 0.11095455869644318, 0.11269722743887066, 0.11459891011812065, 0.11408079082381485, 0.11434035293491628, 0.11176150185281652, 0.10818127207147053, 0.10495131296236766], "coh": [-0.7694009405358113, -0.7525703307634017, -0.632279405032677, -0.46841368697375885, -0.9695978352120866, -0.8398035590555917, -0.6191485145014479, -0.5505564642949545, -0.8736278487582952, -1.0487925117295498]}