{"p": 0.30000000000000004, "p-emp": 0.2985721447118661, "t": [181.0261607170105, 184.22602438926697, 179.98162364959717, 178.3636119365692, 180.29387879371643, 186.62281250953674, 187.4291286468506, 186.38451218605042, 187.8527488708496, 181.22283339500427], "nmi_acc": [0.2806586982855069, 0.30286518491632103, 0.31498497631720634, 0.29852528333704437, 0.30661684105988124, 0.3157669976485235, 0.28854386641608953, 0.2958332648172365, 0.31020005509700055, 0.3024412207071093], "nmi_repr": [0.29842864741984215, 0.2807250301359556, 0.31056578534988954, 0.30156338372690955, 0.2937646169658129, 0.30478525545702, 0.30433730513464996, 0.29753166977612944, 0.29651776606836894, 0.27859800759231934], "mi_td": [1.175895870910296, 1.2897427548362757, 1.2746924944516076, 1.2561110704986909, 1.1890935276500447, 1.2844208248989408, 1.2918197141660415, 1.2827368166975541, 1.1786492834366888, 1.1844749894948499], "nmi_td": [0.21819520721231359, 0.23764228063518922, 0.2361866311348423, 0.23166301360374594, 0.2207252896595529, 0.23913316894734143, 0.23871587631242536, 0.23803495436146485, 0.21793557725852464, 0.21863747917007859], "mi_tw": [1.3845801717335924, 1.3104760759343017, 1.3101545300567872, 1.3284364823514374, 1.3564385098442369, 1.279739697843983, 1.2969258482453483, 1.2934384386878661, 1.3822035902993492, 1.3864042719142293], "nmi_tw": [0.2644267106300981, 0.24846864970337393, 0.24984173294133946, 0.2521176125445723, 0.2591503107731546, 0.2452492156490497, 0.24663403522996247, 0.24703619920362488, 0.2630157220440624, 0.2633498591540533], "coh": [-0.9350655568143493, -0.7664554006381163, -0.8512902427363576, -0.7413428580787207, -0.9512150431886839, -0.7861512222904178, -0.9688223935568196, -0.7516856657255013, -1.110351812103431, -0.9753398988330622]}