{"p": 0.4, "p-emp": 0.39911061794873237, "t": [61.18440866470337, 61.582926511764526, 62.97826099395752, 61.8984260559082, 61.18627214431763, 62.365854263305664, 61.037007570266724, 61.634405851364136, 62.07377529144287, 61.53339862823486], "nmi_acc": [0.1694608275007005, 0.15210058299386317, 0.14790719262031443, 0.16792964193314652, 0.1664106611491939, 0.1716735472322894, 0.16537224437526524, 0.15000948126622723, 0.18403500129107275, 0.17652013776058736], "nmi_repr": [0.11098103590494593, 0.08675922129978715, 0.08190793120378828, 0.08585826130622189, 0.09474445715769836, 0.10628783062647743, 0.10772871333810925, 0.08888806242446036, 0.08799370762938154, 0.10446134126550354], "mi_td": [1.7952563916700575, 1.84916597694244, 1.8140978974412656, 1.7867817758427798, 1.8718375522988198, 1.7925070032118706, 1.7825652716830327, 1.7931108471766783, 1.7749849695014657, 1.8131796516440084], "nmi_td": [0.3323552558335582, 0.3401727966895744, 0.3350960594305297, 0.3313254609559514, 0.34306173575361704, 0.33233794718634563, 0.3305946146184109, 0.33220419247577343, 0.329784815235155, 0.33534088895337283], "mi_tw": [0.7319249513898424, 0.7078648036379699, 0.6964403391456117, 0.7050262739888615, 0.7348631453393412, 0.7200887531163844, 0.7288936142821052, 0.6899546082214091, 0.7237786626724729, 0.7200660496755231], "nmi_tw": [0.125414720105242, 0.12058247020610843, 0.11908864445447573, 0.12098786307844847, 0.12474995769244068, 0.1235557880019216, 0.12510154939532653, 0.11830426793748389, 0.12443178577217864, 0.12326958207149216], "coh": [-1.1602178679339399, -1.2558105178433625, -1.281485171608919, -1.3900027672944957, -1.3531396719374675, -1.3003555918115068, -1.3289568654468895, -1.3849216201035712, -1.400638046904185, -1.4683590712511871]}