{"p": 0.4, "p-emp": 0.39991086723395963, "t": [34.39005732536316, 34.73400378227234, 35.011821031570435, 34.47273111343384, 34.86628866195679, 35.20722317695618, 35.70963430404663, 37.63116765022278, 34.55529522895813, 34.83046221733093], "nmi_acc": [0.11654203402042931, 0.11302569734620295, 0.10894931026141641, 0.11289735168283191, 0.10535083720223692, 0.10127970836230367, 0.11242191405598424, 0.11287765801197179, 0.129766718909687, 0.09135444872527645], "nmi_repr": [0.14428454198719906, 0.15731673579384556, 0.13923260306824237, 0.13847703669542005, 0.1554599419323354, 0.15724349934074033, 0.14944347380830383, 0.14812314221074405, 0.15875171601463378, 0.160115479043701], "mi_td": [1.3960114293124941, 1.693655440284482, 1.5881587233679948, 1.2826262877961516, 1.3981268416115828, 1.4948946142720527, 1.6175576512013938, 1.373328509511831, 1.685832596937363, 1.2180145808943337], "nmi_td": [0.2606357475006282, 0.30420522365113706, 0.2873213783035175, 0.24135089493439194, 0.26138686106734627, 0.27407457896715626, 0.29318154837230875, 0.2564790651019171, 0.3050447929056184, 0.23239279483647848], "mi_tw": [0.23059910441306306, 0.26410895274126167, 0.2634467880844426, 0.24129393469170748, 0.22052128998223788, 0.2537850743919471, 0.26012087516377574, 0.22790799503504475, 0.2519637714805292, 0.2177991251724246], "nmi_tw": [0.05927860646613806, 0.06439501043528996, 0.06486637989046745, 0.06270184246663428, 0.05679452252305154, 0.06363323726817004, 0.06420886032504872, 0.05861143407252431, 0.062053618376160885, 0.057693588450306345], "coh": [-0.8095662298847207, -0.39406671116344955, -0.44467567254588725, -0.9807259010211391, -0.6718572865542618, -0.5849341058791484, -0.6371072174594204, -0.866706356298718, -0.5896182778716436, -0.8941212717243159]}