{"p": 0.0, "p-emp": 0.0, "t": [226.3382580280304, 223.5485908985138, 226.80717825889587, 220.0299460887909, 221.1742024421692, 221.80665731430054, 231.76851272583008, 222.49415755271912, 222.0109920501709, 226.02296113967896], "nmi_acc": [0.46529769710806906, 0.4611319040139675, 0.4706726525389102, 0.48305337635888584, 0.47319628302867334, 0.4731124780288918, 0.47721819357615547, 0.46210943563523604, 0.46280454259698234, 0.46890112492332486], "nmi_repr": [0.42869524258868213, 0.4180380300065065, 0.40650603262185436, 0.4070409458438299, 0.4370650585129298, 0.42019080208154386, 0.43058039808286674, 0.4171585846066629, 0.4222447343313978, 0.4420590575922951], "mi_td": [1.6524247606629694, 1.6715713994479402, 1.6651580847485863, 1.6883527750734229, 1.66385345901086, 1.6845329098126292, 1.6713404897811746, 1.6320741289324994, 1.6528447082446367, 1.658170758991202], "nmi_td": [0.2790112248900275, 0.28169406594548546, 0.2814046979602333, 0.2844001928142315, 0.2810799960667966, 0.28364081252032497, 0.2823543134947644, 0.27594695940996633, 0.27874613190158365, 0.27954441925111057], "mi_tw": [1.5951876243236618, 1.5824751565887236, 1.5819458309197478, 1.5819194989205474, 1.5842577482262972, 1.5755637316203428, 1.5777303224883403, 1.5893327586657933, 1.6053601811562292, 1.594822520326096], "nmi_tw": [0.2800808309725166, 0.2772857626131375, 0.2780059566090072, 0.27706494080153893, 0.27830493239366094, 0.2758345397123699, 0.2771679735337288, 0.27944449610409494, 0.2815140536200466, 0.2795622664402999], "coh": [-1.3790396003237915, -1.4742821582741992, -1.498312078540413, -1.567884702741019, -1.5472996128138203, -1.631316499207074, -1.4541257263126828, -1.487836738311842, -1.3852653773147359, -1.4591875536098224]}