{"p": 0.5, "p-emp": 0.49930032745534714, "t": [74.38494873046875, 74.9044508934021, 69.23878884315491, 73.07429480552673, 68.1566231250763, 70.21141815185547, 72.37974882125854, 71.55880045890808, 71.6496410369873, 73.79462885856628], "nmi_acc": [0.19684476166545692, 0.23896001825611066, 0.19674437086735375, 0.21950427306525686, 0.24445290665157696, 0.1997276388525964, 0.22105049035458707, 0.228031554505587, 0.2676842645648939, 0.24706993829304114], "nmi_repr": [0.14386445247653973, 0.16204331760296536, 0.16105881165726746, 0.15279020597410461, 0.1786202797577125, 0.2021557570746638, 0.18906774588703965, 0.16184461871522168, 0.14474049551906357, 0.15967517659118755], "mi_td": [1.186124805153338, 1.4216398507092798, 1.1882156167857136, 1.3689406426329631, 1.0821274834619368, 1.0768783361484653, 1.25838163149125, 1.5136979676032134, 1.4524397040410564, 1.334106157817724], "nmi_td": [0.21400250647838856, 0.248204796450056, 0.21444673714584692, 0.23995037966804217, 0.19923717311946454, 0.19748719606361695, 0.2250031249237537, 0.26078397784302637, 0.2524508139299141, 0.23544781664242095], "mi_tw": [0.9992490000569499, 1.0936640730978928, 1.0000695741765804, 1.0816203351143487, 0.9779809141922196, 0.977252964313622, 1.0509658409833065, 1.1306580539041706, 1.1383577571118402, 1.0818753190536512], "nmi_tw": [0.20220807788411127, 0.2133228878805279, 0.20244507388393818, 0.21190743398820303, 0.2024609944522646, 0.20141179618242583, 0.21053667687964625, 0.21728691599108454, 0.22093439226866673, 0.21358300624267934], "coh": [-2.527117014284489, -2.4819977546912084, -2.542966075169412, -2.6165719099098945, -2.5890702808076886, -2.5706987929146656, -2.6375920811435125, -2.1692706917235114, -2.278522460467492, -2.2652832494649724]}