{"p": 0.30000000000000004, "p-emp": 0.29307317707245284, "t": [81.04332232475281, 76.94003105163574, 87.21800351142883, 84.72601270675659, 84.48396801948547, 78.94625759124756, 78.45961618423462, 78.88194799423218, 91.54282903671265, 82.50102972984314], "nmi_acc": [0.08031518558283375, 0.0706055710686146, 0.08827520004902079, 0.08935983747028949, 0.12449519441303428, 0.05810164221101297, 0.09051704505115585, 0.08402300574568798, 0.05978404562478171, 0.11972545024480402], "nmi_repr": [0.1143782409672348, 0.11578199688664857, 0.10956413937145526, 0.10581600387387606, 0.12487118344382984, 0.13448206863711545, 0.1422106021290765, 0.12566042573632605, 0.11593107187598103, 0.11874504032246797], "mi_td": [0.7553252840289206, 0.7423724407626945, 0.7736353830375315, 0.8021375624769471, 0.8315666523754783, 0.8126418499875439, 0.8134247868232373, 0.700697204065196, 0.8657213128572279, 0.8137544235853318], "nmi_td": [0.14202137979846677, 0.1409574664203515, 0.1436317938045213, 0.14983175076987335, 0.15471964391673146, 0.154230500807654, 0.15456893272573416, 0.13214500414533242, 0.16267354161262568, 0.1515818696933437], "mi_tw": [1.9803762287335922, 1.9091650267545015, 2.08844683627719, 2.0535432842925783, 2.0701482244636114, 1.8944902568095376, 1.905359659871204, 1.9818518918052737, 1.964624805920785, 2.0456606980751126], "nmi_tw": [0.34749410655262475, 0.33806859579684756, 0.3621456324679646, 0.3581208751878308, 0.3596944072203954, 0.33532947382380884, 0.337640131087242, 0.3487262204892998, 0.3445222099082199, 0.3558261805724567], "coh": [-2.280872584286335, -2.4852620437655153, -2.2498138068901223, -2.387562955174383, -2.2478156621641987, -2.306060487634081, -2.2987688883931705, -2.155289652822649, -2.30118975976741, -2.342764266726983]}