{"p": 0.8, "p-emp": 0.7971978886676044, "t": [38.19981932640076, 36.75623869895935, 37.06249475479126, 37.63764572143555, 36.36378026008606, 36.56631922721863, 36.86241626739502, 36.305824995040894, 36.997501373291016, 36.54898166656494], "nmi_acc": [0.01944873010170155, 0.018652938503279017, 0.019291014623972532, 0.02098495883155013, 0.01669046044245977, 0.020652803238143266, 0.0204232783022575, 0.01860714765523482, 0.020480176672116737, 0.01977006504342639], "nmi_repr": [0.19602703193149196, 0.19080526685306043, 0.18861478687795274, 0.19044868588226818, 0.19688992987446408, 0.19758689100423427, 0.19592368087789486, 0.1948350096726876, 0.19546860338219124, 0.19292638068350898], "mi_td": [0.4277169236500333, 0.4313109004278747, 0.43249079076793806, 0.4307719643177127, 0.4283560596744833, 0.4279331873008177, 0.4317216591105986, 0.4293669019923136, 0.430337036118077, 0.4334135210554049], "nmi_td": [0.07552723217921853, 0.07614815673440178, 0.07635876161204344, 0.07605541412354257, 0.07563153779102896, 0.07556639130283264, 0.07623461135946251, 0.07583607054352827, 0.07599405736152869, 0.07651560034936922], "mi_tw": [1.1715352271860335, 1.2004049603475901, 1.173240661090185, 1.2082807611410529, 1.2073925146344875, 1.1779226216883885, 1.179670004141514, 1.186071216378902, 1.1937446836882617, 1.1319207985311301], "nmi_tw": [0.42397450162590955, 0.43426214087844905, 0.4244612381877887, 0.43713966041197816, 0.436849863272458, 0.42629730137045785, 0.42692090319233816, 0.4294379049019842, 0.43206049566068055, 0.40944570922396933], "coh": [-0.16283001951224402, -0.16351100317330938, -0.16926500023093682, -0.1882497128300408, -0.16373031190256104, -0.17134556982005694, -0.17326236769520734, -0.17864159437154456, -0.18202151126963265, -0.15906027403971945]}