{"p": 0.9, "p-emp": 0.8916984267038516, "t": [13.680083513259888, 16.998919010162354, 16.52257800102234, 15.51195764541626, 18.53261423110962, 17.541428804397583, 13.738157987594604, 15.38141393661499, 18.244519233703613, 16.61511993408203], "nmi_acc": [0.021174457858689825, 0.014473865007083083, 0.012926193624451696, 0.010119932526422064, 0.01708940862758512, 0.013638260471591876, 0.012774398069148912, 0.01625686918477638, 0.01798031664014119, 0.015599274767896342], "nmi_repr": [0.0689429260232361, 0.062259733640928676, 0.051587746371402766, 0.06914623921363044, 0.10097915299516551, 0.052584275998826285, 0.03578395684014316, 0.1661970809634463, 0.09439411971124073, 0.06415384332291037], "mi_td": [0.08542654219758034, 0.47529885681569295, 0.51383161122235, 0.2382776658682075, 0.4910416409914058, 0.3419552098918681, 0.17595215000608805, 0.4134272685125265, 0.6888513954978245, 0.3580125187512061], "nmi_td": [0.01806073337856268, 0.09570217060715351, 0.10216635920362692, 0.04919754809697023, 0.09794925071802818, 0.07022143222049355, 0.0369408800571976, 0.08468629687026358, 0.13434855129987266, 0.07237134364358414], "mi_tw": [0.40033496038773875, 0.17947398567695172, 0.17417552290649185, 0.5284101397440425, 0.4080463485439494, 0.12020532350722125, 0.371067059290667, 0.21018232688854027, 0.22334963573765515, 0.46606719130301044], "nmi_tw": [0.4547452474224033, 0.160699786690502, 0.14763737171030683, 0.5317743828155979, 0.35067118361776556, 0.11784138869687981, 0.40621954288343515, 0.20361422961035505, 0.1748011692397737, 0.42475063765501697], "coh": [-1.6549622900116976, -1.2739733279211372, -1.8524294726425274, -1.1134293741561931, -1.637765993216442, -1.7329408513686635, -1.531444882712519, -1.3366828816157428, -1.4132852793570052, -1.3482930799602775]}