{"p": 0.0, "p-emp": 0.0, "t": [71.83696269989014, 72.31419324874878, 70.75173497200012, 71.40229153633118, 72.13330245018005, 72.29877638816833, 70.30417561531067, 74.81759190559387, 72.92041659355164, 71.08508539199829], "nmi_acc": [0.0853744399580749, 0.08286486482909372, 0.05150459613938455, 0.08140995187303973, 0.08508374268231107, 0.05636637134213892, 0.08485408803189302, 0.05731767604247653, 0.08792222817929865, 0.05418518125937065], "nmi_repr": [0.08204721790010919, 0.0868217353234276, 0.07994446141522933, 0.07538892569984897, 0.07822376287449193, 0.08131334314972391, 0.10561455073919672, 0.1129899116514712, 0.09989196885818423, 0.08261029898192297], "mi_td": [1.0802625273960709, 1.2419418764313752, 0.8520985152245144, 1.1134444900084957, 1.1205449088722907, 0.8481250110506338, 0.7187520503998865, 0.9254482141641369, 1.1317420801745584, 0.7092449704143919], "nmi_td": [0.2104354908120979, 0.23640136834763736, 0.1720010263621479, 0.21586631878389897, 0.21759267878024383, 0.1707777324555375, 0.1496817198685816, 0.18516964269341174, 0.21914313840465538, 0.14704030706570265], "mi_tw": [0.5424023888372603, 0.5769648935647452, 0.48380662334801044, 0.5436231007445654, 0.5353070712356865, 0.47524815048412, 0.46722230911699375, 0.490103805907393, 0.572469144458347, 0.4699683326876298], "nmi_tw": [0.10830711450817809, 0.11251106471828107, 0.1001966008979347, 0.10802098186394367, 0.10654408079498832, 0.09817569722727754, 0.09991044804630807, 0.10058814349535133, 0.11360908118013353, 0.10003551613298264], "coh": [-0.9978662935308131, -0.93591742063564, -1.0052432330844456, -0.6995474709476875, -1.009448593455616, -0.918156312929178, -1.0192774100945141, -0.9470925984825251, -0.798360737214644, -0.7680366485809051]}