{"p": 0.1, "p-emp": 0.09591500528975772, "t": [168.85200572013855, 153.74273490905762, 160.10126066207886, 163.15497756004333, 160.23444437980652, 173.86941647529602, 148.4806468486786, 179.0717282295227, 162.85104131698608, 174.35411548614502], "nmi_acc": [0.3271631907132458, 0.3904456449069708, 0.32611753629924767, 0.39831953113738205, 0.3953581518345185, 0.3884822181896015, 0.38793702612142206, 0.36029500242513074, 0.3784947146305995, 0.35814513242992746], "nmi_repr": [0.20472401462062145, 0.24371227006433596, 0.23533312001855144, 0.23299790190739764, 0.24842583417676925, 0.22869482728462856, 0.25477344626289955, 0.24949488475265894, 0.23985153698522116, 0.23420031596765495], "mi_td": [1.354321593352343, 1.3054372732747972, 1.2233511331606546, 1.31445851138136, 1.1389091266806937, 1.369035300756413, 1.3318024893100586, 1.2908186994674213, 1.2706041659895289, 1.2610697777697253], "nmi_td": [0.2308144056168794, 0.22625544493944075, 0.21112258077558854, 0.2267744911060743, 0.19637915557977134, 0.23328713430071685, 0.22665079085076653, 0.22185438578022526, 0.21823025631771278, 0.21679070069411316], "mi_tw": [1.994872952282909, 1.8363838895659168, 1.8866825380051264, 1.8861189070234454, 1.9104826788009714, 1.9835066160423902, 2.0403069743489546, 1.934848417131708, 1.9473445676902035, 1.9150844010888999], "nmi_tw": [0.33993075550418866, 0.31822881215698084, 0.32554847589352987, 0.32534915770017664, 0.3293690268243928, 0.3379433577511867, 0.34717395348379954, 0.33249358375863336, 0.33441141144429454, 0.3291720765256999], "coh": [-2.324849144648303, -2.405593259428243, -2.1917153833230976, -2.2082117513870547, -2.38785431777226, -2.4252063031549485, -2.1952302613743955, -2.421920191057193, -2.0895759195420234, -2.462065112506051]}