{"p": 0.0, "p-emp": 0.0, "t": [82.55736589431763, 81.31268620491028, 79.91448664665222, 80.9768717288971, 81.09050154685974, 81.31594729423523, 79.81125974655151, 80.14663314819336, 81.06645846366882, 79.12160181999207], "nmi_acc": [0.11835093066345419, 0.14718891999624198, 0.15397090779872538, 0.17197582485943014, 0.1320465671443547, 0.1465487257997648, 0.17314197362186157, 0.15214231852404336, 0.17398444078864744, 0.16379599293449001], "nmi_repr": [0.0771618669301749, 0.07007559477010446, 0.10205493734240076, 0.1021939951444256, 0.09907819637302885, 0.06561661903186163, 0.08941770071384078, 0.11210923244610974, 0.10875667699057885, 0.11553545141127747], "mi_td": [0.9448412747228794, 1.404497221489464, 1.124127990806534, 1.0367372989038233, 0.9922706944257416, 1.3724572255472571, 1.1567516493830992, 1.1305708626191204, 1.3848653519932232, 1.3989154006306332], "nmi_td": [0.19552653528605754, 0.2729585289129187, 0.22759191377864696, 0.21362877093027596, 0.20422799934654787, 0.26773709467517287, 0.23387797986669648, 0.2276617729904941, 0.2701681456878854, 0.2719735226755134], "mi_tw": [0.24330195853690353, 0.3441257978599222, 0.29510290619636464, 0.27007787503882125, 0.2606582385248317, 0.32723128371591415, 0.2890220365312024, 0.29837214617825303, 0.33705557190312657, 0.3412006750625725], "nmi_tw": [0.05415741956672196, 0.07160838107939343, 0.06416075598258189, 0.05984191606454202, 0.05768248648119773, 0.0683677282214057, 0.06274677223369751, 0.0644959592202145, 0.07042322425856519, 0.07102760463709112], "coh": [-0.8268615545412124, -0.4264857680455704, -0.5700398328842207, -0.7590992427479686, -0.6212336364163275, -0.31314753710602006, -0.8720080268878867, -0.6847852368650365, -0.6643208480686128, -0.49422657469885245]}