{"p": 0.30000000000000004, "p-emp": 0.2996828865770338, "t": [91.51549482345581, 95.77734398841858, 90.89837503433228, 85.96145009994507, 90.31008076667786, 89.69070863723755, 88.25283455848694, 86.59574365615845, 89.782231092453, 88.43112993240356], "nmi_acc": [0.047949496426287194, 0.08295941783953506, 0.08169288060772521, 0.0732174388040936, 0.08915872636003326, 0.06340465345561057, 0.03794128157919684, 0.06667800730001759, 0.07916548301019719, 0.058469957154364226], "nmi_repr": [0.24939367206792695, 0.23832373190079234, 0.23287446811834, 0.24005247085820142, 0.2095291034516856, 0.21205260316518038, 0.23092785242861938, 0.24639000347533196, 0.24428065044960456, 0.26121094725918487], "mi_td": [0.6272218635679288, 0.6264928640262479, 0.6431210554416369, 0.5784067357666882, 0.6482012879680561, 0.618850535807316, 0.5796380245412132, 0.6099895062363436, 0.6374790125415446, 0.636477709874792], "nmi_td": [0.1275074561258568, 0.12596512642444588, 0.1310685555719851, 0.11761708026071, 0.12969471008867464, 0.12548568400879553, 0.11833186355396043, 0.1256177528830214, 0.12833752929767445, 0.12923652904884825], "mi_tw": [1.340345415471242, 1.4271443469232612, 1.3110835503772982, 1.3475511528961572, 1.4928014623741097, 1.3866760412435515, 1.3362213455861556, 1.238475740384592, 1.4252770910738106, 1.362476194918683], "nmi_tw": [0.2956471926054971, 0.3110575016236849, 0.2899824514516141, 0.2973277040661963, 0.3236496883638153, 0.30502268664434073, 0.2960887305962539, 0.27703813315318926, 0.3110800881159599, 0.30014430573886075], "coh": [-2.3196247492334687, -2.0521940373570167, -2.1372288559406143, -2.185587695729924, -2.1006937803056336, -2.297615657911536, -2.064229273667108, -2.1527111949356015, -2.1120588805113596, -2.030970495604961]}