{"p": 0.7000000000000001, "p-emp": 0.6996111429376668, "t": [84.70400953292847, 64.18723654747009, 66.98103547096252, 65.08713054656982, 63.87315225601196, 67.77935481071472, 63.90961146354675, 87.16232109069824, 90.27138185501099, 82.9179379940033], "nmi_acc": [0.3275077817417743, 0.31157972739983447, 0.28216486830022575, 0.3560534755173877, 0.31619093802134696, 0.3468743852963542, 0.3292480318884801, 0.32586125535532734, 0.3388350215652671, 0.31612978742276093], "nmi_repr": [0.2531811206611746, 0.23667625690585536, 0.19236307447882312, 0.2032379903370726, 0.22421450065875578, 0.23321274210333637, 0.2365276694997963, 0.23673712901927355, 0.23661064216514496, 0.23879706130783218], "mi_td": [2.538495284590417, 2.5468277008909896, 2.440268349865273, 2.468555573160128, 2.459132535328653, 2.5183275113825956, 2.5298901814933807, 2.5934555273683717, 2.580861703203025, 2.489114822279477], "nmi_td": [0.40578185191738525, 0.40657183618366133, 0.3917273118641286, 0.39698556973568894, 0.394791883765492, 0.4036785931980691, 0.4046013294831329, 0.41196793891796635, 0.41147920841181707, 0.3992899118003197], "mi_tw": [2.9664680849593217, 2.9949703966981565, 2.921723792469957, 2.9294438819489237, 2.9442348779968666, 2.9713433259460595, 2.9719297477010183, 3.0428437762973637, 3.017957298595322, 2.956360689710203], "nmi_tw": [0.4356330510773809, 0.4392807374105444, 0.4307261140214669, 0.43258214994525473, 0.4340814699213583, 0.43746461530844255, 0.43662844746692697, 0.44427374131776104, 0.44213324049250596, 0.4355533134074978], "coh": [-2.583233653938672, -2.6029864561703713, -2.578561935330968, -2.5940676972433763, -2.452333370177092, -2.4428060443821757, -2.4114371588006005, -2.3432865613572074, -2.446264152450588, -2.41318624819965]}