{"p": 0.2, "p-emp": 0.19880524542572575, "t": [141.7263514995575, 153.99394822120667, 143.58375668525696, 172.91685795783997, 143.3405566215515, 148.6931483745575, 165.42673420906067, 155.62295699119568, 137.95749425888062, 176.95701360702515], "nmi_acc": [0.3794948220834456, 0.3318661112296066, 0.4200578504589628, 0.4288075757898458, 0.4220071063654211, 0.40636132512804096, 0.3988591136183416, 0.3773899457887914, 0.43766295305257336, 0.3379902801479369], "nmi_repr": [0.2317616012489058, 0.20285700946135418, 0.23136414646620418, 0.29231281638654416, 0.27634255107007183, 0.27070999277960583, 0.2604716466963337, 0.2322646556678237, 0.2382405172526884, 0.23685525175716377], "mi_td": [1.3923000220902488, 1.2799229613371677, 1.4673351794096445, 1.5020689267827876, 1.452041051589246, 1.534438427189352, 1.399731391327831, 1.4176394415403137, 1.3761769407181261, 1.3612910954716229], "nmi_td": [0.23580699336571215, 0.219558943189505, 0.25019928428787946, 0.25269524335354254, 0.24579396160582198, 0.25858856000874014, 0.23711674202173144, 0.2397738988382814, 0.23496115294338032, 0.23059055560597339], "mi_tw": [2.030372787591078, 1.9524293038540488, 1.9889588180964184, 2.112272388654987, 2.070931524236043, 2.0692972965841463, 2.0652943570229843, 2.0659008537792904, 2.000277952640949, 2.062202902266359], "nmi_tw": [0.3349607832998331, 0.3261312090543713, 0.33029392039596384, 0.3461997980632323, 0.3414745821713492, 0.33972931011700563, 0.3407935570075357, 0.3403730337801676, 0.3325947880282532, 0.3402628272648906], "coh": [-2.3905157612106995, -2.3212068929235534, -2.4157048424830863, -2.2405064231317224, -2.2419252147396778, -2.3897424992039737, -2.436358406433999, -2.49718219077822, -2.458923518259553, -2.365391260887745]}