{"p": 0.5, "p-emp": 0.49992058083012747, "t": [130.21853160858154, 127.9979977607727, 125.22305750846863, 124.6082067489624, 126.74040341377258, 128.95472383499146, 125.73497676849365, 124.85476660728455, 134.41282439231873, 125.16245532035828], "nmi_acc": [0.33047041624308515, 0.3352705530847424, 0.3111578690280803, 0.3186260558634164, 0.32627729333850297, 0.3137323826613102, 0.3094667035731998, 0.32164284199284365, 0.30933784447378443, 0.3299612829368884], "nmi_repr": [0.3793329383922911, 0.37547731340021717, 0.34196329116572277, 0.3750438437033672, 0.39292617939447133, 0.3726853930341887, 0.36999732334785, 0.3634905456251991, 0.3684689314211555, 0.38603897788142694], "mi_td": [1.3920245494356887, 1.377176224930972, 1.3930351650148964, 1.389464099928694, 1.3897665314046217, 1.3872570202632288, 1.3806467376763356, 1.3969515135867159, 1.403064037805224, 1.4038031840498983], "nmi_td": [0.2554204378309389, 0.2524580468796323, 0.2554474951219453, 0.2547329720483461, 0.25492911198470286, 0.2545452524255954, 0.2532614516152173, 0.256280941134334, 0.2566243131550188, 0.25721463904498576], "mi_tw": [1.8706533012137045, 1.8842320635674685, 1.8749855660014956, 1.8835495819832484, 1.8754473821327493, 1.8759552566519253, 1.8817285351219242, 1.8677809216761943, 1.882406691093875, 1.8832590425069389], "nmi_tw": [0.310235253812689, 0.31222128238074365, 0.3107795751265213, 0.31213296470057533, 0.31094542601911856, 0.3111141068342071, 0.31199263111790976, 0.3097113340427511, 0.3112835596546054, 0.311923524076656], "coh": [-1.7141470080717478, -1.7234603640284967, -1.6635057517529155, -1.6741304670345614, -1.6700004360176792, -1.6687609631620401, -1.7514095169652844, -1.6975306378503, -1.6172686802427791, -1.6793124764694891]}