{"p": 0.8, "p-emp": 0.7999317212927026, "t": [44.13108563423157, 45.69817590713501, 43.4869544506073, 43.934234380722046, 43.628644943237305, 44.14273166656494, 43.25987148284912, 43.34728240966797, 44.137610912323, 42.9013557434082], "nmi_acc": [0.49682481923060384, 0.49437420595168413, 0.49834894101402716, 0.4806897407850338, 0.48592517806214086, 0.5022440364717746, 0.4747014705796152, 0.5007770715712663, 0.5082273393815641, 0.49584579152456854], "nmi_repr": [0.5585302128574723, 0.553526192011306, 0.5619626549115507, 0.5516333098489491, 0.534885814381377, 0.5557751583102738, 0.5491175864257061, 0.5580948208270943, 0.5871640814002506, 0.5382450610328262], "mi_td": [2.507514309202848, 2.5125148038891476, 2.5006447830472758, 2.5383038928734485, 2.4915604526852193, 2.537600484406009, 2.5117461119224758, 2.5184640888292087, 2.5249918969688294, 2.5463460126102397], "nmi_td": [0.4196403063350862, 0.4202162023417528, 0.419546950542382, 0.42463488784024817, 0.41779548127594307, 0.42444696515897845, 0.42028268751141107, 0.42169333282356064, 0.4227627309489089, 0.42644575878480717], "mi_tw": [2.190524744797591, 2.1932995993670623, 2.1768920384776806, 2.1519241056741465, 2.181026986528395, 2.1788494937499623, 2.1843631681498303, 2.1822572296692875, 2.1832721889324525, 2.1417053469808787], "nmi_tw": [0.41096453731098737, 0.4111988667000388, 0.40956286133829295, 0.4035541756475361, 0.41009057937280274, 0.40852774681563203, 0.4097366232959734, 0.40965365170517865, 0.409818507371965, 0.4021298997247712], "coh": [-2.410620847485868, -2.3680908815556423, -2.3443561919710327, -2.3071989754457163, -2.345587332872486, -2.3178805378362224, -2.453600196946858, -2.3044688904081236, -2.2911474392559894, -2.417962425389939]}