{"p": 0.7000000000000001, "p-emp": 0.6964145696445885, "t": [98.87025499343872, 95.68244171142578, 95.59013795852661, 93.41332674026489, 99.06894421577454, 94.82060885429382, 99.21768379211426, 97.17946362495422, 94.29109811782837, 97.06235980987549], "nmi_acc": [0.40323582952220627, 0.3900764543253407, 0.3925696377044999, 0.38469120894206144, 0.36805087630111916, 0.3898047016965074, 0.3871309432732068, 0.38388573452964214, 0.35744235313943096, 0.3860600473473948], "nmi_repr": [0.3981600184782843, 0.4125015990348452, 0.38844139925985127, 0.38085789422246896, 0.37036381832999754, 0.3625001032498603, 0.3743490869338493, 0.3896415572814391, 0.36820758931814807, 0.39307352007832397], "mi_td": [1.7871131391165116, 1.7460659357250587, 1.7535465509583226, 1.7753033570417707, 1.706403357070448, 1.7579749283423967, 1.7032678821565868, 1.7076292627533565, 1.6606156925475406, 1.749824990352971], "nmi_td": [0.30422360006029486, 0.296953959693276, 0.29850021883102784, 0.30113909996770694, 0.29083267899070536, 0.29809754952754747, 0.29098178289441634, 0.29144752196095364, 0.2832380377275934, 0.29740580240342174], "mi_tw": [1.4689225693705894, 1.4920662355466316, 1.4722869372010547, 1.492942335303117, 1.503214227513333, 1.5145600903227674, 1.4923999157560757, 1.5008601788917608, 1.5393198447678056, 1.498009951330608], "nmi_tw": [0.305553814130855, 0.31000811985090243, 0.30624201206951, 0.30920259613202933, 0.31314535380745806, 0.313548609062286, 0.3117876982567155, 0.3131880939604997, 0.3209565610931441, 0.311003564155497], "coh": [-2.3217607767729076, -2.273708874841182, -2.405316368254546, -2.5057584932215784, -2.347831279973612, -2.370570079503498, -2.412214216186507, -2.358231845600021, -2.3513925912246827, -2.428590705019695]}