{"p": 0.9, "p-emp": 0.899669597370533, "t": [25.35823965072632, 24.543311834335327, 23.612034559249878, 24.16609764099121, 24.467143297195435, 25.18701982498169, 24.32337999343872, 24.554978609085083, 24.58141326904297, 24.536479234695435], "nmi_acc": [0.3809228759707557, 0.3866757274322228, 0.3854088241604187, 0.3776632819271208, 0.3706761014676597, 0.39691757418799334, 0.3822880455563972, 0.38125793798922303, 0.3782261584983363, 0.39447630681670964], "nmi_repr": [0.5211480521843864, 0.5191023459692232, 0.5225218180557848, 0.49664598473494553, 0.49138249603442236, 0.5228378920013593, 0.5378917868893167, 0.5296457334001482, 0.5157600061332613, 0.532697737063527], "mi_td": [2.661420325264373, 2.648420311133544, 2.6680970245790094, 2.6613535418796417, 2.6613121980201435, 2.6765830710795107, 2.6589359356756397, 2.6623382068271395, 2.649479620469977, 2.678726972139062], "nmi_td": [0.4481775969569236, 0.4463652811284392, 0.4491982640109964, 0.4485366399326877, 0.4477922585308367, 0.450528341464532, 0.44783016267922027, 0.4481320407085921, 0.4462080733728913, 0.45073192893777264], "mi_tw": [2.4030551201101265, 2.410465171112156, 2.4137570318486703, 2.3905406914347087, 2.4120317803806466, 2.411896711184527, 2.4208403138139203, 2.4205021171395695, 2.424993070825295, 2.4102640421061534], "nmi_tw": [0.4867371937723184, 0.48873440781358024, 0.4887691730027001, 0.4846836822261192, 0.48807410210769664, 0.48826391430280536, 0.4904330058993033, 0.49000786646833205, 0.4912353544718558, 0.48772871287402886], "coh": [-2.80851484341781, -2.7693723210813657, -2.7014108283699416, -2.775062620910435, -2.7864145057138545, -2.7328915502295588, -2.705770988245569, -2.8500654084553547, -2.6903785002326814, -2.655917613497926]}