{"p": 0.5, "p-emp": 0.4999917107684486, "t": [107.95538377761841, 108.62690019607544, 108.83855438232422, 111.9682297706604, 108.36598610877991, 111.24604511260986, 120.32234907150269, 126.5361533164978, 110.58103942871094, 107.4218692779541], "nmi_acc": [0.5217319783651755, 0.520904034554814, 0.5360583867263873, 0.5109980948243713, 0.5243323017173697, 0.5123158441271174, 0.5150751824296734, 0.496503599764946, 0.5259570599367279, 0.5086779897127093], "nmi_repr": [0.49992390631670564, 0.5239630129846798, 0.5254261990645674, 0.5025052812232486, 0.5034913765568, 0.5324040060902336, 0.5086856236130993, 0.5013153778472571, 0.5141376980299367, 0.5115959225385162], "mi_td": [2.1408465552981735, 2.1586282347360113, 2.165902167846063, 2.155936946817863, 2.212192546203207, 2.162890645580627, 2.1450035709602138, 2.1327660057913205, 2.1545449681397892, 2.1934814610235644], "nmi_td": [0.3584817702995797, 0.36077014237234545, 0.36289844161630175, 0.35962752802980236, 0.3680254652684765, 0.3609085368008648, 0.35831858809463507, 0.35720679196995686, 0.35970251804972064, 0.3656302606499536], "mi_tw": [1.6884485891570944, 1.695806952226056, 1.6678994873810917, 1.7074688247466199, 1.6901852574416052, 1.7067882647127988, 1.703799596156416, 1.682088851455795, 1.7150650686478552, 1.678421206825356], "nmi_tw": [0.3066722612967076, 0.3073718898015957, 0.3031403087109056, 0.3088403877268417, 0.3048286877594738, 0.3088296333869518, 0.30865759520258645, 0.305589615939308, 0.3105018967529103, 0.30335246604099975], "coh": [-1.8096630070984154, -1.8649926442777893, -1.746398857022167, -1.8011952690784827, -1.787143691154262, -1.782656655710009, -1.8248396836545453, -1.789796102676038, -1.810131775728961, -1.7921903719830943]}