{"p": 0.7000000000000001, "p-emp": 0.4085434749547987, "t": [64.83774304389954, 63.88039946556091, 65.02869701385498, 64.47016429901123, 64.43066883087158, 63.685431241989136, 63.41193962097168, 63.792962074279785, 63.579275131225586, 62.86393666267395], "nmi_acc": [0.13330975005680673, 0.1585661244107066, 0.16262596292719336, 0.17075440402936745, 0.16345554821013505, 0.17290921269117093, 0.14504766942488667, 0.17376049731501858, 0.18133994316713864, 0.16389229575866568], "nmi_repr": [0.06752212246176456, 0.06867005722970164, 0.09364623874451468, 0.09950832364284036, 0.09038771331566373, 0.08303377721612858, 0.08449581698685248, 0.07819370986708657, 0.1049120077348724, 0.11070348595022075], "mi_td": [1.8025092907662037, 1.698611083257393, 1.7350003628121526, 1.8477583678215268, 1.737529739248256, 1.770630475546949, 1.7886559128418693, 1.819320068055855, 1.8102841647885826, 1.8176197405703967], "nmi_td": [0.3328795402989863, 0.31878608002771264, 0.32369660913623793, 0.34105929218601416, 0.3237111736264518, 0.3294249475522955, 0.331474848671396, 0.3359996897661522, 0.3350842782322703, 0.33681256425215], "mi_tw": [0.6880880222274997, 0.6866509095601421, 0.707323921117246, 0.7318059190079097, 0.6950458942597098, 0.714793667289103, 0.6995548750892124, 0.7199037586303791, 0.7328760576768647, 0.7339929257108985], "nmi_tw": [0.11810321120117409, 0.1196332708251633, 0.12256061229427116, 0.12554650112714708, 0.12027533790216827, 0.1235348119634336, 0.12046104479956075, 0.12356938927426007, 0.12605946173870441, 0.12638074612774877], "coh": [-1.2773296308568383, -1.2931376025276726, -1.2239786842673612, -1.1236642848136904, -1.2613606908030506, -1.2693379727924636, -1.1883279683144878, -1.3719526576328949, -1.2021081789556796, -1.3391987891539427]}