{"p": 0.5, "p-emp": 0.49930032745534714, "t": [89.03761386871338, 87.40468835830688, 87.48988676071167, 85.4141297340393, 87.27263450622559, 88.36645913124084, 86.47815537452698, 82.52266263961792, 90.89690279960632, 80.64760899543762], "nmi_acc": [0.3582406537534794, 0.292789222691504, 0.3571621183440203, 0.26006235947627937, 0.28624961034337126, 0.3442882328719489, 0.37460796570123495, 0.2956806760434164, 0.3113726358321753, 0.3144607387625027], "nmi_repr": [0.25584057643011154, 0.2710139779810225, 0.275167670708617, 0.2607832312309993, 0.25318801430886934, 0.25828030322811085, 0.2400994537256877, 0.260171864738183, 0.2673042486422196, 0.262026936999773], "mi_td": [1.2941979372559211, 1.2532315575344646, 1.2494467424758302, 1.302472589044241, 1.244923530931754, 1.3055371704990806, 1.251586544442192, 1.2743972545593902, 1.2899853674740442, 1.2195429031185048], "nmi_td": [0.22341002332581977, 0.21794675732785015, 0.21719437722157783, 0.22761745313096113, 0.21782827456667167, 0.22567156730573487, 0.21691065410813404, 0.2248383465954873, 0.2230046286097677, 0.21439528381934628], "mi_tw": [1.9460813408594841, 1.8880168716294887, 1.8376676993299415, 1.7956981446608302, 1.807749492403156, 1.9016983333186535, 1.8519260292479096, 1.7412843410845216, 1.8853153946823875, 1.7818716473681497], "nmi_tw": [0.3748202175355346, 0.36665608791159116, 0.3567054846861218, 0.35063241086564295, 0.35347145652584727, 0.3668234819222259, 0.3582638403331059, 0.34364022914748915, 0.363702105613323, 0.3502516403830578], "coh": [-2.5548615116996665, -2.5951970100941026, -2.419060872387002, -2.6666033497936565, -2.6236836641792416, -2.666857232152507, -2.5666441442324333, -2.4236133702726312, -2.5630193230692657, -2.3652055803606036]}