{"p": 0.2, "p-emp": 0.18146355900305722, "t": [151.94694995880127, 147.24977135658264, 144.05770349502563, 150.19263815879822, 150.3528172969818, 149.3627245426178, 147.93955636024475, 137.54224109649658, 151.3659851551056, 148.07942080497742], "nmi_acc": [0.237052516739561, 0.306995178408561, 0.25238040694486436, 0.25600404950284156, 0.2859676022781507, 0.2860111574018736, 0.296524258411778, 0.3007510209706132, 0.2748188269518775, 0.2989470185426295], "nmi_repr": [0.17186220900835136, 0.1592808888329171, 0.17364778574917578, 0.14478863505870368, 0.14243419907350327, 0.16579571587389297, 0.190902663347818, 0.19767234521492325, 0.1721672264313498, 0.17959135663901993], "mi_td": [1.4677746257169397, 1.3643037106532518, 1.3819085058131573, 1.4553402823889365, 1.4386872737531904, 1.4923474146535218, 1.3721459005297971, 1.4356066355094175, 1.5114467666021978, 1.4170466826550983], "nmi_td": [0.25348152646142597, 0.24057568496010975, 0.2411491703510116, 0.25157037266874255, 0.25004634201321746, 0.25723767035102707, 0.24256110527628227, 0.2501387472909468, 0.2593101988260728, 0.24744681067276272], "mi_tw": [1.178751530679014, 1.1548221893030466, 1.1556134261858313, 1.2036530784329953, 1.1809424115589078, 1.2404822072669701, 1.1523070425069775, 1.187282258206161, 1.2356132691385566, 1.1812439754827238], "nmi_tw": [0.205815796684715, 0.20593318004752745, 0.20391009597518708, 0.21036344666142923, 0.2075309984678932, 0.21618004073791788, 0.20600218161842598, 0.2091759688468233, 0.21431241143396912, 0.20857402801388186], "coh": [-2.0703983561732686, -2.2570854129549773, -2.434396786053819, -2.086001360538323, -2.232059445201524, -2.2436236252757125, -2.272856170457242, -2.36979675856809, -2.0745980443660503, -2.179615168776205]}