{"p": 0.0, "p-emp": 0.0, "t": [86.02508020401001, 84.30121350288391, 84.25886392593384, 82.70021200180054, 84.75264286994934, 83.6053318977356, 84.41119194030762, 83.88289594650269, 85.55616545677185, 85.1553087234497], "nmi_acc": [0.059278199012251315, 0.10171120511906213, 0.08500435031550177, 0.04640388541443224, 0.05514788521576304, 0.06358326993624278, 0.07843960803662016, 0.06832983975510044, 0.08200198466959864, 0.09796401790926398], "nmi_repr": [0.09568939268062476, 0.08787502757553876, 0.09541605539876674, 0.0954564832404072, 0.10611610604404588, 0.08503468701859868, 0.0646124778708243, 0.07290297055771838, 0.07676225375417985, 0.0901544485474296], "mi_td": [0.8212401661863896, 1.2107947921723543, 1.1545050114923436, 0.694850987174639, 0.7862374480949477, 0.9661875531786437, 1.166559410538175, 0.9260169025638885, 1.1764391762753434, 0.9567894978907419], "nmi_td": [0.16708870928293246, 0.2314558839346715, 0.22228779413588454, 0.14508099526410462, 0.1609488549945497, 0.19140881058180545, 0.2238716216438431, 0.18533668137217674, 0.2260496214881598, 0.19052975180670373], "mi_tw": [0.46357195325773665, 0.6065972724515748, 0.5600919350378075, 0.4456045778043066, 0.48025429103349965, 0.5150927542257293, 0.5664670887204251, 0.5277286063854715, 0.5724759013402487, 0.5230358535632288], "nmi_tw": [0.09678847673919536, 0.11880660872589563, 0.11050923623156159, 0.09554247607075514, 0.10090317316061727, 0.10464449340154977, 0.11139124343205307, 0.10834213001178189, 0.11271691234980369, 0.10682323125504053], "coh": [-1.169310526443137, -0.8423659323643156, -1.3366002395166316, -0.5853226505701155, -0.9402754526711885, -0.8711146861460813, -0.6104470792251242, -0.48389069598463574, -0.5758986565018915, -0.6312360167790145]}