{"p": 0.8, "p-emp": 0.7978563433190943, "t": [42.560208320617676, 23.536324739456177, 27.831260681152344, 35.794665813446045, 28.846566915512085, 25.938544511795044, 33.00007152557373, 33.229581117630005, 32.10103940963745, 27.101473808288574], "nmi_acc": [0.036367154229944014, 0.04069394019414003, 0.03445575587205452, 0.05008362857674147, 0.04530184182114063, 0.03491819150844251, 0.05955504620874993, 0.06078360663370684, 0.05551934310315317, 0.03524298817601258], "nmi_repr": [0.14948414207206684, 0.1785082534366953, 0.22337936011185966, 0.18961398352866368, 0.22330070206963612, 0.2210044706420522, 0.20408074003193738, 0.1810683858697273, 0.19841429570615443, 0.1883176974117632], "mi_td": [0.4011012026040644, 0.3616328153917516, 0.49228155131983625, 0.6337606073799185, 0.5078564574471099, 0.4246129322783726, 0.6794983648337409, 0.7161949898332414, 0.6606739026209036, 0.4776505625459379], "nmi_td": [0.07973052822466078, 0.07232655550519476, 0.09508789666326839, 0.11968532180081869, 0.09816509959489804, 0.08212113012994873, 0.1279593577568864, 0.1358431468531456, 0.1255346643881936, 0.09224080782151857], "mi_tw": [0.5369282154864816, 0.6518330593868368, 0.8031926055404929, 0.6884726444626746, 0.6768722387167694, 0.9022819095316076, 0.7560224478031659, 0.6417030991924981, 0.7666251968773229, 0.8440492186719188], "nmi_tw": [0.26722939585364014, 0.3294530602345599, 0.37259855489343824, 0.3027911035811026, 0.3145282902438204, 0.4198419631953998, 0.3303142646711333, 0.2851062626065721, 0.34202800556039137, 0.39133780838004845], "coh": [-1.037734671334141, -1.0472060879433827, -1.151125532595296, -0.9994916953089708, -0.9520632788879858, -1.0046003505078132, -1.0357550260195325, -0.9971871181679971, -0.955641256754313, -1.0391609672385913]}