{"p": 0.9, "p-emp": 0.8930982456629017, "t": [17.36432671546936, 18.075089931488037, 17.138949632644653, 18.044167518615723, 17.825756072998047, 17.854679107666016, 17.63887858390808, 17.778215408325195, 17.70129418373108, 17.93806552886963], "nmi_acc": [0.028239541365852067, 0.034896805382677296, 0.02689117668602621, 0.029459170509642457, 0.0293592837471391, 0.02755456362204862, 0.02758242744017426, 0.0255979109585081, 0.04011144670004752, 0.023336611795250654], "nmi_repr": [0.05432797104051643, 0.0406742512990573, 0.037869627812794605, 0.037021400795131616, 0.04199281008482622, 0.04976418364550296, 0.04768921008062182, 0.04185559132609136, 0.041888506564415166, 0.04581579372380375], "mi_td": [1.541247125047698, 1.8716346600381923, 1.3772268258521496, 1.9596577702020492, 1.961504473829585, 1.8167206527814037, 1.381634878891849, 1.7645436339600487, 1.705617251514743, 1.862515447308748], "nmi_td": [0.2948155680163842, 0.3447668821259744, 0.26866153058505393, 0.357295305299558, 0.35704635152401215, 0.33678566839804375, 0.2692290083139733, 0.3291488590570825, 0.31979626977397396, 0.34259441316374445], "mi_tw": [0.6307497559609883, 0.6850495467387452, 0.6004882682107935, 0.6984194196434512, 0.7140794460391868, 0.6793575630003744, 0.586062292537714, 0.6633493601362364, 0.6713839645023414, 0.6936090558826726], "nmi_tw": [0.1625000301139499, 0.1678056942637916, 0.15886127416145565, 0.16876548908740374, 0.1721752750131682, 0.16782571115224146, 0.15481678872997254, 0.16523299138650815, 0.16838690049668498, 0.16957810830438258], "coh": [-1.5707465357098154, -1.5844090898941228, -1.6197187687229992, -1.468438034937962, -1.3779363033435632, -1.4022617695468305, -1.6681360877585607, -1.3784560587174137, -1.435507200888051, -1.4762578518414433]}