{"p": 0.4, "p-emp": 0.3993395631513571, "t": [178.74607872962952, 177.21823525428772, 180.56001043319702, 178.6364860534668, 181.56334233283997, 181.15483784675598, 182.75395226478577, 179.33056044578552, 171.843190908432, 179.13197135925293], "nmi_acc": [0.45051382909540283, 0.46189466166446147, 0.4425596063899451, 0.4495489589031395, 0.4653252140186722, 0.4590981376764112, 0.44952967378689374, 0.44010062496215796, 0.45515131264048175, 0.4560732270253016], "nmi_repr": [0.4162033126575705, 0.4099980100156338, 0.40063071809491235, 0.38103981240928075, 0.39259179280245515, 0.4212883426083186, 0.4353268848732923, 0.42735763349733696, 0.42748125973036594, 0.4413956826228848], "mi_td": [1.7200322232018828, 1.7554962937687406, 1.7230459485384724, 1.7905069849296222, 1.6981168529537694, 1.7276692866605623, 1.7170831578897467, 1.6952089616041723, 1.719672431605405, 1.7244353537028245], "nmi_td": [0.29099500615258284, 0.2961690137835978, 0.2905188729804774, 0.3004932000957536, 0.2878865499536502, 0.2924699639972727, 0.289803609900854, 0.28677263155374844, 0.29058085888119856, 0.292400899358706], "mi_tw": [1.5837033067301087, 1.5742766045228969, 1.6046888878256158, 1.5645262045821238, 1.5818036606869337, 1.5853872065180161, 1.6121808591710944, 1.6050744611195116, 1.5960880635142045, 1.5723054868614952], "nmi_tw": [0.2924833058654814, 0.28986007884060994, 0.29526505580883494, 0.28641867574402863, 0.2927977249246928, 0.29299433366770805, 0.29696801225474856, 0.2964044998024803, 0.29437986863933796, 0.29109664348476566], "coh": [-1.8064044745472092, -1.9090497960576212, -1.8377574240328003, -1.949533450884487, -1.94073144119012, -1.9476005843262851, -1.9057184813236314, -1.959115230618093, -1.901860325972764, -1.8934111237907463]}