{"p": 0.0, "p-emp": 0.0, "t": [99.47067046165466, 102.56463146209717, 94.68124222755432, 98.62208271026611, 94.97713589668274, 96.6689887046814, 97.39516925811768, 98.61288642883301, 93.78344058990479, 98.48233819007874], "nmi_acc": [0.026749919930632284, 0.027152189951830646, 0.026749919930632284, 0.03650206676663237, 0.02757911018260505, 0.03745570803300365, 0.027152189951830646, 0.026187191318476948, 0.02717803672565025, 0.027413582276037185], "nmi_repr": [0.17587787555909837, 0.1875785613961747, 0.17417088404341396, 0.1539573437522311, 0.15140370668424008, 0.1578955450645471, 0.1822993953920385, 0.20405906989415715, 0.1791519111109408, 0.16507409135971848], "mi_td": [0.6043952458628317, 0.595001037601378, 0.5380296224852588, 0.5904984827642965, 0.5788004471257215, 0.6136799493280597, 0.6068428522699859, 0.5671130040842932, 0.5610453090997498, 0.5801395053838553], "nmi_td": [0.11881210608926647, 0.11838760395428749, 0.10566728434393802, 0.1130577706217697, 0.114442153128419, 0.11912957582647354, 0.12075068966976758, 0.11302221752636941, 0.11045591543977355, 0.11362614153794615], "mi_tw": [1.608650147002199, 1.4820176359359751, 1.6091045414925913, 1.8389293488840635, 1.558933813367883, 1.710914906565437, 1.4533409777187467, 1.4729534005807403, 1.5662387325760536, 1.6541089706126595], "nmi_tw": [0.32422491861656977, 0.3024269999947335, 0.3240063396834421, 0.36074968438400745, 0.3160776728507452, 0.34041914538481816, 0.2965925352521366, 0.30107867050028714, 0.3161626910664227, 0.3321351515902642], "coh": [-2.443283208959538, -2.1420162386080257, -2.20142096111308, -2.435893221537331, -2.3171257249041233, -2.1049702469899327, -2.2653498721032803, -2.211624058017333, -2.375012020540359, -2.323687103877524]}