{"p": 0.2, "p-emp": 0.1972000518196002, "t": [117.46842956542969, 116.71488785743713, 116.6539478302002, 115.3952088356018, 120.65822196006775, 115.89493346214294, 114.45459342002869, 112.3127007484436, 113.86876726150513, 114.61743593215942], "nmi_acc": [0.22452902327669552, 0.18786046009578497, 0.16750944385194638, 0.12838096072202185, 0.13537521697053437, 0.1641619134620581, 0.1733813073073562, 0.15655381244321917, 0.19156367645780975, 0.17683146855889212], "nmi_repr": [0.19201571419082072, 0.16583996102297963, 0.1648913281956586, 0.20282494415481156, 0.23491481571589837, 0.22310437608201425, 0.216312150555702, 0.20159063137457012, 0.18414401760775267, 0.18000523000128288], "mi_td": [0.6780868073389259, 0.6540067149114426, 0.7072003333255628, 0.7249731587618505, 0.7329794520280969, 0.6660660627873846, 0.7227667123610703, 0.6774100328619953, 0.6739522490120626, 0.6924977620272709], "nmi_td": [0.13097132993306698, 0.12563446973751666, 0.1372359134002511, 0.1445401742148465, 0.14463574362145148, 0.13106874021861234, 0.14118697783859038, 0.13193274955381892, 0.13032557365804712, 0.1339741317122562], "mi_tw": [1.7632352217607987, 1.8040620974894943, 1.7282304530452344, 1.4775647552954072, 1.564324179502594, 1.625625519910706, 1.647584133005653, 1.7166670854361845, 1.7772259441157952, 1.7807120212731524], "nmi_tw": [0.33815700293381995, 0.3441216171024457, 0.3329888881449546, 0.2924363601578018, 0.3064512145516928, 0.31758629755274725, 0.31954085814846417, 0.331954544967572, 0.341237496363253, 0.34206482727509024], "coh": [-1.9389302632715364, -1.9299638686480807, -2.040818319751593, -2.0993971780556797, -2.026234297857051, -1.9354402427899353, -1.9274534910044439, -2.1146008021076383, -2.0825170014129135, -2.001235549628561]}