{"p": 0.30000000000000004, "p-emp": 0.2714688040374228, "t": [71.90987539291382, 71.89337754249573, 71.73381114006042, 70.39914441108704, 71.02080845832825, 69.9313862323761, 69.04966592788696, 69.35856509208679, 70.57948780059814, 71.18676495552063], "nmi_acc": [0.15261423391748097, 0.14791811452574777, 0.16864000215533506, 0.18600238686644405, 0.13804248966442692, 0.14539196945575408, 0.13035792750365593, 0.16497356074950106, 0.1797165450987726, 0.18321728904709073], "nmi_repr": [0.07771691284702227, 0.07932328482421237, 0.08434346297182632, 0.11180220446953983, 0.09696641414321704, 0.07417999038808212, 0.06553356168478713, 0.08886897654090205, 0.10172728758020332, 0.1160508515226173], "mi_td": [1.4253669126548854, 1.5907834713172087, 1.4433029362674628, 1.4602470359180546, 1.3807940332323476, 1.303626742975985, 1.195610160463551, 1.513490217969169, 1.4681473185429998, 1.703915306175778], "nmi_td": [0.278167114417196, 0.3028418655270426, 0.2812496548731111, 0.2838343176893506, 0.2701539852756652, 0.257577539529807, 0.24120215363361372, 0.2914003835838543, 0.28530624091959783, 0.3198513640264538], "mi_tw": [0.4642382697445223, 0.5182360683232287, 0.4857778835218082, 0.4792221566969872, 0.45268459965275065, 0.44358619568787744, 0.4246534284451825, 0.48204767921463126, 0.4820641362094647, 0.5570799068978984], "nmi_tw": [0.08926870098263893, 0.09724512664346445, 0.09327405519981478, 0.09178677632833354, 0.0872652119695567, 0.08634407503146058, 0.08437045150101402, 0.09146716460767758, 0.09231080377630252, 0.10309554251300403], "coh": [-0.973982583682308, -0.5668229026452102, -0.9676537156077615, -1.034493816091352, -1.2731017867320347, -0.7570559614442924, -1.079536598805255, -0.8997287230509734, -0.8046157646972649, -0.6312060340321229]}