{"p": 0.9, "p-emp": 0.8993374140913253, "t": [53.401323080062866, 53.355144739151, 53.64575386047363, 53.350539207458496, 53.46924614906311, 53.55309724807739, 52.73674654960632, 51.95559000968933, 52.24191117286682, 51.957499742507935], "nmi_acc": [0.009908038512351365, 0.010710382703612298, 0.009324298098222711, 0.008506398504988417, 0.008786478367262632, 0.008480491447964679, 0.007724341670545779, 0.00691643108834175, 0.009842145157683111, 0.00856519017107524], "nmi_repr": [0.02653586412199903, 0.029054499613289164, 0.02768273602874768, 0.0257606579497953, 0.027674015629145572, 0.029597733292693246, 0.026466635176850967, 0.028917115067798066, 0.026714210561749274, 0.026374600608746218], "mi_td": [2.183646417618682, 2.18913644972723, 2.188262565307044, 2.189081483500532, 2.182365258201419, 2.1810561704453475, 2.1827745381731, 2.189603130319562, 2.1945800012968553, 2.181234208129014], "nmi_td": [0.36833022837974677, 0.36903618529218574, 0.36887823613519044, 0.3689039747868545, 0.36795685418699414, 0.3676892572755397, 0.36821597897114816, 0.3690161033093417, 0.36981624541564084, 0.36768642795105444], "mi_tw": [2.858440995962148, 2.8635457135090183, 2.8632827052042304, 2.8667493374053334, 2.8622642574886252, 2.8644629449948678, 2.8579849303360225, 2.866653071300315, 2.869102106889637, 2.866926946617426], "nmi_tw": [0.40533283061895875, 0.4058532132604107, 0.40580610206903067, 0.4061934516281431, 0.40572918972792443, 0.4059973375922181, 0.4052985257268861, 0.406202228369565, 0.4065135655861683, 0.4063160610141411], "coh": [-1.4011859326842566, -1.3049509729765716, -1.4195221449382944, -1.4452019409123174, -1.3956089968979237, -1.3604565181549826, -1.4907023231274679, -1.4292626411784912, -1.4527340596170528, -1.3445772674344336]}