{"p": 0.6000000000000001, "p-emp": 0.5997375690692544, "t": [64.05318188667297, 54.40749263763428, 63.68937849998474, 62.941919803619385, 52.201606035232544, 59.989139795303345, 63.072840452194214, 59.36293935775757, 69.29580593109131, 52.695685625076294], "nmi_acc": [0.15267581427556332, 0.14119724030569267, 0.1733884834887645, 0.15994907614933276, 0.15768763326005525, 0.17301489321438537, 0.15275740432474813, 0.13495563682037565, 0.15468252473565963, 0.14101842137289738], "nmi_repr": [0.191627483988182, 0.2180637691177844, 0.18514992264146218, 0.18369260851514152, 0.16374140412550217, 0.1902971797650765, 0.1651276704051555, 0.1659153211780902, 0.20242810639844136, 0.1902596103170676], "mi_td": [0.7398968206959039, 0.6207931742532204, 0.8467971920659415, 0.7758168101487561, 0.5821843633072645, 0.746273260196486, 0.7733274758327049, 0.8134677823872065, 0.8010221808728889, 0.7018711017366286], "nmi_td": [0.13587633919984057, 0.1153183418905858, 0.1532743979858528, 0.14010951510739583, 0.10795038378017759, 0.13618635905353124, 0.13928343915574734, 0.14809586779791967, 0.14483288555453427, 0.1278201605203917], "mi_tw": [1.0975327355101177, 1.0114592206666444, 1.0531426048645658, 1.0837464495723244, 1.0537681877659544, 1.120381379024925, 1.0620267204908518, 1.047160560818, 1.12617871826215, 1.1561304900795428], "nmi_tw": [0.3233040993311277, 0.30349830090907826, 0.303142629847635, 0.31083312289581294, 0.31526890085657544, 0.32672148601096623, 0.3033015096507992, 0.30421127057193625, 0.32361140978241093, 0.3360403011701334], "coh": [-1.7842243826973319, -1.7806847189476018, -1.6813252790978972, -1.8178843027168825, -1.6789703405135976, -1.668065493369924, -1.776607545100056, -1.7041899750264617, -1.761842059625899, -1.7393513495324815]}