{"p": 0.2, "p-emp": 0.19998968451184718, "t": [107.26386976242065, 109.92203640937805, 104.36729669570923, 101.90529084205627, 96.03995299339294, 106.4409830570221, 103.89703893661499, 92.84748792648315, 100.34952211380005, 91.3951473236084], "nmi_acc": [0.37390298856931203, 0.42757458526440534, 0.43069995717162807, 0.3229759132248667, 0.38413779088909533, 0.3644876250258524, 0.45732405082812844, 0.374459537960088, 0.44944874324349626, 0.4274804741239115], "nmi_repr": [0.2751331360901115, 0.2513834237675283, 0.2829019001208284, 0.2698066870441502, 0.30079679015489164, 0.2827713437908673, 0.2711106835398567, 0.2330807302165507, 0.23963157236933597, 0.2827264663360303], "mi_td": [1.1320188251139087, 1.221579354121248, 1.0725758871087538, 1.0816282852163337, 1.0205574458374997, 1.0838453062618107, 1.1362268014090122, 0.8596023790044345, 1.1470533024407965, 0.9042981612795096], "nmi_td": [0.197065406137705, 0.21135777241650575, 0.18725493896577478, 0.19397012533857594, 0.18322095991293522, 0.1914349803588988, 0.19811661623629062, 0.15384492648200457, 0.20190552286368618, 0.16181376412139803], "mi_tw": [1.683111611642762, 1.7230819606348826, 1.701979214780266, 1.4445808067885586, 1.4346021262962672, 1.5840630805718026, 1.67007464567179, 1.531685484058843, 1.619459485046549, 1.539964831268301], "nmi_tw": [0.3158016702127405, 0.3211743928740395, 0.32033291952187126, 0.27987461186009244, 0.27827403470582823, 0.30190138931436156, 0.31389974942880977, 0.29610796556345054, 0.3075075765564679, 0.29764801138080355], "coh": [-2.2967943609080925, -2.3344399271638876, -2.151649814659309, -2.418363927998872, -1.8898442418252002, -2.0033799285380995, -2.099268628373177, -2.157107895785382, -2.2013204184119908, -2.0040894337042907]}