{"p": 0.30000000000000004, "p-emp": 0.2714688040374228, "t": [103.94649624824524, 106.55561017990112, 107.69899129867554, 100.82005000114441, 106.99349093437195, 100.51430177688599, 110.82139205932617, 106.86279201507568, 107.27398872375488, 101.08504891395569], "nmi_acc": [0.16369525355518064, 0.17817948689594082, 0.15518781084840214, 0.1765457553185975, 0.20927169243307497, 0.13348480664164059, 0.2030909969803792, 0.14174145804831975, 0.21073017218574908, 0.17473500397804986], "nmi_repr": [0.22288921263173167, 0.214905635128019, 0.21467626044089128, 0.21945287742486713, 0.19944739895713567, 0.19377117319497852, 0.1923658204252185, 0.20728881330098256, 0.20554844361791874, 0.18243745875058115], "mi_td": [0.7697016967878203, 0.7576725264294161, 0.7851801487172054, 0.7198645246974111, 0.7892144892316961, 0.6744102553180105, 0.8006047683008586, 0.7617830647851119, 0.7699719442817903, 0.673668962290217], "nmi_td": [0.1522894187847683, 0.14697508780405158, 0.15285182890047952, 0.1403375372651249, 0.15207764064523613, 0.13364701396280165, 0.1547247867424306, 0.1490172274322493, 0.146764107528062, 0.1316383075442184], "mi_tw": [1.53173235146541, 1.71753431887418, 1.679740242244077, 1.6905521611812726, 1.778693974619292, 1.5414462479311344, 1.7440814722628764, 1.6354566845753011, 1.881432405164018, 1.6890430625494455], "nmi_tw": [0.2985528017933571, 0.3283107231824111, 0.3222095566825836, 0.3247412870473654, 0.3377777643131824, 0.3009152655964756, 0.33216169033161386, 0.31521603345313803, 0.3534770359145485, 0.3251976983818592], "coh": [-2.2303774124335356, -1.9534922935730836, -2.1413106530355464, -2.1273250914599795, -2.115231925353205, -2.038474780294912, -2.1114036962906537, -2.21280182009124, -2.1547546684869783, -1.8986229221294721]}