{"p": 0.8, "p-emp": 0.7994981384371884, "t": [48.675875663757324, 49.98286557197571, 51.404356479644775, 51.149112701416016, 50.77690935134888, 49.9570894241333, 50.29496955871582, 49.39899206161499, 49.425472021102905, 49.953601360321045], "nmi_acc": [0.3411360975499974, 0.3257150485132547, 0.33459386995366924, 0.31494990958275365, 0.33236738262890453, 0.33741999354530766, 0.32710558045171734, 0.3365464908413247, 0.3329233051454221, 0.33305138762695524], "nmi_repr": [0.4544214415515897, 0.47803271303405354, 0.46509933020332317, 0.46820175370183653, 0.47914808454292945, 0.49519134496281375, 0.48226706003921355, 0.48008727317143257, 0.469718591933863, 0.437214544283544], "mi_td": [2.0545188092389184, 2.063425742842984, 2.0457656859819644, 2.05387825693069, 2.0559581786222805, 2.0290093133985585, 2.046849412295773, 2.0795272407042544, 2.0307122235292803, 2.032013660944826], "nmi_td": [0.3714522462810355, 0.37325784881321, 0.36988919492564293, 0.37121455725872315, 0.3718494410706793, 0.36708847908363235, 0.3698380794156627, 0.37582839856603245, 0.36681407624798323, 0.36813498884762047], "mi_tw": [1.8890492880364314, 1.884323991363723, 1.8991523473102054, 1.9082324829437622, 1.8893011162039486, 1.9151024004872472, 1.9059402170562194, 1.886913636137095, 1.9167290829397432, 1.8959954915166277], "nmi_tw": [0.35594955174909737, 0.35525284795115664, 0.3578729055429278, 0.3594412068122752, 0.356133710722739, 0.36111324161244696, 0.3589021251976736, 0.355403918868964, 0.36082279229246, 0.3580202292148573], "coh": [-1.6577394176473632, -1.721387097000223, -1.6625110906634286, -1.6860307017360228, -1.6520411769807866, -1.7224828451857472, -1.789424299003667, -1.6088389907357972, -1.6005901935232143, -1.7814710992450002]}