{"p": 0.1, "p-emp": 0.08957017894659769, "t": [200.34773564338684, 202.34206867218018, 200.9857292175293, 201.48430609703064, 203.33385396003723, 205.93494868278503, 204.00864624977112, 205.48960280418396, 203.66400623321533, 200.14855194091797], "nmi_acc": [0.23984088245322055, 0.3095499684132841, 0.29810885452420394, 0.26050094902997006, 0.31337886216046945, 0.31148805205140734, 0.2907786139707198, 0.30108483500171335, 0.2617473577657691, 0.2794070252938625], "nmi_repr": [0.2488141752930073, 0.26886858309724854, 0.27351390716370555, 0.26474732913701166, 0.2620244690390923, 0.2743238319197686, 0.26195571432915343, 0.2801259738853899, 0.2521614038274824, 0.26533719472024286], "mi_td": [0.9519736423138345, 1.1154582474301744, 1.0559762426762533, 0.9415212455065058, 1.0946637435509758, 1.1579632203756884, 1.1113053643261246, 1.1628606007220783, 0.9749095799782153, 1.0040866646599864], "nmi_td": [0.1790300307195299, 0.20733421495621912, 0.19670370172464344, 0.177856352487983, 0.20249806320397987, 0.2148123028955232, 0.20587042174351838, 0.21490088040311703, 0.1830351329614333, 0.18644631884287824], "mi_tw": [1.409462794445502, 1.3053221640676373, 1.3507262961419675, 1.4175930861283608, 1.3542913390103761, 1.2975720118390364, 1.3306552118257868, 1.2858908412470853, 1.3919393885871971, 1.3810614418053773], "nmi_tw": [0.2739631368141259, 0.25067056006307714, 0.2599710161910072, 0.27681753899072326, 0.2587923770552835, 0.24867696004825482, 0.2546512477782863, 0.24547072871286538, 0.27008688020886135, 0.26494099104247265], "coh": [-0.9398481665382945, -0.5415925366081421, -0.6842930618880912, -0.9661712848049786, -0.7339127289700843, -0.46774623833050893, -0.4875697713804389, -0.3971838580474843, -1.0059880850068952, -0.8192860276435174]}