{"p": 0.0, "p-emp": 0.0, "t": [204.495347738266, 198.83347082138062, 197.07058262825012, 198.87304019927979, 202.45213651657104, 204.77065563201904, 204.8794162273407, 202.45720171928406, 200.410302400589, 200.96538662910461], "nmi_acc": [0.47638097027993465, 0.4684671929227168, 0.47663277437397833, 0.47392957696600585, 0.464359447202647, 0.4721390278807516, 0.4684952590391265, 0.45741604653730306, 0.4839763891570442, 0.46450011055635], "nmi_repr": [0.4121878159299333, 0.4195086848523725, 0.41850506066409876, 0.4200090400539089, 0.40818346608404577, 0.4090668097462522, 0.415659709804409, 0.4051343665382601, 0.405003818467453, 0.4143311542885292], "mi_td": [1.6539958192280833, 1.6795580439508182, 1.6509527749386177, 1.6594768850708674, 1.6505993368330416, 1.6700032980666177, 1.6788123046964571, 1.6618318393202454, 1.6640824708307838, 1.6696898447639543], "nmi_td": [0.2787805674265687, 0.28368888701022393, 0.2794253148747254, 0.2799851106701366, 0.2777143413314206, 0.28267694656143594, 0.28396575228457366, 0.2796786922337438, 0.2812713975315871, 0.28219755503832344], "mi_tw": [1.6001434418119693, 1.5798601906654086, 1.577276570575268, 1.5885874132406557, 1.6071791590117808, 1.5621721708108605, 1.5741179627469024, 1.5992377926647268, 1.5736839162996112, 1.5769493794230234], "nmi_tw": [0.28043221731419643, 0.27748752748545547, 0.2776206243751242, 0.27869750721038394, 0.28114552432416207, 0.2749896903966834, 0.27688740284239066, 0.27983380838755584, 0.2766036057032581, 0.27715548090378544], "coh": [-1.5250157419489996, -1.549152737295901, -1.579405898057113, -1.4752633778799473, -1.4408980819157313, -1.3787929392811837, -1.4917541004712929, -1.5707937140718236, -1.4248459646951053, -1.3894719901897736]}