{"p": 0.4, "p-emp": 0.39998735124666973, "t": [113.31114411354065, 111.54366111755371, 116.7893373966217, 115.61477017402649, 100.00651597976685, 108.57521176338196, 91.68230962753296, 110.61284685134888, 106.89610314369202, 104.77662205696106], "nmi_acc": [0.34852754815661563, 0.3488299260646668, 0.33026433403679967, 0.31751529329832845, 0.32420701896599263, 0.3158827356436932, 0.3037917197754987, 0.3143322611974928, 0.33410573927117354, 0.32027538847875237], "nmi_repr": [0.2349384815971305, 0.23816148974393125, 0.24531037733567945, 0.22395879240182306, 0.23273867292373943, 0.2497870241453334, 0.21316473930182503, 0.20924134450052972, 0.2291967558237182, 0.2315754777930739], "mi_td": [1.0211767797986482, 1.0029810984496048, 1.0657454565895523, 0.9925064222372397, 0.9644030389158678, 0.9834627066568784, 0.8315122730922238, 0.9876522951912825, 1.0032569768659652, 1.0311492210600244], "nmi_td": [0.17838329764720476, 0.17519383030351593, 0.18523027360885574, 0.173202193106684, 0.17008264261447928, 0.17292710460449018, 0.14806267314231383, 0.17307465373708975, 0.17521164460731053, 0.17938204507644884], "mi_tw": [1.3755420408144359, 1.3655050629436578, 1.3370605493789698, 1.3737912294305163, 1.338736404189808, 1.341578769566874, 1.2956742594947555, 1.2827079671061072, 1.4252062923759046, 1.3775982122669448], "nmi_tw": [0.3180206094346513, 0.3156739287372155, 0.3070647913836298, 0.3171968666360369, 0.31345496290637426, 0.31287880659358763, 0.3072757035206228, 0.29780463949268615, 0.32939992831011927, 0.3167588692100996], "coh": [-2.0143499185360265, -1.9207756786627428, -1.980682016869468, -1.9986739423790223, -2.1197563691643655, -2.304336420258539, -2.151748919246941, -2.2746058700211216, -1.9203897698399672, -1.9556384918191168]}