{"p": 0.2, "p-emp": 0.19962311627212992, "t": [111.22566366195679, 102.22178292274475, 105.95470309257507, 107.4643566608429, 104.33805513381958, 112.08264589309692, 104.40330529212952, 102.36963272094727, 109.82744240760803, 109.15891408920288], "nmi_acc": [0.35884976866576734, 0.3547095601376691, 0.3833192217573903, 0.3897971824554218, 0.42093904706106033, 0.33288502594045877, 0.3989574223223884, 0.3744375975707451, 0.3923169830160644, 0.37800321252016295], "nmi_repr": [0.2547579251296711, 0.25355136865844285, 0.25094230921245475, 0.2502790751773169, 0.2671847712671949, 0.25393179462194687, 0.23229462781502894, 0.2324858776734799, 0.2494811496895194, 0.22664765470796547], "mi_td": [1.362606463495906, 1.336445398169442, 1.4607450802697508, 1.445114396935372, 1.39063906233136, 1.4293000199545243, 1.3717911332769082, 1.3702756854291838, 1.4526791452627432, 1.5007743512890621], "nmi_td": [0.23170374851171743, 0.23045625844800477, 0.24634521582343166, 0.24263219250445822, 0.235985637453007, 0.2438743193004174, 0.23219003546732128, 0.2323433951273343, 0.24484826428088444, 0.25263717659591567], "mi_tw": [2.0049055848877657, 1.937547291267438, 2.086487957325812, 2.1392073096609687, 2.054454450250389, 2.000476538224699, 2.082159918828357, 2.064903389359784, 2.110933332232835, 2.1041462330011176], "nmi_tw": [0.33136881797559953, 0.3246185182246549, 0.34209046388898967, 0.34922700043515875, 0.33888139060094224, 0.3317337691672516, 0.34259489494781914, 0.3403391610569574, 0.34591067683190224, 0.34437772100858605], "coh": [-2.541814313779075, -2.322104438910163, -2.4302863065626297, -2.3365176600740583, -2.2110456862617145, -2.4707237830404916, -2.445704592013914, -2.3740351888611744, -2.165861215189258, -2.359544782493196]}