{"p": 0.7000000000000001, "p-emp": 0.6993329931678312, "t": [71.00541019439697, 70.29159235954285, 69.98472046852112, 69.25893473625183, 69.52492475509644, 68.59613084793091, 71.03259062767029, 72.95082402229309, 72.5959529876709, 73.2091326713562], "nmi_acc": [0.044190045821093704, 0.046851944902654846, 0.043572964134104414, 0.03846433740171997, 0.0426674520283652, 0.038484920698946185, 0.03971395224217127, 0.038607175399118496, 0.04219294515842946, 0.03520533056350566], "nmi_repr": [0.016050421839524227, 0.013328338244989092, 0.015317341605116002, 0.014180386597835807, 0.014190477095711862, 0.013252494393009165, 0.012618543067905453, 0.01400213913379474, 0.012370760951254955, 0.013437679828001724], "mi_td": [1.645630247714753, 1.6488342405597693, 1.650317366123401, 1.6519167261947965, 1.6507408044956853, 1.6498956507335096, 1.6490233598740545, 1.6501136335569613, 1.6476965038194515, 1.645555059298721], "nmi_td": [0.27420374409854154, 0.274581527294336, 0.2748342793031106, 0.27505956380541075, 0.2748172450936287, 0.27473829854719667, 0.2746697078167707, 0.2748596857415242, 0.2743908089818234, 0.2740612815571363], "mi_tw": [2.2977736934536206, 2.301599909401459, 2.297087633349878, 2.301589985833563, 2.3045984064945664, 2.3020092205626876, 2.29839687768083, 2.296245651872196, 2.3021127455974666, 2.303452569594215], "nmi_tw": [0.3348372367143182, 0.33522815015745666, 0.33457707624017347, 0.3351890902597039, 0.3355775377078434, 0.33526643511849846, 0.3348220647517442, 0.3345175980400483, 0.33530150859402247, 0.33552565732559503], "coh": [-2.857898476172212, -2.8028435172679234, -2.8322169909666797, -2.862050794928202, -2.806467664986486, -2.8696263820225014, -2.841752181071554, -2.8312074614835256, -2.866495088857381, -2.864474946210034]}