{"p": 0.30000000000000004, "p-emp": 0.2937529218932178, "t": [46.22683143615723, 43.89904522895813, 44.07801556587219, 44.845606327056885, 44.774266958236694, 45.00003695487976, 44.31386375427246, 44.439659118652344, 44.70357275009155, 44.28607940673828], "nmi_acc": [0.23116034005542357, 0.2484994797955005, 0.23813257838030455, 0.20775356540164755, 0.19826989876723378, 0.24394771831440143, 0.26358683219102835, 0.22444437916067683, 0.1849335312697065, 0.24867621276416307], "nmi_repr": [0.19449661455383974, 0.21032157225768325, 0.21559441184448286, 0.20381680007913944, 0.16684494850158593, 0.15762397137402695, 0.2106746738578149, 0.21875453923856292, 0.16131894323051527, 0.1693583712816568], "mi_td": [1.8094952072131658, 1.8046278702229692, 1.8437181884979872, 1.7847852913078845, 1.651785352021382, 1.787524717327681, 1.8504441102410745, 1.7746786036983415, 1.669956231860476, 1.804310768714208], "nmi_td": [0.3358916377318897, 0.33533674967149907, 0.34056013265586005, 0.33186824231536316, 0.30941313081662514, 0.33147283873264366, 0.34324538380980085, 0.329525872288307, 0.3112498265897188, 0.3348706549182688], "mi_tw": [0.3183050760486166, 0.32737550374459745, 0.3363572585231516, 0.31474740916627575, 0.3034850609542268, 0.3110142474616809, 0.32724151410013425, 0.31329228888154437, 0.29351424847155344, 0.32251478388492594], "nmi_tw": [0.06639244872688428, 0.06836423055334775, 0.0697700829513697, 0.06577586819470051, 0.06395079299292108, 0.06479693179112318, 0.06820116645803567, 0.06536852946560076, 0.06150139958284706, 0.06725728744506067], "coh": [-0.21516293679668355, -0.37814042865194925, -0.19182687521848502, -0.32963014956549425, -0.3307440822225545, -0.5403377698708238, -0.2554114703252749, -0.38490568077480275, -0.3809375314674505, -0.32305480633565403]}