{"p": 0.1, "p-emp": 0.08552993990052893, "t": [232.613703250885, 234.03742146492004, 234.79990935325623, 235.35027933120728, 232.452214717865, 232.26343274116516, 234.2488317489624, 232.2779688835144, 236.65351581573486, 239.53962802886963], "nmi_acc": [0.294471045587669, 0.2994112233580452, 0.2598210974627251, 0.2965593402922724, 0.3059869716541397, 0.27439077776334, 0.2974524575769706, 0.25681211317648395, 0.2989441334477881, 0.296448712711762], "nmi_repr": [0.26098516284429596, 0.25399460414791786, 0.25440298414505674, 0.2567977518798572, 0.2505441528996747, 0.2407012430856906, 0.25367983836302543, 0.2595053677675365, 0.24579647403575108, 0.25581044595460356], "mi_td": [1.01036124917353, 1.1021413194359446, 0.9509268015254166, 1.0494007515428299, 1.117745768341297, 0.9828405272285069, 1.0352892526541109, 0.9607339899167862, 1.1782543693551286, 1.0286866134253456], "nmi_td": [0.18868702199507653, 0.2044396748077484, 0.17781030352483382, 0.1945491470376474, 0.20717679515911858, 0.18233259342365038, 0.19256616407885827, 0.1805812334823695, 0.21903342536571535, 0.1913202063468934], "mi_tw": [1.3566811444825553, 1.3062988099153476, 1.3940623053293768, 1.3448425896669511, 1.3308225240818683, 1.38657171939872, 1.3683569271676952, 1.3818002426478833, 1.2219762356149575, 1.3658998550312569], "nmi_tw": [0.2648315890733749, 0.25320051225656726, 0.2724854584847158, 0.2605210290510105, 0.2577493342693595, 0.26879435339146496, 0.2659900559596847, 0.2715618328806822, 0.2373945260046357, 0.2654865456917785], "coh": [-0.8724880402403039, -0.7449744600301476, -1.0368283951377824, -0.51562027175883, -0.6326660579734893, -1.0231778209570979, -0.8226861937824502, -1.0421630318683426, -0.5519676754273344, -0.8282854043152144]}