{"p": 0.30000000000000004, "p-emp": 0.2991479283982319, "t": [62.11407136917114, 60.88451170921326, 61.02540826797485, 61.51859498023987, 61.610663414001465, 60.807068824768066, 60.058842420578, 61.867613792419434, 62.01525926589966, 62.42301273345947], "nmi_acc": [0.35222506008897697, 0.36968192649674353, 0.31004655769675027, 0.321256889256437, 0.33042870624453274, 0.4199279634314327, 0.399032761176407, 0.3116216813518265, 0.3563164667180316, 0.34329239518363786], "nmi_repr": [0.21577514602253325, 0.22474088989028645, 0.20641621496751167, 0.19247179484138324, 0.19066229363742887, 0.21198228230780475, 0.24902025864250654, 0.21478750222128073, 0.18786973606635535, 0.20852331660788914], "mi_td": [1.720380793784956, 1.7615244896945654, 1.766761785402059, 1.7591044232991568, 1.7453528112349506, 1.7782139667758914, 1.71859250280862, 1.7651529381895692, 1.8080721751374031, 1.7834229891192648], "nmi_td": [0.29099293235834295, 0.297047257731191, 0.29607092864689905, 0.29527683258063125, 0.2935888719690723, 0.2995880381311451, 0.2922245941667007, 0.2960141180528355, 0.3023773204322891, 0.29977434230588], "mi_tw": [1.0983543739499946, 1.1242201706381745, 1.0853765791382617, 1.0955313176786963, 1.0813854974816073, 1.1084497321298543, 1.1014772489106524, 1.0845848795568813, 1.112071081277013, 1.091210238244181], "nmi_tw": [0.19881393477057538, 0.20283467169782715, 0.19451928817614078, 0.19668763629947736, 0.1945877087887694, 0.19979412197799898, 0.20050568426811513, 0.19452695511639084, 0.19886991948076327, 0.19620270274579474], "coh": [-1.9152868874508262, -1.9093589263387944, -2.027819347215455, -1.9535701939951693, -2.037585101851656, -2.0325898962022317, -1.9089589095554427, -1.9122538449287632, -1.844467887163328, -1.8323234715495051]}