{"p": 0.30000000000000004, "p-emp": 0.2991479283982319, "t": [87.84679245948792, 82.83906412124634, 96.67443561553955, 96.62175488471985, 94.12577557563782, 88.45905447006226, 89.45115208625793, 89.22130107879639, 95.5817563533783, 84.28284668922424], "nmi_acc": [0.46176856145847556, 0.4579724815146283, 0.43708192286443664, 0.45541136192609094, 0.42525592217033326, 0.45569686919844393, 0.4461752534531701, 0.40290119219488324, 0.4263818281732963, 0.45078461276253373], "nmi_repr": [0.2899539663582646, 0.3323646857749843, 0.32768130048128025, 0.31810360455651066, 0.2978429247150424, 0.31342882877315864, 0.32257885108405043, 0.29592093067555025, 0.2975966627192505, 0.30913995449877535], "mi_td": [1.2235716180957996, 1.1848736194719167, 1.3622088211144185, 1.3638292715115399, 1.316754200399441, 1.2466588332617803, 1.2339378225529187, 1.1748283162091282, 1.276299164128091, 1.1125867046964335], "nmi_td": [0.21201316115589702, 0.20733665295113077, 0.2328588235301414, 0.2323777058298191, 0.22575849485991564, 0.21568118341619072, 0.2132785945410919, 0.20481192064264125, 0.22134809068371983, 0.19572335309400252], "mi_tw": [1.6565040125825803, 1.5728134018588695, 1.7199585882521753, 1.7598118166758248, 1.704668245120817, 1.6547401842482894, 1.6546765632937144, 1.6252848809302078, 1.6253245477193017, 1.547087028018932], "nmi_tw": [0.30769247959589535, 0.2952441410724452, 0.31487443546666216, 0.3210486813232894, 0.3130699344932037, 0.3068578999864279, 0.30653528031582583, 0.3038732665469972, 0.3021916311558766, 0.2920732047153396], "coh": [-2.167409070915609, -2.070858651503834, -2.28660535654872, -2.19641590651529, -2.287137027992888, -2.093482884508008, -2.215056015592634, -2.393700352750449, -2.376510068608807, -2.3382094120646073]}