{"p": 0.2, "p-emp": 0.19850795463513593, "t": [74.23562598228455, 69.57930707931519, 70.97347688674927, 72.70773983001709, 74.95343112945557, 78.77441835403442, 71.77601790428162, 79.85030913352966, 80.4089183807373, 80.34689211845398], "nmi_acc": [0.06184390806608516, 0.09910081484574879, 0.04314457154762967, 0.08674003621931577, 0.060554224290861866, 0.0578645276414582, 0.03466938866887549, 0.06283545812849571, 0.038793665777502206, 0.07928104302645111], "nmi_repr": [0.1357837824061521, 0.14571704234190574, 0.1472780783851794, 0.13882764430127842, 0.13329710844316597, 0.15934735499635472, 0.16545517335850662, 0.14565436449431776, 0.14761381929431142, 0.1640844254372762], "mi_td": [0.769831302983099, 0.6971090486665764, 0.7433263084405297, 0.6636307961626913, 0.7772753199476168, 0.7687070464599727, 0.6375227051465119, 0.7189343912031798, 0.8212242411864652, 0.768506063497428], "nmi_td": [0.14575271239437002, 0.13163124044783003, 0.14366540454048485, 0.12572159876645836, 0.14771779102746885, 0.14593283383670722, 0.12415693480459207, 0.13690278475924902, 0.15750542505543647, 0.14478607589244058], "mi_tw": [1.9124442676254725, 1.959733070407585, 1.7088261111817404, 1.929293877235291, 1.8646156838300936, 1.8910389227360107, 1.6906587988695059, 1.868894698261848, 1.756318554313177, 1.9624543359642233], "nmi_tw": [0.3453253114592228, 0.35296161139447335, 0.31468112062483183, 0.3485685113218955, 0.33790133414211215, 0.34233940694240456, 0.31359920504873334, 0.33932064109199134, 0.32106591342326235, 0.3526927197983844], "coh": [-2.198034604255188, -2.222809706247586, -2.330553055677828, -2.2319086361594027, -2.1290498189310636, -2.28443581990086, -2.2145923017286018, -2.2164679776043705, -2.3645627377387424, -2.3106880664459695]}