{"p": 0.1, "p-emp": 0.09493745036301882, "t": [212.82638430595398, 210.52512454986572, 212.62771582603455, 213.96708583831787, 211.18544387817383, 209.0852541923523, 208.99187350273132, 209.9165394306183, 208.96857166290283, 208.509761095047], "nmi_acc": [0.19112941592196375, 0.2762954344325609, 0.3043796301237425, 0.28391750286455886, 0.2086127600824828, 0.2545730507499194, 0.17736105775308803, 0.24462696552803986, 0.3022695261094134, 0.20324817755912677], "nmi_repr": [0.28198220517448025, 0.27215934492673594, 0.2583099220509751, 0.26771562249502656, 0.22880726737692667, 0.27935444140483046, 0.2835696784419548, 0.27527842579089484, 0.23844508239788512, 0.2584802209212136], "mi_td": [0.8646126396415621, 1.0548069720214406, 1.180066776833471, 1.108985091077737, 0.8853425629494082, 0.953550607134357, 0.8880198129432555, 0.912811575515732, 1.040262489523286, 0.8819160985612007], "nmi_td": [0.16494148953572457, 0.19637873261259625, 0.21945623986723464, 0.20630387530184843, 0.16782228176194355, 0.17935541341347744, 0.16969821719456932, 0.17175555950026836, 0.19445216065120893, 0.1680575709552607], "mi_tw": [1.4210752197752803, 1.2847987354936705, 1.1759674549759223, 1.2178022516693199, 1.3641958164004278, 1.3114651903438634, 1.389777554538918, 1.348892086941219, 1.2519310413700022, 1.39606919178389], "nmi_tw": [0.2898503091955528, 0.25531836308775346, 0.23341556034528133, 0.24180264684996616, 0.27635822658346315, 0.26348415819238724, 0.28398797987878815, 0.27110947800738966, 0.24985832176735562, 0.2844154025451669], "coh": [-1.0875189555932983, -0.37635207362011486, -0.2753231860380182, -0.4853528381695721, -1.0992046803730577, -0.9937250404146436, -0.9509580197013016, -1.0548627889667443, -0.6992169937891101, -1.1568403048335647]}