{"p": 0.9, "p-emp": 0.8997739184528037, "t": [20.643054008483887, 23.73063039779663, 21.234801292419434, 22.107585191726685, 21.44370698928833, 20.482383966445923, 20.52310800552368, 21.943544387817383, 21.10334587097168, 20.438746452331543], "nmi_acc": [0.17069402367012834, 0.17358792060744405, 0.1807061901515208, 0.1841279501279583, 0.19160580412112035, 0.1760939627761057, 0.18388819211759755, 0.18130767039899964, 0.18236846240434024, 0.175694729209409], "nmi_repr": [0.4074776326059367, 0.3965620863099199, 0.39010296738463424, 0.3845488314071609, 0.39494377054184066, 0.3579628204982763, 0.3797921648673301, 0.4098710817601244, 0.4029026890752764, 0.4038607402768673], "mi_td": [2.2488382921772154, 2.243152846281935, 2.2182231423990015, 2.235723483413322, 2.253029792269721, 2.252843508967186, 2.227907139527911, 2.2197071939792057, 2.235410338382304, 2.2345672090226074], "nmi_td": [0.402916515243314, 0.40210654907527277, 0.3980864033385959, 0.40072611300202676, 0.40331116426231534, 0.40333386802702326, 0.3996991389579985, 0.39831305567312886, 0.4005887062670156, 0.4003118583784132], "mi_tw": [2.0406603806804506, 2.041117601103922, 2.0494105255435193, 2.043350951196804, 2.0373992246732535, 2.033519021243684, 2.0479504107137654, 2.0573344899044295, 2.0571531689227616, 2.0552472006186995], "nmi_tw": [0.4210525015436179, 0.4213986846580262, 0.4236608214015981, 0.4218007910004625, 0.4199523373056452, 0.41921962449023276, 0.4232063149704798, 0.42525009247733053, 0.42455071999050403, 0.4240039694347917], "coh": [-2.7087212293445133, -2.726128000041937, -2.706107470305086, -2.715520381187797, -2.711140580414809, -2.632469322226972, -2.7675887497253027, -2.6779341566976136, -2.687441743242486, -2.7500310316351766]}