{"p": 0.5, "p-emp": 0.49998253904775847, "t": [36.16447877883911, 35.378901720047, 37.528757095336914, 36.81893992424011, 36.07102346420288, 32.47054362297058, 34.174360275268555, 33.865410566329956, 33.039215326309204, 35.069318771362305], "nmi_acc": [0.13685692503311822, 0.12558002916992309, 0.09058311442976273, 0.10643884574759609, 0.10941777075893103, 0.10784233713733442, 0.09968726606639981, 0.13582712948895437, 0.11422242731901713, 0.1267345559598155], "nmi_repr": [0.07882430929438883, 0.08511819810390188, 0.07251264758589114, 0.05984156514732777, 0.0640113705360089, 0.07269826205261119, 0.06987355427496153, 0.065647554570299, 0.07537884584136016, 0.08423429592298011], "mi_td": [1.3468040091898636, 1.2074038101004536, 1.0645353586903106, 1.1056532404014312, 1.2363554738389877, 1.1913619201165755, 1.1906384218645631, 0.9673251141321146, 1.2456324913835386, 1.32432919801711], "nmi_td": [0.2476107228865202, 0.22413907413322737, 0.20122124308490202, 0.2074949094574638, 0.22887944166626298, 0.22213591399737162, 0.22169355440274083, 0.18578720059134962, 0.23056159524973818, 0.24344322176050703], "mi_tw": [0.10372705891519886, 0.12404852689715548, 0.09471078532346067, 0.10488713958257495, 0.10693262650261881, 0.09773447762934392, 0.11417072101904148, 0.08572492049310543, 0.10789144247458907, 0.1083512213033442], "nmi_tw": [0.029902715095472862, 0.03630898197218777, 0.02852742228750386, 0.031233157137900813, 0.031163024501214033, 0.02880618169573288, 0.03357697652053302, 0.026488985031403168, 0.03143488385267633, 0.031228641682620066], "coh": [-0.19844342814049848, -0.27516725829199584, -0.37878204712280017, -0.32397809585026405, -0.2813624566897076, -0.32122625258366116, -0.21721079740021407, -0.37744936799711076, -0.2011531134078164, -0.1685506839769854]}