{"p": 0.5, "p-emp": 0.4992690125805974, "t": [102.02085089683533, 102.42809581756592, 100.48888993263245, 99.13540577888489, 99.43916654586792, 99.96411919593811, 101.50352311134338, 99.99958825111389, 100.6710832118988, 101.36283421516418], "nmi_acc": [0.49418433801624956, 0.48471229466661725, 0.48978121812215836, 0.48861519500729383, 0.4953712537706309, 0.5038151968149923, 0.49286037326489185, 0.47887834834562965, 0.4881479624522336, 0.49451862267180546], "nmi_repr": [0.4632220009650088, 0.4940204626646542, 0.49926926325101745, 0.4617154394218817, 0.47721974520909644, 0.4756367252491639, 0.4714848490942427, 0.4598746649037609, 0.47228783890333675, 0.4636025651813016], "mi_td": [1.9959373398119378, 2.0127814087666467, 1.999411910997749, 1.998765003511831, 1.9783740686368756, 1.9861885450816834, 1.9935578913161018, 1.9988835358730315, 1.980049030460927, 1.9891404550695206], "nmi_td": [0.3343973062947012, 0.33703124361392606, 0.33505602842773585, 0.33578285515943557, 0.331947697965138, 0.3329248023657471, 0.33520273112165316, 0.3352301879809036, 0.3319773292305794, 0.33356523465178345], "mi_tw": [2.1173656112384465, 2.118325513425488, 2.109467375067772, 2.087000793605437, 2.1196752604707885, 2.1215872189759173, 2.0791108725144283, 2.09911766331457, 2.118825481440322, 2.1162528986377422], "nmi_tw": [0.3236907909048029, 0.3236727018856525, 0.3225506365510124, 0.3198412856831278, 0.3244835418076023, 0.32447916859093034, 0.31888783218342065, 0.3211977717202545, 0.3241295065182896, 0.323792315776405], "coh": [-2.6176974365597134, -2.682449825273497, -2.626400621370126, -2.57270885568935, -2.611276348658991, -2.472207650970976, -2.39542084671368, -2.5905853163166057, -2.5846192007650446, -2.600484487048406]}