{"p": 0.4, "p-emp": 0.3980488990979474, "t": [66.53726291656494, 81.09470057487488, 74.98534774780273, 67.90889501571655, 67.25560307502747, 68.2203299999237, 68.1298086643219, 82.29163718223572, 75.0985758304596, 69.79354190826416], "nmi_acc": [0.32694979674523106, 0.3039394730290036, 0.3233934224480497, 0.32724215036541715, 0.32380322760493924, 0.34604336174084577, 0.3220348206418593, 0.32943085050545207, 0.30986195062896316, 0.32328030797250684], "nmi_repr": [0.18522653394909383, 0.1865697609948048, 0.1790402668968219, 0.1909013957748825, 0.1979419584490029, 0.19963707251232604, 0.19614846491326252, 0.1805464072249147, 0.1756303410093551, 0.17181863876766826], "mi_td": [1.7579889701280227, 1.8077744983357147, 1.7973880616518165, 1.8149896791081683, 1.7691367951787837, 1.8159399434955805, 1.7740020258434122, 1.7482202750557048, 1.822231024325383, 1.778847401190753], "nmi_td": [0.2978386287891594, 0.30327714310935655, 0.3024094153579478, 0.3045868374083095, 0.29807330340401894, 0.3052811283639628, 0.2991318348280653, 0.2954058121210502, 0.30571835442591005, 0.29945735006653906], "mi_tw": [1.2504291696641896, 1.2466752795502967, 1.2459848150736468, 1.2735956598880933, 1.2635174114540049, 1.2788812813515513, 1.226903893647192, 1.2324432268157464, 1.2244670367049522, 1.228656940529303], "nmi_tw": [0.23225205925679063, 0.22907377045382074, 0.2296745409904575, 0.23410388626945638, 0.23326400576763573, 0.2355274028836392, 0.22670292389649707, 0.22825251486434867, 0.22500590980063592, 0.2266192467308509], "coh": [-1.581735151276085, -1.62470402929691, -1.4963748027682746, -1.5897964613148985, -1.6709160480086176, -1.48085321036737, -1.5867473257344762, -1.62192498833668, -1.612618761978134, -1.5092869691734676]}