{"p": 0.30000000000000004, "p-emp": 0.2996366860511882, "t": [117.1044774055481, 127.51616406440735, 115.69091558456421, 114.7156150341034, 115.34063291549683, 126.5998318195343, 120.11622333526611, 109.77631831169128, 121.58888840675354, 125.15946221351624], "nmi_acc": [0.27115548308397, 0.26529588882741534, 0.3045620612750413, 0.272778162694493, 0.24020044202748522, 0.2843448561352913, 0.2807200497274597, 0.3087736002736746, 0.273493193725334, 0.23196348633357367], "nmi_repr": [0.13316535813382782, 0.12758417724034274, 0.13499547095885786, 0.14161480958469672, 0.14881735461372222, 0.1255088313544256, 0.12970999663126817, 0.13945648052342316, 0.14571949434579545, 0.12818843469957464], "mi_td": [1.6552430230416832, 1.676193495524256, 1.6591806358192673, 1.6299612762022522, 1.6481316277123201, 1.6463758387609735, 1.6705561634274448, 1.653520938153741, 1.6720169478156333, 1.6673095507513866], "nmi_td": [0.2778246910185266, 0.2801924572041401, 0.2785776888806745, 0.27569471696818904, 0.27649898930649525, 0.27719879571601735, 0.2798254615676919, 0.2784247848994488, 0.27983993410162206, 0.27880941333425413], "mi_tw": [1.569390230405976, 1.5594651325457132, 1.559491681678129, 1.5269006627832336, 1.544169768275404, 1.526135108679611, 1.5392341481184029, 1.5574769097941554, 1.5627268089588302, 1.5484802190325533], "nmi_tw": [0.2517208644840419, 0.249152860090513, 0.2502122358529954, 0.24671310762415835, 0.24756263801106113, 0.2455129293810505, 0.24640481558636965, 0.2505747148371189, 0.24996905498091754, 0.24748435377094374], "coh": [-2.464007228940539, -2.4527460567313084, -2.444550330769403, -2.4434401066711446, -2.4426295851356867, -2.367073595012402, -2.4646773567120297, -2.5038734496503205, -2.447151185210634, -2.397753399686832]}