{"p": 0.0, "p-emp": 0.0, "t": [117.47488284111023, 116.30383968353271, 111.48112797737122, 111.27489900588989, 112.70021224021912, 110.21013712882996, 117.62074542045593, 112.01756286621094, 112.073166847229, 108.92600464820862], "nmi_acc": [0.0515197255030536, 0.09701980114601644, 0.03009926040543577, 0.0603608965260172, 0.0747658697651577, 0.06810446217086058, 0.07675882725863285, 0.02788383859551922, 0.08582198159730403, 0.0711469728516313], "nmi_repr": [0.21137536980404198, 0.19758285446245819, 0.2064186961145654, 0.20089690118876138, 0.18525191490691972, 0.21449307001937326, 0.2346751732470538, 0.22907569427553662, 0.2108869955642713, 0.20222430897232752], "mi_td": [0.5789307743073567, 0.5411623786349584, 0.5369763729386117, 0.5103842678519428, 0.5215294701418847, 0.5386918348571273, 0.6037432607495331, 0.539844834838482, 0.5210012715601935, 0.4892308306556324], "nmi_td": [0.1154886775645098, 0.10767156502113912, 0.1092178655225988, 0.10337295992488636, 0.10421889909154296, 0.11005679267258629, 0.1216315223199483, 0.10961089438478194, 0.10501561700664261, 0.10008572242507638], "mi_tw": [1.5289943851890615, 1.557714189291007, 1.3576574200757587, 1.4016016244637535, 1.5368755598797503, 1.3311635621693976, 1.4378336103679898, 1.3837999943629022, 1.4630153505764112, 1.3288403372612587], "nmi_tw": [0.32719181213631165, 0.33240093706327717, 0.2966412600462715, 0.3048608413257491, 0.3294921216557138, 0.29225029551103676, 0.3109561753165411, 0.30179013504309254, 0.31657525137024384, 0.2921605875459565], "coh": [-2.0718743710894847, -2.1195963432223417, -2.0212522827135904, -2.100410960824436, -1.8794382431985155, -1.9975160617029302, -2.1438185826972505, -2.1216586068983148, -2.0411305395069466, -1.9231584289616717]}