{"p": 0.8, "p-emp": 0.7993348966210022, "t": [48.66676568984985, 47.47620987892151, 48.00462031364441, 49.35442066192627, 48.46534538269043, 48.187849283218384, 47.63170790672302, 47.353323221206665, 48.68427062034607, 48.35897970199585], "nmi_acc": [0.3298648160637849, 0.344717307381892, 0.35826561115495953, 0.3503785275616641, 0.3390346450353584, 0.36492056030026016, 0.3448751981265946, 0.35397315323454354, 0.34644261420958367, 0.35971124825831896], "nmi_repr": [0.3366368789720826, 0.33422287788995464, 0.336705345905651, 0.3226330170757285, 0.34268821299004276, 0.3392313151405435, 0.33322945525843856, 0.3371700589167078, 0.3479907152735722, 0.34474628251914324], "mi_td": [2.449306320872977, 2.460489230907917, 2.4616440709423517, 2.448069482549289, 2.4489264621762015, 2.453266515370394, 2.4559894152535, 2.4575274138074334, 2.4611261674869698, 2.4513450818944396], "nmi_td": [0.4117449802473691, 0.41346864902489716, 0.41305665367361366, 0.4117859525653742, 0.41194807509741305, 0.4125585552866549, 0.4126250135732984, 0.412551260615211, 0.4131148211752402, 0.41164200061858763], "mi_tw": [2.408208380977071, 2.412531379269386, 2.4298617730781538, 2.4062041389369786, 2.406331242650445, 2.4061369558594454, 2.4182174742408407, 2.4235053710648473, 2.4257982255068646, 2.4194664423852403], "nmi_tw": [0.3460888122032377, 0.3465981039957587, 0.34865053965589893, 0.3459795505730973, 0.3460107295624187, 0.34589708767992655, 0.3473520483691972, 0.3478721477698258, 0.3481720288761911, 0.34738518027185117], "coh": [-1.9961260272344485, -2.0416379267222906, -2.042350685477702, -2.0614976205289075, -2.010399654780756, -2.0296655729712096, -2.0181465690174436, -2.0586672067393117, -2.0460893543759173, -2.044738824022836]}