{"p": 0.0, "p-emp": 0.0, "t": [141.17092490196228, 143.11682724952698, 140.1948161125183, 145.78120875358582, 136.49003744125366, 142.9574258327484, 137.59661841392517, 135.90597796440125, 141.43892073631287, 144.65952491760254], "nmi_acc": [0.049113142796327336, 0.07385093972501526, 0.06033129073764234, 0.053393632158042055, 0.03716574413959213, 0.12260368462611167, 0.11658471302819692, 0.10455726718030045, 0.039200044202779435, 0.07715523385135487], "nmi_repr": [0.2203415911239414, 0.24092956325184803, 0.24388190046910996, 0.22881117174157364, 0.18304013396928567, 0.16985158205966097, 0.1789251770253725, 0.16991704176210434, 0.19650065141205278, 0.20628483827886165], "mi_td": [0.5911284785970764, 0.563218111416474, 0.5251250247413877, 0.5264789944686332, 0.5025106814178217, 0.552053059975788, 0.5378898918439474, 0.4900870129831781, 0.5790177855506564, 0.5446474773468599], "nmi_td": [0.12078430047082332, 0.11467099744802083, 0.1085430004592684, 0.10531647772765715, 0.10074389398642628, 0.10746911678543285, 0.10854446169762359, 0.0980875541429809, 0.11678244640610314, 0.1095694315630706], "mi_tw": [1.308408915974716, 1.334293196074558, 1.2259238169787434, 1.5264665559925392, 1.4924869030823829, 1.7517311382360208, 1.450976734127867, 1.5577686590943138, 1.4316639984836093, 1.4884530741277187], "nmi_tw": [0.28729169350087286, 0.2918526715241218, 0.2725396671808149, 0.3276226385742352, 0.3210888747719585, 0.36516790784276537, 0.31435793931151623, 0.3345272120830617, 0.30999853483420053, 0.32141063711076], "coh": [-2.0139488815564652, -1.975881383055773, -2.173233975379329, -1.9534548180088196, -1.9362276324159153, -2.0023672707316704, -2.1833576371459307, -1.9568656788193455, -2.083826646856807, -2.108442998738405]}