{"p": 0.7000000000000001, "p-emp": 0.6986483640434011, "t": [53.64711928367615, 42.65388894081116, 48.688836097717285, 51.790762424468994, 42.64416766166687, 39.46589112281799, 49.16330528259277, 57.93276405334473, 50.21475648880005, 103.66864657402039], "nmi_acc": [0.105841252132821, 0.10918386446427734, 0.10879096460743257, 0.09385890202682175, 0.08721311145799733, 0.10319835541814565, 0.09876730422828277, 0.1318634036614664, 0.07490890871534948, 0.10864526969070526], "nmi_repr": [0.1681228051017194, 0.15234997232523093, 0.17378639284836983, 0.17442527510016134, 0.15667727108446455, 0.12235485183392497, 0.15658441528583653, 0.18822291696523172, 0.1783744589605391, 0.18350016383684567], "mi_td": [0.9852872747498961, 0.6531276688348236, 0.7366455368823311, 0.94771821107819, 0.7370359067001414, 0.5767849598639068, 0.7555622951229068, 1.0256424491219804, 0.6444678609830048, 0.7328554559533617], "nmi_td": [0.17395075918467567, 0.12095713771720676, 0.13692243456114273, 0.16918335568553663, 0.13443436974139253, 0.10930978648402088, 0.14001559841172742, 0.18133850852021655, 0.12175167986661323, 0.13440588670784928], "mi_tw": [1.061890575232193, 0.9988781413930014, 0.9135033307180576, 1.0015028133425243, 1.0339262295744012, 0.8150931837089527, 0.8695479779161863, 1.032659766993274, 0.8614384364544247, 1.0185353210563943], "nmi_tw": [0.3325032271371937, 0.3410172225673495, 0.3139756244535382, 0.31984899049597554, 0.3432749846163617, 0.29047603471126426, 0.2972078250749821, 0.32418461804753124, 0.3051771413470566, 0.34156043591047036], "coh": [-1.3761246114692545, -1.4560698525367664, -1.4339796400118974, -1.4149320247012522, -1.3366360012486385, -1.5045495333170744, -1.4759307175340388, -1.3798408722491489, -1.43757540534168, -1.5630690220250807]}