{"p": 0.7000000000000001, "p-emp": 0.699978939211688, "t": [40.219889879226685, 41.82980823516846, 40.63520908355713, 43.562156677246094, 43.639700174331665, 43.77990484237671, 43.908185958862305, 41.713637351989746, 43.384610176086426, 40.107243061065674], "nmi_acc": [0.47660681015864803, 0.4584819933908029, 0.4352314747645452, 0.4449097801995913, 0.4797795402693065, 0.47383595991308103, 0.41551236477444525, 0.4766220342367667, 0.45996838423937947, 0.4407372996610561], "nmi_repr": [0.3721894029967792, 0.3770326339386005, 0.3441982102424697, 0.3426626756641378, 0.3669049286882632, 0.3615340873220847, 0.33791937719428644, 0.34226305887039205, 0.36823476415703904, 0.36923275653973536], "mi_td": [1.9041371193693115, 1.9237149517454863, 1.7980596295621032, 1.9732075961022284, 2.022684256990526, 1.8169615044026879, 1.9913465495185636, 1.9588316313451601, 2.029260459614205, 1.8671937254506568], "nmi_td": [0.32582554920003665, 0.32737499588486263, 0.3104152878920919, 0.3347556167776218, 0.3419679337977372, 0.31303272571533153, 0.33546191885600074, 0.33241468225735005, 0.3421538974419198, 0.32034038235096157], "mi_tw": [1.967679932167813, 1.9986658544423614, 1.8620302217789615, 2.042289586615129, 2.0300147806516136, 1.905166618583626, 2.0830245310574194, 2.0019415911018283, 2.0725597420887665, 1.9128512242168616], "nmi_tw": [0.36959774973050896, 0.37316496516912234, 0.35317659309835203, 0.3800121099674573, 0.3763022416080474, 0.36054124067970944, 0.38461025583779584, 0.3726249256737265, 0.3830522972918812, 0.36033176455617694], "coh": [-2.1662524389901034, -2.215843989145282, -2.3861218050242265, -2.2375781162855644, -2.3194714062635753, -2.408208270575718, -2.472745547553144, -2.5794889754632684, -2.4662856966702913, -2.3338282582406262]}