{"p": 0.30000000000000004, "p-emp": 0.29307317707245284, "t": [125.19480752944946, 124.37754201889038, 126.5323736667633, 122.60213565826416, 125.84073638916016, 126.53241086006165, 122.86634874343872, 120.95729446411133, 124.1842691898346, 129.91104412078857], "nmi_acc": [0.20733042244537617, 0.18236912753557077, 0.18283315134222441, 0.18195412949915954, 0.19450889741101862, 0.1596613720859759, 0.18616747630005295, 0.18294923880812497, 0.19163202665382265, 0.1875350976927984], "nmi_repr": [0.289819120722173, 0.2871437690067072, 0.3012040776386211, 0.29360593385438893, 0.31203081115356446, 0.29935559505338705, 0.30839280833349164, 0.29590072465743755, 0.30221773320578765, 0.3030143556821071], "mi_td": [0.9921333103638426, 0.9943829575331886, 0.9754132645821665, 0.9948720278341385, 0.9997214863554665, 0.9827946333837667, 0.9895313810168305, 0.998534322500205, 0.9831835845837039, 0.9930728496197622], "nmi_td": [0.18346003402120192, 0.18365468298895113, 0.1807385237514192, 0.18341925365086398, 0.183712819396459, 0.18248708969470803, 0.18323998291416324, 0.1844113979810926, 0.18268918658595407, 0.18322695096480268], "mi_tw": [1.7567479774351837, 1.8038297533691623, 1.8116451029296228, 1.7996107384513014, 1.7960043086368143, 1.7883774293537638, 1.7983129292650555, 1.7750046307211427, 1.7777863176184756, 1.7910522564125666], "nmi_tw": [0.30348783275281904, 0.3112709863343575, 0.3135717723785301, 0.3100284961132752, 0.30846503212201487, 0.31014906699210104, 0.31108249676683075, 0.30628135701372144, 0.30851715535198104, 0.3087735967855619], "coh": [-1.8506404277110409, -1.900903361313564, -1.8459711191204906, -1.8812344607492346, -1.9189169171368305, -1.8965863868597386, -1.9470034056294978, -1.8959534233836375, -1.880497161923279, -1.8384673285130628]}