{"p": 0.8, "p-emp": 0.36451680291909805, "t": [108.80142378807068, 107.88692712783813, 103.30423736572266, 102.42530274391174, 103.39747881889343, 103.02818012237549, 101.47222876548767, 101.68260622024536, 102.59790754318237, 102.52667450904846], "nmi_acc": [0.2329611465854975, 0.22850421239682622, 0.23203340262291888, 0.2404237437961676, 0.22984279514728972, 0.22467991279310912, 0.2386998514562664, 0.22589215246432756, 0.22024813583272346, 0.23252842486293135], "nmi_repr": [0.29858758848497235, 0.3163583922470348, 0.31040461090161847, 0.30176497726484053, 0.3203125141290076, 0.30449545120233523, 0.2969823724776482, 0.305666170531023, 0.3058265654172655, 0.291149092171785], "mi_td": [1.0891893522124023, 1.0969803021277846, 1.0794392943529962, 1.0805107065244481, 1.0728590401500173, 1.0967359042568843, 1.104765499952282, 1.0927048733311435, 1.085687355860338, 1.0886826576197155], "nmi_td": [0.19844625478864217, 0.20001825014861374, 0.19668120797781827, 0.1966783420592201, 0.19606806913214264, 0.2013140248148094, 0.20119945878161263, 0.19944307510825746, 0.19729606067386962, 0.197581932412163], "mi_tw": [1.9135539323643067, 1.9070913585336358, 1.9155812440133577, 1.9332214782043806, 1.9128518171449556, 1.898452301807548, 1.897951730751702, 1.9006292350404592, 1.9317670759158563, 1.9222612820795393], "nmi_tw": [0.3157589798265899, 0.31491004914138065, 0.3161100716297086, 0.3187303404834314, 0.31651617062648085, 0.31538514518646565, 0.31306505298385134, 0.3141345224253946, 0.31801671301725226, 0.31607728142179575], "coh": [-1.9565848715481213, -1.9079197020232617, -1.936083357825811, -1.9105232922151287, -1.9440578572655336, -2.001796181219775, -2.0416636068905083, -1.9293608349466864, -1.9894413975998657, -1.841168921440255]}