{"p": 0.2, "p-emp": 0.19543194574042866, "t": [111.16182541847229, 110.98555517196655, 111.24674844741821, 109.79207968711853, 112.575266122818, 111.67424082756042, 110.19518160820007, 110.66791033744812, 111.62190198898315, 108.54446315765381], "nmi_acc": [0.18531465551428142, 0.15906844175751222, 0.18640817964044543, 0.17436771138888135, 0.13934225044543255, 0.1780740344386558, 0.1763655565060545, 0.17096661637065083, 0.1457397010227244, 0.14387671682139655], "nmi_repr": [0.2674302319673138, 0.2749606610569845, 0.2731323719233061, 0.2797675386120236, 0.27225295785782727, 0.287841154941859, 0.2749730985842494, 0.28284902474852375, 0.28711161178067784, 0.2872592057087178], "mi_td": [0.906899445176456, 0.911390186291607, 0.9075857158135917, 0.9031241683030112, 0.9180670555932575, 0.9098122332532002, 0.89341006006967, 0.9159456889662791, 0.9209645063547791, 0.905104909747555], "nmi_td": [0.16625506300698878, 0.16756012944948223, 0.16718089404624337, 0.16608756522175105, 0.17078869342923608, 0.16782650516818723, 0.16512192680984006, 0.16877575975211825, 0.17025186307365134, 0.1674464932539529], "mi_tw": [1.7596960800588655, 1.7463896427332237, 1.7544923887610493, 1.7709623006082948, 1.6863091996061914, 1.7439773121735929, 1.7407644188065474, 1.7453029205546264, 1.7345551963002626, 1.7163609375670665], "nmi_tw": [0.30836583012427443, 0.3068775357070252, 0.3088668061565931, 0.3112799357286094, 0.2996759676227549, 0.3074279394666409, 0.30743273525470827, 0.30734465036408415, 0.3064002231976772, 0.3034052825407889], "coh": [-1.5894742863217075, -1.5411765343440111, -1.6256440863541546, -1.6406109883911584, -1.7680727635467715, -1.670032252527487, -1.7190544180891365, -1.6668131409599583, -1.6965944301804128, -1.7268361536006878]}