{"p": 0.9, "p-emp": 0.8999650780955171, "t": [28.880959272384644, 29.119925022125244, 29.417749404907227, 30.277743577957153, 28.862574577331543, 30.5958149433136, 30.307442665100098, 29.113166570663452, 29.601011276245117, 29.448981761932373], "nmi_acc": [0.2546090478509307, 0.2668250367776393, 0.29025327390029854, 0.28237461305578954, 0.27077119946980244, 0.269304449070354, 0.27436937839056524, 0.27049568835350923, 0.26242997719044, 0.2570697540066731], "nmi_repr": [0.3907909521777313, 0.420007021978183, 0.4033900287596689, 0.40566757482473864, 0.39370751543301696, 0.4035347666021245, 0.4030064401570363, 0.38779723796226145, 0.3773543859812575, 0.38901796309382086], "mi_td": [2.442400501759201, 2.430036674297474, 2.4446800196370364, 2.4504773773974513, 2.435625369388099, 2.443272633885123, 2.442053282278133, 2.441246826352373, 2.4355354321712803, 2.4378686687144016], "nmi_td": [0.44307674506920314, 0.4407198673281635, 0.4436233745303085, 0.44471006335268287, 0.4420511507312994, 0.4433952300045345, 0.4432677098411139, 0.442876242340824, 0.4423017756299936, 0.44227973865322384], "mi_tw": [2.489595583403504, 2.50622305023789, 2.492002342281275, 2.479467092573793, 2.483817474316311, 2.4798884991283825, 2.472678854166192, 2.4824203705966514, 2.47969865887163, 2.4863812172145874], "nmi_tw": [0.4133206516154087, 0.41598270001973775, 0.4138338490355733, 0.41178156593677306, 0.41253516137906154, 0.41184532618207503, 0.4107274969191174, 0.4121369110142764, 0.41207866818012173, 0.41280845780879216], "coh": [-2.430209788379665, -2.584390938967427, -2.463708742838592, -2.3297839103110114, -2.383770510512227, -2.4439578662285943, -2.535469246771069, -2.4718336410607415, -2.4517001259623563, -2.4057137873695202]}