{"p": 0.4, "p-emp": 0.3993231480578806, "t": [62.72620940208435, 62.64455699920654, 61.51216197013855, 62.46095132827759, 58.13927483558655, 59.4189248085022, 58.667823791503906, 62.23931312561035, 70.64768433570862, 58.11642408370972], "nmi_acc": [0.11594850470552319, 0.12423020665960118, 0.10862226431563017, 0.14952563193439583, 0.09945627561368509, 0.13210915867796577, 0.11973438399121435, 0.168394557467449, 0.15244309337537207, 0.16206687930976912], "nmi_repr": [0.12106174313654408, 0.13938322983087859, 0.11403257151188295, 0.11764988761553564, 0.11372677251866763, 0.12026485599139657, 0.09650294545012107, 0.0948041099265095, 0.12001370223973507, 0.11903228087628438], "mi_td": [0.992430596846088, 0.9924625579635323, 0.9541272560309015, 1.025687053512598, 0.8887653427745039, 0.9832309631774926, 0.8687937201734854, 0.9610600106486984, 0.9581853792655006, 0.9319710228781758], "nmi_td": [0.18300767039773988, 0.18217979171220505, 0.17573882995219495, 0.18651852131920205, 0.16373687001793621, 0.17864661345768965, 0.1588974623392772, 0.17426527968735492, 0.17528286952483502, 0.170243859513159], "mi_tw": [2.140981439576699, 2.172135442880733, 2.161644627636478, 2.2541175085558582, 2.156765152736941, 2.271440461932747, 2.230559418326823, 2.2640954798244395, 2.205403531102465, 2.1904134657911123], "nmi_tw": [0.35092639455840735, 0.35459034523539523, 0.3539452665728622, 0.3649111989845419, 0.3532171145103314, 0.3674383744530001, 0.36294704299790925, 0.36559085480101156, 0.35891969184388306, 0.35602697557078294], "coh": [-2.319609915005515, -2.24810043277834, -2.200309077287246, -2.2497387036980134, -2.111247799460035, -2.240929674237718, -2.418528069724974, -2.1755827656189095, -2.4250678319669556, -2.39895047799541]}