{"p": 0.9, "p-emp": 0.8991224463357347, "t": [26.93616557121277, 26.651686668395996, 27.063435316085815, 27.543063402175903, 27.52002191543579, 27.9856538772583, 27.78931713104248, 27.472318172454834, 26.70003581047058, 27.508382558822632], "nmi_acc": [0.22069832458005878, 0.20930929658355218, 0.22255112755006976, 0.2112774466386306, 0.21452424434587888, 0.20554434761431942, 0.21735086648669244, 0.21902871654204628, 0.21115151201023147, 0.21616985662937896], "nmi_repr": [0.2848548338180877, 0.2986576544825434, 0.25707213319198907, 0.25651620367687056, 0.2706833740025368, 0.26510526439421767, 0.2598718690477396, 0.2579336930546196, 0.2773534538593151, 0.2624096505955118], "mi_td": [1.5044379779003845, 1.5261160238193214, 1.5489462277611685, 1.5478223219267941, 1.5369811362673482, 1.5313463008653263, 1.5174474305597896, 1.5314228834461252, 1.5372903867322871, 1.5320801166429132], "nmi_td": [0.2752684947419789, 0.2783224892296366, 0.2828831270839546, 0.28220809242102435, 0.2809503024221512, 0.27929640370744874, 0.2772702135610782, 0.27966293980306867, 0.2811944410548872, 0.2791953079802098], "mi_tw": [1.1128573771457726, 1.1116721698375436, 1.0751281350522177, 1.0865804648515938, 1.084945142369513, 1.1123571465807571, 1.0978214924456156, 1.0993993013871939, 1.0917445213815629, 1.1072095685957282], "nmi_tw": [0.2746354606830001, 0.27313521891750103, 0.2646568531845876, 0.2668771889725193, 0.26739717153847214, 0.2733299544828619, 0.270426762552271, 0.2706055518926384, 0.26931522519593687, 0.27175700067623415], "coh": [-1.3759407433122042, -1.3771471311344912, -1.3663584628030796, -1.3692377216219014, -1.3430380160516178, -1.3704155748694982, -1.3942669987962863, -1.3592728190176486, -1.3657476174694332, -1.3691135241664238]}