{"p": 0.6000000000000001, "p-emp": 0.5999850179814923, "t": [91.36132788658142, 91.47125220298767, 96.36155486106873, 95.35367250442505, 98.69713592529297, 98.54206275939941, 96.24312782287598, 93.98037028312683, 93.17538619041443, 90.86714482307434], "nmi_acc": [0.17733381072382637, 0.15449102096549128, 0.1841922272472906, 0.16316757056574777, 0.19699340091716605, 0.18809905835894708, 0.16901461782323793, 0.1905553633799921, 0.20073725581330557, 0.20227009155166462], "nmi_repr": [0.07532986395446459, 0.06993015309585476, 0.06867905168267949, 0.07385802122299764, 0.07041098671807508, 0.0778608439889839, 0.06841669127628074, 0.06743706780613552, 0.0782488840357833, 0.08788946854154985], "mi_td": [1.7042210048648851, 1.6980577628702016, 1.7095487430872582, 1.6991099707591046, 1.711545228159713, 1.7114378387078093, 1.6953182001077634, 1.7017533986809168, 1.7076974682265418, 1.7032156701573535], "nmi_td": [0.28407128501891926, 0.2825693902721702, 0.2845163594183616, 0.2826530856732493, 0.28496325232985154, 0.2846343864272443, 0.28254908519728406, 0.28303180780529896, 0.2843923012001099, 0.2837389014880747], "mi_tw": [2.1726780204382194, 2.1657493906586422, 2.1924293797633108, 2.175653147268628, 2.193286729042204, 2.1901084620961933, 2.1615237070246036, 2.189074005103827, 2.2087839119330734, 2.196655980964827], "nmi_tw": [0.33257601237082746, 0.33100493159730054, 0.3351202303775911, 0.3324198581277709, 0.3353751761013747, 0.33455348550049097, 0.3308275057952494, 0.3344042227344964, 0.33782086607999556, 0.3360671072216418], "coh": [-3.0960701234688592, -3.097614976595403, -2.979520711020543, -2.932591036879666, -3.016294121902911, -2.994659191999147, -3.1144992088977945, -2.8854989985319466, -2.7492919989993125, -3.0464221493300374]}