{"p": 0.1, "p-emp": 0.09999860730053067, "t": [74.202641248703, 77.44878697395325, 85.05615711212158, 79.21515727043152, 83.10083389282227, 87.8865613937378, 74.0898597240448, 80.89415526390076, 84.27753901481628, 83.17009615898132], "nmi_acc": [0.02634686618073184, 0.03847051959460229, 0.027152189951830646, 0.036722072807523, 0.027157044559234348, 0.02634686618073184, 0.02742991771022453, 0.02634686618073184, 0.027558190781551303, 0.02634686618073184], "nmi_repr": [0.20168722832822228, 0.18295629995599766, 0.1753610304695988, 0.18492581207689013, 0.1921497976481426, 0.20285026362537792, 0.19750307680479615, 0.25869032569257083, 0.1827445154626335, 0.1960460911251552], "mi_td": [0.5528425208521953, 0.5849505072298069, 0.5936049320622065, 0.5968112973320118, 0.6277111616932427, 0.5574256099088827, 0.5846793263590555, 0.6295828895705173, 0.5318290311858607, 0.6029994966916008], "nmi_td": [0.1117194434938702, 0.11535949156712229, 0.11832471878449274, 0.11691860602311809, 0.1277627371027011, 0.11185749050709666, 0.11924034195826398, 0.12754468288022697, 0.10558928498678108, 0.12502158940242028], "mi_tw": [1.3582069292621017, 1.5989064588892785, 1.4852606261182277, 1.65851847062458, 1.272330616603155, 1.433109118456428, 1.2552908758532422, 1.3174484859037001, 1.5442030134523728, 1.1204709519340674], "nmi_tw": [0.2962461917365265, 0.3396935085090127, 0.31920639965023584, 0.3498440704336841, 0.27967401597707553, 0.3102243664375554, 0.2765200080428719, 0.2881300587658836, 0.33045183808876655, 0.2512606491902511], "coh": [-2.2206211323949714, -2.321203579036415, -2.410167327171747, -2.3430411175304378, -2.4041278070827383, -2.239807806011059, -2.32891175905738, -2.28253822429209, -2.2729168917377596, -2.2974651181028327]}