{"p": 0.5, "p-emp": 0.4992690125805974, "t": [79.12039232254028, 76.43585968017578, 72.33907127380371, 72.9828474521637, 76.58942341804504, 76.58354592323303, 73.65106177330017, 74.47447633743286, 75.94313549995422, 76.41048622131348], "nmi_acc": [0.3376279339371006, 0.3472736666325457, 0.3877174691363349, 0.3796013974602284, 0.34663567581455706, 0.33327335522752605, 0.35297397908013983, 0.3713027925493741, 0.3625822020692879, 0.37007061933509283], "nmi_repr": [0.2302931947847136, 0.239820492799238, 0.24445391111464404, 0.25110486758071876, 0.2481633144834745, 0.21533097240380844, 0.21222714340782348, 0.23273410249043874, 0.2543599435082902, 0.23695924300389443], "mi_td": [1.7944228058232776, 1.793806724515523, 1.6927616518554598, 1.768248581430008, 1.7530189453422158, 1.767362065787076, 1.6896013652948965, 1.779740160389658, 1.8603880154131855, 1.8219779285214177], "nmi_td": [0.29738973501283267, 0.29700966695843317, 0.28354515202823655, 0.29448836055429256, 0.290680041447942, 0.29281230815948983, 0.28262690353815434, 0.29555824732887814, 0.30613144393838454, 0.3003227080618657], "mi_tw": [2.379782652874039, 2.386442274454955, 2.286090569893346, 2.346631388628365, 2.3727124362898726, 2.3763593057745167, 2.302375733077705, 2.3700369539208053, 2.45554744121511, 2.4201110159223087], "nmi_tw": [0.36021993755216525, 0.3609194800749874, 0.3494188232118811, 0.3567914929228807, 0.35932154232391417, 0.3595978361596093, 0.3514666526937243, 0.3594132316716203, 0.369274663116791, 0.364513233696488], "coh": [-2.650777882599562, -2.3132774973662946, -2.5237315521612325, -2.468604736422387, -2.6282976480507707, -2.510534526479412, -2.3786423307225517, -2.559902724392962, -2.5164440338762737, -2.4885322088340773]}