{"p": 0.6000000000000001, "p-emp": 0.5998912914908837, "t": [101.92899823188782, 102.57869839668274, 102.86472272872925, 101.40121078491211, 100.94684648513794, 115.75135803222656, 111.70639276504517, 105.25510120391846, 101.89345145225525, 101.34164714813232], "nmi_acc": [0.3322278799928788, 0.35358265767743335, 0.3412955257194548, 0.326605191693943, 0.32980914078744467, 0.3325341318224689, 0.3420148430257769, 0.3353389683927911, 0.3307656360322133, 0.3211040857883512], "nmi_repr": [0.3914803720935463, 0.39446804990065604, 0.3804705357336625, 0.37530673169949635, 0.3835591220000366, 0.36877456570948175, 0.388794276995192, 0.3795484643645245, 0.38711985688548733, 0.39641496003813054], "mi_td": [1.6904138439812169, 1.7151029104502722, 1.6653103793811361, 1.658195445153541, 1.6428146962604313, 1.6735883093819255, 1.6686577746304567, 1.6532574704868481, 1.6754507581571358, 1.6765143024557647], "nmi_td": [0.30676717331153636, 0.31105492352280134, 0.3030287909700262, 0.3014105557170013, 0.29824591104582676, 0.30349996853398775, 0.30381569304684064, 0.30056661494904957, 0.304253358668799, 0.3046343129796182], "mi_tw": [1.6038790314546687, 1.5867003955232488, 1.593194137783878, 1.6124017421615002, 1.632185737561, 1.608469996627362, 1.585081983395076, 1.6077195230066934, 1.610240097990666, 1.597837916448657], "nmi_tw": [0.29387133182481595, 0.29054205233860964, 0.2927106353161895, 0.2959188235587386, 0.2991761068151908, 0.2945030518065428, 0.29139239608348805, 0.29511268281008357, 0.29523435708161805, 0.29314292140643256], "coh": [-1.2944987523945002, -1.306679765606804, -1.4278391827292871, -1.4903775752323798, -1.3948244187838799, -1.4434418920212846, -1.4277550889756143, -1.3479515070502623, -1.342909350224792, -1.4690756711663924]}