{"p": 0.6000000000000001, "p-emp": 0.5997375690692544, "t": [53.281962633132935, 52.208126068115234, 53.70344638824463, 53.03060340881348, 54.49610161781311, 51.97473669052124, 51.48221302032471, 51.51651096343994, 51.70284175872803, 53.09563636779785], "nmi_acc": [0.22560104855037852, 0.2214484920976899, 0.21235291928137012, 0.2451963336872662, 0.22322403782513214, 0.21237842414557717, 0.22190753139775005, 0.22810253374152586, 0.2192048938521507, 0.2403803402527728], "nmi_repr": [0.22720190316764904, 0.22918574771552236, 0.23023456209251938, 0.23370900398107214, 0.23803628290064605, 0.2281282320788737, 0.2269653277412652, 0.2450675166211735, 0.24058914949108526, 0.24266487452575686], "mi_td": [1.8102746515093622, 1.8121554845736876, 1.6958710649385522, 1.831035159509642, 1.8123815030640826, 1.8375206708630984, 1.755310835492661, 1.8306453681284094, 1.801889274431872, 1.7945643930068267], "nmi_td": [0.3074066026462341, 0.308299327884576, 0.29078134463715877, 0.3120596166185398, 0.3092323600730243, 0.31058419750773353, 0.29994565081565855, 0.31169632744702164, 0.3072294347381832, 0.30662434049366005], "mi_tw": [0.5930310017925204, 0.6008139105439052, 0.6184000062596844, 0.5745568957434148, 0.5693185850804454, 0.597042149447258, 0.5860863440903747, 0.5761305143456692, 0.5803231005390762, 0.5983486882677528], "nmi_tw": [0.15450638942480732, 0.1569820302054364, 0.16353356241036068, 0.15052774125825083, 0.14941670398230072, 0.15444583975806236, 0.15417379951236349, 0.1507193499984844, 0.15214278750121454, 0.15737664079321192], "coh": [-1.2339040454759658, -1.3077093034638934, -1.3663207118466143, -1.2551418957346716, -1.289004432516452, -1.2429388115818623, -1.2511982415752698, -1.2682048245102082, -1.2600196503680778, -1.3708985275525145]}