{"p": 0.4, "p-emp": 0.3956094153960539, "t": [155.74144649505615, 154.46730017662048, 156.1007204055786, 174.53100991249084, 159.8138301372528, 152.98044300079346, 157.26785588264465, 157.08673977851868, 152.38409161567688, 154.2248032093048], "nmi_acc": [0.32742153604155416, 0.2911791519912684, 0.32010179429748437, 0.29602170959651786, 0.30826168470859294, 0.30843423808173465, 0.3054720658096309, 0.3231789466451127, 0.32559398716762544, 0.31972024229846113], "nmi_repr": [0.32820883614588153, 0.33346358616406807, 0.3210539005343618, 0.319504524150685, 0.33568378971172924, 0.3557833384169027, 0.33567552701058356, 0.3471697310164203, 0.3749689851678088, 0.3356727477379072], "mi_td": [1.2965280377999417, 1.2907051165886008, 1.2272796471974043, 1.2785340801655474, 1.2581115206629723, 1.256797345745008, 1.3113891257372026, 1.2724636743601718, 1.2481123864239998, 1.298501780317508], "nmi_td": [0.23849552339146304, 0.23788565531701486, 0.22513040084518088, 0.23564798123680564, 0.2314434400681061, 0.23099332413411863, 0.24131823023359025, 0.23401515444658869, 0.22946615153086045, 0.23905435692928315], "mi_tw": [1.6967060101456972, 1.7007712735658116, 1.7669951311700443, 1.681870730034771, 1.721331946503727, 1.7295797553365508, 1.6887718875679703, 1.7340000380514207, 1.754075402282556, 1.6851064901222284], "nmi_tw": [0.2918402980685413, 0.2930708957590971, 0.3031409679204853, 0.2898203796906167, 0.2960935372916716, 0.29726155683475053, 0.29057582564660117, 0.2981909858722698, 0.3015564985171931, 0.29006724826992414], "coh": [-1.3874927007478979, -1.4884882839204567, -1.375259167913215, -1.3464449235979339, -1.461235628380543, -1.5428306558020164, -1.4008154720422357, -1.4900087797901373, -1.347891280157723, -1.3633268428979934]}