{"p": 0.30000000000000004, "p-emp": 0.29993632642134227, "t": [91.73672771453857, 84.91650485992432, 83.91561675071716, 90.66517424583435, 96.36179280281067, 87.85853910446167, 89.00297951698303, 92.08233690261841, 91.05263090133667, 100.01781630516052], "nmi_acc": [0.46399072548679865, 0.41243886707750566, 0.4146754522267231, 0.41438105094782973, 0.4729954992513357, 0.45624093427378715, 0.383841113418312, 0.42825411065033386, 0.4516967200491807, 0.3927149406264962], "nmi_repr": [0.3047093465709122, 0.3089955468629972, 0.2790879794091373, 0.25714440660196153, 0.2936086359890842, 0.30907631971392446, 0.3074818714638858, 0.3117036479400639, 0.328901579001771, 0.2913204145848875], "mi_td": [1.2593784478803502, 1.0893533404763638, 1.053815390970378, 1.1981517204131618, 1.3554245246030054, 1.1576252573484382, 1.2240320026044482, 1.2906650529283663, 1.3089232940770632, 1.2094236494195139], "nmi_td": [0.22044403379804375, 0.19335071979955668, 0.18685226115030887, 0.20845855696665705, 0.23258533910541193, 0.2037008103095442, 0.21638728937000032, 0.2241570870169433, 0.22667335073527894, 0.21151845691462443], "mi_tw": [1.6607993757323847, 1.55901384161316, 1.5525231604867282, 1.6791487348045535, 1.8112737315778578, 1.6623562088710226, 1.5457407162786183, 1.7187538888823541, 1.7278035898039275, 1.6781671989049316], "nmi_tw": [0.31614109962016257, 0.30128717251270376, 0.29969963532698807, 0.31753316287399413, 0.33741584695010335, 0.31825175627740404, 0.2974234730098358, 0.32439777217647997, 0.32508535252772053, 0.31914951066724856], "coh": [-2.228914350012184, -2.272508731760639, -2.0133626544262593, -2.0883458167826077, -2.175796731763068, -2.3958970578287637, -2.163473174842088, -2.0584410788116463, -2.0182904234968677, -2.227150756948458]}