{"p": 0.4, "p-emp": 0.2833345306667796, "t": [208.10333776474, 211.08857536315918, 212.80297136306763, 209.93285250663757, 203.76999282836914, 214.91190433502197, 214.80987429618835, 211.06267833709717, 212.2991645336151, 214.15577173233032], "nmi_acc": [0.5150979756575721, 0.5077708054125798, 0.5072525799306637, 0.5183202260134896, 0.5020346962481512, 0.5097416317757388, 0.5080064722905214, 0.5084887163197126, 0.504808075487039, 0.5121800398135752], "nmi_repr": [0.47443645912743687, 0.49951766317988844, 0.48200104945031275, 0.4552356857882108, 0.5040264399860503, 0.4754533061636405, 0.47519962718894854, 0.48830885679408603, 0.47094452268058823, 0.44737045920822516], "mi_td": [1.8980081381263887, 1.9044301746311199, 1.8982089674080136, 1.8936580699520644, 1.8992062661691524, 1.8919729207356784, 1.876344000180712, 1.8936649279474178, 1.8844556816889122, 1.9052861500651752], "nmi_td": [0.3179370898632298, 0.3187304814891622, 0.3172467357915922, 0.31797388473124144, 0.3183488887229405, 0.31644875645426296, 0.31399469250399015, 0.3165509919627904, 0.3159207481512937, 0.3186390692747323], "mi_tw": [1.8860843725478256, 1.9011741466819483, 1.9102991934494908, 1.8798882853100296, 1.8921388508361616, 1.910919670636953, 1.9124713500691999, 1.9212583154709164, 1.898480852337416, 1.906479835049655], "nmi_tw": [0.3053572209261403, 0.30753692952251976, 0.3085969364780825, 0.3050638746083906, 0.30653389778441326, 0.3089276445414999, 0.30933085453255743, 0.31042769370813145, 0.3076030928622596, 0.30817581721424686], "coh": [-2.0192011298390464, -2.092245137101508, -2.0543186361225816, -1.9895633239499606, -2.007098419660991, -2.009521617285627, -2.073469180545679, -2.0106774537750374, -2.040418072309306, -1.96908873973935]}