{"p": 0.30000000000000004, "p-emp": 0.2999504488158372, "t": [142.87798500061035, 144.45309376716614, 137.97754645347595, 141.68047714233398, 142.13843750953674, 141.2566840648651, 140.8570511341095, 138.49661135673523, 141.22507548332214, 137.421368598938], "nmi_acc": [0.4911122359361972, 0.49799804994946584, 0.5029965742349025, 0.5026135990999473, 0.48219969587842404, 0.4987113015584534, 0.49586684251990953, 0.49877484930822363, 0.4754464828128096, 0.5058769040409977], "nmi_repr": [0.4575433730784687, 0.45383809129641, 0.468450693810698, 0.4696132419974715, 0.42888512140629537, 0.45747776207205676, 0.49029561724809756, 0.4543997890593707, 0.4438226961268487, 0.4427299258766717], "mi_td": [1.8620836748239609, 1.8523325028569233, 1.8689042683053305, 1.857682494892562, 1.8633581827486005, 1.8720110196802984, 1.8648856186739522, 1.8596272412030563, 1.8519532088060988, 1.8637824127581355], "nmi_td": [0.3130105228955898, 0.3100627777432427, 0.31359384558781156, 0.31143848737350993, 0.31196837927222487, 0.3139302983531788, 0.31282488895796606, 0.31158573077410745, 0.31074952855502874, 0.313183747430844], "mi_tw": [1.9053914318495733, 1.9495303368732304, 1.919639741817212, 1.9257282430573222, 1.9344051554273964, 1.9326230127466064, 1.9283317424060924, 1.9380371592416186, 1.9126015438435333, 1.913345280546559], "nmi_tw": [0.30443031926667063, 0.3102380225538087, 0.3061841548933679, 0.30690012014446993, 0.3078873826883177, 0.30808256181884913, 0.30748210644166357, 0.30869338910179683, 0.30506155224316517, 0.3055969509788776], "coh": [-2.0976829150486918, -2.219029105304116, -2.1808923656096812, -2.2137038127024304, -2.1611710863043565, -2.0806323632707153, -2.1711379871937786, -2.1582297350772626, -2.2159124513999933, -2.027642835024608]}