{"p": 0.30000000000000004, "p-emp": 0.29707106607562284, "t": [175.02853059768677, 173.49527406692505, 171.80060291290283, 173.35825657844543, 173.1987190246582, 175.63207364082336, 172.38778424263, 181.34889841079712, 182.46439170837402, 182.54145908355713], "nmi_acc": [0.29593267222997144, 0.29874798595067587, 0.30538954965440823, 0.2982560883999246, 0.28891334884006986, 0.2876165408301745, 0.30567366151638364, 0.3218354843139388, 0.29462273067795935, 0.3150709343721112], "nmi_repr": [0.327596512216808, 0.3156521370611009, 0.3205805147235622, 0.3261514799750109, 0.3031701842524937, 0.30855518926287706, 0.32942456140124093, 0.32015440931125394, 0.29382053774505773, 0.30787211174461027], "mi_td": [1.135062049597773, 1.1960219737402258, 1.160290851286629, 1.2101612213229263, 1.1130808487510042, 1.2189209414409867, 1.186889915313835, 1.1720119004857397, 1.1599382045642663, 1.2003568764114427], "nmi_td": [0.20993082333860116, 0.22134472387406887, 0.21392081128872759, 0.22328424566672422, 0.2054317713866934, 0.22602656221729012, 0.21995845647443965, 0.21670897759241192, 0.21341492433525, 0.22290666524225788], "mi_tw": [1.6520051360186057, 1.5864921036463555, 1.637842448982812, 1.5897714258601576, 1.6714681602005812, 1.5567939440483383, 1.5906759730194688, 1.5984984147990902, 1.6400597292652002, 1.5745252381127595], "nmi_tw": [0.2923432078662811, 0.2809190086773452, 0.2889631102461142, 0.28068518397782055, 0.2951912830997501, 0.27617943204771295, 0.2820325180467481, 0.2828048973471157, 0.28878342648894534, 0.27971213725220245], "coh": [-1.278898730447486, -1.0410499866552165, -1.0999670343724481, -1.11234959316888, -1.17065455683347, -1.0810716353999057, -1.1297295822859323, -1.2425234066421604, -1.2282490666910137, -1.1107853544607948]}