{"p": 0.4, "p-emp": 0.3954198756783607, "t": [42.82900905609131, 41.263205766677856, 41.15897798538208, 40.74741578102112, 39.954315185546875, 40.55400276184082, 40.166345834732056, 40.46866321563721, 40.20015215873718, 40.91223120689392], "nmi_acc": [0.11288242104591155, 0.1486203125631197, 0.13400221472751428, 0.13166143604265726, 0.12388471217047457, 0.1164047534756168, 0.14401556242620311, 0.11698456023501197, 0.12677345016064848, 0.14665545131344535], "nmi_repr": [0.11826438394338348, 0.11185518960330068, 0.1209287731015837, 0.13184413797600433, 0.1224849822903762, 0.12461073375983073, 0.13498457624677632, 0.13117476372551243, 0.14104317536882985, 0.13636073755051772], "mi_td": [1.3220582417154212, 1.3314405135524283, 1.38704002740052, 1.4296128841726612, 1.4734256188194765, 1.2195783292534412, 1.4119379180729288, 1.3574703153055439, 1.3123292391839898, 1.2549299986287425], "nmi_td": [0.24984429817322895, 0.2516812791871429, 0.260388179577254, 0.26575861858561184, 0.2724043308223225, 0.23468308378792638, 0.26428238363332174, 0.2556549856463214, 0.24953504226121184, 0.24067421965050623], "mi_tw": [0.40775568335445284, 0.42079083227661573, 0.44097802039290235, 0.4495534098287998, 0.44946873527274545, 0.3878381242801009, 0.44371896235516806, 0.4243944196441078, 0.41640957326049355, 0.3910180937861934], "nmi_tw": [0.08475621442672787, 0.0874901390826686, 0.09099438067392268, 0.0917687947057592, 0.09120045569328371, 0.08223707303674024, 0.09126394990968863, 0.08788144799606509, 0.08714244429001886, 0.08260441704242463], "coh": [-0.9002429133126443, -1.1032086626936324, -0.8514932951582411, -0.8978564459095484, -1.0527482662356475, -1.1466644194823121, -0.9625767499830642, -1.1415140701215374, -1.1075611921040718, -1.1003705420846308]}