{"p": 0.5, "p-emp": 0.4999464906302278, "t": [46.11918568611145, 45.36760377883911, 45.923643350601196, 45.959707260131836, 45.91209030151367, 45.03705978393555, 45.58637094497681, 46.299437522888184, 45.3173725605011, 45.6684787273407], "nmi_acc": [0.1884694720894488, 0.19907119246160565, 0.19572456184481318, 0.1950908190125712, 0.16833951829968907, 0.2111452638716486, 0.18921778821021112, 0.19200892826065888, 0.16727014765538079, 0.20533411846803873], "nmi_repr": [0.10836381120728598, 0.10953484743100965, 0.12980386526780063, 0.1274284188950756, 0.12235948379350191, 0.12474212255687117, 0.12939852418200135, 0.12592458434254117, 0.11825153801801776, 0.12675074048006216], "mi_td": [1.9193187608741213, 1.926807450092187, 2.0087616634609873, 1.891682144218448, 1.9288231472365758, 2.00802151419136, 1.9253687273037274, 1.910969412295815, 1.938187752538974, 1.9275299146024127], "nmi_td": [0.35368962787925295, 0.35541880517895186, 0.36545536861065986, 0.3502211565824609, 0.3548270345821776, 0.36631610997245045, 0.35475519327707516, 0.35274516636589787, 0.3555995435395457, 0.35487560165055243], "mi_tw": [0.5952567086274647, 0.6296699833236874, 0.6558612092534883, 0.6113894521045578, 0.6162761685479716, 0.655416692799158, 0.6276406359643479, 0.6216131894146171, 0.6222047057892671, 0.6224523843744925], "nmi_tw": [0.1117567693418661, 0.11833614994468356, 0.12153688833614892, 0.11533060027313201, 0.11549943940110609, 0.12179160715502244, 0.11782001966962785, 0.11690569439630373, 0.11629394854895889, 0.11675297318621893], "coh": [-0.7627235780874082, -0.816362516953812, -0.8465701996588075, -0.9005768509170016, -0.7731876316102296, -0.7694591589990354, -0.7923145889357892, -0.7668397799349768, -0.7472886814293662, -0.7712984240294595]}