{"p": 0.9, "p-emp": 0.8999650780955171, "t": [23.13459801673889, 22.51095223426819, 24.156291961669922, 24.00412893295288, 22.785767316818237, 23.858043670654297, 23.46364140510559, 24.02037286758423, 22.704259395599365, 22.770764589309692], "nmi_acc": [0.2029599143054298, 0.20715826957265324, 0.2021763688624588, 0.18728313107391148, 0.21097477168279197, 0.20474361306462896, 0.2215203772625862, 0.17733953609677802, 0.19782448457438606, 0.211346657766694], "nmi_repr": [0.23897177961850474, 0.2491597189695678, 0.2403117610556046, 0.22837305798084973, 0.23235892908599304, 0.25448493578511777, 0.2579579837277015, 0.24236135704914005, 0.2306911070580901, 0.24334287246631708], "mi_td": [2.7876393649553273, 2.684924975761854, 2.6396015692130876, 2.7587318761223063, 2.7612504593919436, 2.805485427009037, 2.70262344478539, 2.769204568874423, 2.6838703268886777, 2.6891756388543318], "nmi_td": [0.47538580424006593, 0.46201834228854594, 0.4558012987863071, 0.471293930446219, 0.4720519010056851, 0.4785939412677687, 0.4641788696936417, 0.47175636524550657, 0.46169398662370026, 0.46293211728408534], "mi_tw": [3.1599888679546586, 3.0719796004885103, 3.0302911430087844, 3.111267210700363, 3.1366096492455684, 3.14627127648842, 3.0804492117105458, 3.1533590633867536, 3.0657852216910544, 3.0550358702906384], "nmi_tw": [0.49568553077168676, 0.48589353510549754, 0.4808338226889641, 0.48884225601512876, 0.4931389133600545, 0.4936901050186694, 0.4863807940203486, 0.494177571149116, 0.4847758831427572, 0.4833885480295578], "coh": [-2.223788395410727, -2.2093798803537092, -2.4132492347399697, -2.4701026229350336, -2.1220275274771483, -2.1450820212759982, -2.223685449649957, -2.265829632288082, -2.076380128415501, -2.422607361770469]}