{"p": 0.6000000000000001, "p-emp": 0.599778076929576, "t": [36.7608585357666, 41.85811519622803, 42.58820390701294, 47.985852003097534, 46.679025650024414, 38.390275716781616, 36.7006721496582, 37.285462379455566, 42.179239988327026, 41.338409662246704], "nmi_acc": [0.005137008026950169, 0.004937947092525245, 0.028510321389701294, 0.009246444834539768, 0.03601497845659215, 0.00041811628924525357, 0.02840419197064847, 0.0005960573027042232, 0.01917506637498273, 0.00693812633480677], "nmi_repr": [0.11766873935093815, 0.1419516660431677, 0.07376183938564804, 0.0904976827429714, 0.07102157192900288, 0.02849168253737615, 0.02367859067678425, 0.10239525194297393, 0.11142819557671657, 0.02649580298984642], "mi_td": [0.04073352315299702, 0.23853982429221243, 0.06207817419071439, 0.1578143976683647, 0.15648499697047868, 0.14665697445265852, 0.07805872994141799, 0.07562435934206924, 0.17426608303779356, 0.18612633300101905], "nmi_td": [0.008689497433556964, 0.05069324431703476, 0.013668379434550024, 0.032826842878216585, 0.0332251359727274, 0.0339246642451072, 0.017265559297610852, 0.01716215014406453, 0.03744638422912709, 0.04188980972604478], "mi_tw": [1.0710227964238241, 0.844930069363788, 0.6105707770527562, 1.0906116674843025, 0.8453741552080889, 0.26963159592298, 0.6720224070057729, 0.5917655050396912, 0.8384884609612319, 0.43686548243384693], "nmi_tw": [0.4589365371299165, 0.3593020519382533, 0.27908377216065394, 0.44451028141661736, 0.3588373137021436, 0.13693474141137485, 0.3101023954742038, 0.288315282362284, 0.36459478086372715, 0.20909966903128066], "coh": [-0.3432695881778503, -0.3501270408961256, -0.3542447702817349, -0.31660997218353254, -0.3122140825573754, -0.3433698120675979, -0.22090079127342108, -0.3338435864277952, -0.3043704145686007, -0.3645536489273799]}