{"p": 0.30000000000000004, "p-emp": 0.2999504488158372, "t": [92.16044473648071, 98.25708794593811, 92.60931181907654, 97.21232390403748, 101.46373200416565, 102.36294984817505, 93.18600630760193, 95.70956373214722, 105.61676478385925, 98.90376710891724], "nmi_acc": [0.3898411166604776, 0.42209750969953036, 0.39799504064951163, 0.36004359922492757, 0.4232488496945228, 0.36299406986506205, 0.35352418346829917, 0.37558951579948346, 0.3970174901470646, 0.37339701404541736], "nmi_repr": [0.26736535986539905, 0.2612996245133961, 0.27618457971628346, 0.23362444831411108, 0.265908948153742, 0.2622979522098571, 0.23273745418053504, 0.2382557247381709, 0.24181892744532482, 0.23342632021698892], "mi_td": [1.4810027671786454, 1.6524661281582853, 1.4506269414077777, 1.5274179372446892, 1.6320658993296064, 1.5566969677566518, 1.4927827073668185, 1.5534286815114717, 1.455239721356573, 1.5942442012224067], "nmi_td": [0.24929759169414598, 0.2756654932458616, 0.24606476147581946, 0.2580935217843946, 0.2735203480365253, 0.2600787321700849, 0.2504924015292961, 0.2609626294984739, 0.24685978092759164, 0.26586627620764697], "mi_tw": [2.1464864937090384, 2.2168640146778618, 2.0883650255079527, 2.102085479545283, 2.181663813888503, 2.2071349438731525, 2.160827976309146, 2.162811389425235, 2.0723610564483765, 2.238964103312269], "nmi_tw": [0.3434033048001547, 0.35163828292520954, 0.33654907744259005, 0.3375214499121864, 0.3475748903551886, 0.3505943244184761, 0.3446670723812045, 0.34535289400801733, 0.3339861251789352, 0.3550338371699382], "coh": [-2.352546443980248, -2.39301974622158, -2.4945721568898622, -2.5104082904648366, -2.5121526266940597, -2.6367257719975874, -2.3977483091202174, -2.366977513223396, -2.5902037030314564, -2.3795057467936584]}