{"p": 0.8, "p-emp": 0.7994311109108421, "t": [36.37606191635132, 37.07938265800476, 34.310067653656006, 39.387314319610596, 42.14750003814697, 41.403419971466064, 41.84301543235779, 42.58662176132202, 42.428876876831055, 39.7171995639801], "nmi_acc": [0.257032516386175, 0.2623344886975488, 0.25085430958482585, 0.24735387101585785, 0.2545583233533654, 0.2704239157396123, 0.2842589503805959, 0.29589463300846097, 0.26356041067085406, 0.251461880519154], "nmi_repr": [0.21494062227831867, 0.2267551161075203, 0.21498148524849453, 0.20207686841585124, 0.21748713552289226, 0.22146378607990416, 0.2428185836290464, 0.2525826626784297, 0.2512079992726577, 0.230990048178935], "mi_td": [1.936125170741556, 1.9619744023160424, 1.7812057895456062, 1.971803861064907, 1.9835698674345505, 2.025370910782893, 2.112488977787799, 2.048481339866596, 2.0961781205969165, 1.9961264229644105], "nmi_td": [0.34311622463677355, 0.3473505100371079, 0.3198336233159776, 0.34819691095804706, 0.3494275055189644, 0.3554199021273336, 0.36801694471033314, 0.36025302067871134, 0.3659714342618735, 0.3517199940776988], "mi_tw": [2.623994326770638, 2.630970125477707, 2.5222839823839074, 2.656935201511471, 2.692241812809116, 2.697209320024709, 2.7787652371831277, 2.7084766713346435, 2.756680850518535, 2.679836692509374], "nmi_tw": [0.41098070238684115, 0.41171013331677975, 0.39965773785419, 0.4148320703899159, 0.4194454627660251, 0.4187903520596231, 0.4286801389943895, 0.4213445171593927, 0.4260938768012908, 0.41759731612557455], "coh": [-2.152865116076716, -2.407968106879703, -2.3324444868429284, -2.183501244546227, -2.2368733116113417, -2.284770513732826, -2.2679231657385333, -2.0903815315200163, -2.245689667062822, -2.368063853320537]}