{"p": 0.9, "p-emp": 0.8916984267038516, "t": [29.795416593551636, 29.218492031097412, 28.646090745925903, 28.664817571640015, 28.85005235671997, 29.132105827331543, 28.77807068824768, 29.049322605133057, 28.68160915374756, 29.96694278717041], "nmi_acc": [0.030250359274827957, 0.0318509952545175, 0.03004854070592718, 0.03015468869670558, 0.02952236575670696, 0.03100453695931818, 0.03474328439897959, 0.031607229919683226, 0.030245636584706182, 0.030587522026739807], "nmi_repr": [0.24277807686544278, 0.22323920449708437, 0.2339378835129976, 0.2310156928105925, 0.2177122835488246, 0.23194524284333015, 0.23353589746928602, 0.22857745225652826, 0.22086511890982313, 0.2490707343267114], "mi_td": [1.6454322205439256, 2.104484773267181, 2.0189036373231795, 1.9661374733449826, 1.5407473700551346, 2.137993206738936, 1.9086017874470635, 2.0107030919452096, 2.064745746851674, 2.2017802033906673], "nmi_td": [0.29531589491802634, 0.3631688511499199, 0.349974244312375, 0.3443722703753713, 0.2794972301678768, 0.3695049525433451, 0.3344497965573959, 0.3490961864870275, 0.3572964760468143, 0.3783657570329638], "mi_tw": [0.24411008079021046, 0.23595911545530912, 0.2747804378124767, 0.2501473210826158, 0.26943437371916357, 0.2215664942272192, 0.23361916018270923, 0.25690866150627817, 0.2587838185157069, 0.19938661999730037], "nmi_tw": [0.14174644879021564, 0.12130492361169956, 0.14318112145088605, 0.13450750817826715, 0.1620211754558989, 0.11441643685686662, 0.12579908017751487, 0.1344980202821353, 0.1341409945396816, 0.10123333012168721], "coh": [-1.9135739328614343, -1.9172605391068753, -1.9127844884394847, -1.8300376264537692, -1.7504592235685013, -1.9953525594271, -1.91453830156863, -1.9134213381065734, -1.9949288474504479, -2.158162349293059]}