{"p": 0.2, "p-emp": 0.19075301764682684, "t": [109.45504474639893, 111.55674004554749, 117.7545371055603, 110.74556040763855, 118.4294331073761, 111.37413096427917, 111.71154189109802, 114.54260802268982, 125.60923647880554, 116.19248867034912], "nmi_acc": [0.13379988919704092, 0.13074862894766037, 0.11215305089386529, 0.19055974334836634, 0.18982895999897165, 0.11612134706651613, 0.12798228606851503, 0.19333765090855243, 0.11645721278705483, 0.09947752271570384], "nmi_repr": [0.2265396539854182, 0.23115841104103468, 0.23406258378311823, 0.22342266389282103, 0.2259813268166764, 0.23201076418518649, 0.2211142109154685, 0.20520186971641874, 0.2034231553594586, 0.2481059206049662], "mi_td": [0.6667799218652646, 0.6266972512180464, 0.6946788851047949, 0.62273615006764, 0.6939914516770026, 0.6356830989747959, 0.6587931295756225, 0.632650436305946, 0.6977860077658709, 0.7069998840823488], "nmi_td": [0.13117361969587832, 0.1232641395775578, 0.1377457461764934, 0.12222952702377876, 0.13491850881397613, 0.12543850637851503, 0.12931208802667804, 0.12247696551540628, 0.13615639700399346, 0.14052710004948182], "mi_tw": [1.641758349253981, 1.6632470067110434, 1.529684359247295, 1.6715455714496126, 1.7351562795839335, 1.6072669715616092, 1.676971856800785, 1.8128179552722685, 1.6927523640075097, 1.5403704236047688], "nmi_tw": [0.32464035182112394, 0.3288247884330334, 0.3048898199046846, 0.32977251304564226, 0.3390462589737865, 0.3187970858215042, 0.3308568331516557, 0.3527268163508804, 0.33198641705008447, 0.30776437633481196], "coh": [-2.179786411459479, -2.0216565619285554, -2.2537371235161823, -1.820502055892748, -2.139436214153468, -1.8287241975349986, -2.03284714218364, -2.117768484239797, -2.1799303521023488, -2.1387825394224294]}