{"p": 0.5, "p-emp": 0.4085434749547987, "t": [149.65995478630066, 151.837299823761, 150.72850394248962, 148.6897909641266, 147.61363101005554, 149.86372923851013, 149.47321724891663, 150.36781549453735, 151.00166726112366, 149.0694661140442], "nmi_acc": [0.3152233683696075, 0.32355529300772556, 0.31601008189082236, 0.3203808383525915, 0.30611752905535566, 0.3182960320181295, 0.3180495790596772, 0.32752093199138094, 0.3087581233744998, 0.3151077290326761], "nmi_repr": [0.3397650875508476, 0.34544659339450456, 0.33142009323263216, 0.3432180049556146, 0.32832176746721503, 0.3354152972491158, 0.3346422881915953, 0.3546817014075056, 0.3513390772348466, 0.3487651165685368], "mi_td": [1.3212673147189251, 1.3052186034731006, 1.2641223664422139, 1.3241598658971585, 1.2521217031363066, 1.3058887164475308, 1.2727639938986361, 1.3051709489296086, 1.3104467358486254, 1.2538736357787532], "nmi_td": [0.24280232522787917, 0.24056748288539198, 0.23287298534596118, 0.2436855672645367, 0.23034837399703473, 0.2408815905928157, 0.23374552732741696, 0.24062692269035554, 0.2416802680616125, 0.23060781723882057], "mi_tw": [1.720630739494093, 1.711232640974342, 1.7377764977260912, 1.7149093521403393, 1.766462774467014, 1.6995753669688274, 1.764111102592208, 1.7077762362080648, 1.7063374621534908, 1.7706377324759106], "nmi_tw": [0.29397417536982073, 0.2931778828575973, 0.2975830225147053, 0.2933903379730069, 0.30211268158504306, 0.2913950150158525, 0.3012308527228958, 0.29266284239673473, 0.29250704261686805, 0.30274999931332053], "coh": [-1.3526744515353115, -1.4710157852843972, -1.4243331568916986, -1.4719906935779972, -1.5151477416326793, -1.4541309239112639, -1.4481630454227739, -1.4118819179854825, -1.3242589125752264, -1.5401778705991263]}