{"p": 0.6000000000000001, "p-emp": 0.36451680291909805, "t": [70.28144192695618, 70.22044682502747, 71.19878339767456, 72.33767604827881, 70.76397681236267, 69.97265005111694, 70.48561811447144, 71.95195460319519, 70.54789972305298, 71.4063446521759], "nmi_acc": [0.07180915584012243, 0.06450204077039112, 0.05803828118509144, 0.053990203866411034, 0.04903789376554666, 0.0579679627107983, 0.06968936749115558, 0.06394771127207224, 0.06137776674783823, 0.05508584974102948], "nmi_repr": [0.03875389429062368, 0.05017661292115457, 0.04343107941640276, 0.027428204425705205, 0.028672416275363755, 0.04347673036567252, 0.04067101685659423, 0.040745854603779365, 0.044048588904099385, 0.03749084525732944], "mi_td": [1.3026286179558313, 1.3958474861503203, 1.575628802294069, 1.632039845861505, 1.4252604585055546, 1.6196093910965739, 1.5758057236484238, 1.4834636731090851, 1.57424691378783, 1.5186020888881866], "nmi_td": [0.2457508226742737, 0.25943490616309484, 0.2858030937254366, 0.293913241146352, 0.26373329197229556, 0.2926291685756667, 0.2855599658096429, 0.2723043785502054, 0.28560597571103136, 0.27758283924755534], "mi_tw": [0.998310758774571, 1.0030562760987505, 1.077279641138763, 1.0692705855483486, 1.0167661114834134, 1.0688580488195547, 1.0819135643001885, 1.045261048126378, 1.076875780670861, 1.0261831751808181], "nmi_tw": [0.17000643588633946, 0.1685263756454459, 0.17705096198943632, 0.17459243054823884, 0.17014841735764424, 0.1750427512707321, 0.17765740803007263, 0.17364868712902307, 0.17701465503740452, 0.16983058049564256], "coh": [-1.426806753587952, -1.3701054926759804, -1.2103294305704604, -1.183245895345188, -1.3517391115709065, -1.2761903124229088, -1.188038309406553, -1.2803323263500181, -1.203454869806474, -1.3649586616835623]}