{"p": 0.1, "p-emp": 0.04999802860216629, "t": [53.9410285949707, 54.262792348861694, 53.65964078903198, 55.55776119232178, 55.89259147644043, 54.5411810874939, 54.63775634765625, 54.36053109169006, 55.05725383758545, 54.410866022109985], "nmi_acc": [0.1912055102969218, 0.20990131731627157, 0.210460315131187, 0.20785307851704465, 0.18059066363880974, 0.18028349629256024, 0.22342888445301212, 0.24379833565493766, 0.15792573755136102, 0.21706280678915976], "nmi_repr": [0.1546168339116258, 0.15389348953569454, 0.14953861478122502, 0.15342907213107007, 0.14367651361244, 0.1291981177170941, 0.14738675585987385, 0.16367728512854046, 0.13105119191974682, 0.14310218844305592], "mi_td": [1.3903546678841217, 1.4278948981769253, 1.2802228702297338, 1.493445829358535, 1.237857108014037, 1.3947341919576972, 1.3302010670514226, 1.5906343679890806, 1.3287929420885685, 1.2279377153070148], "nmi_td": [0.2706404746965496, 0.2775254668953963, 0.2532794141957864, 0.28745068096308996, 0.24513266616123836, 0.2705443841264895, 0.26153607765714865, 0.3025740813313891, 0.2594243132598398, 0.2452877316769809], "mi_tw": [0.26908646509465783, 0.271233362822923, 0.2383596647526141, 0.28971435496081877, 0.22675328229135303, 0.26016030391931855, 0.26376276443596414, 0.3085500402704832, 0.25088944503529914, 0.2527069094052436], "nmi_tw": [0.05833394646834808, 0.05869985599940323, 0.05261600616484735, 0.062023093232946795, 0.05010756311587452, 0.05617951581806282, 0.0578212041404782, 0.06519679944603604, 0.05456882177066796, 0.05638641689333349], "coh": [-0.37355753155952814, -0.39566818313752267, -0.7853327645972014, -0.527866048436846, -0.6057159476689424, -0.5738574265476853, -0.7269399607745727, -0.45173442369689987, -0.6150034880691607, -0.45792465951038075]}