{"p": 0.1, "p-emp": 0.09999767883421773, "t": [48.055129051208496, 46.164071798324585, 48.17859649658203, 48.668737173080444, 49.60245108604431, 49.84882640838623, 45.254481077194214, 47.14497900009155, 49.140623569488525, 48.68114471435547], "nmi_acc": [0.09560347940519426, 0.13877313905725178, 0.10296632617949648, 0.10138523287180737, 0.1248983713419745, 0.08160205390795831, 0.07756714255922535, 0.09057776417376623, 0.10463843835962611, 0.12348149658582443], "nmi_repr": [0.08839361356154317, 0.08115298489295295, 0.0987326254316367, 0.07973531731298099, 0.08735543280806977, 0.0736154585159175, 0.0852923365666586, 0.08433934356800672, 0.09561578790799644, 0.11667226993892817], "mi_td": [1.0146201573056448, 0.9171059787164871, 0.8569780610178301, 1.0679737390850192, 1.0460112072577317, 0.9638985090812071, 0.7221361201785677, 0.9465010660582753, 0.8950064955292879, 0.8014893249429251], "nmi_td": [0.197412848288354, 0.1824056307444117, 0.17172938156975748, 0.20684944345211173, 0.20382006655742615, 0.19022535536828958, 0.14986163003754097, 0.1859851459878349, 0.17871894246841644, 0.1636338622821724], "mi_tw": [0.358586117868702, 0.3250117675435293, 0.3118375302999993, 0.35089586836462244, 0.3568156770704192, 0.3069225818431424, 0.27587414633414337, 0.34623630417704104, 0.30867626778510704, 0.26147798350559337], "nmi_tw": [0.07685817808994427, 0.07137141489644197, 0.06904784833081491, 0.07483353172165857, 0.07660271388015157, 0.06682238026796447, 0.06349734429775879, 0.07502261586082472, 0.06808229297734357, 0.05910394887530402], "coh": [-0.8698319680409063, -0.9704105668429477, -0.9824110145932947, -1.1484610268494113, -0.8261885903409386, -0.7410085812074488, -1.0441439039385663, -0.8780564073075189, -0.947934744520429, -0.8989831321701228]}