{"p": 0.1, "p-emp": 0.049999416683705666, "t": [82.3536684513092, 84.50412893295288, 84.49972558021545, 86.9395010471344, 78.81132411956787, 81.81957292556763, 83.10023069381714, 84.11843848228455, 82.21711087226868, 82.9165210723877], "nmi_acc": [0.3007209542308142, 0.28227235561322617, 0.3390627981410109, 0.2662080897643273, 0.33096005491226116, 0.31062573849818037, 0.29361477280495546, 0.2500028838919471, 0.314759298749946, 0.31331835448901474], "nmi_repr": [0.17856987607484123, 0.18209063498064557, 0.1855285358620627, 0.16805148431751543, 0.1831154944764816, 0.20966245783110748, 0.17776123363045712, 0.16032100733800037, 0.16702536125312467, 0.19857640751594155], "mi_td": [1.4869972082371594, 1.4079703821631362, 1.507454290177302, 1.5476249909046869, 1.3855331178793517, 1.4200960425153175, 1.5291929754365794, 1.5993893671125456, 1.5581289720227123, 1.468958906031833], "nmi_td": [0.25697689755423225, 0.24523814074006714, 0.25965068453770135, 0.26380476601663183, 0.2447305371480189, 0.24720397265748634, 0.26188264581687354, 0.2698118824327766, 0.2664002597326887, 0.2550071309663852], "mi_tw": [1.0041831199113933, 0.9573955570582668, 1.0021580671890087, 1.0053560029774145, 0.9808911366016986, 0.9716130059652487, 1.0147659866272358, 1.0365370587088067, 1.0245908512678452, 0.9975798643543651], "nmi_tw": [0.18623263192814052, 0.17905867399251604, 0.18519763665866368, 0.18372254367784857, 0.18623150968423982, 0.18160239602439515, 0.18637278754845368, 0.1873242955572566, 0.187846138515929, 0.18590578807035232], "coh": [-1.6076987253117014, -1.6387898686169629, -1.7973638486290304, -1.5059497067473586, -1.699554059036786, -1.7421625847159252, -1.4948743894680518, -1.362975041485077, -1.5836327887953896, -1.682544645999296]}