{"p": 0.6000000000000001, "p-emp": 0.5999675036790477, "t": [49.015435457229614, 49.03932738304138, 45.78893709182739, 64.14523983001709, 47.65828561782837, 54.379547357559204, 47.668216943740845, 48.39240503311157, 47.93205142021179, 46.39409589767456], "nmi_acc": [0.13095813010876242, 0.18528889858895006, 0.11951014365762629, 0.11401369360998279, 0.11405712880417024, 0.12792340907956848, 0.08647155633469818, 0.1168623389252538, 0.12190096286933653, 0.12247998437616253], "nmi_repr": [0.08478887725843173, 0.09976585195286722, 0.08493416115761382, 0.07473620127258436, 0.07420136160769224, 0.08575320815412374, 0.07459269743600934, 0.07686041535732434, 0.08848472919157699, 0.0816892436583543], "mi_td": [1.35734739750127, 1.4488076371987384, 1.2324861913140517, 1.360963848498908, 1.3319262717423261, 1.4507388604153708, 1.3258581054134824, 1.3642072789548287, 1.3494314281467683, 1.2797654436856991], "nmi_td": [0.2381006412990241, 0.25383016435372563, 0.21878794544708866, 0.23903077338539647, 0.2349731799487551, 0.25537407927987776, 0.23377738142962914, 0.24117124120358538, 0.23811669441794528, 0.22777613614568099], "mi_tw": [2.59976160150051, 2.596613308987099, 2.4992212111947394, 2.617671448565722, 2.5528915806996166, 2.5740792102015986, 2.5772738881530386, 2.5655955491076723, 2.558712769904228, 2.488574035077116], "nmi_tw": [0.38501354864984555, 0.3841460037209787, 0.37386035791697947, 0.38807129130606177, 0.3798901425068326, 0.3823363928112814, 0.38334514113685264, 0.3824536590876102, 0.3808310157095817, 0.37308931146561475], "coh": [-2.4077371605342215, -2.380113968986185, -2.3916642820339, -2.3591646547560328, -2.438635905116613, -2.433686131777595, -2.4586237639953064, -2.3458275674358062, -2.287510220150838, -2.142553853663442]}