{"p": 0.9, "p-emp": 0.4085434749547987, "t": [150.5238652229309, 145.60487294197083, 147.0081491470337, 149.771977186203, 146.25640726089478, 151.1273856163025, 147.5869779586792, 148.2633719444275, 148.43283486366272, 147.5929777622223], "nmi_acc": [0.32619344402933514, 0.31786618253309223, 0.3209329835177141, 0.3012620992218267, 0.3028796360876594, 0.31990580540832597, 0.3210074517824734, 0.2999861633287057, 0.30722391035274654, 0.31674134930522835], "nmi_repr": [0.33424938769020085, 0.3595853209078846, 0.36347389306854055, 0.34851420291584123, 0.3489185114687211, 0.33563261079846846, 0.34990682593550826, 0.32858861751291585, 0.3393958025715993, 0.32678017187576697], "mi_td": [1.3028309246695295, 1.2618708270674004, 1.3033182086951571, 1.2829107182995374, 1.271336596080852, 1.3103783836298593, 1.2905847976338687, 1.2918723104276193, 1.275375342432154, 1.2969276545009842], "nmi_td": [0.2393276718715004, 0.23197428263944653, 0.24018526340330226, 0.2358230488721796, 0.23349531476014562, 0.2401032215324728, 0.2379265751077398, 0.23746746924965734, 0.23327298125465057, 0.2390108283432474], "mi_tw": [1.723380740085336, 1.7532697423108532, 1.7188522341057617, 1.741667260143317, 1.7630148438625899, 1.7409693077870434, 1.7129326252054458, 1.7431153454951467, 1.7798685224118542, 1.715164659360584], "nmi_tw": [0.2943448870822378, 0.29965504318457453, 0.2944469012054236, 0.2976496568862624, 0.30105796492311465, 0.2966471711739295, 0.2935336732693203, 0.29789376498841325, 0.3027725006282926, 0.2938189336013094], "coh": [-1.3534828686042149, -1.4659009364639872, -1.463032024647153, -1.4581964130403469, -1.4633964408071596, -1.4479820985549465, -1.4487728299441218, -1.4280369793906704, -1.409462831569627, -1.3858522759296075]}