{"p": 0.30000000000000004, "p-emp": 0.29307317707245284, "t": [75.49363589286804, 74.79390382766724, 72.57123732566833, 70.72254586219788, 74.19745326042175, 72.54541754722595, 73.97529673576355, 75.43380188941956, 73.81804323196411, 73.89797306060791], "nmi_acc": [0.0655825979552093, 0.055594963012460814, 0.0561297607652883, 0.07060165455670862, 0.07142470029044756, 0.050344526267038156, 0.04835777356617075, 0.05700750093716087, 0.0655755021369339, 0.08109927178558407], "nmi_repr": [0.049702477120019704, 0.04442507644047163, 0.026879934602542226, 0.027776576373112625, 0.05536553142654209, 0.04806243412147555, 0.02978342286203384, 0.04262227109517171, 0.05248708059655424, 0.048816795160376125], "mi_td": [1.3278556508821013, 1.2504876105282663, 1.3728143721482418, 1.1937968290580157, 1.3944546374825721, 1.05278470885961, 1.282510521198295, 1.0124084793117611, 1.3668128764120293, 1.3725401789201424], "nmi_td": [0.24931481512286924, 0.23698193179134094, 0.2546824408667698, 0.22879593242220353, 0.2596551805622648, 0.20660554208532114, 0.24127072786388531, 0.19996099023086197, 0.254514568286763, 0.25631462965999574], "mi_tw": [0.8549917706870559, 0.843308767842993, 0.8755736746851132, 0.8350740996097425, 0.8953984842111253, 0.7931653828157387, 0.8333520600015303, 0.7362038121249017, 0.8957751849995904, 0.8725882245945498], "nmi_tw": [0.14982377512953887, 0.14906424790193656, 0.15172146571659476, 0.1491639014249033, 0.15569333925346682, 0.1448371544953494, 0.14629762676762587, 0.13524060414098663, 0.15576251919088033, 0.15213723956729525], "coh": [-1.188094175479944, -1.143967175741056, -1.0161831523424605, -1.3594405938942353, -1.1257439885334057, -1.1186556387863251, -1.383935676360985, -1.3367776260844866, -1.1893007115702139, -1.1577050062139782]}