{"p": 0.7000000000000001, "p-emp": 0.6999448008606559, "t": [35.245227336883545, 35.00638747215271, 35.4361629486084, 35.29966473579407, 35.52426815032959, 35.38940095901489, 35.68196773529053, 35.31641674041748, 35.207923412323, 35.85625982284546], "nmi_acc": [0.05937546225862337, 0.05626610561086073, 0.059391030666730356, 0.051604006718618214, 0.05931944172136532, 0.06299291729666559, 0.05520273393456738, 0.048404735165172505, 0.056366484962224676, 0.05472507556226433], "nmi_repr": [0.01735658970629899, 0.01881662639672566, 0.021841604579859297, 0.016975649004330486, 0.01868171779546256, 0.02104208117998771, 0.019830549488403137, 0.019322016558563006, 0.01843127259805058, 0.019487639940282006], "mi_td": [1.976872063597726, 2.0028504838517156, 1.9952244634213798, 2.0035307797305704, 1.9860666911042546, 1.9780868039924682, 1.9828774189231266, 1.9717403744559763, 1.9885715686338703, 1.9826695023665968], "nmi_td": [0.3586065965088205, 0.3621031243264338, 0.3610890488889916, 0.3622353720189025, 0.3596735148940547, 0.35846735039457456, 0.3593439077322121, 0.3577576577270671, 0.36035692462683827, 0.3590458705878728], "mi_tw": [1.1544399067304072, 1.1695214480765084, 1.1651982451068255, 1.1720101769334312, 1.1611607944407414, 1.1723041800509955, 1.163983055436295, 1.1574492431871344, 1.16066287627453, 1.1567371327124363], "nmi_tw": [0.18063812656575573, 0.18246942587187215, 0.1819534924014696, 0.182861750405815, 0.1814282638323754, 0.18327480562800566, 0.181977576301406, 0.181144799008153, 0.18145028962699825, 0.18073168512953264], "coh": [-2.876736751441876, -2.683378142169263, -2.5894289660958054, -2.63342616443334, -2.6853478231848906, -2.5322493994316964, -2.5659368691895326, -2.610441394539292, -2.645097633498456, -2.8048070241977086]}