{"p": 0.8, "p-emp": 0.7993348966210022, "t": [44.453356981277466, 43.199718952178955, 47.19523239135742, 41.72209978103638, 42.16834807395935, 40.81437158584595, 42.23492741584778, 43.14891576766968, 41.118464946746826, 42.696534872055054], "nmi_acc": [0.1200912423003045, 0.1299402073165455, 0.14133911348436373, 0.12796236755032592, 0.10820677341488873, 0.11107735419997326, 0.11707036881054056, 0.10873833375439972, 0.12038865361685071, 0.15986744809491013], "nmi_repr": [0.07954817465698917, 0.08078132739298396, 0.09063062004117814, 0.08587029340989313, 0.07119490605953664, 0.0657329682193025, 0.07599474447386377, 0.07881899298758617, 0.07997192257229903, 0.10055908481522309], "mi_td": [2.5479049411345436, 2.561438412320326, 2.702611478113765, 2.4743994932135025, 2.5462038801409754, 2.489142190833658, 2.5910443195195656, 2.604716127381465, 2.5458318515080904, 2.6297169089760604], "nmi_td": [0.4029577166095522, 0.4055067020257521, 0.42335853872329815, 0.3939569422907987, 0.4027694816465135, 0.3953109601127808, 0.40856574616721075, 0.41045479918283473, 0.4033767320647871, 0.41478760491795763], "mi_tw": [3.2024702593123497, 3.2035756601013667, 3.307247458355407, 3.135610797434878, 3.1958444670988726, 3.159455628719235, 3.2306779271186294, 3.235345232696415, 3.186225720733435, 3.2474603360431002], "nmi_tw": [0.43673453881058505, 0.4372652450763683, 0.44731855341435556, 0.4300870868005474, 0.435906349671518, 0.43242171486106, 0.43945483557792675, 0.4398431031491763, 0.43521406450044414, 0.44185145241280815], "coh": [-1.6370406141535931, -1.6378838720899904, -1.6100892337102803, -1.6256665409947342, -1.7430051538338664, -1.6003134149054532, -1.6639075532283583, -1.6948828720914384, -1.678234733034356, -1.6864702913975265]}