{"p": 0.0, "p-emp": 0.0, "t": [163.62742280960083, 163.81293320655823, 162.2725477218628, 158.5663456916809, 164.1850142478943, 160.60535526275635, 161.52317571640015, 162.4415774345398, 160.86207509040833, 165.6022801399231], "nmi_acc": [0.2779454312051823, 0.32004178391642774, 0.242075783546132, 0.2760276727818175, 0.2796824164095442, 0.25223451689669213, 0.25464323843307546, 0.3062996321145562, 0.3067881585686007, 0.26572715607363506], "nmi_repr": [0.16065967481008783, 0.17567160309326696, 0.16337959078040168, 0.17040824598054222, 0.17266625710050265, 0.15834100506988072, 0.16412405413377695, 0.17057260689688858, 0.18469897389873768, 0.1707150813018712], "mi_td": [1.511084812930271, 1.4758986528583038, 1.369454506676763, 1.468956977169287, 1.4790064159213179, 1.356073059631247, 1.5229437097436427, 1.4679593657729542, 1.5655618336274046, 1.4615206995548957], "nmi_td": [0.2594376927469002, 0.2548388156113322, 0.2399461130977986, 0.25494079153438903, 0.2560158564030739, 0.23845978850470095, 0.2613204516937015, 0.25513409438900264, 0.2688013071075118, 0.2524568051696014], "mi_tw": [1.0760912527518411, 1.0537965288764988, 0.9957763907576022, 1.037415207202448, 1.028388930483113, 1.0105322183238914, 1.0846153107455032, 1.051853411483647, 1.088169100633772, 1.0523349154804067], "nmi_tw": [0.19224550106620228, 0.18937772712547354, 0.18169890900523755, 0.18742900632630172, 0.18529415583686584, 0.18508515785382376, 0.19365013617855376, 0.1903221084321322, 0.19441110920564686, 0.18919351541660168], "coh": [-1.6798447226480948, -1.7307954388494367, -1.9332757575572639, -1.7763194882696591, -1.4611864075637195, -1.8732819153888656, -1.580049189696638, -1.8356325109686424, -1.5610206117213288, -1.583002986943783]}