{"p": 0.7000000000000001, "p-emp": 0.6986483640434011, "t": [47.44967246055603, 49.05836462974548, 47.552969455718994, 48.55781817436218, 48.412208795547485, 49.35383176803589, 48.02365708351135, 48.200698375701904, 47.95771646499634, 48.615992307662964], "nmi_acc": [0.14132453598819328, 0.1442771466160528, 0.16092371015776355, 0.1694879407263905, 0.16259385434660503, 0.15166957959300045, 0.16615481461300532, 0.17152686742268766, 0.16578490293076598, 0.1758421839959882], "nmi_repr": [0.1982978176101665, 0.20491723267005227, 0.22538063207875464, 0.2377140760161556, 0.22217806969893902, 0.21332977048846186, 0.22006113520842158, 0.22102860573028435, 0.2430741095526687, 0.23494178042935174], "mi_td": [1.7438267768041842, 1.8180453868635253, 1.696251130634441, 1.8581670951702456, 1.7782581195830591, 1.5861738493499962, 1.7420341815102165, 1.7856514676765416, 1.7832772486553332, 1.7636949061641485], "nmi_td": [0.2982279974542623, 0.30901159138081197, 0.292878996008979, 0.3162442311384127, 0.3033576041413592, 0.27631885730361766, 0.299416227777343, 0.3043501418818473, 0.3049158297068828, 0.3018331247282872], "mi_tw": [0.570628252138034, 0.5439959842698578, 0.5405987968274173, 0.5316642365671329, 0.5686604510553794, 0.5539385687928946, 0.5358333013000942, 0.5918681296017974, 0.5652439209220501, 0.5686747902046767], "nmi_tw": [0.16898764523165402, 0.15939533277264606, 0.1627772141628435, 0.15613369538918087, 0.16767859409818484, 0.16940916963833758, 0.16006713622324117, 0.1742558186524191, 0.16733708268154307, 0.16860966154701298], "coh": [-1.0399975955859198, -1.0107094199009687, -0.9555601826288818, -0.9166767505832585, -1.0435728608068628, -1.0582540270898602, -1.0558820759246301, -0.981723625192368, -1.0089077581065165, -1.063441352330338]}