{"p": 0.30000000000000004, "p-emp": 0.2995937959880971, "t": [70.31982731819153, 74.16144871711731, 72.34431791305542, 68.45784902572632, 69.70408940315247, 67.38512778282166, 68.8796775341034, 64.55011415481567, 70.04120993614197, 72.50337266921997], "nmi_acc": [0.11421190042135469, 0.11067203517378002, 0.12749228863945303, 0.11290059991635938, 0.08960758711550443, 0.11376242463666807, 0.09316898935465753, 0.09835108329458177, 0.10700552473501689, 0.11902184692873465], "nmi_repr": [0.13128463790301093, 0.13509508320721914, 0.14866345907634876, 0.14218639308354872, 0.14442730098427708, 0.13717421658974038, 0.0991375428485425, 0.10927864306909335, 0.13269631984191885, 0.1272770503055217], "mi_td": [0.8638759498474418, 0.8621691144718637, 0.8708897036548686, 0.859625721605755, 0.8781767388158703, 0.8323504735959407, 0.7745000480008903, 0.7693503989753289, 0.8441234538853497, 0.8733822263514377], "nmi_td": [0.16018612515715067, 0.16055259757197732, 0.16234290222707226, 0.15963030318893773, 0.16530358292003008, 0.15571965346140013, 0.14350050661256983, 0.14630343392624126, 0.15806884121504755, 0.16174843416092474], "mi_tw": [2.0809475022599697, 2.046397463977594, 2.044623131251582, 2.0616158314559496, 1.9467799400689865, 2.0254459494437276, 2.1355799405315232, 1.8636575463571046, 2.0200904117427356, 2.1081724790855887], "nmi_tw": [0.355703889203589, 0.3511752077154274, 0.35120237603514337, 0.3528728041639495, 0.3374096271819425, 0.34906683871551386, 0.3647778678058507, 0.3260498267950084, 0.3484416532686956, 0.3599464234104438], "coh": [-2.393454452016903, -2.3512893474889016, -2.3132580577107844, -2.348961991779202, -2.216687933048864, -2.229573032414964, -2.187664688138877, -2.5165810513960936, -2.2939481324056086, -2.2509493488913805]}