{"p": 0.5, "p-emp": 0.36451680291909805, "t": [70.62910556793213, 71.17648410797119, 72.82057690620422, 70.65963959693909, 72.02789211273193, 70.11058759689331, 69.03570675849915, 64.41885232925415, 67.96882772445679, 71.59142208099365], "nmi_acc": [0.06235475460105547, 0.05391802958356787, 0.048968661392059465, 0.0668326425648968, 0.057367272378780754, 0.05339545543281299, 0.060906439179202854, 0.06140504837912286, 0.04830701928282195, 0.05506175061680328], "nmi_repr": [0.045800894163946115, 0.03275224813081416, 0.02810066765699853, 0.02849371459124188, 0.037403862418935604, 0.04054807358215706, 0.04148561530657664, 0.040523453420108844, 0.027687005824772553, 0.02555999315354337], "mi_td": [1.5109176825144248, 1.4839528257616366, 1.3944141230827827, 1.553421697812776, 1.4394324702684618, 1.4544003051720167, 1.5302849523241915, 1.3406579140584995, 1.5568300157238015, 1.6312592477581367], "nmi_td": [0.27646441079026185, 0.2720655167086752, 0.2583598178794941, 0.2821945047670382, 0.2656320671487068, 0.2683475120804923, 0.27958263421087687, 0.2513517526004457, 0.28236373525828307, 0.2940693625585553], "mi_tw": [1.0445506700835852, 1.038363636818471, 1.0007966269472706, 1.080301327620707, 1.0170119935740833, 1.0210870825495908, 1.0505513929022074, 1.02451702317199, 1.046931819054642, 1.0876866780569454], "nmi_tw": [0.17303252854213694, 0.1723144363725498, 0.1676723026747734, 0.17778707163376525, 0.16977130494678921, 0.1704247304355447, 0.1737870861402804, 0.17348880327279317, 0.17204703791903683, 0.17776205614005483], "coh": [-1.3234368331804696, -1.2407338129076737, -1.3538073181925017, -1.2650280969335626, -1.3046993994221732, -1.3511486102110442, -1.4705342111896136, -1.2313727697130368, -1.1849044694692672, -1.3143086142470726]}