{"p": 0.4, "p-emp": 0.39998760835647373, "t": [89.45168447494507, 76.95225143432617, 74.0783679485321, 75.3751711845398, 75.86326003074646, 72.76902937889099, 77.73112344741821, 82.12489342689514, 78.64224648475647, 79.43566226959229], "nmi_acc": [0.11080691542412782, 0.11007625857222302, 0.07658585755296811, 0.13082164823887324, 0.08384580233708454, 0.09727504061750299, 0.11968396462468402, 0.11452660790959585, 0.09582984045403878, 0.1227152799894469], "nmi_repr": [0.19624726972763487, 0.22645202869582884, 0.21082277954062192, 0.21335023260694957, 0.23241045043236577, 0.23438276332373845, 0.21491255690429467, 0.20469503478535092, 0.2252636222399904, 0.22283121011102686], "mi_td": [0.6779774734037001, 0.6926159727643515, 0.5931811129908844, 0.6833255432320431, 0.6917291454244836, 0.6412725092391904, 0.6654170683202418, 0.6555313900294208, 0.7102139352553845, 0.6704073677420833], "nmi_td": [0.13429807723801715, 0.13688114378734043, 0.11828810564394748, 0.13505032360888192, 0.13966696280386195, 0.1279908749365131, 0.1309608997410652, 0.1296237237401135, 0.14123767983163457, 0.13179799103587286], "mi_tw": [1.5439058958627336, 1.5846865341138157, 1.535923908074906, 1.5824753488466246, 1.3908534991331678, 1.5147293549792251, 1.6166657833292564, 1.5701930989385826, 1.4947180757135732, 1.6137757742500545], "nmi_tw": [0.3260163936226341, 0.33380467322573487, 0.3266477163924343, 0.33335268639827054, 0.29974838677338744, 0.32244306661983285, 0.33903722302496087, 0.33094649731391385, 0.3169550471916606, 0.3380347312792939], "coh": [-2.2556376456919742, -2.1203629166360876, -2.0912022358723186, -2.1303261065097607, -2.2914919109674767, -2.1768651634071885, -2.1295973392714287, -2.1775266146476087, -2.231771517817605, -2.146620955190839]}