{"p": 0.8, "p-emp": 0.36451680291909805, "t": [76.02766299247742, 74.31724095344543, 73.59468221664429, 75.79490733146667, 73.0240683555603, 69.49330306053162, 77.04392743110657, 80.41856575012207, 72.71657419204712, 70.26229977607727], "nmi_acc": [0.08699034700428948, 0.1405719371255966, 0.1471635459951977, 0.101014852085108, 0.1070666692199931, 0.11729829049042843, 0.14834588940591534, 0.13152047518314208, 0.1346344297105832, 0.13784459877047306], "nmi_repr": [0.12373133572848956, 0.1263256082443656, 0.1307026645862041, 0.12237902899487663, 0.1101062501001449, 0.11701322645496745, 0.11545706782709328, 0.11797058886515409, 0.12443629597411585, 0.11415464348866104], "mi_td": [0.9150810677251587, 0.9370868771932613, 0.929646295168992, 0.9051269349537694, 0.892535612112571, 0.8281208379090179, 0.9150953379508027, 0.9673098152282147, 0.9282681662278165, 0.9197573765225203], "nmi_td": [0.17034489645782816, 0.1726943307157444, 0.17088200213547985, 0.16801735045850577, 0.16428872480648954, 0.15469848781512466, 0.16708320779981503, 0.17886152596289281, 0.16933063041141377, 0.16978585368143373], "mi_tw": [2.0586728957603517, 2.1449545690007654, 2.201105123249581, 2.0752571753055884, 2.152892123341354, 2.0267864139406804, 2.2229647716414833, 2.1056196383406784, 2.2402803535341462, 2.1080206670047605], "nmi_tw": [0.3463727997772979, 0.357619904095756, 0.36612661574832495, 0.3482740318781627, 0.35855764211882496, 0.34209012487592866, 0.3675251072538313, 0.35212586778904287, 0.3700757336702945, 0.35199689020021596], "coh": [-2.2914408582725323, -2.2574709175182317, -2.341166952160302, -2.2337928581659354, -2.1873343856786263, -2.3512321748700993, -2.081642796145721, -2.3900447317598674, -2.2197435232365863, -2.4112666191690795]}