{"p": 0.9, "p-emp": 0.8997739184528037, "t": [10.86991810798645, 12.117754220962524, 10.541195631027222, 11.889906167984009, 10.228426694869995, 10.870457887649536, 9.946916341781616, 9.93203091621399, 10.21042513847351, 11.129467964172363], "nmi_acc": [0.10865993256056262, 0.12763210045763487, 0.12011933143782569, 0.11864307483716079, 0.10528659089704336, 0.1277379789177513, 0.09773630197513905, 0.08531082269303389, 0.13215211887332903, 0.11042278544710611], "nmi_repr": [0.17603892982479966, 0.2246590391918374, 0.25424623889747777, 0.24993748393948237, 0.1955513563102117, 0.1982861625735154, 0.2175138457789159, 0.21507793139435616, 0.2017125346598681, 0.2376271855885865], "mi_td": [1.724235139852787, 1.7654704426372219, 1.818624848266251, 1.8582059340846564, 1.7536079700952536, 1.8237727699126136, 1.7465284203947082, 1.6632216379290918, 1.7897171211646963, 1.7975324817332852], "nmi_td": [0.3189112044995645, 0.32559150261688946, 0.333653750660927, 0.3379969696937215, 0.3218367538331074, 0.3345614880207576, 0.32225536998959664, 0.3089318345738131, 0.3277911189957323, 0.32941952351993486], "mi_tw": [1.9457669346679163, 2.039535686830115, 2.0986904063837226, 2.183779815697382, 2.0498107731887263, 2.0913148959684422, 2.030964525061683, 1.9838985762136332, 2.1531555980884978, 2.125405974197976], "nmi_tw": [0.41649186602348026, 0.4350992946422791, 0.4450333422891649, 0.4585008473867472, 0.4348421126752181, 0.4434130853505045, 0.43351540001833816, 0.42674105747965846, 0.45568452101215967, 0.4501227593597249], "coh": [-2.4398628873583945, -2.2603312605715282, -2.550035291935717, -2.7464145424810207, -2.4906892469383886, -2.5104747897183235, -2.553371369038323, -2.4068646190226834, -2.7094006456333446, -2.4194842217441517]}