{"p": 0.7000000000000001, "p-emp": 0.4085434749547987, "t": [81.91278886795044, 83.346022605896, 82.22768092155457, 86.39826560020447, 88.23207426071167, 97.90623641014099, 90.79062366485596, 90.56459021568298, 91.44471740722656, 91.25060629844666], "nmi_acc": [0.24600937074267654, 0.26925620644834963, 0.24709835261900406, 0.31018029341932213, 0.2771250257326873, 0.2628521171185048, 0.2675069012298632, 0.2714344176154393, 0.27462137038436313, 0.2802380206271335], "nmi_repr": [0.16241627226284924, 0.2004488755275101, 0.1977179530496718, 0.17058715705423746, 0.18760927190793703, 0.18200259492477794, 0.18112856007330974, 0.1939148730634802, 0.19122740556999368, 0.2023442509096244], "mi_td": [0.8830428778539172, 0.9059469487116658, 0.8581981520667041, 0.9478427667571776, 0.9173316257124142, 0.9681976061981232, 0.9745085987429568, 0.9317525502801078, 0.9472610013229185, 0.96913846938688], "nmi_td": [0.1689967991000489, 0.17466203430103988, 0.16429031318238152, 0.1764496562594972, 0.1745999915307617, 0.18026493757169473, 0.18495934219417, 0.17502772762994115, 0.18106707359495064, 0.18305225414967374], "mi_tw": [1.7893456559321965, 1.7033744063667429, 1.8114443063087398, 1.9795613594679407, 1.8206587916993902, 1.9831440417276875, 1.843330565249051, 1.9352350506944886, 1.7836208445224324, 1.8916711061184963], "nmi_tw": [0.31745892146209637, 0.30427639107876653, 0.32146719174140753, 0.3423066986611156, 0.3213780047654545, 0.34297223923556147, 0.32452826792056827, 0.33745963399757184, 0.316087550271144, 0.33154722341667164], "coh": [-2.2325973038473115, -2.181808317248684, -2.204988792424705, -2.053757971881659, -2.1369506259384217, -2.0810404322144582, -2.015667379799058, -2.078527036872141, -2.215157680207616, -2.1615413955084892]}