{"p": 0.30000000000000004, "p-emp": 0.29707106607562284, "t": [98.56724309921265, 109.94603562355042, 105.32488465309143, 107.06354403495789, 97.83360815048218, 114.76717066764832, 101.3082594871521, 104.75840425491333, 105.45225858688354, 104.13372802734375], "nmi_acc": [0.2548418984772836, 0.26952782761984045, 0.1991582028605584, 0.23957705201515594, 0.2041452566500538, 0.25966030214687036, 0.27028909347741037, 0.15738153621236356, 0.19054317212527952, 0.2325280264545559], "nmi_repr": [0.14106623061602008, 0.15343085689226912, 0.19361333807220268, 0.19414301268566778, 0.17636209912345605, 0.1707003506799986, 0.14686827158234725, 0.1630922703929034, 0.20504018787895706, 0.18986981503840708], "mi_td": [0.7026153965120214, 0.7671013764402458, 0.8123540366872906, 0.7963871656062105, 0.7167647650662887, 0.777670481662712, 0.6906700605613875, 0.8311122209524643, 0.8105786685759352, 0.712621121909562], "nmi_td": [0.13399216166001957, 0.14514994011561475, 0.15593354461982392, 0.151012807766608, 0.13992090874289237, 0.14750321812227846, 0.1323341513176698, 0.1612691129416246, 0.1571069710146898, 0.1378156406536963], "mi_tw": [1.8709208265434125, 1.9173911037807676, 1.7929317456379397, 1.86753593415721, 1.6753587238058172, 1.903481323450522, 1.8019540535381566, 1.6851055855901536, 1.7184407714001977, 1.7578578737019963], "nmi_tw": [0.3409251023161467, 0.3467905014306333, 0.32875580870195964, 0.33846205712357025, 0.3121759045752733, 0.3450649485657015, 0.3298343960554414, 0.31219274455242546, 0.3180249647480913, 0.32463345520705716], "coh": [-1.9927984361329074, -2.0556897386899946, -1.8761185095121113, -1.9531152427917038, -2.0306715741945323, -2.0218639913727605, -1.7998964435869567, -2.077058698201059, -2.2272293122642934, -1.889201870416896]}