{"p": 0.2, "p-emp": 0.19075301764682684, "t": [207.4606909751892, 203.47377514839172, 205.1125946044922, 209.64509677886963, 206.3345911502838, 203.34844541549683, 201.22081518173218, 206.64889311790466, 201.21596264839172, 200.2263057231903], "nmi_acc": [0.2883505371755895, 0.29386742875631006, 0.29852980850053096, 0.2939131500750309, 0.2767692211564204, 0.29881238833890683, 0.316600147253016, 0.2923284330821904, 0.2724638652702161, 0.2869105136035975], "nmi_repr": [0.2778669722364399, 0.29501077637781603, 0.276882906009227, 0.26931329419091116, 0.28538397053842235, 0.2878960316127293, 0.28690692074995716, 0.29724749943236467, 0.2852647560852452, 0.2944913346440247], "mi_td": [1.0527631823139678, 1.0338293122845807, 1.0624757385445571, 1.1395940472672292, 1.0130968536401517, 1.0110963238833388, 1.0987424400437573, 1.0999905116695319, 1.0044317337890705, 1.064722876442912], "nmi_td": [0.19578848122899556, 0.19160203099913722, 0.19723898523131878, 0.21156037904613392, 0.18919390306002445, 0.18839644017533544, 0.20425081203386586, 0.2039905124965214, 0.18854480836209822, 0.19769120205408272], "mi_tw": [1.4879371799375118, 1.5216316695354095, 1.4587992751846393, 1.4162028006627976, 1.5084414183158814, 1.5194709460224285, 1.4420388468477896, 1.4610242215199791, 1.5089153227849283, 1.4887951611587757], "nmi_tw": [0.2780661961556636, 0.28337442251793177, 0.27212762032020793, 0.26418795389762734, 0.28307436457083673, 0.2845009507976038, 0.2693711533214741, 0.272257339718741, 0.28463342773303446, 0.2777726145699442], "coh": [-1.0697711048412386, -0.9815124021673112, -1.20468034158716, -0.9082076299222919, -1.139012306794394, -1.1464795323025916, -1.0124444456512398, -0.9754779904762734, -1.1050196173387017, -1.1010163735499263]}