{"p": 0.1, "p-emp": 0.08819130119911422, "t": [125.15529298782349, 126.06555604934692, 128.24758052825928, 125.55896091461182, 124.88218855857849, 124.58576440811157, 122.63916730880737, 123.44820976257324, 127.40848660469055, 123.28117847442627], "nmi_acc": [0.09774315405091805, 0.1406747372979787, 0.14043073027384578, 0.12707390103382082, 0.1314767108828373, 0.1372637027962126, 0.12393729804624776, 0.1365936205467199, 0.15124150328457153, 0.12420918786384934], "nmi_repr": [0.270960608526415, 0.2846375672827052, 0.2765576287582787, 0.27148405723255303, 0.2832748912346124, 0.2859567067285352, 0.2923871267788554, 0.2842988664933617, 0.2730560634558858, 0.28409984039663333], "mi_td": [0.8176358663131664, 0.811404823454039, 0.8154182792614622, 0.8322973781850243, 0.8423372157505793, 0.8024374167651273, 0.8041685978285342, 0.8134241716339592, 0.8283675577865441, 0.7990190161092747], "nmi_td": [0.153482603348187, 0.15133872558332487, 0.15101690967234158, 0.15515621597767704, 0.1563033805852384, 0.14911027892801, 0.14982831228441187, 0.15039695027577948, 0.1543432417499263, 0.14954542403092608], "mi_tw": [1.6075053207227779, 1.610219218750398, 1.6448908744838577, 1.6326581394034099, 1.6153389203100803, 1.6648554532041346, 1.6430350008031198, 1.671592049798331, 1.5952457836324867, 1.6188619433379747], "nmi_tw": [0.29888622392081277, 0.29749395183725513, 0.3017808868759077, 0.30148704263415776, 0.2969256298876226, 0.3064564879292578, 0.3032345161506789, 0.3061741565553217, 0.29442658079158296, 0.300118146919588], "coh": [-1.6144249840825704, -1.641602368342874, -1.4998099007447192, -1.6187857955180278, -1.531719090665544, -1.51642392591553, -1.672237937883517, -1.494738364478947, -1.6529329720285317, -1.6428579556697378]}