{"p": 0.5, "p-emp": 0.49951278310681035, "t": [45.50545692443848, 45.51469826698303, 45.10923099517822, 45.05410099029541, 45.48657298088074, 45.44414687156677, 45.39079427719116, 44.89302706718445, 45.66789174079895, 45.492279291152954], "nmi_acc": [0.16640959801669752, 0.13574339818895356, 0.14638678872375016, 0.136604104682598, 0.1649829575393613, 0.1418174860169034, 0.1237723415568596, 0.14862285036667808, 0.15763486389763864, 0.14844918810635865], "nmi_repr": [0.07024986937337407, 0.08038685985166948, 0.070929513097535, 0.06999594082766673, 0.07670972265614368, 0.07392267142014629, 0.06564169920273982, 0.06990788692476146, 0.07627624261074105, 0.07761197672494463], "mi_td": [1.8943767210346372, 1.9563652728615906, 1.9166975684414922, 1.8121692108468994, 1.8898997093630154, 1.9043412837369509, 1.9193862112894757, 1.9041837433522542, 1.9001894382238882, 1.8961992136823045], "nmi_td": [0.3471405503495319, 0.3553133577510474, 0.34953803747493806, 0.33494506204287916, 0.3461563363068164, 0.3477548967770686, 0.3501132539703861, 0.3483577056187538, 0.34791864703031117, 0.3467014945703478], "mi_tw": [0.8547053794640521, 0.8524172588635209, 0.8457057794366476, 0.8152161900100885, 0.8500077278707573, 0.8430835954794649, 0.8420533922844289, 0.8539218771149095, 0.8465896332931118, 0.8557948838467633], "nmi_tw": [0.1411215187550532, 0.13961556811378276, 0.13902892465354208, 0.13564826721326098, 0.14028606656285839, 0.13876699473941267, 0.13845876194294293, 0.1407809725385635, 0.13967767433657607, 0.1410181061445144], "coh": [-2.054896699897083, -2.0048631772544048, -2.1207734362842436, -2.09959858900487, -2.0955115998826335, -2.0253972787915675, -1.927112648333948, -2.0632297901539416, -2.110802429515977, -2.079866592202203]}