{"p": 0.8, "p-emp": 0.7999992631794177, "t": [50.747718811035156, 48.39226698875427, 48.18134164810181, 49.041019678115845, 46.84979820251465, 47.95948791503906, 45.6713387966156, 54.93205523490906, 58.06280851364136, 65.9006655216217], "nmi_acc": [0.25757254504032406, 0.2789023813222547, 0.2788620895083433, 0.22953131049143963, 0.2909800428971615, 0.22437952844194745, 0.25298800356976675, 0.30813073735567165, 0.27561187781009505, 0.2792986390985418], "nmi_repr": [0.20543786557610072, 0.231766652103917, 0.22516580440912365, 0.22494573489986566, 0.2111448153249332, 0.2045510728674606, 0.19579711672477842, 0.23254118664335457, 0.2392745201484569, 0.2389712996104047], "mi_td": [2.8472777497208703, 2.898278220341169, 2.9215897839423373, 2.8793389525292876, 2.8654120646704224, 2.779655816638032, 2.938022506413419, 2.819990191313273, 2.8539743663777495, 2.951989887151723], "nmi_td": [0.4522893711100676, 0.4592349901458904, 0.46167261335270343, 0.4551911393340013, 0.4549379495799803, 0.4432432987676682, 0.4626491973218682, 0.4496176357273324, 0.4533899104322627, 0.4656608543226928], "mi_tw": [3.1641480766903167, 3.1908600488751153, 3.215164208387554, 3.1969271170129416, 3.1775788893953343, 3.1033227462050537, 3.2438191786614667, 3.1454716421240887, 3.178340418934268, 3.2428985333733147], "nmi_tw": [0.47459886113131, 0.477470774866223, 0.47987456358278824, 0.4773458038826204, 0.47638394056507866, 0.46716302352397715, 0.482555336209404, 0.47345093253551085, 0.47676413078581364, 0.4832146076003693], "coh": [-2.467596436118889, -2.4373929226846744, -2.4935908597156335, -2.4265136214202, -2.3803359954714884, -2.4916607319237483, -2.4296522970746612, -2.428979739869476, -2.51243668649137, -2.4699760711843055]}