{"p": 0.4, "p-emp": 0.3994104238912952, "t": [105.57091069221497, 110.4563341140747, 110.2827661037445, 105.88179755210876, 104.1841492652893, 111.36111664772034, 107.45653176307678, 104.70255255699158, 107.3015525341034, 104.05035901069641], "nmi_acc": [0.23915907011988935, 0.2391143366316412, 0.2402044539312736, 0.24198071439737412, 0.23995222128100713, 0.23527897072090728, 0.2424835163449869, 0.24292169854123005, 0.2475127726408587, 0.23483722365538298], "nmi_repr": [0.3064048677281594, 0.3157343278410439, 0.2846596923577356, 0.30356571938968463, 0.3206319572209606, 0.3096000972360689, 0.31555644330220417, 0.31707700980462816, 0.3151521019955911, 0.300381417217992], "mi_td": [1.1400780143790192, 1.1396993273379699, 1.141227638533432, 1.1498097179475053, 1.1456628107493236, 1.1583930085788363, 1.15621412660509, 1.1441834009267629, 1.1493683403982506, 1.1427143689519372], "nmi_td": [0.20878949693369403, 0.20738838966715112, 0.20771934475206252, 0.21008901239830308, 0.20849578373011415, 0.211356794004573, 0.21047821371829237, 0.20930822781633826, 0.20742735527652637, 0.2080524209300433], "mi_tw": [1.9295006662880594, 1.9824114029390665, 1.9772475421605442, 1.9467368860530394, 1.9799689943652556, 1.9420947216964228, 1.9572037334156889, 1.9439171413590772, 2.0246477205529025, 1.9673014106060969], "nmi_tw": [0.3153647739104153, 0.32216634947118566, 0.3214001917900181, 0.317530801242665, 0.32180007441211156, 0.3163720479715628, 0.31818409742220133, 0.31740556280085036, 0.3266108770826527, 0.31986922902964354], "coh": [-2.091523971032202, -2.0679617506919676, -2.108001466310568, -2.158682719743598, -2.0709264871507247, -2.1099388271636634, -2.083273818935302, -2.055695020321579, -2.0762784204872053, -2.1156673406436592]}