{"p": 0.1, "p-emp": 0.08552993990052893, "t": [80.4923460483551, 78.3016746044159, 79.40874862670898, 79.08563804626465, 78.0609130859375, 79.13914656639099, 77.4433286190033, 78.18739366531372, 80.0881335735321, 78.87430214881897], "nmi_acc": [0.17025454612940794, 0.18783054890453646, 0.20583082867501068, 0.18317796533430952, 0.12338561186896409, 0.2233872187571825, 0.11335833711150355, 0.19001218477807955, 0.16096017335800855, 0.14834901656110766], "nmi_repr": [0.10888317326119305, 0.10547085868949095, 0.1338508847409854, 0.12290224702381802, 0.08894085892953973, 0.09988216594855505, 0.09879086099141107, 0.10233223165976332, 0.10233816451481226, 0.07997618394751486], "mi_td": [1.0681760057478809, 1.3939303506175285, 1.4592799465205444, 1.1199409094473713, 1.4026289274978472, 1.3333624337894119, 1.1627274173273907, 1.1745840183858376, 1.1974773996737342, 1.3828373510093996], "nmi_td": [0.21850149521747733, 0.2736342889443356, 0.28297946799128026, 0.22749680913688342, 0.27269113227844816, 0.2636806976290864, 0.23362739132582006, 0.23667734187756076, 0.2401403736246252, 0.2694482820787411], "mi_tw": [0.29811012527795033, 0.37013890256545123, 0.3947438768813982, 0.3058922433387138, 0.3576559629108195, 0.3646346932279988, 0.3075732936777045, 0.3485180905451509, 0.3246580599425259, 0.35915750311846406], "nmi_tw": [0.06401667919605449, 0.07612503386652757, 0.08015179681507296, 0.06520833120542212, 0.07281614226246415, 0.0755743932496742, 0.0648210697395148, 0.07366813683082393, 0.06828170716323566, 0.07329415969095135], "coh": [-0.6676869178589817, -0.6522755623718647, -0.45985997434108705, -1.0795599909467788, -0.6738502339886381, -0.7425334331719542, -0.6278095028697516, -0.9928764375539056, -0.49975540623366566, -0.34949447859204635]}