{"p": 0.1, "p-emp": 0.058975211080382284, "t": [72.18109798431396, 66.99776601791382, 68.3428053855896, 68.92399263381958, 67.06203699111938, 67.76618027687073, 68.88648271560669, 68.369060754776, 66.61171317100525, 66.44143033027649], "nmi_acc": [0.14333085204377494, 0.20422756421800536, 0.1801633927550069, 0.18187879092407885, 0.22711660211430457, 0.19389548016395228, 0.18638926475833578, 0.21956816778866087, 0.20345585878352737, 0.1881223921964498], "nmi_repr": [0.10507701715636933, 0.11446301900912163, 0.12911642525465816, 0.1431638007077167, 0.14869781010688365, 0.1567308258770203, 0.11925025599575499, 0.11995811413459756, 0.1301721693979934, 0.11238836118570635], "mi_td": [1.0736667723161095, 1.564718051934319, 1.4848686875200205, 1.445348320463553, 1.3942602285814192, 1.3816674812742238, 1.3353106908717767, 1.4937302687718428, 1.4224959964561055, 1.3764295000006772], "nmi_td": [0.2191910951762534, 0.29910415824596204, 0.28464754719842206, 0.27884192489678894, 0.27446536010142586, 0.270741693458645, 0.2627760568490735, 0.28787904409555604, 0.2754356858769318, 0.26756755662911574], "mi_tw": [0.23522663840230712, 0.304693453173087, 0.3030034393173675, 0.300373422430948, 0.2854934039921447, 0.27627884348948695, 0.26649226717751, 0.3032386165952228, 0.30059734543283734, 0.2809881653679882], "nmi_tw": [0.05391024118496826, 0.06487897107788897, 0.06472351869934412, 0.06461888563557204, 0.06281619868532129, 0.060477969550172934, 0.05861428116455876, 0.065160332497294, 0.06493058943749225, 0.06096220242811718], "coh": [-0.6825028245523148, -0.41628287741388154, -0.5919736645444347, -0.3945596487358251, -0.7870016574510887, -0.6392425877704229, -0.690034964043864, -0.65233138762209, -0.35055916254831865, -0.4975441077069112]}