{"p": 0.9, "p-emp": 0.8999594455302778, "t": [26.574286460876465, 27.0291531085968, 26.760677814483643, 29.29692554473877, 39.75611877441406, 37.24678921699524, 33.99143981933594, 37.241825580596924, 31.681617259979248, 29.454168796539307], "nmi_acc": [0.1546582391995001, 0.16637956621270317, 0.1606339562035558, 0.1606246107750527, 0.1436583226311928, 0.16293692333314205, 0.1415076654405645, 0.167295963242119, 0.1570251419918137, 0.16795271401129433], "nmi_repr": [0.30223311423407573, 0.2850947802327175, 0.30125932972226044, 0.28995261076897977, 0.29951790744756, 0.31948530561685184, 0.3035694529564367, 0.2770386904847553, 0.2702912721143062, 0.3120273922216402], "mi_td": [1.0675147208012365, 1.0479064435274954, 1.0340596049548167, 1.0312739240367588, 1.0241528172427403, 1.0495647655681029, 1.0458397643438997, 1.092953877523592, 1.0482316157710434, 1.0695531821040742], "nmi_td": [0.20272896468590682, 0.198927707678286, 0.19775680555309774, 0.19677585803092323, 0.196658084220787, 0.20107825423293335, 0.19985331146394086, 0.20648059228792287, 0.20123137685946632, 0.20614164074832908], "mi_tw": [1.4429307003966967, 1.486348299178157, 1.446330418367991, 1.4509822204469738, 1.4223077718672876, 1.4371336529575558, 1.4341271489589609, 1.4320449692636754, 1.3951100261734097, 1.3840114717138687], "nmi_tw": [0.35735892651155454, 0.36792487965114606, 0.36149357421763856, 0.36157988102181926, 0.3573796222934954, 0.3600284466456647, 0.3580773549714709, 0.35226130390162524, 0.3504310380649984, 0.3494556915643231], "coh": [-1.9806008576138094, -1.9801296331535276, -2.154388472353589, -1.9236040798218466, -1.9403463715404048, -2.019061610330637, -2.044717121026982, -2.001057228149009, -2.0473827228218537, -1.9622751314135634]}