{"p": 0.6000000000000001, "p-emp": 0.4085434749547987, "t": [62.232097864151, 62.1427960395813, 64.707848072052, 63.640363454818726, 61.85720872879028, 63.9100878238678, 62.01119041442871, 63.486629247665405, 62.94755172729492, 64.29949355125427], "nmi_acc": [0.1489581891011027, 0.1595694219826079, 0.16774629728122759, 0.1670597036781991, 0.1529318718185703, 0.16513223393347765, 0.19869989725866907, 0.20134591689077264, 0.1591962665039287, 0.15636843711949205], "nmi_repr": [0.09464123557321663, 0.08496577005392354, 0.08442217459686564, 0.09999348512477714, 0.09126246241718038, 0.08756616552881279, 0.10259180316209918, 0.1245689477319524, 0.10285682776993642, 0.08605981913815572], "mi_td": [1.8154478261703335, 1.8003473388864542, 1.6797094977551001, 1.7780957728027083, 1.755988114262481, 1.798659707588811, 1.792759057721868, 1.726095457688767, 1.778458873199885, 1.67000289980821], "nmi_td": [0.33537947888892755, 0.3331377130328198, 0.3156081210562006, 0.3307872442833812, 0.32660325421940245, 0.3331077987122888, 0.33253301579398215, 0.32345986935633936, 0.3302683570369228, 0.31434368277305424], "mi_tw": [0.7117371283482088, 0.710601914746018, 0.6876553413275265, 0.7191172336449564, 0.6961508359703084, 0.7146333323703422, 0.7400767368958231, 0.7189240350809861, 0.69113228774411, 0.6587385079013378], "nmi_tw": [0.12219975852887627, 0.12219160669969609, 0.11993858797265995, 0.12427274655306705, 0.12027949821929293, 0.12298170540796577, 0.1275448989963603, 0.12508225690151714, 0.11923990732351741, 0.11508511386728355], "coh": [-1.2286413551069129, -1.377182240369575, -1.3753073453747404, -1.491094675467318, -1.292893189072838, -1.224219427946999, -1.114589011058258, -1.2906394273469095, -1.2124478203157423, -1.4171106871967634]}