{"p": 0.0, "p-emp": 0.0, "t": [86.95825290679932, 88.74178123474121, 82.19937992095947, 85.69335126876831, 82.03259015083313, 87.1809573173523, 85.05127429962158, 84.3095531463623, 84.55687761306763, 83.51426076889038], "nmi_acc": [0.027152581607436263, 0.02757911018260505, 0.02634686618073184, 0.027976453349141422, 0.02761733851227401, 0.034659281406102076, 0.026749919930632284, 0.02634686618073184, 0.02719075118970205, 0.02677539844619547], "nmi_repr": [0.19466253831789068, 0.17374782481363665, 0.19172148187495117, 0.1773118621110932, 0.1800777124358116, 0.18944793184202788, 0.19179873055434954, 0.221141683984614, 0.20616668591566745, 0.1931193524158729], "mi_td": [0.6185257566461051, 0.6289973378460226, 0.5885102151987955, 0.618513933922564, 0.5906620372765828, 0.6170483227709407, 0.6322160608587367, 0.6114014337622037, 0.6084502284734804, 0.599712134272861], "nmi_td": [0.12146606798344566, 0.12374644505739654, 0.11803920395704004, 0.12114757884935193, 0.11669402416076714, 0.11934708400893937, 0.12658006137954522, 0.1214622296010034, 0.12021904380761357, 0.11977088085468654], "mi_tw": [1.6072015678563016, 1.6059600689401272, 1.4081263998996505, 1.6074722564031751, 1.5425940273637562, 1.7324821048067744, 1.4200367054823, 1.471235421949268, 1.5196390656767607, 1.4512949689383006], "nmi_tw": [0.3235947602320033, 0.32394591497691344, 0.28972244833547606, 0.32278558566746324, 0.3125081477091805, 0.3434233394368883, 0.2916403863930891, 0.2997494645786387, 0.30788588874436457, 0.2972927581789973], "coh": [-2.33729472603184, -2.2952194963111263, -2.1463858049362305, -2.3511092281988306, -2.221255380401428, -2.4584968153120537, -2.3852278270754934, -2.3618980366616125, -2.2971721180183153, -2.1085439932389716]}