{"p": 0.9, "p-emp": 0.2833345306667796, "t": [147.12999963760376, 144.3962926864624, 148.03254985809326, 144.96193718910217, 143.32826209068298, 141.5395314693451, 150.297616481781, 151.3189356327057, 153.23537278175354, 149.12449645996094], "nmi_acc": [0.41760807396680366, 0.3725655584511031, 0.4157933153442794, 0.40922471251382475, 0.37661357207361545, 0.3971566278960462, 0.40708474467434297, 0.4214525503105685, 0.3667370124485867, 0.377797531922404], "nmi_repr": [0.2824738277321814, 0.25341741402396506, 0.24034453909055722, 0.2770324904197527, 0.2530833002317096, 0.23933332008332325, 0.2327721581315185, 0.25535364018558326, 0.25802599233521367, 0.24406316419596424], "mi_td": [1.649319201564378, 1.4627398176224862, 1.5453188362122217, 1.5000040616830557, 1.4984101202734814, 1.4912696260707172, 1.5044771061962494, 1.5750090857820545, 1.6259531801333575, 1.5581401844111087], "nmi_td": [0.2763077407762409, 0.2463662369129565, 0.25969780000289155, 0.25220876103843437, 0.25199297276346433, 0.2509575999818903, 0.25396622484497905, 0.2643514443142766, 0.27111894499422473, 0.2620407082911705], "mi_tw": [2.180370429847964, 2.1136399537990487, 2.152681596125789, 2.143021674326293, 2.162990746525701, 2.130859781835548, 2.104109826925674, 2.1432093901531784, 2.216371636225537, 2.1495439572242088], "nmi_tw": [0.35303767882632575, 0.3440087131646459, 0.3496123132797028, 0.34821200117809165, 0.3515270956463388, 0.34652600387187665, 0.34320230958042136, 0.34764700975809865, 0.35724397948791475, 0.3493452381713964], "coh": [-2.456672418297622, -2.4198395243662723, -2.536901471420583, -2.512371780712132, -2.702490547569766, -2.353379693873582, -2.6112890544791587, -2.517078005303274, -2.476602753603554, -2.53850361503278]}