{"p": 0.6000000000000001, "p-emp": 0.5998079295253438, "t": [40.709176540374756, 40.9361310005188, 40.72972083091736, 40.60256266593933, 40.942983627319336, 40.65596103668213, 41.43183207511902, 40.504294872283936, 40.74480485916138, 40.19404911994934], "nmi_acc": [0.0994011747536534, 0.09498373302719663, 0.098792184404178, 0.11065287881135916, 0.10040333126561607, 0.0801329510702998, 0.10159724875359119, 0.130182401604577, 0.09167685181626709, 0.11721300724636922], "nmi_repr": [0.03316084313795137, 0.03610779025094672, 0.04122047140652807, 0.045788672977205486, 0.042997262049528875, 0.033095858260479706, 0.03167194620457212, 0.05438416124814212, 0.052837793767313214, 0.05013675323852496], "mi_td": [1.939955208837543, 1.918545777913104, 1.9380072076040813, 1.948368454324973, 1.9643944953936432, 1.9425995774655294, 1.926875525838684, 1.9550214809815607, 1.9813768727487397, 1.9638843165457422], "nmi_td": [0.35254306466294405, 0.3489265864917029, 0.35233784466917223, 0.3541391399797458, 0.356247586307256, 0.35301230828883146, 0.3506464173642399, 0.35564504191863583, 0.358564887201113, 0.3559520241286425], "mi_tw": [0.9573955354946737, 0.9679542016680075, 0.963223702433057, 0.9908794786302753, 0.964119917956191, 0.9495899294280779, 0.9632533273152865, 0.9995148577671785, 0.9756119524702933, 0.9868820582860195], "nmi_tw": [0.15337682462269323, 0.15517584590939848, 0.15436797480523953, 0.15876756629601876, 0.15417300226531788, 0.1521220530003145, 0.15450181413952507, 0.16026904418685906, 0.15571871371353319, 0.15773357430887622], "coh": [-2.535940272363266, -2.212122076463695, -2.555664230726102, -2.5343817767825554, -2.4166764497296835, -2.357465371279962, -2.41616445788527, -2.32025882912721, -2.5070262852261562, -2.356192149166147]}