{"p": 0.8, "p-emp": 0.7999795737411157, "t": [47.657387495040894, 44.31551456451416, 45.53263449668884, 45.83593416213989, 41.57271933555603, 47.79677653312683, 44.766098499298096, 44.8385226726532, 47.11601185798645, 43.218212842941284], "nmi_acc": [0.020136432318247303, 0.019659886896317535, 0.01865440209404729, 0.017968982958966952, 0.019816483241138053, 0.02193050640812766, 0.018956841543437276, 0.01843891727472327, 0.018894672025323987, 0.0241489692757321], "nmi_repr": [0.021654157038639966, 0.020016191108107744, 0.022886946937411504, 0.027441757833727678, 0.027147436331471216, 0.022944189985585842, 0.02488987816696265, 0.02347697174058055, 0.020174159817381233, 0.022036707989357404], "mi_td": [2.0644277696800444, 2.0768700485260427, 2.0797027605821476, 2.075690645943874, 2.0812487717912616, 2.077384252279723, 2.0817051684863936, 2.0835866139201062, 2.082044815353671, 2.0857822010271643], "nmi_td": [0.36450060564160547, 0.36638384906410254, 0.3668545535645601, 0.3661716353401448, 0.3670710806277047, 0.3665204843259884, 0.3671435452883211, 0.3676119220484456, 0.3671598959299324, 0.36793114579056857], "mi_tw": [2.446546424103381, 2.447431506545516, 2.4471964388076577, 2.449812294548319, 2.445105638274655, 2.4420439102184246, 2.449628668593621, 2.433036260957401, 2.4367950175886954, 2.444976889611233], "nmi_tw": [0.3562768063351496, 0.3561542705290879, 0.3560968276224177, 0.3564973910348141, 0.3557476724169191, 0.3554069924352361, 0.3563993146258693, 0.3540937705347929, 0.35449744351898604, 0.3557772012949637], "coh": [-3.2937324837598845, -3.1881215071401297, -3.1966591884379776, -3.1212888096529565, -3.341475968471439, -3.236830738867449, -3.1299881778663945, -3.140787945234027, -3.299934606270816, -3.282684459465254]}