{"p": 0.7000000000000001, "p-emp": 0.36451680291909805, "t": [109.2603018283844, 121.13489818572998, 124.22314667701721, 107.39334034919739, 109.88995695114136, 106.37544131278992, 106.66971397399902, 106.49776363372803, 106.18357276916504, 104.99115777015686], "nmi_acc": [0.22812986103709615, 0.24434834036665806, 0.21059339386765855, 0.22080940853653785, 0.23296557641290172, 0.2248563925268464, 0.23149754924469176, 0.2375510418942636, 0.23011629758829066, 0.22219583340422133], "nmi_repr": [0.2879729114928286, 0.3118135102698705, 0.29541388280321135, 0.2949141971418622, 0.2883262102736926, 0.30910810971791125, 0.3028481085784274, 0.3137656398156493, 0.3038770520583689, 0.29463676533627453], "mi_td": [1.0850452561078745, 1.085803210194792, 1.081291666641899, 1.0960878597157235, 1.0898614634496777, 1.0845870919318144, 1.0950214669270328, 1.098164015331907, 1.0888567137562721, 1.0785926640975187], "nmi_td": [0.19773186245972818, 0.19756179608300337, 0.19781524897846936, 0.19994652974960533, 0.19963538337312173, 0.19824248580081327, 0.19946395943786763, 0.20075606134490212, 0.1986052130839231, 0.1969456294560631], "mi_tw": [1.9210096335782425, 1.921823450208434, 1.9232601602898691, 1.9012694875947895, 1.8728532367747113, 1.8920440178580544, 1.912267599368788, 1.8859564988817126, 1.8991921593213956, 1.9325676184271225], "nmi_tw": [0.3170482851881467, 0.3167351124357819, 0.3185389012968214, 0.3140781648647334, 0.3105456616090788, 0.313117590444993, 0.3154824231982116, 0.3121551570113818, 0.31370321532786, 0.3195283785102669], "coh": [-1.8795098380101476, -1.9392204582016785, -1.9228327904610307, -2.0021271866673866, -2.0419742796749474, -1.9613143625549792, -2.0153969317571803, -1.888620288747158, -1.9959304154916329, -1.9444512486557077]}