{"p": 0.0, "p-emp": 0.0, "t": [115.55598258972168, 116.44831538200378, 119.00717234611511, 120.11699223518372, 120.00930285453796, 121.13171315193176, 118.37087440490723, 117.78215193748474, 116.54070615768433, 115.41037774085999], "nmi_acc": [0.24429476089871843, 0.3014098828119339, 0.258660381649453, 0.23615209479620436, 0.3438546747085379, 0.25570445343427567, 0.2941257346896092, 0.25941307164807753, 0.366317837984382, 0.30568565324039554], "nmi_repr": [0.18370267062466156, 0.1909637965515077, 0.17465278349367, 0.16667129088592167, 0.18511936543589574, 0.18603479002212175, 0.17168009294280098, 0.14916973102855272, 0.1808731582558372, 0.21384700556006422], "mi_td": [1.2656538358885727, 1.4582473125489024, 1.4551264815412859, 1.4289714697127665, 1.436549539200006, 1.500803909057201, 1.4437420760347708, 1.3649673678083656, 1.5379400894634805, 1.382368303921804], "nmi_td": [0.226715087888076, 0.25349859618159715, 0.25214168940145965, 0.2482864253739771, 0.2512899191125761, 0.25830671067494243, 0.2507593315958549, 0.239929732075856, 0.26588422546906604, 0.24387596403419665], "mi_tw": [0.9652133437218625, 1.0448971713314261, 1.0670586010158922, 1.0226415724456785, 1.0290219448396674, 1.0670066842843704, 1.043387728069731, 0.980430738191196, 1.0781934632528507, 1.0008524236687495], "nmi_tw": [0.1802251390035701, 0.18910420070118675, 0.1924677644723046, 0.18498106812267234, 0.1874450740825899, 0.19111072973938203, 0.18866050322595798, 0.17949857489890578, 0.19401493030091088, 0.18393462359405754], "coh": [-1.8260460931187794, -1.6982956616964675, -1.7647997825826873, -1.8517822612132693, -1.7872723337858758, -1.702028517514531, -1.6483708471658371, -1.6650257427686437, -1.582969702404194, -1.7321998779215775]}