{"p": 0.7000000000000001, "p-emp": 0.6997219243392802, "t": [27.333287954330444, 27.548253774642944, 27.89309334754944, 27.99879741668701, 27.8725643157959, 27.95319151878357, 27.824574947357178, 28.163308143615723, 27.56723666191101, 28.062828302383423], "nmi_acc": [0.10542140954883374, 0.09476558937282867, 0.06306461906797144, 0.08113505509433741, 0.07408347797332068, 0.07937269344745737, 0.08306796030931714, 0.07527790890828297, 0.09491042900676233, 0.08899391587439487], "nmi_repr": [0.10585418187655365, 0.11265618679954575, 0.08928946810727983, 0.07698020441481081, 0.08121160934582056, 0.08222332774451624, 0.08749866012477667, 0.08225820357153717, 0.08985336186702005, 0.09800794295634693], "mi_td": [1.5929719380612974, 1.6648250016776962, 1.6585251650635762, 1.8327009051824494, 1.7234040760060245, 1.711067139278835, 1.7863523156847136, 1.7572157377336395, 1.70273831814963, 1.8444853086348798], "nmi_td": [0.295572569531335, 0.30591351863347577, 0.3045358827878029, 0.3293580905569643, 0.3143719092832348, 0.3125215286791336, 0.3222361681071249, 0.3187329130419875, 0.31130218872211074, 0.3303323098369148], "mi_tw": [0.9203484914441676, 0.926267963536883, 0.9030833251703023, 0.958162566810187, 0.9052311562963253, 0.9032733491388993, 0.9684922659277075, 0.92626357919499, 0.9416780204416053, 0.9907874436666156], "nmi_tw": [0.18922548968488218, 0.18840124459786306, 0.18353874108096926, 0.19015748081381523, 0.18263971002259707, 0.18250309140398643, 0.19300619420259127, 0.18571884284291473, 0.19046694541568177, 0.19588335660257108], "coh": [-1.1104134508756847, -1.2223206342667345, -1.1999810305442367, -1.1298806678470648, -0.9744036569379683, -1.2399348146127613, -1.1946976398452258, -1.0353717617417282, -1.179331444373449, -1.1847379506343159]}