{"p": 0.6000000000000001, "p-emp": 0.599778076929576, "t": [95.09634852409363, 96.02811741828918, 99.35757374763489, 95.24575090408325, 94.97239589691162, 94.90872263908386, 97.12186217308044, 94.89561820030212, 94.70589685440063, 95.84099197387695], "nmi_acc": [0.04211867878661497, 0.039111194053278446, 0.043800349607686036, 0.0456681658259601, 0.04926233388067939, 0.04381117488728689, 0.04589090765136186, 0.041827642130324735, 0.041348935144777846, 0.04262198814234772], "nmi_repr": [0.1391615890939514, 0.13397794012540248, 0.13228897576319812, 0.13317079808570392, 0.12803280086808225, 0.13066194606286885, 0.14111070956578298, 0.13885423862574592, 0.13413122717429402, 0.13533184494373482], "mi_td": [0.30614298498666576, 0.3096056514803141, 0.3087987391588521, 0.31211127821313106, 0.3153744423018764, 0.3073792124084874, 0.30496030301291654, 0.31689394970044527, 0.30906711414030485, 0.31704051568033054], "nmi_td": [0.055461973202054815, 0.05610339958227949, 0.05595632989579293, 0.056478641573716015, 0.05714344298932625, 0.05577361353966918, 0.05524437130584623, 0.057351256986177726, 0.05594893955148733, 0.05749975833952539], "mi_tw": [1.1761765980950025, 1.1716572241189083, 1.153576672388541, 1.1520589343440404, 1.1295028777182814, 1.1567530411404632, 1.1998466534328438, 1.1724691169165373, 1.1691486397486388, 1.151369723904946], "nmi_tw": [0.37151361262120214, 0.3702485344764729, 0.36452535202873637, 0.3631717640922606, 0.3568697057032812, 0.36638263201683596, 0.37895018551532816, 0.3696861993458031, 0.36880205917141756, 0.3643801242856458], "coh": [-0.23261253819068478, -0.20362816365179456, -0.18644429863964912, -0.21896627886419234, -0.1732738215386686, -0.21557907804164705, -0.2188742547366104, -0.2129368639127272, -0.20011563670074484, -0.21361451408796156]}