{"p": 0.30000000000000004, "p-emp": 0.2991988918218441, "t": [98.48550629615784, 98.8967547416687, 95.89591956138611, 101.52116775512695, 97.23453664779663, 99.3461685180664, 98.01957654953003, 96.47554469108582, 99.22063374519348, 99.15161108970642], "nmi_acc": [0.26312528901771187, 0.29457760752266526, 0.2824545089494412, 0.24563504423922758, 0.290230099643028, 0.24809741298009333, 0.2297030666569037, 0.28259364486134775, 0.22844761718111423, 0.24504111290068567], "nmi_repr": [0.1526334986409499, 0.1648550662583268, 0.17143835645551153, 0.15177815026432984, 0.16381161065852415, 0.15693024319938598, 0.14942349813440606, 0.1714726801509091, 0.169266648967785, 0.1621968823196071], "mi_td": [1.5280366309285127, 1.4300547503235042, 1.434307981024579, 1.4400961775238106, 1.3398401603014185, 1.4021779761373014, 1.3859275821951846, 1.2980829763009396, 1.3807786947774052, 1.2246051345278883], "nmi_td": [0.2621821722793121, 0.2498409146498356, 0.25006477436134106, 0.2493504727808057, 0.23665666813405564, 0.24402030987757414, 0.24142711256755162, 0.23109949562488222, 0.2411364170809171, 0.21959169560241457], "mi_tw": [1.111412616165021, 1.083880866556631, 1.04799699805168, 1.0885811602841542, 1.0385126245704184, 1.042485974731141, 1.0752508718399914, 0.9923949212817174, 1.0422162608915373, 0.9528289041491974], "nmi_tw": [0.20567326727854404, 0.2045254834864178, 0.19731180595681155, 0.20343436578169583, 0.19829672229793474, 0.1958903953710353, 0.2022595874444824, 0.19111653660789055, 0.19657929314060354, 0.1849303530491681], "coh": [-1.8685267042670983, -1.962418965333931, -2.004051767092973, -1.8405507827508054, -2.016347695593901, -1.8993025276602171, -1.96778099428118, -2.149853630202105, -1.9654279021774232, -2.1004488792285203]}