{"p": 0.0, "p-emp": 0.0, "t": [292.84678506851196, 283.4566984176636, 285.15488958358765, 289.0991139411926, 286.0507388114929, 285.08487033843994, 282.67424273490906, 290.8769443035126, 277.1374955177307, 289.5595552921295], "nmi_acc": [0.47153040397697726, 0.48020852753077836, 0.4573240982673975, 0.4641091614010595, 0.4828495154742774, 0.47038424036960963, 0.4555277651406069, 0.4567091142330003, 0.4846957545278325, 0.46382147830840925], "nmi_repr": [0.4341670091495768, 0.4302593373140459, 0.4158338029206221, 0.4186176982680147, 0.41945398786865273, 0.4214400839917459, 0.39085234063804414, 0.3942630540754046, 0.43026760240969963, 0.43045496283196893], "mi_td": [1.6907614147303136, 1.6711122788185186, 1.6810438366334997, 1.681922278542776, 1.6657816373380006, 1.6450178458811877, 1.6611448826570792, 1.694727889666705, 1.6757456992218278, 1.6844715375539925], "nmi_td": [0.28515807400777526, 0.2814293615101878, 0.28331829515424234, 0.2843958844685707, 0.281534528336598, 0.276906885103451, 0.28011451305045737, 0.28485046030702244, 0.2840460845085223, 0.28402916152348007], "mi_tw": [1.5814540424635188, 1.60119332200185, 1.5865247893245098, 1.5678213076425054, 1.577557665992079, 1.6118058245317282, 1.5769906430249043, 1.5909355237328604, 1.5638096523006209, 1.5872310249711676], "nmi_tw": [0.27733952852097454, 0.2803715607948992, 0.27802384805416996, 0.27568313739716377, 0.277259836838338, 0.2820942951275077, 0.27650696300249106, 0.27801121782436766, 0.2756787754378545, 0.2782832766202186], "coh": [-1.4465359573422965, -1.4543004572815739, -1.5698424230418504, -1.4857245484447315, -1.5886577558026493, -1.5095914229503373, -1.537952228690689, -1.4723566023605288, -1.4947466393018498, -1.5122291420504355]}