{"p": 0.7000000000000001, "p-emp": 0.698551867477005, "t": [32.70060133934021, 33.958484411239624, 32.839757680892944, 33.263720989227295, 33.08565807342529, 32.85914325714111, 33.058676958084106, 32.90298652648926, 33.10601806640625, 33.126989126205444], "nmi_acc": [0.18730919252679273, 0.16285360671105978, 0.2263687779207103, 0.2092519092575166, 0.1775754538583165, 0.2022696585639634, 0.1676123965575534, 0.20960618963842684, 0.18294553295835275, 0.18061422266021968], "nmi_repr": [0.128771046284875, 0.12219880412876066, 0.10902526768309072, 0.14729192781840145, 0.13469873150606745, 0.12607433742670293, 0.11544342655512815, 0.13482527119106744, 0.13861196403025783, 0.12002466904836433], "mi_td": [2.1227970058148466, 2.090653349769001, 2.093910016556718, 2.0825990407373984, 2.0863432259640566, 2.1093412226190615, 2.1036270103963144, 2.133255660151665, 2.1328806967202705, 2.093171350153537], "nmi_td": [0.38487068179061745, 0.3781329886889339, 0.38109397270079515, 0.37845038502168715, 0.3792278608915992, 0.3829512214020307, 0.3812180034817632, 0.3861021501025157, 0.38576363466421326, 0.37958015783928484], "mi_tw": [0.9366289747395093, 0.8992703890258189, 0.9375469738784957, 0.9439346090086906, 0.9142083510494157, 0.9178099807716982, 0.9147252958623046, 0.9579396400382679, 0.9380560673558105, 0.9316360225720018], "nmi_tw": [0.17342892011502395, 0.16610327997384702, 0.17428107886835015, 0.17519189543580543, 0.16971915135052015, 0.17018039866820475, 0.1692928550924796, 0.1770635384155489, 0.1732641564288056, 0.17254188069003626], "coh": [-1.322088232100933, -1.291782069163192, -1.3928353250345318, -1.3645389570962603, -1.4429836302517633, -1.2827263067686534, -1.3152425888771113, -1.296556041183528, -1.283601920996541, -1.4639857511035408]}