{"p": 0.5, "p-emp": 0.4994059384054834, "t": [102.89005875587463, 100.92981910705566, 101.44264507293701, 100.82995080947876, 102.65706539154053, 100.58386993408203, 100.65976905822754, 101.10390186309814, 133.18637442588806, 118.47305107116699], "nmi_acc": [0.45342328996034564, 0.46990824025237926, 0.4591609165803861, 0.4691685653212287, 0.46359947764067716, 0.4601544247569385, 0.4613535155968315, 0.4764584410649517, 0.45630687532386666, 0.4596241992629343], "nmi_repr": [0.4615805686377878, 0.4773114480461863, 0.4682050735780043, 0.4831039301461973, 0.46245921336385887, 0.46280347944896705, 0.4539791651308294, 0.45756013677022755, 0.47348294870150537, 0.48303651262050007], "mi_td": [1.9249065816070143, 1.9619628209675442, 1.917920403792941, 1.9212876400070535, 1.8969578317390225, 1.9317378384058645, 1.9171839115115281, 1.9516051192976633, 1.9024170722520117, 1.919276956473157], "nmi_td": [0.3229053444753702, 0.3286498553640444, 0.32190248680627753, 0.32273527687440096, 0.31760665513198116, 0.3240794790818884, 0.3212903418040524, 0.3277871923638786, 0.3195979218108511, 0.321728973595165], "mi_tw": [1.4458264807509056, 1.4241353683524032, 1.4439347445990776, 1.4430661352224452, 1.4723689438101857, 1.4407835241398161, 1.4528314427144724, 1.4157267907027358, 1.4516947665021576, 1.4547825184756995], "nmi_tw": [0.26784014976908377, 0.2634043512439486, 0.2676449525046802, 0.2677291431059236, 0.2721796312157963, 0.26693157428222686, 0.26884257515519416, 0.26262084959877735, 0.26936024597568176, 0.26928482670700504], "coh": [-1.9668541139795308, -1.8529464832494287, -1.9464496355593819, -1.8303395859468377, -1.9291859084093415, -1.8639606563748656, -1.9373146770970116, -1.8236575076469506, -1.9255111139790047, -1.9351334591496379]}