{"p": 0.6000000000000001, "p-emp": 0.5998079295253438, "t": [83.27045059204102, 83.52182865142822, 85.47743892669678, 85.49615430831909, 83.96768283843994, 85.45489263534546, 83.42960214614868, 83.26467871665955, 83.76198124885559, 84.82461810112], "nmi_acc": [0.3132077834622129, 0.3124896331821977, 0.3187408308652356, 0.30391110689653456, 0.31092910258513834, 0.29742952752603735, 0.2934510317161327, 0.30932043137210485, 0.2985752811851895, 0.31258252039297313], "nmi_repr": [0.3587779477686604, 0.3581023719697623, 0.3677908192471623, 0.36827089822933473, 0.3808913130064144, 0.34356916645181895, 0.3508472894252337, 0.3602853876357842, 0.3813290596480369, 0.3845806515751167], "mi_td": [1.4007976538792026, 1.411151689270554, 1.4225404321894548, 1.4088298276490814, 1.3957469657950035, 1.4010237014986409, 1.4162525662793093, 1.4197282835436276, 1.4108680729960756, 1.417070287419604], "nmi_td": [0.2581337665815624, 0.25941302174284675, 0.2614558353853782, 0.25924260700253154, 0.25745532968928997, 0.25755720924479575, 0.2598323474373242, 0.26109612124491216, 0.26039927599808793, 0.26054199358473146], "mi_tw": [1.92500892562994, 1.937690097954779, 1.940615456139058, 1.941097208536121, 1.9243466428759632, 1.946692364428488, 1.9644014156042369, 1.9414639740418955, 1.9158593746834531, 1.9448594248421984], "nmi_tw": [0.31219729220413855, 0.3135850114521904, 0.3140047389149535, 0.31441016946825134, 0.3123592669349087, 0.3150483738800772, 0.3173504568356801, 0.31430857491453157, 0.31114433396114005, 0.3147888133960459], "coh": [-1.9477470021324446, -1.9362506492361269, -1.8766775390520791, -2.064418447439578, -1.9818936817981363, -2.041651355748773, -2.048895327313132, -1.9973195034543487, -2.019894941906814, -1.9530145104599974]}