{"p": 0.2, "p-emp": 0.19998968451184718, "t": [171.32779622077942, 171.70132970809937, 166.87971663475037, 167.04261994361877, 165.18951320648193, 165.61767029762268, 167.1054608821869, 165.242600440979, 167.09510612487793, 169.4280776977539], "nmi_acc": [0.4638993533298978, 0.46545287336682173, 0.4788302400667837, 0.47765459604207217, 0.4877349969701541, 0.47318249921809763, 0.47676823754568787, 0.4675370549684568, 0.47373870142415486, 0.46828021649792484], "nmi_repr": [0.42621161540160873, 0.4396717139491113, 0.4553451397582746, 0.4523368346426837, 0.44444824239653113, 0.44274643226660615, 0.4457848504041303, 0.4699161521012984, 0.4293992319637217, 0.4342851813664816], "mi_td": [1.8018007745817348, 1.828548723586559, 1.8426553597705613, 1.83667409461839, 1.82965299221034, 1.805410527372995, 1.8132244317395694, 1.8096780075347463, 1.81919538805912, 1.8350284508447665], "nmi_td": [0.3024064400162337, 0.3068454650759288, 0.30921112276518603, 0.3086198090375991, 0.30749190002211263, 0.3032087312223192, 0.3051930000439955, 0.30379811306383486, 0.30471517041284946, 0.30791966155110345], "mi_tw": [1.5164439822913278, 1.4983810613196535, 1.5002006768240328, 1.4880310977558049, 1.4957543760876073, 1.5189427595194906, 1.4958181608717696, 1.515764020907222, 1.524540598430833, 1.49430610244083], "nmi_tw": [0.2735547446347223, 0.27024878008958136, 0.27057550768439415, 0.2687666051602497, 0.27021056167171603, 0.2741964446164137, 0.27066259384009334, 0.27349942386508924, 0.27442416617259807, 0.26950144359225087], "coh": [-1.5360717635380234, -1.4633428181881745, -1.432799644127209, -1.5351610154497153, -1.4582791636213486, -1.455867244963171, -1.4865956684691242, -1.372059452138676, -1.539093806548141, -1.5070639225707607]}