{"p": 0.1, "p-emp": 0.09999944738456323, "t": [71.54521059989929, 73.12525796890259, 73.28977036476135, 70.9967520236969, 72.4846842288971, 73.34606194496155, 72.1541211605072, 72.57392954826355, 74.94623017311096, 74.86308884620667], "nmi_acc": [0.3435378119995188, 0.31132948791943127, 0.28191658597147257, 0.34965114062669417, 0.31990209262307, 0.28957118774210855, 0.3432370614793059, 0.3314560535719109, 0.33510392170187264, 0.31553354019684426], "nmi_repr": [0.219126402763283, 0.21320316886393664, 0.19912509741900286, 0.2076544253302321, 0.2219737990373792, 0.18936356741965382, 0.19357503174438903, 0.22102286544444044, 0.2009372211531933, 0.18150863566114872], "mi_td": [1.5335807617927215, 1.5587118110073528, 1.527720206797627, 1.6185318250039964, 1.4974119680549698, 1.5783599794446699, 1.4512908966353726, 1.5837986093010843, 1.6048598441066764, 1.587795175216364], "nmi_td": [0.26532064285564694, 0.2682072154267146, 0.2625709887904869, 0.27614148251755133, 0.26026120451654383, 0.2698622922834982, 0.25468880373692543, 0.2712015725142352, 0.273878992426401, 0.27059863830095393], "mi_tw": [0.9428046730773497, 0.9641046452697627, 0.9499228940928954, 0.9794307774930534, 0.9250870129344626, 0.9486507682563788, 0.9034142224682621, 0.9881084237013786, 0.9553757777439197, 0.972483132783967], "nmi_tw": [0.1801733271460421, 0.18314164116894568, 0.18021769692574033, 0.18431477507232327, 0.17769091597403394, 0.17894269181691538, 0.1753878014947656, 0.18669646781478938, 0.17983875500976587, 0.18278471025233783], "coh": [-1.4084233621289337, -1.6620058751458053, -1.6135049304904214, -1.5173620923899247, -1.7578212810664282, -1.5385127596612256, -1.6668956327566267, -1.7559436426082933, -1.6041216743156912, -1.5774132306852677]}