{"p": 0.30000000000000004, "p-emp": 0.2999682553132439, "t": [62.79693031311035, 62.70993232727051, 62.87841081619263, 63.25567412376404, 62.320921421051025, 64.11715698242188, 62.6635856628418, 63.39830756187439, 66.62136507034302, 62.47359657287598], "nmi_acc": [0.3610021288052395, 0.40114987097819266, 0.37254528068148035, 0.3341531785204428, 0.34295527486233346, 0.3948634715931627, 0.3776363111036335, 0.3386502771118381, 0.3224003912550415, 0.37226653578325064], "nmi_repr": [0.29902276224169755, 0.29959645940452945, 0.2999783018982381, 0.2677754602574932, 0.25900889634669816, 0.3007559918700161, 0.3123131258416593, 0.2751171679063931, 0.2628340450590904, 0.27545397881802186], "mi_td": [1.9503059897547992, 1.9030501240307744, 1.8573650462514433, 1.706650234364373, 1.8186999026090582, 1.8204961202952084, 1.7250521269686696, 1.7896249657683778, 1.7918892415970775, 1.8750767896489495], "nmi_td": [0.3282611274655825, 0.32301738021057924, 0.3158520625128364, 0.29425471295743916, 0.30976555555695023, 0.3117613613711835, 0.2971038347291066, 0.30435830102868566, 0.3059634939121864, 0.3182140727119415], "mi_tw": [0.7826660090643973, 0.7760468450080227, 0.7896872434678589, 0.7594336274692014, 0.784979876337314, 0.8001004538145219, 0.7931994219754565, 0.7734630868202406, 0.771165769202078, 0.7828485878469081], "nmi_tw": [0.16215293724635624, 0.16245930505041462, 0.1656959769811796, 0.16208864894262626, 0.16502946972179497, 0.16934131582795509, 0.16906740311500587, 0.1623086566653878, 0.1626267766403186, 0.16384813759653838], "coh": [-1.432713552212982, -1.4479004833991826, -1.5362678952525735, -1.7056122917296872, -1.4788383728858596, -1.6644931495404278, -1.679371382270931, -1.4890638147758055, -1.5738318600940997, -1.5146795017313026]}