{"p": 0.2, "p-emp": 0.19998792993793202, "t": [109.73120093345642, 108.62297630310059, 114.52850818634033, 109.57552886009216, 109.37124300003052, 108.8856053352356, 108.78502249717712, 110.85419416427612, 109.33772897720337, 110.35339426994324], "nmi_acc": [0.16388935066876598, 0.1401125766479811, 0.16849737532116732, 0.17239414809220518, 0.1643625975737784, 0.1517654811030015, 0.16477026313588014, 0.15704307108473914, 0.15742739806659378, 0.1658497224820843], "nmi_repr": [0.21279113911958494, 0.20277909251702028, 0.19962227720991813, 0.20769442031199928, 0.1938189571446054, 0.20332351153783512, 0.2071806478662096, 0.19186438090065064, 0.19639605867708262, 0.2056731402825702], "mi_td": [0.9314299422146256, 0.8712295156007329, 0.8910073394510839, 0.9123583580675027, 0.9322008710222314, 0.8803885262118721, 0.9191778875525066, 0.895388813613445, 0.8903021737901274, 0.906073103593015], "nmi_td": [0.16952135491578407, 0.15810920604151563, 0.16157379542357175, 0.16485636322710312, 0.16934932330864635, 0.16001611429575352, 0.16674571304848035, 0.16141474174791837, 0.16066011766670996, 0.1628400060244647], "mi_tw": [1.082990257382265, 1.1580825859150639, 1.1399147445389333, 1.1502665195727093, 1.1102194695008958, 1.1437914854015327, 1.1103452956644775, 1.160788621744901, 1.1728998337916545, 1.184238373283411], "nmi_tw": [0.23091709895422965, 0.24609762841535485, 0.2420182413859815, 0.2431984071277405, 0.23621256448033648, 0.24349681116547534, 0.2358454593290101, 0.24475710719548865, 0.24760347945038022, 0.24880654911733485], "coh": [-0.7828906627693875, -0.8389316892489989, -0.7310727995086395, -0.710063923048224, -0.6355790203312245, -0.8725039992131849, -0.8342815588483171, -0.72941683932515, -0.7251223743422204, -0.6766003941988198]}