{"p": 0.8, "p-emp": 0.2833345306667796, "t": [139.87465715408325, 140.27298831939697, 140.44270849227905, 139.63319039344788, 140.80127215385437, 140.30393433570862, 140.95118355751038, 140.3741490840912, 141.5015091896057, 139.0667905807495], "nmi_acc": [0.24584606110689355, 0.2934235411079506, 0.25370939859815916, 0.2950548184131812, 0.2622821216627415, 0.2978848853353797, 0.2686132037396278, 0.2435530206785757, 0.29291179180796684, 0.27611415364239245], "nmi_repr": [0.13128497723260676, 0.1349150010748177, 0.1336735488148803, 0.12994844232663055, 0.1302223938594673, 0.1291295561336601, 0.13227089062523759, 0.11923845083073117, 0.12846306159410154, 0.1400176320887887], "mi_td": [1.6474910259878137, 1.6711812164887003, 1.6826268254516057, 1.6813141161981364, 1.6686087905530052, 1.6763911402079588, 1.6542705051229945, 1.6997034237635527, 1.703417855721025, 1.684395714716448], "nmi_td": [0.2767783550260059, 0.2806057010895603, 0.2812840025619678, 0.2816020963245364, 0.27955059740197974, 0.280933518626564, 0.2782021861751582, 0.28332791271476876, 0.28470248670004716, 0.2824535715459605], "mi_tw": [1.468421405173945, 1.5057315202668426, 1.4861478025184376, 1.5160265447288894, 1.4909891709768455, 1.4962747255290707, 1.4789108495318246, 1.4997623911142597, 1.513118707228612, 1.485884727140827], "nmi_tw": [0.23840824080333015, 0.24433737625469043, 0.24013354156742348, 0.24541418532459228, 0.24142499838374373, 0.24234680278343151, 0.24034912432029043, 0.24166496746807184, 0.24444410972071245, 0.2408111574614545], "coh": [-2.2932036999689833, -1.9661135933814644, -2.025105048467713, -2.169061325039794, -2.1188073581526075, -1.9853278871691358, -2.2521560173855484, -2.109436534637234, -2.06931599825774, -2.155212114566588]}