{"p": 0.6000000000000001, "p-emp": 0.5999187041290812, "t": [83.85174894332886, 86.07740545272827, 81.51238131523132, 82.58581185340881, 84.23056769371033, 83.45269727706909, 82.09452176094055, 84.24040174484253, 81.66686677932739, 83.47167420387268], "nmi_acc": [0.46059666238811664, 0.46501292247202874, 0.4619633044952966, 0.4663754971239038, 0.4608910010499435, 0.4498682690930255, 0.4496987877036254, 0.45528575502016344, 0.44418305879836106, 0.45074412891094], "nmi_repr": [0.47285113730824524, 0.5052770797892211, 0.48469463609176505, 0.4854702100096515, 0.48376424117741, 0.48254668960080144, 0.482011115812375, 0.4659420530426594, 0.481314313165487, 0.4904962862355478], "mi_td": [1.9688178137818502, 1.9956514309576003, 1.977695095210349, 2.0129030054178343, 2.0035559124063798, 1.9575706194484546, 1.9633636064356912, 1.9659135804944767, 1.9516822324654182, 1.961389126562468], "nmi_td": [0.33067048600291227, 0.33444551056341015, 0.3318260039003718, 0.33707643669355647, 0.3360598165873384, 0.32842093581979775, 0.3291136589082504, 0.3303915250381803, 0.3273015468420318, 0.3289244478678181], "mi_tw": [1.4319154245252301, 1.4246048260818243, 1.4297692544046894, 1.4205245810433917, 1.4092011270812774, 1.4394677064610772, 1.4446790734987018, 1.4208114754399024, 1.457951146853296, 1.4551354823874567], "nmi_tw": [0.27128364512585484, 0.2692341013136393, 0.27056849762652546, 0.26822947071461395, 0.2665820568107109, 0.27237716766023856, 0.2731019936534834, 0.26937199101683346, 0.27574966828545017, 0.2752124402212417], "coh": [-1.993302925885322, -2.0203937378230563, -1.986492840680023, -1.9617018680307865, -2.0430174857311028, -2.0987321047820267, -2.0424769322388623, -2.08456230006112, -2.101554778434843, -1.9139390483218226]}