{"p": 0.5, "p-emp": 0.49951278310681035, "t": [65.56552362442017, 66.83679819107056, 65.05178570747375, 66.43276596069336, 64.64384412765503, 69.59505224227905, 68.01563334465027, 65.07683682441711, 71.30656218528748, 64.64480900764465], "nmi_acc": [0.3017515257491625, 0.2552099238314438, 0.2657496134234713, 0.26929400520535207, 0.26406320560579716, 0.25373059611190135, 0.2951207553488392, 0.26638364303578144, 0.28426938071820373, 0.2893223571428895], "nmi_repr": [0.17873731057206693, 0.16862557843371964, 0.18120458916227056, 0.17960349477244977, 0.17346112622388074, 0.17379204547056792, 0.17514159846134697, 0.20334425282116506, 0.20427340646110076, 0.20284143596398901], "mi_td": [0.9857509733920533, 1.0407463585749586, 1.047163953643249, 0.989221804293114, 1.0227326185217107, 0.9885583802896265, 1.081072878198453, 1.0375697057437125, 1.0859320631033418, 1.077604021577136], "nmi_td": [0.18418952108698677, 0.19293258672873798, 0.1968290069049101, 0.18279607355145863, 0.1910170211846985, 0.18681433051810165, 0.2003304848809728, 0.1941066558492625, 0.2019877073192278, 0.199947868794007], "mi_tw": [1.993066771348775, 2.0609318095267497, 1.954237222581681, 2.0938300915542136, 2.0178174988664432, 1.8852216797000838, 2.0625309191544936, 1.9958763372302704, 2.052850025385421, 2.0476586374093713], "nmi_tw": [0.3348981819557378, 0.34384483565399465, 0.33012978295853906, 0.3483304006681883, 0.3389252995400844, 0.32001212810412943, 0.3439914075234184, 0.3357353398469974, 0.34353525118214834, 0.3419114314389816], "coh": [-2.1600912633472147, -2.130878449875431, -2.303144704903338, -2.341832185453042, -2.2182638961133545, -2.1696724507915346, -2.1515444232921057, -2.0756106677130943, -2.0936589215931214, -2.1214076177551404]}