{"p": 0.0, "p-emp": 0.0, "t": [148.53574395179749, 151.1783537864685, 150.7584192752838, 148.53530836105347, 150.30253338813782, 152.95657753944397, 150.96673011779785, 150.97935605049133, 152.0769350528717, 152.07046341896057], "nmi_acc": [0.11576062871881859, 0.12726660893415512, 0.10302999066919492, 0.09453237867060017, 0.10114593863965043, 0.09096621863529615, 0.11590250479007422, 0.07470851060434802, 0.07530731944492083, 0.10044913255358902], "nmi_repr": [0.26741204638878013, 0.28312109865707524, 0.2622994070928356, 0.268131346658744, 0.278284602385775, 0.2926110673757731, 0.29337743570169816, 0.294110728999107, 0.2909916334783424, 0.2835961641239149], "mi_td": [0.7729322204475422, 0.7640958569223736, 0.7699516444408687, 0.7230409840410629, 0.7356546348924476, 0.7242581257787709, 0.7476673893326786, 0.715343397217306, 0.7365735471202328, 0.7605428263768563], "nmi_td": [0.144825410405083, 0.14296731130754395, 0.14381920601971496, 0.13514145267831296, 0.13786495262393506, 0.13532645561687878, 0.1399268662554021, 0.13441241846572963, 0.13783995588684192, 0.14317956721626846], "mi_tw": [1.5300870305469498, 1.5259259938736793, 1.540177102424141, 1.632793221562314, 1.5701323579322415, 1.6438402914259183, 1.5584120121164537, 1.6454381343428521, 1.6054474046306313, 1.5080468738672277], "nmi_tw": [0.293596243211321, 0.2923738987383186, 0.29459315880009457, 0.3125085833816217, 0.30133460672157675, 0.31452181421469755, 0.29867142490505977, 0.31664076906757194, 0.307661390284313, 0.2907721330656059], "coh": [-1.599151797739959, -1.5584760603342063, -1.6353037328328277, -1.5941286430052686, -1.5883811346909118, -1.5714128950949804, -1.5917219828563536, -1.5537075010538486, -1.4847197464201831, -1.6063878633475728]}