{"p": 0.1, "p-emp": 0.09999767883421773, "t": [122.60365128517151, 127.44573736190796, 126.83408093452454, 124.44791769981384, 122.0630750656128, 125.21611952781677, 126.45339250564575, 121.92559504508972, 123.03353929519653, 123.24607372283936], "nmi_acc": [0.15269795737850325, 0.14090110530349909, 0.10218573413150706, 0.12543524258275876, 0.12455677236942038, 0.15766895344875298, 0.1314777445701095, 0.1253419536411176, 0.14534482543129737, 0.15838762686116425], "nmi_repr": [0.24955839249660428, 0.24784854411246846, 0.24938622363906562, 0.25933723986206947, 0.24675910869565618, 0.245905596153776, 0.2389852464457147, 0.27067501669893723, 0.24364953347711804, 0.25690512700145396], "mi_td": [0.8550214458058905, 0.8452987070011317, 0.7857475613946255, 0.8138162946643048, 0.79800461408475, 0.8555420881711384, 0.8126660801788056, 0.7928613738923568, 0.8491187581575637, 0.8637340690266265], "nmi_td": [0.15663942425694383, 0.15521446693095386, 0.14594954604711943, 0.14999495844190222, 0.14661193266830166, 0.15640123672189926, 0.14900577884735394, 0.14593765834275604, 0.15532040548558423, 0.15805611004259804], "mi_tw": [1.331844417495989, 1.3267950043745156, 1.36856633084456, 1.3484223420531614, 1.4045370083777438, 1.3373692535607689, 1.3868356601393752, 1.3869734241900078, 1.345200674138042, 1.3255326778565717], "nmi_tw": [0.2671970104323656, 0.2668547103036943, 0.27874950863361553, 0.2723208120370273, 0.282663171638505, 0.2676802176539894, 0.27848699445058367, 0.2796967145421612, 0.26942512532975543, 0.26560048760385085], "coh": [-1.0351685154303385, -1.0468890540153564, -1.2439217795594781, -0.9760549654895196, -1.0494723320030934, -0.8865146072892844, -1.1246027841838337, -1.1948567139952737, -0.9244867959607758, -0.9263914250472661]}