{"p": 0.30000000000000004, "p-emp": 0.2991479283982319, "t": [138.6533396244049, 142.11065649986267, 145.03292775154114, 139.9376940727234, 144.76480865478516, 141.27248096466064, 143.87381863594055, 141.65225458145142, 143.90954303741455, 146.59655141830444], "nmi_acc": [0.46415707477779455, 0.4773624568354496, 0.45819238622665, 0.4664105655927343, 0.461132521571372, 0.479482492670605, 0.46824247895109583, 0.4736534324485082, 0.4840340693887702, 0.4871234918201894], "nmi_repr": [0.46278609388500097, 0.469859506007718, 0.45921825257522103, 0.4697473781752385, 0.45113665220240895, 0.4544434131128327, 0.4672034911612169, 0.4888689533534703, 0.45602934757065816, 0.45994429984980595], "mi_td": [1.821570409815356, 1.8464525718629847, 1.8292489421742069, 1.8388812583485306, 1.8264993443071262, 1.8296993225046116, 1.836050356909444, 1.8423563185253105, 1.8468382421784701, 1.8359597960367522], "nmi_td": [0.30571976102048243, 0.3097838547329206, 0.3072688056984149, 0.3086814909746752, 0.30662389606533186, 0.30769530844351045, 0.3082365006315007, 0.30933148531208415, 0.31017500807830856, 0.3082598457674082], "mi_tw": [1.5186934010745072, 1.509548586011038, 1.5020022962020063, 1.5052559769446523, 1.5084679578223399, 1.4919604357214284, 1.5034176315230243, 1.5017932527613613, 1.4878639853266362, 1.4980499321741925], "nmi_tw": [0.272620165267921, 0.27087387775694255, 0.269868503533941, 0.27026083036267773, 0.27085725216505085, 0.2683916021418677, 0.2699590697037222, 0.2697012784002013, 0.2672836566721894, 0.2690312105542148], "coh": [-1.7096759717667105, -1.731299268438157, -1.7327920166912958, -1.7614314678368834, -1.792511109002302, -1.8069111091729457, -1.8699250777146452, -1.7543344296758754, -1.724975104887286, -1.7942743969148682]}