{"p": 0.6000000000000001, "p-emp": 0.5999675036790477, "t": [57.64105844497681, 57.59323310852051, 58.010801553726196, 57.505080699920654, 56.99565052986145, 59.976157903671265, 58.35627341270447, 58.56521153450012, 58.39621186256409, 60.12684512138367], "nmi_acc": [0.28200562962006137, 0.2811631598552782, 0.28450209911915864, 0.27882010890708525, 0.2778210928496141, 0.2788649193430252, 0.2760590129641345, 0.27070674536859657, 0.2578866100985919, 0.2668022913543651], "nmi_repr": [0.26925149003891735, 0.29645435025731365, 0.30953186000448635, 0.2898983086914709, 0.29624093890195186, 0.3133420087663388, 0.29209198987859214, 0.2760080919194108, 0.2740226849193938, 0.28777387976732616], "mi_td": [1.4220256386530177, 1.4009699742425614, 1.4007528090328292, 1.393807085104895, 1.4059263805196274, 1.4047041315812883, 1.411763311682049, 1.3891040646240953, 1.3889032527108505, 1.3893607942830748], "nmi_td": [0.2570709719773947, 0.2540600255021738, 0.25319979649586444, 0.253159356674109, 0.2551542656526027, 0.25465660127211076, 0.2558179485234276, 0.25157644817112107, 0.25181142279876395, 0.2515792265288613], "mi_tw": [2.1516649278663587, 2.1315905485771176, 2.155802330355915, 2.120536033355376, 2.124229843469034, 2.1382162142137724, 2.133686408425876, 2.1421333133383564, 2.1372412795593028, 2.1383573712096005], "nmi_tw": [0.3268365206565673, 0.3246413048794259, 0.32743726387257766, 0.32338498811732386, 0.3237284939412306, 0.3255638577295473, 0.32474791555877275, 0.32588606409094373, 0.3254364048060174, 0.3252641455887321], "coh": [-2.6389748330825187, -2.644018555817259, -2.4787770565668064, -2.5078036811755196, -2.5242951974300047, -2.59019628935154, -2.6456595824552176, -2.5174299028174567, -2.5018634071952945, -2.5750632232624286]}