{"p": 0.30000000000000004, "p-emp": 0.29343249353555334, "t": [110.108243227005, 108.3325297832489, 107.14491152763367, 107.85044527053833, 107.39700555801392, 107.38698768615723, 108.41983580589294, 105.4739043712616, 108.69284987449646, 109.0295295715332], "nmi_acc": [0.15663598298003736, 0.16554033576220067, 0.1409995077982202, 0.1302704907074403, 0.13515656317180594, 0.15222545479974559, 0.1497884718121035, 0.15340078015482445, 0.15523303501828156, 0.16487701622157416], "nmi_repr": [0.25284208922165013, 0.25912806899199814, 0.26429346578968704, 0.2607739722553923, 0.2559491774395746, 0.2518107606384447, 0.23878631684814042, 0.2539126173869943, 0.26762472530893616, 0.2596716256375883], "mi_td": [0.9471981334801339, 0.9468833322439361, 0.9027622103736677, 0.8799169321490151, 0.8875910302971465, 0.9063812416598619, 0.9323236518608771, 0.9248112097949437, 0.9097986727260535, 0.9439146859887778], "nmi_td": [0.17486850455976444, 0.17420552583639895, 0.16625066041899358, 0.16185696398384844, 0.16327534486617967, 0.16615727868489014, 0.17130154587037513, 0.1692952321473941, 0.1677476183322859, 0.17328512845677968], "mi_tw": [1.252068273190894, 1.2607165314328153, 1.3142319467493544, 1.325894049358584, 1.3531529693175324, 1.3081706736480319, 1.2860110352250966, 1.3406741671256728, 1.2919232418342879, 1.2769138662972432], "nmi_tw": [0.2625761459241154, 0.26335111725428006, 0.2748348554986762, 0.2769112143987113, 0.28261749531565594, 0.2721540059435924, 0.2682342892547271, 0.278466930060698, 0.27053797810260954, 0.2660821279440877], "coh": [-0.9938961584036594, -0.9776950052122203, -1.1474531596899653, -1.0412358746318802, -0.9580762675299548, -1.2675418291258471, -0.8653577230840008, -1.0761891759053985, -1.036682503718883, -1.0167643887487627]}