{"p": 0.6000000000000001, "p-emp": 0.5992623197936411, "t": [83.1051595211029, 110.88848900794983, 112.24790358543396, 92.45678162574768, 84.17258167266846, 83.39916682243347, 83.28775191307068, 83.99206137657166, 84.65261173248291, 84.99446868896484], "nmi_acc": [0.47938617351146884, 0.4634349993945552, 0.48274337888347163, 0.46208617922003825, 0.46228275288850595, 0.4843435108868816, 0.4679569546911135, 0.44602106829670907, 0.4587475208565957, 0.4767424400497939], "nmi_repr": [0.4655257794996565, 0.43048500293290487, 0.427633630382856, 0.4335110020090499, 0.4549006831446154, 0.4348537702942646, 0.45433639595267467, 0.44780030683212935, 0.4321718851409717, 0.4689911558466113], "mi_td": [2.0958007681766953, 2.0746050177329876, 2.102713108463866, 2.106492732514411, 2.087852824564906, 2.1065707796494975, 2.1000664232956905, 2.0981302340686003, 2.0889885961299943, 2.1190168187537246], "nmi_td": [0.35164079805884324, 0.34814293525464823, 0.3525785474289206, 0.3526145696881915, 0.3495436514055773, 0.3525070414886526, 0.3518925802723553, 0.3511565226582145, 0.35095856328405056, 0.3548879595816361], "mi_tw": [2.201739662135591, 2.209349969630911, 2.213235943591523, 2.2299191365983693, 2.2249342411275976, 2.2323470472151254, 2.2102094400334846, 2.2213228977500954, 2.1937083193848035, 2.213471406176513], "nmi_tw": [0.329952597216993, 0.3311427211164144, 0.33148898216033573, 0.3334827685350486, 0.33277920743062434, 0.3337438582450054, 0.330832311484626, 0.33214801471405414, 0.32913494832394474, 0.33117052813537634], "coh": [-2.5426887340269793, -2.685640952142777, -2.7034363012543765, -2.660251293412267, -2.617401266874185, -2.752121004924766, -2.4872900292678817, -2.7142944656081944, -2.52919194544641, -2.5224359614650993]}