{"p": 0.4, "p-emp": 0.36451680291909805, "t": [81.47557592391968, 72.91050100326538, 75.2341034412384, 76.84944200515747, 76.24580764770508, 77.21753072738647, 76.30929017066956, 71.8066508769989, 78.21727561950684, 81.0624167919159], "nmi_acc": [0.12460067085537799, 0.1264098336847673, 0.1292914755194205, 0.09044819222423223, 0.13793433055325433, 0.12739308031639834, 0.13266849723972118, 0.11982285193989696, 0.1161247036466714, 0.09057854195922581], "nmi_repr": [0.13805114344258035, 0.14576156403846988, 0.13141016028814428, 0.12638435808055093, 0.12303292632421534, 0.13657567697335668, 0.13235901500912245, 0.12932429047443672, 0.09995733450533653, 0.10246775600521799], "mi_td": [0.9462568788871516, 0.8828041564467206, 0.897051622424234, 0.9142908870218354, 0.9202962843557916, 0.9432144602463239, 0.910691135185567, 0.8746089010810671, 0.83222853990193, 0.8531740593009957], "nmi_td": [0.17439419531007255, 0.16335208423607425, 0.16633866589175594, 0.17070589395878852, 0.16949135684822023, 0.17351913571618996, 0.16747660859833297, 0.16311856880611522, 0.15320820460895346, 0.16041518576397937], "mi_tw": [2.1384285649117, 2.1093078059067922, 2.0751061340394448, 2.0193171891546315, 2.164949096428074, 2.159084649147235, 2.1771562039884014, 2.035369092708575, 2.1714765917126453, 1.9806929284267893], "nmi_tw": [0.3565502323559605, 0.35296967736383233, 0.3479089270895286, 0.3406676370709244, 0.3607442806799055, 0.35940527595651556, 0.3622973268370916, 0.3430367426840591, 0.36169593899305336, 0.3362735932724794], "coh": [-2.4556281863601446, -2.132380976720401, -2.3142557855657597, -2.5768368627136042, -2.0558758315596197, -2.43283606056631, -2.3832365869457433, -2.3321686114985356, -2.3422339257035394, -2.4435793982312184]}