{"p": 0.7000000000000001, "p-emp": 0.6964145696445885, "t": [52.42660355567932, 52.15476703643799, 54.172658920288086, 50.92395615577698, 49.06412982940674, 53.60424184799194, 55.76902365684509, 51.316497802734375, 49.106940507888794, 49.18798899650574], "nmi_acc": [0.2626294286368342, 0.19888911655950497, 0.30408762098589304, 0.2212462131547679, 0.26285873947675586, 0.2548603460868873, 0.24270650085033574, 0.27923778763777046, 0.25573084472785007, 0.28997338470980344], "nmi_repr": [0.2557159184238357, 0.24559819525780793, 0.25133319550127114, 0.24739607072783484, 0.28437495912266936, 0.320870682724797, 0.26946331980173094, 0.2629669907371608, 0.28231674249511796, 0.28682264922478123], "mi_td": [1.295924080089181, 1.1914284920179885, 1.3689176643385772, 1.2189417033175007, 1.2441040117758095, 1.2741797665293895, 1.2894652056318094, 1.2926546255412015, 1.2850076155435686, 1.2678658461828547], "nmi_td": [0.22656402641084147, 0.2124284889244516, 0.2371758061037231, 0.21582495945370564, 0.22286446204448648, 0.22645405536868654, 0.22731857340643202, 0.227344056067682, 0.22753469117703684, 0.2233098550751307], "mi_tw": [1.7235051904168042, 1.6875502769042923, 1.7971841470837437, 1.7447469403674432, 1.6642929334145677, 1.641742002223697, 1.6491721511271378, 1.7589008678960114, 1.7079692805042221, 1.7444134958695834], "nmi_tw": [0.3704095598947631, 0.371569679058836, 0.38198852443948544, 0.38087469206890595, 0.36858117093743575, 0.3600525763624832, 0.3580819329874706, 0.38079975811574845, 0.3728707477986338, 0.378342113921295], "coh": [-2.459160123933486, -2.636071462949766, -2.5100809947229235, -2.675077523379421, -2.6713050498843063, -2.689070559790968, -2.7546168039570103, -2.622521521171283, -2.6276398463846573, -2.7073916700711855]}