{"p": 0.1, "p-emp": 0.09591500528975772, "t": [228.69800281524658, 238.66129183769226, 229.75020623207092, 232.79434967041016, 229.82764172554016, 231.02314853668213, 223.9171199798584, 227.73077607154846, 231.54153752326965, 232.3348982334137], "nmi_acc": [0.477143014589028, 0.4743571241573099, 0.48241919355751617, 0.48315430107421964, 0.4860881334488135, 0.4707922122240371, 0.4654190729412994, 0.4913567545254339, 0.4821774175003236, 0.46307220172106206], "nmi_repr": [0.4507659554178421, 0.44455483046551614, 0.4440297759553491, 0.44669125450677927, 0.4376131561357903, 0.4395494821454795, 0.4279198392291794, 0.44505767358567194, 0.4526163198602384, 0.4672018928488868], "mi_td": [1.740930137139062, 1.7383508267559065, 1.7226101860726413, 1.7443317513997572, 1.7408786302043457, 1.7208119305478287, 1.731854928021097, 1.7476035573023059, 1.7389768055267236, 1.731928953164423], "nmi_td": [0.2929254373330168, 0.29232277928525996, 0.290246116444841, 0.2933411641173596, 0.2926613065446029, 0.2893714256649278, 0.2906304234137907, 0.29390270011845876, 0.2927581664183797, 0.2915221375403825], "mi_tw": [1.7072507792358393, 1.7207525580398986, 1.7101108312150375, 1.7157800667816128, 1.703322343016688, 1.7156814338388022, 1.7320511758761086, 1.7125259283404901, 1.7057597100996607, 1.7127204175300876], "nmi_tw": [0.28721559159941384, 0.2893201228497922, 0.2880968584648981, 0.2884964852964778, 0.286304821424215, 0.28846549618786094, 0.2906199373824501, 0.28796041619925417, 0.2871230073464406, 0.2882457192102444], "coh": [-1.65802415391334, -1.7213762159185582, -1.710484273069468, -1.7718572198813352, -1.7702109360175182, -1.6859257912237644, -1.754775251216382, -1.7044718979849462, -1.7643996415099863, -1.6489341527217085]}