{"p": 0.1, "p-emp": 0.09493745036301882, "t": [124.29052782058716, 112.42728519439697, 114.70895576477051, 123.85979628562927, 118.70198774337769, 119.56651902198792, 113.44320225715637, 112.24240708351135, 114.48274230957031, 116.85422468185425], "nmi_acc": [0.19071781106420096, 0.05737379931558938, 0.07398750946927991, 0.15114234230421117, 0.04652554777029624, 0.05075124993236876, 0.09405111067876605, 0.06337186558169397, 0.04222625208633045, 0.09767510998097842], "nmi_repr": [0.17668686074670753, 0.18751555599199543, 0.2348544482250619, 0.20176870047469805, 0.2047729350063395, 0.23161911022638157, 0.2280691766264132, 0.21435808582964264, 0.22339625554682463, 0.2234995281999881], "mi_td": [0.5670564301652886, 0.5446746940323745, 0.5783359419620973, 0.6041521243373641, 0.6068930642514304, 0.5928971259476501, 0.5804085711031616, 0.5676050870757625, 0.5654671959055269, 0.5812592443158908], "nmi_td": [0.1100456513013139, 0.10878783955853773, 0.11591351576840449, 0.11752810357100421, 0.12068003691993365, 0.11962781700752873, 0.11566072685716078, 0.11475657939314506, 0.11403284135827184, 0.11590329432113716], "mi_tw": [1.716242816831171, 1.5247278146424608, 1.4857756136751525, 1.7270775980134645, 1.5528039169171755, 1.425759391143471, 1.5500053216183487, 1.4140364131969474, 1.4319749073921175, 1.5113020603001914], "nmi_tw": [0.3565274592675892, 0.3266609739306246, 0.3195058918770194, 0.35970701420572676, 0.331102519734682, 0.30880406214471695, 0.33126468812246945, 0.30693077717985023, 0.3099737784163136, 0.3232115625062908], "coh": [-2.031945655054668, -1.9944045681329647, -2.017776311597735, -2.0773692848789267, -2.1516359607008306, -2.1405056433870833, -2.022298673526507, -2.201029731281857, -2.1980833473138692, -2.1963233699480127]}