{"p": 0.4, "p-emp": 0.39911061794873237, "t": [90.01356673240662, 91.44619584083557, 90.08488368988037, 85.13277125358582, 96.3409674167633, 98.91273021697998, 92.91183280944824, 96.72687149047852, 97.49404120445251, 97.0113697052002], "nmi_acc": [0.2505359978660268, 0.2676948597795655, 0.2887049438515843, 0.2536407426069136, 0.3080549070530898, 0.27013548028391576, 0.2689713984541832, 0.26608939926825725, 0.29044577712482883, 0.2742039906663371], "nmi_repr": [0.17058338374978907, 0.1652226185242635, 0.17241109045371064, 0.17620281584001368, 0.1536746051658036, 0.18483570775744032, 0.20141923930473968, 0.1777236329146277, 0.17575931627171643, 0.17077615310468436], "mi_td": [0.8221134966042614, 0.9018772132311278, 0.9316649009399047, 0.819661314252783, 0.8379315480404355, 0.9551112011520553, 0.8615735567267611, 0.9154384746312517, 0.9541455055293235, 0.9536259726034512], "nmi_td": [0.1547662564999628, 0.168298999208255, 0.17602345971044092, 0.15552561859390068, 0.15853147167793757, 0.17961247058890878, 0.16456053317985397, 0.17105847148293657, 0.17841862315938, 0.17813204091112264], "mi_tw": [1.9498572868328368, 1.9867205510384895, 1.9053543006105655, 1.8850107085288856, 1.9008191067326492, 1.9432800127849998, 1.8095698201893131, 1.9846054778617714, 1.9683260360137897, 1.9666328950168939], "nmi_tw": [0.33931883321254475, 0.34294023138240043, 0.33268145574617913, 0.33043210865801564, 0.33231085108974673, 0.33784187374241487, 0.3191469420757565, 0.34299953142289297, 0.3404107240207482, 0.339783712105887], "coh": [-1.9966442556679538, -2.10081867665304, -2.089351423848268, -2.0245362050644253, -2.1468517941035485, -2.1678202162052, -2.01474695732919, -2.1629415445115416, -1.9686265966775571, -2.068264117211056]}