{"p": 0.2, "p-emp": 0.19850795463513593, "t": [140.5230634212494, 137.37893843650818, 139.7969512939453, 136.14900732040405, 136.7433521747589, 134.30640625953674, 136.52876830101013, 137.49391841888428, 136.16971802711487, 141.6854748725891], "nmi_acc": [0.17985919064282088, 0.1850171874627979, 0.18388554768037585, 0.16357909967008405, 0.15680123250448022, 0.18548993918439166, 0.15693780169050095, 0.1779409030437429, 0.19191713722372672, 0.17627857234120906], "nmi_repr": [0.2948653975377681, 0.30743705125889764, 0.294172235577383, 0.28690055340539844, 0.2741239938087566, 0.2930855830345473, 0.29229739234054214, 0.2846812637930726, 0.2967448999069266, 0.3041506307318488], "mi_td": [0.9078140458047145, 0.91537742277609, 0.9126019677855934, 0.9182238412966404, 0.9423888194943948, 0.9059693084944457, 0.9303280426380683, 0.9003248835209209, 0.910893669818205, 0.9189813254158365], "nmi_td": [0.16743204316493837, 0.16833965531127423, 0.1694598412704872, 0.17017581181990246, 0.17418874418982289, 0.16796884676986007, 0.1724339654367373, 0.16610366478271946, 0.16831558915591877, 0.16974962914600777], "mi_tw": [1.7707858196414974, 1.7797343195014745, 1.707474071456141, 1.733817393904242, 1.695595411323127, 1.7404932519536735, 1.713949476442821, 1.766308063291259, 1.7521959563234268, 1.7528034761146025], "nmi_tw": [0.31185048804255344, 0.3125623913689721, 0.3026529481860031, 0.306758053584354, 0.2992320149265986, 0.3080515663402287, 0.3032678505830816, 0.31115650356504576, 0.309130048461731, 0.30913220426806426], "coh": [-1.6764522282913252, -1.576206275977371, -1.766978572921627, -1.648612391059664, -1.782620447037526, -1.7437181235635066, -1.706146218211733, -1.6792861844205773, -1.70055419002843, -1.6768775164589118]}