{"p": 0.9, "p-emp": 0.8941260578713053, "t": [16.369863510131836, 16.60486674308777, 16.641298294067383, 16.624493837356567, 16.743462324142456, 16.59564208984375, 16.66565179824829, 16.663154125213623, 16.27406907081604, 16.673080682754517], "nmi_acc": [0.01965722088983513, 0.02008491447731783, 0.017645433687345627, 0.02025297439287981, 0.020284902214772364, 0.019222081678705007, 0.021175420033176795, 0.020465081128678324, 0.024127296670304707, 0.02123870277780323], "nmi_repr": [0.25026617167673754, 0.2580741954792615, 0.22496024757613864, 0.22292338409228024, 0.24948104288923956, 0.23641124662578406, 0.24400018812235114, 0.2572889089711065, 0.26619432582733366, 0.2585827271932041], "mi_td": [2.2158926872999434, 2.3128451521314375, 2.267501612222094, 2.1910476157529333, 2.270826581363079, 2.2652646854248966, 2.394083443974475, 2.266091589990567, 1.9253372863313296, 2.226405617569198], "nmi_td": [0.40319830133873774, 0.4163379145767684, 0.4102456424303103, 0.3989903941689539, 0.41083140752214903, 0.41027578890950195, 0.4288457302929046, 0.4099613821435313, 0.36052521794611775, 0.40319682437101173], "mi_tw": [0.0711435668845912, 0.07643489229817464, 0.0941090016517007, 0.07549625248968306, 0.07319040064246045, 0.08042823759824852, 0.06927937103182663, 0.0752472971100248, 0.07025234978924466, 0.08327401523881135], "nmi_tw": [0.03547418343011324, 0.03701581468104809, 0.046202206499350744, 0.03772561422265015, 0.03592860453896041, 0.03959961756878941, 0.03311102461911222, 0.03693504728719542, 0.0379725660548009, 0.040989442735538534], "coh": [-0.026589372023716862, -0.026170825330558832, -0.02682667206136712, -0.025336038316758368, -0.027461452989060924, -0.025448845291675987, -0.027026067790294726, -0.02698050238298269, -0.024185633967066095, -0.026644815048680305]}