{"p": 0.7000000000000001, "p-emp": 0.6999921144086652, "t": [51.48770356178284, 54.588534116744995, 52.2195782661438, 50.59235191345215, 54.531710386276245, 54.35133075714111, 53.87823176383972, 50.33327317237854, 50.85889434814453, 51.518712520599365], "nmi_acc": [0.3200886660313491, 0.314207482878231, 0.2991514845358555, 0.31577132873063923, 0.3175768668021789, 0.30100505395363203, 0.29702060319053586, 0.26476786306827843, 0.2809993160848629, 0.2970314891848382], "nmi_repr": [0.24034940796957568, 0.24616207512919472, 0.256471080101726, 0.26422702744857224, 0.23577597588402086, 0.21758399654415753, 0.23512317597408594, 0.21457091395790104, 0.22251647570305208, 0.21489543641759778], "mi_td": [1.5860121731063985, 1.6235124262600678, 1.6121216781406402, 1.4249100053786274, 1.5065192382025068, 1.5819350847176692, 1.608330843192857, 1.4961996019988204, 1.4995789477107528, 1.5885294963556102], "nmi_td": [0.28528173821905134, 0.29128266928791413, 0.28934373738136565, 0.260883449411704, 0.2723424151660165, 0.2837250529964272, 0.2884185808930771, 0.27038419590115315, 0.27107493055568493, 0.28514802193564404], "mi_tw": [2.3945669263284115, 2.4143074949493424, 2.4247760238324276, 2.265943660116428, 2.3672778611254057, 2.3967529158357372, 2.42058305509157, 2.360504605216004, 2.3504677414996733, 2.424456246692426], "nmi_tw": [0.3800360350548338, 0.3823069892500688, 0.3840874000255494, 0.3652803859598551, 0.37736698290268295, 0.3794115320694795, 0.383136254522593, 0.3761735618275498, 0.37467162906442, 0.3840826468415552], "coh": [-2.184211526289088, -2.2019832603832734, -2.214959915671106, -2.383617797476448, -2.211317717319492, -2.271966535511257, -2.0672160341943147, -2.367206238180331, -2.2412010050544757, -2.0539485310674257]}