{"p": 0.9, "p-emp": 0.8999986073005306, "t": [25.792407989501953, 25.690775394439697, 25.769198179244995, 25.43541193008423, 25.3890643119812, 25.215511083602905, 25.178410291671753, 25.784347534179688, 24.838670253753662, 25.788991928100586], "nmi_acc": [0.006493279029854872, 0.006687723906256261, 0.009570663795240563, 0.008223030478787235, 0.00800345469784021, 0.005617115068316923, 0.006959941919179196, 0.0055710021767654645, 0.0064913954517303, 0.007092659040589203], "nmi_repr": [0.0005739609620367067, 0.0005705333629992667, 0.000575109658427903, 0.0006761363874617079, 0.0004637950989265454, 0.0005737476128585832, 0.0005928317962270318, 0.0006415360368146237, 0.0005550353355555881, 0.0005913436021540935], "mi_td": [0.5827125741343879, 0.5807817787070746, 0.5855797436050564, 0.5817069679540838, 0.5845978745908695, 0.5844906825461816, 0.5831217868957632, 0.5850459292153561, 0.5857330791396266, 0.5794836858901318], "nmi_td": [0.10326790161034831, 0.10290401407848533, 0.10380083048808446, 0.10308420974784058, 0.10359924616658465, 0.10360527072031425, 0.10332842291658388, 0.10369459373545789, 0.10379578835858679, 0.10269618458214914], "mi_tw": [2.590265401795856, 2.591930776550875, 2.587037258274785, 2.5907384824321227, 2.59078418168919, 2.5871800448158093, 2.5914632478558683, 2.5884840747910762, 2.5910064213772563, 2.5909164514992344], "nmi_tw": [0.36608286071806967, 0.3662565968221201, 0.36569633577089256, 0.36613420179608797, 0.3661483810193697, 0.3657094515248614, 0.36621823755590854, 0.3658681816599524, 0.36616675645594293, 0.3661763074940315], "coh": [-0.8037195304715216, -0.7678716045302896, -0.7517966068022521, -0.7976890922394959, -0.8192837845977573, -0.7548216744172247, -0.8000296962488699, -0.7623901195700789, -0.8258678163957633, -0.7428615545852838]}