{"p": 0.4, "p-emp": 0.3824145680667347, "t": [137.99329328536987, 136.0765781402588, 137.83008694648743, 145.6614589691162, 138.9664933681488, 145.54617047309875, 135.87966918945312, 136.85724878311157, 142.78152871131897, 137.6863923072815], "nmi_acc": [0.31462720024556656, 0.2969173696611695, 0.29044138291182664, 0.29617713892758113, 0.288039838295638, 0.3131567469507248, 0.29183824444405687, 0.31253808946890277, 0.3002622532154037, 0.2994717266073531], "nmi_repr": [0.25722944607309245, 0.25385885787369344, 0.23946677366538607, 0.24119979837466785, 0.24299324681013532, 0.24575414162247808, 0.2511156780127638, 0.26382011262793914, 0.272796110937376, 0.25356140165610724], "mi_td": [1.3664670474060674, 1.2928675958304343, 1.3623497849858106, 1.3255093513473977, 1.3150392853011796, 1.3584841819241151, 1.3786942825924735, 1.406894733863387, 1.3956779446470153, 1.349226955799494], "nmi_td": [0.25067530325359955, 0.23740697959517837, 0.24883236261145258, 0.2427628993030605, 0.2412627829755546, 0.24819347070010786, 0.25193869166784316, 0.25781679175948286, 0.256478252215768, 0.24709422250328292], "mi_tw": [0.9253000947824929, 0.9799266222401505, 0.9464314772192639, 0.9610183429668887, 0.957913838367065, 0.9463011869220711, 0.9465292807000186, 0.9030827401498036, 0.8978188201297528, 0.9529678365519898], "nmi_tw": [0.1941005209219287, 0.20579082476653537, 0.19754589435683303, 0.20121516683231205, 0.20096266881469585, 0.19757979505718362, 0.19767481654501184, 0.18920930115604714, 0.1887095543176764, 0.19951805355608265], "coh": [-0.5471787896104844, -0.6086325484365547, -0.4995831261994529, -0.5478956196769377, -0.630954649495125, -0.45932829595808383, -0.44698365033966436, -0.49232984145754716, -0.46827242789921597, -0.5118812970797489]}