{"p": 0.6000000000000001, "p-emp": 0.599541337641417, "t": [26.685615301132202, 28.062857389450073, 26.668094873428345, 33.477328300476074, 27.80115246772766, 29.6818790435791, 30.311731815338135, 28.09805154800415, 30.181508541107178, 26.7386314868927], "nmi_acc": [0.031112902218285502, 0.02563399500396465, 0.02634686618073184, 0.0439952230413409, 0.029449473845658575, 0.040944433952574764, 0.026867395149547425, 0.032203226775161665, 0.025546169028039366, 0.02844268433941954], "nmi_repr": [0.11424515833804783, 0.10598717009121121, 0.0851108183143716, 0.06909852281756743, 0.09901728373172188, 0.10707608491631146, 0.07323678234723047, 0.1310601758860848, 0.07536769531149846, 0.14609558203720568], "mi_td": [0.14568247234284454, 0.14528529037056354, 0.11706150853636757, 0.24888490972151156, 0.2196282504873126, 0.17112017190386775, 0.21497601901486668, 0.2192432221267522, 0.2541446797708406, 0.13468460984861003], "nmi_td": [0.030167752711344448, 0.030657549613315606, 0.026371543654632432, 0.051212806394725544, 0.04598914897275817, 0.03580371753762016, 0.045320964305725846, 0.046124142647822414, 0.05231089187328374, 0.028045894432299427], "mi_tw": [1.0941347354710957, 0.876113024121155, 0.396582825213157, 0.8780953312712297, 0.8780965140526299, 0.8611470059504911, 0.8232622668639648, 0.8371536092531291, 0.9714217127629603, 1.080644687335396], "nmi_tw": [0.41097167547575336, 0.3406077621121924, 0.17453961239419816, 0.32605976545584997, 0.3365790871145123, 0.329609349784157, 0.3195094248800373, 0.323655036363815, 0.36091085529439265, 0.4100300359532763], "coh": [-0.6667800829853355, -0.5806439823524011, -0.6844064235220556, -0.5965623920336733, -0.5188865633063937, -0.5793589287690163, -0.6282298717464647, -0.534209377127278, -0.679487943082211, -0.4900474790393047]}