{"p": 0.5, "p-emp": 0.4998848717840084, "t": [54.86695694923401, 56.030893325805664, 58.27775502204895, 57.60828471183777, 55.730740547180176, 54.315648317337036, 58.7758526802063, 55.65096068382263, 54.011789083480835, 55.29530382156372], "nmi_acc": [0.31328702390107677, 0.2818629438603831, 0.3028954836903632, 0.3155614097278732, 0.27379663280240274, 0.29087545725880243, 0.2894299508346002, 0.29732947889458616, 0.27107717639510415, 0.2859223654151315], "nmi_repr": [0.2717875025713168, 0.2637311459688534, 0.2642365068604495, 0.2696356343191818, 0.2532948450665914, 0.25063252705553535, 0.24886627240855214, 0.25891284764502753, 0.2602709996363587, 0.2506483787875477], "mi_td": [1.8332799629663041, 1.865490805725937, 1.8249868127299447, 1.8221213749800793, 1.6487080206757514, 1.6473813965607997, 1.8517058859668323, 1.7940309177065403, 1.683360135839304, 1.8419794394920221], "nmi_td": [0.311954114785355, 0.31597783302107674, 0.3118232623293076, 0.31112643952526514, 0.28542520290478196, 0.2856860084760703, 0.3142372806403512, 0.3076654819552251, 0.2915099567068769, 0.31287547241621905], "mi_tw": [0.6434771697081096, 0.6537849104675155, 0.6398195672318082, 0.6235238364080983, 0.6496090873194765, 0.637014054859393, 0.6383249775183774, 0.6392022737336258, 0.6306888359458775, 0.6652277989081713], "nmi_tw": [0.15421086159629607, 0.15566995897398636, 0.15422615344414867, 0.15015703560967208, 0.15952011535698782, 0.15680910416634863, 0.15239404638737472, 0.15488089171866945, 0.15493865361188522, 0.1590233324922107], "coh": [-1.5273151517775214, -1.5536168167903281, -1.628305905360812, -1.496881181014172, -1.6912924374905978, -1.4420874232930567, -1.4159749210424621, -1.6125438317224519, -1.6389816451037351, -1.5589621244837173]}