{"p": 0.1, "p-emp": 0.09918219055531097, "t": [176.64100050926208, 180.18518257141113, 181.4820840358734, 179.81932497024536, 178.55187225341797, 178.48388624191284, 181.63593339920044, 179.93233132362366, 182.80332732200623, 179.03638553619385], "nmi_acc": [0.4714930183550031, 0.4826122912688495, 0.4841808259148062, 0.46656978107803254, 0.48688038779721315, 0.4672334074512681, 0.45814199753751905, 0.48760511494935654, 0.48744514008024653, 0.49655771361016054], "nmi_repr": [0.439993794546353, 0.4384552500748911, 0.44557066518082694, 0.41955692653319787, 0.42734966972281474, 0.4183803160998477, 0.41029164105503635, 0.4457513112055035, 0.4792600565653899, 0.49005888547459564], "mi_td": [1.7340561355883128, 1.719297194742625, 1.7622036532329626, 1.7356258041807462, 1.7464060127338845, 1.7071383699656706, 1.7388996761474584, 1.754530056571109, 1.758052304090893, 1.7642719448114605], "nmi_td": [0.2911933573561848, 0.28901871847714383, 0.2956997235115357, 0.2914530149897103, 0.2936515884720595, 0.28661776137623884, 0.29221743662693345, 0.29500870857608, 0.2957410633138886, 0.2963920143435972], "mi_tw": [1.7271419759807511, 1.7258406850749668, 1.7185405037002581, 1.7220524643855402, 1.7048866527905677, 1.7512060433273886, 1.7104274701021918, 1.7152621579120242, 1.709281785937059, 1.7110376215665064], "nmi_tw": [0.289588358718244, 0.2896741684447227, 0.2879319361045225, 0.2887311167485492, 0.28623090590028644, 0.29356650379494986, 0.28699249002229027, 0.2879641529310536, 0.2870959628882988, 0.28700865822440574], "coh": [-1.6528387939935345, -1.6520571047405095, -1.718466840510168, -1.7212944125159453, -1.6443636530213765, -1.6826159117008093, -1.601750001058144, -1.6966667334367405, -1.6815994774324152, -1.6684181444186532]}