{"p": 0.30000000000000004, "p-emp": 0.2989568489177026, "t": [149.7804889678955, 146.69949316978455, 149.86179161071777, 148.9412717819214, 152.81824207305908, 150.2133276462555, 149.2438223361969, 151.55660796165466, 148.2630114555359, 151.4247181415558], "nmi_acc": [0.28590013151128113, 0.2976920331263051, 0.29529235394620246, 0.2981691832399924, 0.3188392347318389, 0.30537025959890013, 0.3076025753439776, 0.3069893553627488, 0.3123713780800564, 0.3152813183265128], "nmi_repr": [0.3105365310945345, 0.3309858965461353, 0.3220658078177572, 0.3324630474480329, 0.31887761082472527, 0.3430490209837193, 0.31146428000220844, 0.3128013703860142, 0.30851989316981626, 0.30379950052945337], "mi_td": [1.1550382763723355, 1.1324147713974608, 1.2225852893723923, 1.1378713170852843, 1.2291323284512385, 1.231020276500558, 1.1963068864288227, 1.2355447797482313, 1.1434894710100725, 1.2072118537473822], "nmi_td": [0.21370579712348653, 0.20968184509479715, 0.22631390405239557, 0.21129339558068452, 0.22771910085300034, 0.2275607749179354, 0.22099545667258097, 0.22757264170848604, 0.21093413546199333, 0.2239643261931099], "mi_tw": [1.609238342584149, 1.6473472977182728, 1.5607744993633188, 1.634204006756112, 1.557250080186018, 1.5575211470570367, 1.5856068008988116, 1.5565604129409039, 1.6368915921686507, 1.5381579555788165], "nmi_tw": [0.28463954813779974, 0.29159538756509085, 0.27619628715850847, 0.2900578681248239, 0.27579636886655345, 0.27525685760004764, 0.28004063345754326, 0.27413752017719767, 0.2887000864761948, 0.27277178263697566], "coh": [-1.1012402815611586, -1.2059366910374858, -1.1414410641712918, -1.22288950742739, -1.1445070976128968, -1.1381250411508785, -1.0637075440266197, -1.092184687760747, -1.1928051833914424, -1.0828925587507352]}