{"p": 0.7000000000000001, "p-emp": 0.6964145696445885, "t": [53.09974217414856, 55.40385842323303, 52.64730978012085, 54.230082273483276, 49.281445026397705, 55.35757279396057, 55.260024070739746, 52.7339608669281, 54.36160397529602, 55.25723648071289], "nmi_acc": [0.15725239147148573, 0.16016945313792044, 0.15973524751499296, 0.14138588206035127, 0.17664584415882983, 0.1752395585175905, 0.14656096025103338, 0.16558959144170043, 0.16762643505897865, 0.1274521858753442], "nmi_repr": [0.17578546769005785, 0.13718288239874926, 0.14222839174172827, 0.16198073827196008, 0.1723993672063863, 0.1774240747062431, 0.1475178577648754, 0.15239847305852225, 0.1521384662582761, 0.14174575227260003], "mi_td": [1.1177134475493211, 1.2749902011159522, 1.2894948013488556, 1.1483374003388847, 1.0627958953029726, 1.277811969870168, 1.159136011926663, 1.1549050205259432, 1.3223514622697081, 1.2484606709374468], "nmi_td": [0.20478893269360984, 0.22784996957055167, 0.23066293142948646, 0.20908112766972015, 0.19672596754312877, 0.22900925497922175, 0.21058140730364036, 0.21046758889257913, 0.2354971689693486, 0.2241530556506017], "mi_tw": [0.9507744555478044, 1.0040412583159188, 1.0380335377351628, 0.9708105766087538, 0.9690817679286017, 1.0371820116161268, 0.9689453080950535, 0.9749071968075875, 1.0321606545307416, 0.9907960713088881], "nmi_tw": [0.21653048809304432, 0.2217007108765943, 0.2294780111398061, 0.21937363890041, 0.22352314357335054, 0.22983069756684413, 0.21835263868247137, 0.22054733007869518, 0.22693740182885574, 0.22004248768469115], "coh": [-2.652565685099684, -2.6723169146284538, -2.65873850252061, -2.695408466876227, -2.8547892956096685, -2.7559376342814526, -2.8686660293049107, -2.8382290882239487, -2.507121419105647, -2.6738155957450322]}