{"p": 0.7000000000000001, "p-emp": 0.6993329931678312, "t": [64.8990843296051, 63.826963901519775, 64.17812013626099, 64.86885619163513, 65.14033842086792, 65.44077062606812, 64.3768470287323, 66.19661831855774, 65.4627788066864, 65.1908688545227], "nmi_acc": [0.44129158738424573, 0.43003992102737176, 0.44793584580665874, 0.4251325980691131, 0.45474470793358773, 0.4414802503869421, 0.43930907520564894, 0.4328670921733258, 0.41011787466591826, 0.43317471107629674], "nmi_repr": [0.4510795855915048, 0.4290592382322738, 0.4194612603987858, 0.4162654766502705, 0.4185145496246274, 0.41744881339483414, 0.4208781464880534, 0.4271121930180019, 0.40872460813060685, 0.4020750461904602], "mi_td": [2.2484474075839627, 2.22548214060746, 2.2367254827135485, 2.242418873763513, 2.232199895984121, 2.2356818920471455, 2.2301399927860395, 2.2274016008544644, 2.227316050743178, 2.2210483242323735], "nmi_td": [0.37695854680984264, 0.37393729636049594, 0.3757128858025894, 0.3763425312878228, 0.37464554698547803, 0.3748820666130119, 0.3747405780550204, 0.3743602379150435, 0.37370159596183034, 0.3728097128661187], "mi_tw": [2.316021118282728, 2.294065648009441, 2.2974163909362075, 2.297945065405365, 2.3112740305254977, 2.316061770688136, 2.2965285279459704, 2.2956119789907037, 2.3030257861609513, 2.307128789253612], "nmi_tw": [0.3393149042308979, 0.3367506124271332, 0.3371534343546831, 0.33697545052468614, 0.338944309952678, 0.33937124865028834, 0.3371283692473136, 0.3370565924403139, 0.33763662344411327, 0.3383648168277546], "coh": [-2.6283036955786736, -2.60416984378315, -2.701548674776934, -2.624027064929869, -2.6421385266196316, -2.7082057849226313, -2.6391784908929923, -2.607551824393395, -2.732490103292761, -2.686037780866647]}