{"p": 0.2, "p-emp": 0.19998792993793202, "t": [39.79361295700073, 44.579206466674805, 41.93647122383118, 45.07723522186279, 40.51743984222412, 47.48845958709717, 42.50095868110657, 40.13908362388611, 40.234524726867676, 40.838271379470825], "nmi_acc": [0.12006701320622946, 0.12090338876555094, 0.11754033213496023, 0.14459258547361628, 0.14397673573311287, 0.1158158698492025, 0.10124463593763255, 0.13680954172323434, 0.14041041265580514, 0.14258878308532402], "nmi_repr": [0.1431419334963314, 0.12819600988806673, 0.1302199881912254, 0.15005485354599196, 0.13746005814563797, 0.1300685095596778, 0.12486285253617217, 0.11171653342856006, 0.11863317997064911, 0.14686507319817105], "mi_td": [0.9985088002176942, 1.2114684895576924, 0.9854438024700216, 1.0212122193430928, 1.1785824383895103, 0.6702811857616959, 1.1375119613216698, 1.2283663700393828, 1.1347384195871268, 1.0753810357657003], "nmi_td": [0.19808047102303278, 0.23231619266128312, 0.19542675045166155, 0.2021828736160425, 0.2267447684331206, 0.14039518572505982, 0.22018242272486582, 0.23366345593990084, 0.21985236745091719, 0.21034115961631022], "mi_tw": [0.25115622190036596, 0.28933588517515796, 0.2679582052579733, 0.2736090341501569, 0.2799579317366937, 0.20863732895357912, 0.2697349029743038, 0.28637358649130873, 0.2863769882950278, 0.2952467314992868], "nmi_tw": [0.05928518286720367, 0.06560573057888308, 0.06322743133438453, 0.0644329272740284, 0.06372354114379412, 0.05255706836801041, 0.061841576234605, 0.06431787696571097, 0.06573030748102644, 0.06853389858475278], "coh": [-0.9480975212452423, -1.1574399422071104, -1.0495563811585986, -1.0576790622627414, -0.9598396947918898, -1.4337035129797933, -0.8674855939300936, -0.9965657050015819, -0.9489135157438152, -0.8259614637415174]}