{"p": 0.8, "p-emp": 0.7999992631794177, "t": [54.01032376289368, 54.19053339958191, 51.51090908050537, 54.58213782310486, 49.89036703109741, 53.79450178146362, 50.05807423591614, 54.79082989692688, 50.47916865348816, 54.570786476135254], "nmi_acc": [0.45573459608947786, 0.4728384223642139, 0.467712602566102, 0.397645936257052, 0.4281304564671833, 0.4256689072034129, 0.4383637753720043, 0.4207034028751931, 0.4128494335709255, 0.43819977957440104], "nmi_repr": [0.47558324412902253, 0.48196645437437446, 0.49104783715866496, 0.4325283690124015, 0.4381692018374234, 0.4625009731322514, 0.43641775756757917, 0.43718804405932166, 0.42633898628860817, 0.43869623036851046], "mi_td": [2.6395623492488256, 2.6172895485221335, 2.6361553828463196, 2.6018377145415204, 2.6074334962332184, 2.6204408540754716, 2.6323667545968825, 2.6155215375457246, 2.615039848631602, 2.6307433644357454], "nmi_td": [0.44107162715531234, 0.4383426907619305, 0.4404437120698599, 0.4352183843921899, 0.4365635334516156, 0.43818035043061204, 0.4398128969287295, 0.4371516239161602, 0.43708694715927754, 0.4397352958879964], "mi_tw": [2.5455936873321496, 2.5376160244404633, 2.552183572746522, 2.5372028343870987, 2.5289154913020395, 2.5432413468764543, 2.5415902352905007, 2.5418002027065048, 2.5284527056761497, 2.5362101850244154], "nmi_tw": [0.40049188199610414, 0.4000899887103771, 0.4014783518184753, 0.39956121938486727, 0.3986078052511685, 0.4003832659887776, 0.3998138044695047, 0.3999788160082246, 0.39789201670693175, 0.39913295335877363], "coh": [-2.802011598695653, -2.684179356723309, -2.7941937993692934, -2.8542308214094203, -2.8382434692085567, -3.002667623749829, -2.85005945636496, -2.7677035773965764, -2.9518906507443505, -2.96282357751315]}