{"p": 0.2, "p-emp": 0.1999909878956173, "t": [46.962462425231934, 43.7323431968689, 44.10801362991333, 44.04740524291992, 43.476197957992554, 46.366615533828735, 47.25397443771362, 45.12792754173279, 44.133851289749146, 45.03374791145325], "nmi_acc": [0.2114325336322176, 0.24443406207701257, 0.2537163867443778, 0.21118791754566313, 0.23775139375037116, 0.18779284750006248, 0.2125571207116964, 0.25357644330089346, 0.19814758360677917, 0.23909382461386033], "nmi_repr": [0.16321897513310282, 0.16983374664567139, 0.1963153818726605, 0.20556983033364554, 0.1947036570814432, 0.15534740533083533, 0.1435600848249772, 0.16972569456509773, 0.15386745670039592, 0.17091870856221603], "mi_td": [1.4440063934135632, 1.545959503007004, 1.5323318212543224, 1.6016141106531712, 1.5241524353210185, 1.397468613226305, 1.5882062476277092, 1.450510231753205, 1.604472280178916, 1.4818620690122328], "nmi_td": [0.2726899523936507, 0.29024125217321267, 0.29094583654723, 0.29905087532949864, 0.2872882794677821, 0.26452999163697616, 0.2964779595902269, 0.27568287515585255, 0.29740943418604454, 0.2833280244486814], "mi_tw": [0.21957348233772203, 0.2307599318112044, 0.22612855769561885, 0.22402690567476596, 0.22081493561162582, 0.20526984397671014, 0.225837467826205, 0.20768601583159496, 0.2187354966944835, 0.21751753845924904], "nmi_tw": [0.05098954228105311, 0.05320365890501588, 0.05286396138069694, 0.05130596692697586, 0.05116031222063781, 0.047807585155502284, 0.05170576679660639, 0.048611680217598416, 0.04964877908605671, 0.051288845857265765], "coh": [-0.6443090578489504, -0.3559803663728154, -0.5264034382325208, -0.6636898837505983, -0.7059508986173948, -0.6730513163047045, -0.39727159225700537, -0.6564259138645688, -0.23502802002337436, -0.7060783329448852]}