{"p": 0.2, "p-emp": 0.199991526563303, "t": [125.05446672439575, 129.17879390716553, 150.47954440116882, 140.02446174621582, 130.15607714653015, 110.35767269134521, 143.84243631362915, 140.88893389701843, 130.85111665725708, 112.36600279808044], "nmi_acc": [0.39204775252675905, 0.40711691422713336, 0.4008617859238656, 0.3574312631403188, 0.359584512299225, 0.367973874057521, 0.37687284255634546, 0.39907779625685913, 0.41393696508174876, 0.29216955885234325], "nmi_repr": [0.2558564084545663, 0.2688050903573787, 0.26111663134833935, 0.2721908575884689, 0.27274984163210503, 0.24826659572546966, 0.2745623315662847, 0.27397681187093154, 0.2899757866450278, 0.22296619731984646], "mi_td": [0.8622303069646505, 0.8886680247654953, 0.9744234102724212, 0.9628446595815134, 0.8751710768360332, 0.7824591573643355, 0.9074582264963065, 0.9557082302390171, 1.065745913425661, 0.5896224911054702], "nmi_td": [0.1533812184083697, 0.15785870178168288, 0.17063424425903173, 0.17090157082827293, 0.15619905284828486, 0.14166607207067727, 0.1616532712419314, 0.16816258444692986, 0.18762025586337247, 0.10777244310117315], "mi_tw": [1.554028394611835, 1.4417173776065801, 1.543982441519996, 1.5130065824616785, 1.437768347253445, 1.3771188896742268, 1.5122214407415788, 1.4931349462314274, 1.4838291269344008, 1.430399334782881], "nmi_tw": [0.32470863973318864, 0.30073706672358463, 0.31671253863983284, 0.3153184730898661, 0.30158632526161816, 0.29377313670696126, 0.316494120629813, 0.3080108336058481, 0.3062746844610571, 0.30857992687164676], "coh": [-2.1506043527790903, -1.8448910823416413, -2.3394122118096394, -2.225311217721123, -2.2946074420971523, -2.1171263399065965, -2.35813542594513, -2.1673855336548056, -2.3042291603637417, -2.175396944015397]}