{"p": 0.9, "p-emp": 0.8990697026130728, "t": [28.465054512023926, 27.714641094207764, 27.29401397705078, 27.054154634475708, 26.903308629989624, 27.47944736480713, 27.082494020462036, 27.001939296722412, 26.464847326278687, 27.21547555923462], "nmi_acc": [0.3495464581382127, 0.34783731441301957, 0.34713629349646236, 0.35118495520034027, 0.34484788881470746, 0.3524445415488585, 0.3475598025698367, 0.3480482963315939, 0.35640359903387214, 0.35800334216360574], "nmi_repr": [0.4390917432992826, 0.43787808026395725, 0.4249254466985638, 0.432627264258142, 0.43496655385795435, 0.44020134643480313, 0.4435311545382766, 0.45938472942494085, 0.44828136083376446, 0.4464887153081208], "mi_td": [2.2479237845126825, 2.2851473113792875, 2.217431306796363, 2.2371120056100153, 2.2428200338066917, 2.2361045423634325, 2.2787064810246207, 2.255945000439783, 2.234289777162146, 2.21133676225714], "nmi_td": [0.3787450384603936, 0.38388755420137805, 0.3737592054627723, 0.3777323275701685, 0.3785883042369864, 0.3770739391207222, 0.3832384671231197, 0.3802509553425325, 0.37719302589590326, 0.374706751560713], "mi_tw": [1.3367976281507459, 1.3314861991082612, 1.3609722647007607, 1.324297664125827, 1.3240091518925143, 1.3436912582835912, 1.3267743847777425, 1.327262395388265, 1.3290028658633948, 1.3089732340498774], "nmi_tw": [0.29224792980205533, 0.28998004056245963, 0.29768975652518476, 0.2903219403947444, 0.29015140820102436, 0.2940791122140744, 0.2893776583377768, 0.29031636280706274, 0.2912905066861533, 0.28828750900465044], "coh": [-2.415492486861228, -2.3850075822237384, -2.4090361913835068, -2.42170596878071, -2.322045232504016, -2.379562298648886, -2.4698261797189742, -2.4466177822673325, -2.391123333082189, -2.325242209017805]}