{"p": 0.0, "p-emp": 0.0, "t": [84.64188313484192, 84.49259328842163, 84.54809188842773, 86.91740155220032, 84.46501445770264, 83.27446007728577, 84.98334550857544, 85.67431020736694, 86.28599286079407, 84.6187949180603], "nmi_acc": [0.09339763116402124, 0.06834922018217561, 0.07347586351330151, 0.0715653649971768, 0.07223576408384516, 0.07912563048301315, 0.06414356570629696, 0.06867022535576066, 0.0705666748788221, 0.07293274915605849], "nmi_repr": [0.08249982646559663, 0.06749432035220831, 0.07873345931349582, 0.0988927579347347, 0.09708485235531154, 0.09816908764007617, 0.12131752950445451, 0.09705482703348556, 0.09126685089098471, 0.10064051060353657], "mi_td": [1.175595775161854, 1.1396122877985158, 0.9107533338685792, 1.0206336495248456, 1.09649174388001, 0.9030119025221369, 0.7383228648224223, 1.1744153265019333, 1.0376705564710038, 0.7306544921992264], "nmi_td": [0.2255411190067868, 0.21966807153508264, 0.18272266605532178, 0.20092138738530477, 0.21304850794061897, 0.1812648732008377, 0.15303653359561908, 0.22559600016358666, 0.20332547414191898, 0.15138522620462389], "mi_tw": [0.5772690652036657, 0.5639986881122633, 0.4844391129590336, 0.5257414361374763, 0.5364461133722551, 0.508602782839665, 0.4655781659087129, 0.5578544237381552, 0.5369598292700203, 0.4467166579229812], "nmi_tw": [0.11348203481575526, 0.11140880325910768, 0.09970161091217361, 0.10611804212439126, 0.10683585155286, 0.10473121277542678, 0.09907964772253501, 0.10980574346092314, 0.10786578313905593, 0.09502587890452964], "coh": [-0.5933946053318202, -0.6467842832248553, -1.10073173842965, -1.1786747135836104, -1.0366748511987487, -1.2500068439524943, -1.0485112620889954, -0.9073812057369214, -0.9073795966444802, -0.6886206570011901]}