{"p": 0.8, "p-emp": 0.7992182333621307, "t": [29.57658553123474, 29.108441591262817, 27.278812646865845, 29.228585720062256, 27.78996515274048, 27.802833080291748, 30.849870681762695, 31.57827877998352, 30.374210834503174, 27.120190620422363], "nmi_acc": [0.3664301036859244, 0.38450051403796753, 0.3997487377581554, 0.3979190140087567, 0.38032850641356036, 0.3644271339137123, 0.37795189454130257, 0.3789691441140389, 0.3837175672280372, 0.3915562085293526], "nmi_repr": [0.3495282375106478, 0.35552420286954683, 0.35198146702809185, 0.3392068840554667, 0.33524648782854416, 0.31505826185558244, 0.3320422043640039, 0.3364606425688008, 0.34032271608189896, 0.3587744697098284], "mi_td": [1.5509954392094536, 1.5040461459675456, 1.409762886327636, 1.6156504863035244, 1.6353991834211545, 1.4361400100155162, 1.6664747836843337, 1.6842285111761275, 1.5381478102912258, 1.467693685150457], "nmi_td": [0.26644765335119486, 0.2599743650362481, 0.24598560519063709, 0.276635402577742, 0.27909886322568334, 0.2496680085467366, 0.28342066669788496, 0.28595970366689555, 0.26517483775162476, 0.25504902943224594], "mi_tw": [1.5835359847417172, 1.5520383805033624, 1.496056201144512, 1.5679826345596437, 1.58101620292199, 1.5098272605369067, 1.620196967034514, 1.6261323493866633, 1.5537508725614844, 1.4850834457594213], "nmi_tw": [0.33030609050022625, 0.3261614924838541, 0.3180248122314901, 0.3257472964659006, 0.3271494728181352, 0.319517699054072, 0.3338549474418502, 0.3343973766464923, 0.32548570727938875, 0.31412464147944963], "coh": [-2.6321472614509593, -2.688271852691661, -2.9244512363016386, -2.5834132979681055, -2.606375494569669, -2.799703695808006, -2.731089388350037, -2.7217436825796546, -2.6688453818798137, -2.639927473295304]}