{"p": 0.9, "p-emp": 0.2833345306667796, "t": [140.97800278663635, 140.62105703353882, 140.6893494129181, 140.7046604156494, 139.8181083202362, 131.03942608833313, 142.75456476211548, 141.26503109931946, 141.40471005439758, 141.23577070236206], "nmi_acc": [0.26363691229515096, 0.2302088238739069, 0.2890792397530025, 0.33045490093265556, 0.2613406478291794, 0.25712305652232686, 0.26959373546857796, 0.25190371265996075, 0.28687404730137317, 0.23902836979389508], "nmi_repr": [0.1213899079502093, 0.10866662428719519, 0.12208942856051726, 0.14824571934639677, 0.14247447979543476, 0.13151727551409692, 0.1262176439531505, 0.12433650125312118, 0.11806425605491572, 0.1218136207213452], "mi_td": [1.6770811695298204, 1.67125967256584, 1.7051622271395548, 1.6840955813056429, 1.6608125636379325, 1.6619728545568746, 1.6708388951059079, 1.6724381084633884, 1.702507803116221, 1.6181799950225384], "nmi_td": [0.2800171155792516, 0.2797188665591235, 0.28476936913869094, 0.28236178791889643, 0.2782142805191655, 0.2787984469673079, 0.2803143492425167, 0.2797336105756141, 0.2844736635369691, 0.27269758567319907], "mi_tw": [1.4889681532883783, 1.471940033629805, 1.5050340139722072, 1.5293218927142984, 1.5050939539051613, 1.492599112285822, 1.496556699276383, 1.4735571473061897, 1.5082383859999542, 1.4525351012973067], "nmi_tw": [0.24030737499273697, 0.23811355958686167, 0.24295276076387073, 0.2478156752398223, 0.2436833386185072, 0.24198735035661703, 0.24265290935504868, 0.23822494728163846, 0.24359219510937624, 0.2365360456525238], "coh": [-2.07321776540876, -2.1189951288557687, -2.0220405765047103, -2.0692123766515844, -2.0699983941458884, -2.100956532288398, -1.8850592217368038, -2.0887573923255927, -2.1370554099657686, -2.2054946999692]}