{"p": 0.6000000000000001, "p-emp": 0.5991696032036959, "t": [86.16404390335083, 86.77250123023987, 86.84159517288208, 85.10166525840759, 88.4552071094513, 88.35841178894043, 86.89520215988159, 85.76150012016296, 87.01199173927307, 87.07487940788269], "nmi_acc": [0.5403512193264391, 0.5262254401544795, 0.5308362778572036, 0.5309593391163989, 0.5333857332248428, 0.5289496840675801, 0.5221974874792626, 0.5149283847370683, 0.5411874535906154, 0.5438139231810862], "nmi_repr": [0.5211511503111782, 0.5478062316959171, 0.5349094827014103, 0.5737880860350146, 0.5346966386109938, 0.5217855542232572, 0.5551304987239797, 0.5254509856014934, 0.5204010705153895, 0.544805951844324], "mi_td": [2.2912785561901, 2.2766150039859983, 2.27424257411023, 2.2829572005338648, 2.300444119831757, 2.2763432212715133, 2.268411878819504, 2.286539057761312, 2.2853089926826438, 2.30845067664838], "nmi_td": [0.3824892550287352, 0.3799648951914748, 0.3797454439581356, 0.38101477770477415, 0.38360680042443046, 0.3796556601849087, 0.37849649415421893, 0.3808862965332997, 0.3821364695326429, 0.38427566393512524], "mi_tw": [1.8028896782421837, 1.8178447947160132, 1.8241244715584537, 1.8197148693241914, 1.806765360995129, 1.8160405750554243, 1.8258891279307612, 1.8213092396678658, 1.7929016571235297, 1.8251870397382037], "nmi_tw": [0.325771800441434, 0.3284025029269259, 0.3297028329064231, 0.32873228702425206, 0.32609256535853, 0.32782992824051327, 0.3297620992125408, 0.3283426244100952, 0.3245588313242937, 0.3288003721236388], "coh": [-1.9910253361241839, -1.9859802582215071, -1.937242193709413, -1.9022135726624327, -2.0209581418583573, -1.9816352632227776, -2.0221932973519317, -2.008298168472197, -2.0444107348869, -1.8275318891554613]}