{"p": 0.1, "p-emp": 0.08957017894659769, "t": [59.60399603843689, 59.940860986709595, 59.48504018783569, 60.045841693878174, 60.932536602020264, 59.885700702667236, 59.731647968292236, 60.168076038360596, 59.805309772491455, 59.41001772880554], "nmi_acc": [0.17504152127437222, 0.17367780204881364, 0.14373392466104154, 0.14403181904077927, 0.16188234157829479, 0.143900858505569, 0.1250105133837786, 0.15555941493166717, 0.1146689911532852, 0.1554983920688732], "nmi_repr": [0.10145367627575495, 0.12072550759717024, 0.10154456534742717, 0.06976356247611629, 0.07294955227361212, 0.08000007095372104, 0.075159568038691, 0.08195745080378224, 0.08532434806541536, 0.08365104593482077], "mi_td": [1.4487875620494843, 1.3770054120002966, 1.4702888833933936, 1.410563963104645, 1.2511845975891793, 1.4030226945155206, 1.162770334451367, 1.5183631207010677, 1.1243463406432916, 1.3431385198068257], "nmi_td": [0.27977375631227874, 0.27082364627623234, 0.2832689493630261, 0.27365620943872015, 0.2485413261562909, 0.2737082183102293, 0.23367897240913282, 0.29110791045552287, 0.22814240595158536, 0.2641212473299881], "mi_tw": [0.38870346567064346, 0.3826700889728401, 0.37580690261087685, 0.36397695887369774, 0.3304210808090315, 0.3640288618849241, 0.32023662056818997, 0.388810713567974, 0.3159518526073538, 0.35877019614028177], "nmi_tw": [0.07765145493659158, 0.07790784345238738, 0.0748954285210859, 0.07306087127037514, 0.06796785781761121, 0.0734921899298267, 0.0666708059150845, 0.07709711734255284, 0.06643804819818572, 0.07303015469024443], "coh": [-0.4948780769897578, -0.3480450639158261, -0.1950410681394849, -0.32804292852072203, -0.5710647900696207, -0.46332877487878477, -0.5251888639887732, -0.4242365060047314, -0.4152342856542776, -0.24993364774253113]}