{"p": 0.5, "p-emp": 0.4998922399898319, "t": [125.8843002319336, 125.81514358520508, 125.88399863243103, 126.68859028816223, 127.25335502624512, 127.11716365814209, 124.25996446609497, 127.33312487602234, 125.34236145019531, 123.55014562606812], "nmi_acc": [0.5285421578208084, 0.5300975755639002, 0.5367631453040834, 0.5321069961903392, 0.5281517746477612, 0.5158632639276812, 0.5274375120426006, 0.5153236805598511, 0.5315741007978875, 0.5260520709360395], "nmi_repr": [0.5289120471839559, 0.5385306043777938, 0.5202842576153077, 0.4968117906187925, 0.5127634436020593, 0.4775485764943835, 0.5175627400914959, 0.4954846853783718, 0.5199774258234378, 0.5412024618160908], "mi_td": [2.1364057630946385, 2.12647328532379, 2.1362175109193617, 2.129807497057545, 2.134689144302169, 2.1124537913644197, 2.104680037460735, 2.115885311554168, 2.150864295368569, 2.135860174088366], "nmi_td": [0.3571260090021673, 0.35539649627877357, 0.35683676390217933, 0.35573902072876873, 0.3559709844365578, 0.35324417174093864, 0.3521734365863995, 0.35423728406144867, 0.35897861196325226, 0.35651375122450724], "mi_tw": [2.196007269721792, 2.2039299643701513, 2.1978905774295696, 2.199679186261133, 2.213762197407678, 2.195685377284582, 2.2002915665187577, 2.178078034218008, 2.2038253606808924, 2.2160174613358015], "nmi_tw": [0.3403603087852444, 0.3415266125414122, 0.34042418963354254, 0.34067724123739124, 0.34233811443578516, 0.3404194499315083, 0.341339554593096, 0.3380606057016529, 0.3410749083301722, 0.3429968992419571], "coh": [-2.2759792467201194, -2.3169882078639668, -2.349277956800511, -2.3315133747285643, -2.400672767013371, -2.268972180947094, -2.3252739073016455, -2.359763510985233, -2.175696066026883, -2.275220692254686]}