{"p": 0.6000000000000001, "p-emp": 0.599870943182504, "t": [39.14992380142212, 38.66977381706238, 40.15589952468872, 39.87007188796997, 39.835312366485596, 40.83250141143799, 38.331016540527344, 41.04475522041321, 39.904285192489624, 39.48734664916992], "nmi_acc": [0.08546451105731617, 0.04367328136668739, 0.05857182727772453, 0.04540181034132224, 0.05551582098643252, 0.047008965597212786, 0.044723352310977814, 0.05121726561665886, 0.04169438888765271, 0.0404539663154775], "nmi_repr": [0.05321922812610442, 0.06182872468931453, 0.05777890928298798, 0.050192080372550435, 0.04505318307864333, 0.0484348169776748, 0.06229042132330115, 0.0684554369743378, 0.04108946745077595, 0.03995143133230034], "mi_td": [1.2878929039805556, 1.1352031326548007, 1.412940094539924, 1.144565833674594, 1.1854012155575464, 1.1389590893377237, 1.050997099973228, 1.1869949491319491, 1.493823000912271, 1.3279223867770005], "nmi_td": [0.24608859103043412, 0.22194982232881563, 0.26463533002000644, 0.22246447881857892, 0.22960019665427375, 0.22215381964865732, 0.2078630608368341, 0.22993016632955426, 0.2768260261685862, 0.2514720377390833], "mi_tw": [0.7467651927023958, 0.6896129324813687, 0.761776973691694, 0.6946183923754357, 0.6955775558034888, 0.6733920921925635, 0.6707976124745871, 0.6902983720669856, 0.7700478906347207, 0.7579900680860583], "nmi_tw": [0.15305841534898326, 0.14487098005664212, 0.15282303578195633, 0.14500093933774919, 0.1446589574861821, 0.1411014352482148, 0.14267121154142537, 0.1435753152469403, 0.15273409032790455, 0.15387225285360268], "coh": [-0.9734124606338446, -0.9006809964355625, -1.048155039167768, -0.9879661498270751, -0.8929368086842049, -1.0774834063296839, -1.260073641066285, -1.0381062923288193, -0.7998669966185344, -0.9208330945198651]}