{"p": 0.6000000000000001, "p-emp": 0.599541337641417, "t": [32.706756591796875, 29.901078939437866, 30.26394772529602, 29.875022411346436, 30.015047311782837, 30.95331621170044, 29.22786521911621, 29.970277309417725, 29.754312753677368, 30.750654220581055], "nmi_acc": [0.06472925913188561, 0.04987486397496259, 0.04979008072035403, 0.05636777507436924, 0.058952192371226765, 0.055738401837977285, 0.058982830087645495, 0.059414028143712924, 0.048813648808502724, 0.05178479734257838], "nmi_repr": [0.14399470570502387, 0.14974060330510292, 0.12907648899943425, 0.12322083028814212, 0.1349776088432848, 0.13824775676287873, 0.13260090649827116, 0.14528294010262355, 0.1424356402405999, 0.13945402915225263], "mi_td": [1.5709246894961686, 1.7897566805567564, 1.7299828996631292, 1.6484626407557403, 1.6782064459823662, 1.5170715354691033, 1.7581931339839034, 1.740078748517, 1.6601096788324021, 1.7238568393097786], "nmi_td": [0.2869880072466413, 0.31949999016027825, 0.3096368365817351, 0.29756514605032874, 0.3027431191026785, 0.2768289780503376, 0.315347422925103, 0.311456359749731, 0.29952539671167877, 0.3084711478515685], "mi_tw": [0.1793110739377867, 0.19415037542823027, 0.1914777379433035, 0.20344831732744897, 0.1951891121363141, 0.1975008841837162, 0.19071173071969388, 0.21066386782934737, 0.18811058873738135, 0.20004512325023532], "nmi_tw": [0.05422058577118225, 0.05652162798599253, 0.055981623618945174, 0.06031547080770794, 0.05780696900670295, 0.05960656114570417, 0.05594936636429408, 0.061595051621734814, 0.055724919798638126, 0.058465004112799535], "coh": [-0.3505759418164212, -0.257239296139028, -0.31479779694494303, -0.29002146134927037, -0.31975211562803707, -0.28841774230269296, -0.27113057484391895, -0.2917022474627255, -0.3044310082595137, -0.2868815486125593]}