{"p": 0.30000000000000004, "p-emp": 0.29685760576391884, "t": [46.20461440086365, 47.949793577194214, 45.015111207962036, 46.033939599990845, 46.62217736244202, 44.32632112503052, 44.95069742202759, 49.33609652519226, 45.13416028022766, 43.905742168426514], "nmi_acc": [0.1265282877054586, 0.10787515153992264, 0.1209075189252863, 0.11184411486467345, 0.1116614780815162, 0.12843412723784398, 0.12748289978745606, 0.0951842710945039, 0.13267407625895009, 0.12740415173735894], "nmi_repr": [0.10513109614748514, 0.10670840628049887, 0.09919049251189135, 0.09915053970079973, 0.09962170241031582, 0.09287738506996378, 0.10590911541784039, 0.11009951307517708, 0.10526463177951297, 0.10346580794481985], "mi_td": [1.124248702628325, 1.1789891746453014, 1.0828807497459145, 1.064451750331927, 0.9522497642133154, 1.2603862629717608, 1.2099647387508456, 1.0845654731855048, 1.3031059521520332, 1.0478716958443437], "nmi_td": [0.21854549310764182, 0.22558482143043465, 0.21014703559583997, 0.2076619689579292, 0.18923936431396038, 0.23837542554319394, 0.2311811577356934, 0.21174324720702123, 0.24544984399215927, 0.20506291340989943], "mi_tw": [0.39792665533874005, 0.4219548555845254, 0.4007190612585121, 0.3804145256932623, 0.3526802585377907, 0.44186068650403265, 0.4204159930311067, 0.38426077742785025, 0.44397935112013376, 0.3885958909689732], "nmi_tw": [0.08357107596850344, 0.08711467810350065, 0.08400342086800872, 0.08020224444176262, 0.075856810068831, 0.0900891673108699, 0.08666330838531619, 0.08107824703418107, 0.09012328592402774, 0.08220242070204488], "coh": [-1.0689711003245588, -0.9458235294803023, -1.031890358693152, -1.03559843047827, -1.0928348902192548, -1.0010308550324885, -0.80685704782569, -1.0463156565690968, -0.9074647395393811, -0.9810304185714663]}