{"p": 0.9, "p-emp": 0.8930982456629017, "t": [23.915513515472412, 24.026649951934814, 23.90143895149231, 24.046663761138916, 24.74459981918335, 25.613673210144043, 24.50340437889099, 24.847671508789062, 24.427916526794434, 24.91945242881775], "nmi_acc": [0.058921719945901556, 0.05279292630922088, 0.056331852331909175, 0.052469225767031606, 0.04959053582801371, 0.048518703280450846, 0.04816392583633918, 0.05040567430745454, 0.049250137876428596, 0.05103970820930876], "nmi_repr": [0.17567389437206332, 0.18285529702330214, 0.19012033162464836, 0.18494052771329872, 0.18156686678864176, 0.17697872503020803, 0.16507547382004342, 0.1739828922299874, 0.18430561529483996, 0.1873126982093272], "mi_td": [0.8491813375640812, 0.7880584044984109, 0.8254531538570187, 0.8382474988211981, 0.8163686967319453, 0.843492595135734, 0.8249801026540892, 0.8304881358587735, 0.8242284764843668, 0.7979288521896657], "nmi_td": [0.1552880117319725, 0.1456409582193452, 0.1513239854916076, 0.1530063402764092, 0.14942532719674534, 0.15388850473824206, 0.15051835211455866, 0.1515273276390211, 0.15053932361105887, 0.1466922245536729], "mi_tw": [1.682824955024253, 1.6666375637692312, 1.7104216762243525, 1.7465570795717085, 1.7772598549241296, 1.7201177332465947, 1.7355268823496315, 1.7269317355077551, 1.7529914550049908, 1.7433024860676487], "nmi_tw": [0.4082416538817053, 0.4100304077943393, 0.4163053804640034, 0.42266837848350464, 0.4316786126458749, 0.4160004112656582, 0.4197540252379223, 0.4176899314736053, 0.4245691076048351, 0.42590445134709337], "coh": [-2.2547925050135404, -2.3353840221747544, -2.238564553895353, -2.301755853554561, -2.343183635425445, -2.288039797830476, -2.300614752632504, -2.2682782340106207, -2.3504089126105803, -2.4743406282688083]}