{"p": 0.6000000000000001, "p-emp": 0.5998079295253438, "t": [59.01651096343994, 55.93246245384216, 56.38563680648804, 54.968589782714844, 51.29584765434265, 51.484278440475464, 51.35494923591614, 55.27839183807373, 56.1812207698822, 53.347452878952026], "nmi_acc": [0.2876191012330368, 0.26423171343044416, 0.2639854653365965, 0.26205881034924194, 0.26022836059970167, 0.2984364517863721, 0.2455686481304484, 0.25462976318292646, 0.25576601769190344, 0.24438780662647724], "nmi_repr": [0.18964389187261632, 0.1867434561765258, 0.17886489915247689, 0.18617235327052145, 0.1844863813167743, 0.19314042730270942, 0.1739008558007102, 0.16866292334764407, 0.21173794795135553, 0.17514986868345173], "mi_td": [1.183703290857995, 1.1883934064481456, 1.1274809712955125, 1.1206762895050502, 1.0595152557341991, 1.1044951580179057, 1.0103804701177563, 1.185211572321803, 1.2135154832429627, 1.050223485971109], "nmi_td": [0.21749136131062438, 0.21737332071473855, 0.2077611873257932, 0.2082381107143901, 0.1978271588973031, 0.20610429204373526, 0.18821426105737313, 0.21975030284576688, 0.2235406528337671, 0.1941588192321822], "mi_tw": [2.1978135620343826, 2.2271510015767193, 2.1493822897921184, 2.080069769739429, 2.0642507640676673, 2.0781992216583247, 2.0931882679050724, 2.0846472806998833, 2.161189688978202, 2.157995709332999], "nmi_tw": [0.35552414280893607, 0.35884582744625254, 0.34857604649308394, 0.33982112079780136, 0.33867220059979003, 0.3407844553084538, 0.3427179090582298, 0.3399169546909638, 0.3503886426345927, 0.3509814084426118], "coh": [-2.2358202342320244, -2.2164814204230283, -2.258411238859517, -2.339752445302657, -2.3601737514020424, -2.111400958548268, -2.0720821570965264, -2.285421171759999, -2.188708647434543, -2.090817016181933]}