{"p": 0.9, "p-emp": 0.8993361860570213, "t": [35.27972364425659, 35.638291358947754, 36.17537474632263, 36.75962543487549, 36.753726959228516, 36.066367387771606, 35.793152809143066, 36.5161030292511, 36.02743744850159, 36.049373149871826], "nmi_acc": [0.28781365954336613, 0.28735025268250824, 0.28731206074935633, 0.2980803508306495, 0.2824487500815296, 0.28567856145958165, 0.27946501373037924, 0.28327757193652103, 0.29108331307637575, 0.28805659894892105], "nmi_repr": [0.3667372254402331, 0.35081021367824355, 0.3658377345777982, 0.3621240245717898, 0.3579810061604466, 0.3505917023791287, 0.3582588325949003, 0.35837373352984075, 0.37943331057873286, 0.36938638102807303], "mi_td": [1.9634854066711274, 1.9524803961131554, 1.9929223540595047, 1.9706748519163928, 1.937098895420002, 1.9558082059567046, 1.9197131390882263, 1.91487207677523, 1.9704901814359168, 1.9791381868100266], "nmi_td": [0.33531974742928083, 0.33388595468632165, 0.33902585459063395, 0.3359953527878655, 0.3313509628013784, 0.33419002715231383, 0.3284473527085246, 0.32805745148439597, 0.33584050851110114, 0.3367018311146328], "mi_tw": [1.768306082128296, 1.7759596836943226, 1.7859787562554477, 1.779621998202027, 1.7766562840902949, 1.772837907400292, 1.7945327685840002, 1.7764432990533834, 1.7987397021088467, 1.7959675422335026], "nmi_tw": [0.3532378852071002, 0.35532148238251565, 0.35514942854132187, 0.3548162735175616, 0.35558055255692134, 0.3543681317496952, 0.35924834393257443, 0.3561839011694609, 0.35847393500817254, 0.35716161811899816], "coh": [-2.6897303478326853, -2.692694607348815, -2.6526696224686, -2.56702736084732, -2.6923923850304905, -2.7748022754068287, -2.5953073099186796, -2.7521900666087484, -2.5779232665242047, -2.670486990683663]}