{"p": 0.2, "p-emp": 0.18146355900305722, "t": [161.65579223632812, 162.7562277317047, 158.93767714500427, 163.19128680229187, 147.9092514514923, 175.57518601417542, 147.89056277275085, 163.7551453113556, 176.7729675769806, 167.659973859787], "nmi_acc": [0.37410099826464316, 0.3365603492893497, 0.36189478311979056, 0.34764359620666535, 0.35652663861475675, 0.3847466987922584, 0.3846317040739963, 0.41391270080656317, 0.33429906195056064, 0.3669087322716757], "nmi_repr": [0.21534687344554787, 0.20456546033014347, 0.2336461024685141, 0.2665398536981835, 0.25603713109188975, 0.27814927424319186, 0.2755269680404492, 0.26555685153955877, 0.25489539879478973, 0.2508656420908598], "mi_td": [1.3084209077634332, 1.2794231660723185, 1.3754774626001576, 1.3917560595110863, 1.2541640447006028, 1.3990450386772555, 1.3581393501818608, 1.3301616834003394, 1.4933322742047126, 1.4575401606453835], "nmi_td": [0.22238085729763507, 0.2193367593670306, 0.23439632715785524, 0.23669556700526606, 0.21627084141951994, 0.23815419390025333, 0.232444187862053, 0.22588076301549417, 0.25081029597255633, 0.2460558523748828], "mi_tw": [2.0194283958005568, 2.0004525733311658, 2.0695725472910085, 2.0804039206329707, 1.9415487241534404, 2.050154757499118, 1.9783925834698428, 2.094140118446508, 2.1562663875367534, 2.0939825912679546], "nmi_tw": [0.3469539945575648, 0.3467048172473762, 0.3565200598979049, 0.357660671019015, 0.33849660384853447, 0.35278819928674543, 0.34230506194379, 0.3594760689593297, 0.36604045600544677, 0.3573122805202527], "coh": [-2.6673014515128863, -2.498039045600002, -2.445220041672431, -2.282788918150494, -2.5580405018608676, -2.184399395654371, -2.347480103000908, -2.3728291081644093, -2.488859904202166, -2.468218075539178]}