{"p": 0.30000000000000004, "p-emp": 0.29812589074736895, "t": [114.52604675292969, 113.88976550102234, 114.00417399406433, 111.92627501487732, 115.3540825843811, 113.59541916847229, 112.67610931396484, 111.7816150188446, 117.18724918365479, 111.70800709724426], "nmi_acc": [0.13500841512663922, 0.11793916298440428, 0.13180198156103573, 0.1463429997636314, 0.14155286039173712, 0.143547588866953, 0.13396097949343538, 0.14209353616062823, 0.1406386149607855, 0.1421987281707081], "nmi_repr": [0.30508430371390016, 0.28148520304023866, 0.2852737723159461, 0.2716391337388669, 0.291410282577484, 0.28876632439786176, 0.2599994288743248, 0.25922521893784606, 0.29998917783216517, 0.2872196202867092], "mi_td": [0.8270294642667283, 0.8125842802384688, 0.813434686474596, 0.8230784354925571, 0.8375168963536667, 0.8257347108938692, 0.8501660293171954, 0.8266695957544204, 0.8321995270622815, 0.8268030135625583], "nmi_td": [0.15481459264246614, 0.1511873300493907, 0.15141484718246767, 0.15346188594724305, 0.15665241851479583, 0.15441148928260023, 0.15732003724525814, 0.1549530875335145, 0.15528100526937327, 0.15462442824450062], "mi_tw": [1.6195231582916247, 1.6596257150232938, 1.650145187740795, 1.6425546296450342, 1.6131231506222878, 1.6172213178903048, 1.6283140377097562, 1.60153400699707, 1.6078632244412798, 1.6286424351584292], "nmi_tw": [0.3079574961606075, 0.3136376338410664, 0.3119910163646146, 0.31107457284999007, 0.30649138099083056, 0.30719496503449417, 0.30602182947227025, 0.30494834029286494, 0.30474078182103187, 0.309391196226981], "coh": [-1.7362238845776978, -1.7407890626435472, -1.6824911532072693, -1.7862673275797067, -1.7671380484835133, -1.8637420472818746, -1.6902139795777846, -1.7872228153233647, -1.7224236873245615, -1.7984095997754976]}