{"p": 0.9, "p-emp": 0.8783579945814722, "t": [35.209619998931885, 36.46548080444336, 35.28022885322571, 34.984349727630615, 36.09682297706604, 50.561429023742676, 42.41838335990906, 39.2626371383667, 39.844496726989746, 36.37833833694458], "nmi_acc": [0.021725976961541393, 0.026566926215671954, 0.02506400486872795, 0.02461176836733942, 0.022396619125392987, 0.021770775581591902, 0.022903330887077872, 0.022687508048181985, 0.02568092040892615, 0.022706224682359735], "nmi_repr": [0.26835509258746176, 0.2739344121859551, 0.2897021037466049, 0.2777098748215644, 0.2775503390586462, 0.2709782341501201, 0.2636751002521743, 0.26463998057467847, 0.2649117579054277, 0.2578054750592436], "mi_td": [0.3657677812132068, 0.36006433805893917, 0.3613191551321556, 0.3662168765130845, 0.3619231259515515, 0.36491085757035135, 0.3703747262454607, 0.36418184631986944, 0.3604325982023791, 0.3637216831465874], "nmi_td": [0.06590042761977327, 0.06489054884192909, 0.06510533027582742, 0.06600581643174985, 0.06521197982094065, 0.06576905955276705, 0.06673097727516025, 0.06563808848404673, 0.06497334918856006, 0.06555922550335502], "mi_tw": [0.8894241745206202, 0.9845979538970244, 0.9399423254672659, 0.9428175513206928, 0.9290319486004279, 0.9196279077898476, 0.9115827291710247, 0.9258525730846845, 0.9109446688730957, 0.9021435686790192], "nmi_tw": [0.43719037928007554, 0.4843330556318756, 0.4621464102926506, 0.46390483145021105, 0.4567404099323948, 0.4524689599757146, 0.4480917145002467, 0.45553955246538175, 0.4484118611351473, 0.4439495249740257], "coh": [-0.004204366281460892, -0.00407820590737548, -0.003952045533290068, -0.004082719561205819, -0.004073692253545138, -0.004208879935291233, -0.0039610728409507495, -0.004204366281460892, -0.003956559187120408, -0.004019639374163114]}