{"p": 0.9, "p-emp": 0.36451680291909805, "t": [68.32229375839233, 73.20164179801941, 77.10441327095032, 73.33141160011292, 78.52327275276184, 74.94764828681946, 73.31990766525269, 76.97726154327393, 72.98334693908691, 73.90514469146729], "nmi_acc": [0.12946707483357467, 0.10891566875158548, 0.09814719392506487, 0.11312355536104367, 0.11163101969088181, 0.11477729105838846, 0.09916804965449695, 0.13391972754317916, 0.10690384936940307, 0.18570339431972585], "nmi_repr": [0.12750446535731821, 0.15062148238805392, 0.1368858333732081, 0.12456949597761159, 0.1513906941542752, 0.13316702071429617, 0.11144364483467196, 0.11768117327281989, 0.13825729745349372, 0.13349056082167204], "mi_td": [0.8898658651464365, 0.9848817125171633, 0.9410389300903106, 0.9326266272334871, 1.0244603510358221, 0.898934736675042, 0.8585327666263021, 0.9596399744624378, 0.9879111272296572, 0.9486742336950064], "nmi_td": [0.16508698322148024, 0.18368853456257342, 0.17507374436998935, 0.17243882494642607, 0.19005457749316018, 0.16694100999076353, 0.15926590587068212, 0.17695118525505216, 0.18395040891835326, 0.17276387191241355], "mi_tw": [2.1103832069161856, 2.045705396996906, 2.067253945237275, 2.15545345191427, 2.1061910634423002, 2.1010288631527136, 2.1172268046503917, 2.1558334751069292, 2.0578977237436566, 2.183859393025961], "nmi_tw": [0.3539799937555826, 0.34478487528015483, 0.34763121115888396, 0.36044156458805027, 0.35327308071804453, 0.35273874678060596, 0.35511137015674726, 0.3596186275855006, 0.3463240445033004, 0.3602095212171051], "coh": [-2.262687383189425, -2.3694830870659396, -2.299269467852183, -2.3562389533386696, -2.32804770742468, -2.2725638971067537, -2.3874990341777256, -2.4032237126252083, -2.273380491832581, -2.233513467898267]}