{"p": 0.7000000000000001, "p-emp": 0.2833345306667796, "t": [141.3054323196411, 140.68275022506714, 141.77726221084595, 138.92140364646912, 135.2736213207245, 142.22859501838684, 141.30572986602783, 140.5585696697235, 139.95071005821228, 140.9108588695526], "nmi_acc": [0.27428776548390493, 0.2849605532287355, 0.23501414610379542, 0.29902907030284626, 0.21792092529621535, 0.24990478648817752, 0.2703113414780507, 0.2740202111696768, 0.28812399737191646, 0.27774051417675144], "nmi_repr": [0.11874964055896965, 0.13364817692153896, 0.12070371268325668, 0.12140908332507129, 0.12155008621813147, 0.10214801764040998, 0.11158198775729677, 0.12617754365136846, 0.12650719349660688, 0.13600768010638073], "mi_td": [1.7023832294221146, 1.6982518799874071, 1.6518859258194232, 1.6884501371856004, 1.638105751283017, 1.6629541379122335, 1.6861991384050592, 1.6520885956910702, 1.6639544160203406, 1.6840214973441716], "nmi_td": [0.2840682425685944, 0.28421724780488644, 0.277016315113687, 0.2832467578576394, 0.27514078371289086, 0.2783895240149951, 0.282197234018463, 0.2779913769367176, 0.27951005639907944, 0.28166358897765675], "mi_tw": [1.500997511915667, 1.506613714667836, 1.45463872584378, 1.5131548285798195, 1.4326670306421891, 1.4719205103222057, 1.4796214821422407, 1.4682168071203758, 1.4918792677968413, 1.491749898860683], "nmi_tw": [0.24210589854661868, 0.2437066688467025, 0.23575897485359715, 0.24532555612110712, 0.23255357343629562, 0.23816063774210455, 0.2393380991472606, 0.2387407282658715, 0.2421881914950857, 0.24115992503618186], "coh": [-2.080601061517758, -1.9887807560832136, -2.1548226832414388, -2.1123526973523328, -2.177429354625239, -2.108470960944982, -2.1738398904888205, -2.0074393353819246, -2.0146596093505558, -2.2472639884013037]}