{"p": 0.6000000000000001, "p-emp": 0.5984856714436259, "t": [33.280773639678955, 33.01542139053345, 33.205405950546265, 33.81471824645996, 33.28372883796692, 33.26448130607605, 32.73550200462341, 33.403080701828, 33.160101890563965, 33.35983753204346], "nmi_acc": [0.09301336998552831, 0.14125039397034078, 0.10539485319610367, 0.0875435087788361, 0.08244103680024156, 0.07989686632765954, 0.12486472413651613, 0.08604287223583018, 0.10025287758041455, 0.09432025195229289], "nmi_repr": [0.08452220915644892, 0.09430346618143572, 0.10170132053304888, 0.08224800439524059, 0.08155587762690925, 0.07192574235849106, 0.08892696210239481, 0.07657349800724667, 0.06616313641993235, 0.0852395926196802], "mi_td": [1.6278444828352625, 1.5625115703197192, 1.8168548909163063, 1.663343387287799, 1.6731516638377926, 1.7172110688798232, 1.7505791237762889, 1.704020842385639, 1.7316740661652106, 1.4953165421158128], "nmi_td": [0.29818409948792735, 0.28919013526425796, 0.32468775794921984, 0.30344329266820386, 0.30509972966874266, 0.31112781994305133, 0.3168527442911985, 0.3088714238706523, 0.31353248526525757, 0.27991134412004204], "mi_tw": [0.7455880788123781, 0.7695335333302606, 0.8290632147963262, 0.7576634352418268, 0.7497805780310391, 0.768332712563312, 0.7962808419731812, 0.7550906578844304, 0.7618701147397178, 0.715622516881381], "nmi_tw": [0.15085911140762545, 0.1574928934153085, 0.16324040746370497, 0.15261163631114197, 0.15095124806102475, 0.1535928631112561, 0.15900220866307918, 0.15101770508628354, 0.15218540837004466, 0.1483095342812699], "coh": [-0.905385590692994, -1.020543851654206, -0.7227046501257571, -0.8400653126647695, -0.8888101676589141, -0.758931521580241, -0.7342801110613131, -0.7971876746435471, -0.8461880451011743, -0.8444138962595256]}