{"p": 0.7000000000000001, "p-emp": 0.2833345306667796, "t": [149.15801000595093, 159.16304326057434, 153.72721910476685, 152.88007855415344, 160.38253045082092, 143.6731448173523, 165.80793738365173, 155.66422605514526, 151.32678151130676, 151.9364197254181], "nmi_acc": [0.3688261417729485, 0.41427630134020765, 0.3526545299099904, 0.414824461576694, 0.3660594284788234, 0.35309832780783784, 0.40152214840001715, 0.40796808111024224, 0.3786980056175148, 0.33081615305093626], "nmi_repr": [0.2117695750628876, 0.24761319011552177, 0.22876362645803053, 0.23850740133110676, 0.2513553885967687, 0.2359369224646441, 0.24409943792767808, 0.2781274223349338, 0.26181587308485416, 0.23810418051248983], "mi_td": [1.4768708157747512, 1.5879341720889806, 1.566688114664481, 1.5667606188162224, 1.6624419290467445, 1.4376593684118302, 1.579754546288336, 1.5017712002159964, 1.6081581816618562, 1.5017629424381904], "nmi_td": [0.24924390175003286, 0.26521538777679204, 0.26191871842068426, 0.2622412135767301, 0.27397192845755247, 0.24365778889627282, 0.26526158576037256, 0.2545853178485291, 0.26824769880843913, 0.25265268038127797], "mi_tw": [2.0937589839339474, 2.1661874189170884, 2.168284426210397, 2.18052533461111, 2.276948117217769, 2.0780612522430526, 2.149018149357841, 2.078466958137304, 2.208654851067168, 2.126149134384145], "nmi_tw": [0.34143166314781126, 0.34971069585128534, 0.3503748635045633, 0.3527564269073648, 0.36287084484617677, 0.34026355599052704, 0.34873364912355437, 0.3404097040326638, 0.35612332145775816, 0.34566636345619733], "coh": [-2.4627253914054466, -2.4888658820709195, -2.601290776102609, -2.4692540095483526, -2.2767001929548187, -2.5021952946613015, -2.4930290733748133, -2.392578078045578, -2.39972012431091, -2.4173138556458724]}