{"p": 0.7000000000000001, "p-emp": 0.6999902511037144, "t": [45.53430795669556, 45.144641160964966, 41.9927875995636, 48.656455993652344, 52.23131704330444, 51.739473819732666, 50.961042404174805, 48.93124747276306, 49.37026333808899, 52.3942494392395], "nmi_acc": [0.15468889790704868, 0.13829545496723047, 0.09699439731170176, 0.11122379011914232, 0.10627398111440546, 0.10500260917775046, 0.10136176286957535, 0.13393360950449879, 0.1194003064535407, 0.14323929785017164], "nmi_repr": [0.09315844832921683, 0.08263969179684269, 0.07007842194044678, 0.06395782614560953, 0.06421185365960594, 0.06917932721166677, 0.07118982043800065, 0.0718131178249741, 0.07736169457552483, 0.0827042024718353], "mi_td": [1.885566836985678, 1.8057665162295766, 1.8354714104894376, 1.890597201467016, 1.8588464732059218, 1.8722502350547727, 1.8556961030889616, 1.8258434957382268, 1.84632024269899, 1.9066366546884117], "nmi_td": [0.3202040650274588, 0.3085093497916565, 0.31247880227537583, 0.32027217500884886, 0.31559904502916003, 0.3178736933344156, 0.3153959873135236, 0.3113081195617944, 0.3141258674349026, 0.32326456974801865], "mi_tw": [2.950681848943696, 2.8888210011257556, 2.9210418965179414, 2.96671298177759, 2.9419524829331962, 2.957787303137645, 2.9429558079403866, 2.906366833815604, 2.932393800781522, 2.973631886111239], "nmi_tw": [0.4195428865802187, 0.41282759832459637, 0.4162004612275058, 0.42095713309718563, 0.4182269078909711, 0.42047679305893676, 0.41873840917834315, 0.4146316565926269, 0.41759552287926455, 0.4222400425466695], "coh": [-2.1855931133653654, -2.421279932846669, -2.2719922351289905, -2.245817782389088, -2.558113577888015, -2.2572116100374187, -2.3424752523897627, -2.3553821217400097, -2.441048222899928, -2.2189793573259364]}