{"p": 0.8, "p-emp": 0.7993218391452019, "t": [54.856045722961426, 53.276453495025635, 53.69100761413574, 53.08333373069763, 53.60604977607727, 53.317156076431274, 52.91426873207092, 52.855165243148804, 53.45330286026001, 52.43264722824097], "nmi_acc": [0.028497431021290216, 0.023930617945807895, 0.028178426091983476, 0.027653184278182395, 0.023317872706407367, 0.028213942899903085, 0.02630625221736522, 0.025594788527066106, 0.024802945471780108, 0.025698615551571505], "nmi_repr": [0.24547499289323688, 0.23858142293634843, 0.22890095115425357, 0.2347313714043842, 0.24708561356726677, 0.2436331889924729, 0.2374711840743154, 0.2402808827469978, 0.24083335505982667, 0.23962638305559883], "mi_td": [0.291062104787027, 0.29281157682980585, 0.2935889164356724, 0.2887057181239262, 0.29001998961576664, 0.29290159296923723, 0.29300269664458867, 0.2910758324751708, 0.2885991836222656, 0.29246464766072255], "nmi_td": [0.05243545309197257, 0.05274899789493835, 0.052900163294045885, 0.052006034565815, 0.052250404443934736, 0.05276498221260287, 0.0527914341081935, 0.05244309739564367, 0.051996474182751294, 0.052689868673369486], "mi_tw": [1.120564981376349, 1.118482561078701, 1.100739942095467, 1.1396137258805328, 1.1408744746490085, 1.128828315280803, 1.11877444620272, 1.1364534729322415, 1.1204871423978682, 1.1270187190161982], "nmi_tw": [0.4611698717410968, 0.46028043097711757, 0.453196772947809, 0.4689082607562953, 0.4695835086695339, 0.4645332773752708, 0.460560114167752, 0.4678141809370224, 0.4612335157303722, 0.46386100023384913], "coh": [-0.01245113453309481, -0.013015482357223208, -0.012822503202058832, -0.012464358703137975, -0.012549973852108797, -0.013163774472394574, -0.012818236063690652, -0.012214618383049096, -0.013099935720283682, -0.012718919249505578]}