{"p": 0.5, "p-emp": 0.49977484691911667, "t": [63.868314266204834, 63.923856019973755, 63.76391673088074, 65.19893193244934, 65.01051473617554, 63.89419484138489, 61.95405912399292, 62.623751163482666, 60.14249587059021, 59.73402261734009], "nmi_acc": [0.05322976830991783, 0.04444400992639273, 0.060771204861279446, 0.05406247930590113, 0.051213125981963904, 0.04534024334065374, 0.056624000201593694, 0.05582628667242523, 0.0478304249530469, 0.0473419358962376], "nmi_repr": [0.03330272277359491, 0.0312908135342986, 0.03460345664699485, 0.04303443596011313, 0.04161007879744937, 0.039425108110309665, 0.03677291023248998, 0.036045386596696205, 0.04007101280930846, 0.03667115717182643], "mi_td": [1.7607969225170712, 1.7794601180142102, 1.7650478008165447, 1.679694220969016, 1.7259496349107994, 1.7689638513941142, 1.706652644992937, 1.7514043169313624, 1.7053730126941824, 1.7248132004440582], "nmi_td": [0.31302764894743806, 0.31542641936228105, 0.31367076308624514, 0.3015080349781201, 0.30817533488266086, 0.31403557377922076, 0.30521518162802824, 0.3116191918788716, 0.3048427769540008, 0.30769418743032634], "mi_tw": [1.420363910303977, 1.4169605246412094, 1.425399837794216, 1.4102637455198803, 1.4033691567294815, 1.4212236822950335, 1.4021635635527754, 1.4196462818550688, 1.4079381473765413, 1.4046119121623741], "nmi_tw": [0.21949718681153016, 0.21841800731950511, 0.22020670920144791, 0.21977291246058714, 0.21769538017460313, 0.2193604775711131, 0.21780930464404477, 0.21954633060926526, 0.21861689398951054, 0.21771712418635997], "coh": [-2.607045996148765, -2.5912004143036635, -2.5864816204156464, -2.7712998454249465, -2.510362271210015, -2.63415495899586, -2.6726301435967637, -2.613994457417522, -2.792864178551123, -2.54002484006029]}