{"p": 0.30000000000000004, "p-emp": 0.2989568489177026, "t": [88.15932726860046, 87.04355597496033, 92.61440014839172, 94.73668551445007, 86.55394911766052, 85.18139386177063, 83.97307896614075, 90.59503936767578, 84.8846275806427, 90.1334011554718], "nmi_acc": [0.22079384100785926, 0.2301821644469846, 0.2218718702063529, 0.2652678822844082, 0.23617310166572125, 0.15937865354709413, 0.22676325488724375, 0.19066578264911802, 0.26601564576366205, 0.1594819559322563], "nmi_repr": [0.1897832183563199, 0.16437546985275264, 0.1468373197013609, 0.1619135381767137, 0.18243533302742418, 0.2182649723782835, 0.19194818813423453, 0.1818205173770336, 0.16719520651862568, 0.1903188244661864], "mi_td": [0.8067336789731941, 0.7235846322754474, 0.7733254387173288, 0.7813691969905672, 0.8098050750356895, 0.7665635773953179, 0.7309316556764334, 0.7767611824382818, 0.7353111609871854, 0.83384018842763], "nmi_td": [0.1553824190259376, 0.13839252399568297, 0.14650985909459108, 0.1484491643974332, 0.15552354944337068, 0.15073319710505645, 0.14231073917373935, 0.14927875019834955, 0.14003580240297075, 0.1622530291161665], "mi_tw": [1.7638453653210229, 1.7896531801050293, 1.8723113521801933, 1.893560770004973, 1.8110875418494339, 1.5837035402649806, 1.699673846362736, 1.7884195666770841, 1.8771790601882912, 1.6421439171569618], "nmi_tw": [0.3241934358942701, 0.326740615411045, 0.33875039996600176, 0.3435129066499786, 0.3319590275830375, 0.2968872162248144, 0.3156334158894723, 0.3280165948385289, 0.3413254590117583, 0.30478197300828946], "coh": [-1.9348940772405907, -2.0051856183086088, -2.0798800620378803, -2.0882602823112704, -1.9411221462179828, -2.146588972810143, -2.0073159369862617, -2.0667657513184694, -2.0692314379067582, -2.0758342625719357]}