{"p": 0.1, "p-emp": 0.0959033389638706, "t": [182.518630027771, 170.69261503219604, 170.4448366165161, 173.27235102653503, 166.33703327178955, 164.25813913345337, 153.11221146583557, 183.1028974056244, 169.6996853351593, 187.7187581062317], "nmi_acc": [0.3815300090544773, 0.3426756285479421, 0.36834321451064295, 0.40285636260573626, 0.3582592491725822, 0.3569112023127541, 0.35845545878561147, 0.37025868915912297, 0.33426097717515185, 0.3660442232116654], "nmi_repr": [0.28246412052072667, 0.2580951229316457, 0.2729679194863549, 0.28229364567662557, 0.2533387682026464, 0.21581856378820582, 0.23905365687619118, 0.26854689468710824, 0.2718464654546922, 0.25666408347480874], "mi_td": [1.3076276474766906, 1.2206636238137192, 1.2793130848051695, 1.2467331233103525, 1.231106712632749, 1.0843999466426855, 1.2480571125046969, 1.35489322969648, 1.2913429905586078, 1.3062381770806781], "nmi_td": [0.22330158097136893, 0.20897195031846694, 0.22031105522817104, 0.21394633811853925, 0.21322886735696617, 0.18791850521004896, 0.21661996119974958, 0.22884411220370854, 0.22370752975321667, 0.22297185733036257], "mi_tw": [2.0045789101450575, 2.027045221085484, 1.94734085202714, 1.9977468423340932, 1.8989747976428188, 1.8705957799072566, 1.8849135545848765, 2.1315497414199123, 1.8883880700249414, 1.9684788585460513], "nmi_tw": [0.35172767921733844, 0.35658326507385957, 0.34464970758378227, 0.352294623317103, 0.3380767095646081, 0.3332055083771534, 0.33629987960781077, 0.36980721256261245, 0.33626252178173593, 0.3452464111620696], "coh": [-2.322655957446146, -2.297380903171572, -2.2673464081745256, -2.2370617273694404, -2.4888562821701212, -2.447974803706713, -2.3167091926162, -2.1658863035561766, -2.4331313656642832, -2.404085426194492]}