{"p": 0.7000000000000001, "p-emp": 0.6999902511037144, "t": [58.59004187583923, 60.2136013507843, 59.302117586135864, 59.54364609718323, 61.40328860282898, 59.81193566322327, 59.145296573638916, 60.502729415893555, 59.24219846725464, 61.10028576850891], "nmi_acc": [0.28741209093100134, 0.2740162680787394, 0.2758068103914613, 0.2698662900636983, 0.2903504937501159, 0.2828263244073096, 0.2759672147030969, 0.26923192248712774, 0.2730896003918493, 0.297599568684413], "nmi_repr": [0.29189164064160966, 0.2974250162551463, 0.2948301855782266, 0.28660733044565107, 0.2823193064730002, 0.2748732841266207, 0.2864397351755122, 0.29324188397644385, 0.2922083476417026, 0.2947380093752241], "mi_td": [1.821129850789172, 1.81054852385702, 1.8030317358037182, 1.8010553397135467, 1.8120373818123472, 1.8024154412449351, 1.8065122762782442, 1.8026071882549801, 1.7937422054607932, 1.8193867889060333], "nmi_td": [0.32303212524630165, 0.3210403593402341, 0.3205572829982281, 0.31942007767350983, 0.32159959444457376, 0.31947622344717946, 0.3206074447955629, 0.3200563297133465, 0.31877043987303816, 0.32275014963655535], "mi_tw": [2.3687882306215986, 2.3777452852169887, 2.3602459497106407, 2.3723086565771476, 2.3642292111884884, 2.3752662697100404, 2.370319888705496, 2.36482069567418, 2.3649587134507644, 2.369951527377861], "nmi_tw": [0.34927274683659537, 0.35048921893701385, 0.348678138750262, 0.3497451984139447, 0.3487630559525317, 0.3500126844103868, 0.3496510564934705, 0.3489684875939215, 0.3492511994491901, 0.34946876224704027], "coh": [-2.6850227572552887, -2.674044395308092, -2.5991107054718556, -2.6292554582674357, -2.712927715650591, -2.7580822530325295, -2.6487830891218502, -2.603176315334292, -2.679580181629744, -2.6909982940380317]}