{"p": 0.4, "p-emp": 0.3993231480578806, "t": [54.57975625991821, 54.91130971908569, 55.14208221435547, 54.595102071762085, 54.83387613296509, 55.19739818572998, 54.713985204696655, 55.153491497039795, 54.88436937332153, 54.687094926834106], "nmi_acc": [0.050158928906075706, 0.05216457108644404, 0.05951243494556054, 0.060366410831032315, 0.05914143791348947, 0.05653777540541984, 0.06729183393628005, 0.04429979757354175, 0.04652031727725072, 0.05536690482308037], "nmi_repr": [0.02802511139419629, 0.026297144605714553, 0.029128890418219828, 0.03660257669797713, 0.03541174542256831, 0.031447152621185546, 0.03475397538244769, 0.030207457250692824, 0.028142471527369532, 0.029742098706630596], "mi_td": [1.581828660712647, 1.6168269709231646, 1.516718679100797, 1.5901612536469787, 1.6298311228079565, 1.6061355928659062, 1.565179104079213, 1.6853745266035294, 1.6551280449957082, 1.6910062388860276], "nmi_td": [0.28660554461615484, 0.2918102029543293, 0.27697694642336484, 0.28827151611306157, 0.29348434536972606, 0.29021975491650986, 0.284340473383895, 0.3015768130879095, 0.297179021355009, 0.3025215477801326], "mi_tw": [1.1273906558027262, 1.1237982791774765, 1.1133944591151468, 1.13223895360925, 1.1488441662987847, 1.1246709735908305, 1.1273206362037453, 1.1508211490066422, 1.151708094233831, 1.155350865477556], "nmi_tw": [0.1819183433633958, 0.18071183498860718, 0.1809213320270398, 0.18278889502445195, 0.18436271559005193, 0.18104067356290637, 0.18233628213810613, 0.18364385038493633, 0.18434657640931523, 0.18433245774448895], "coh": [-1.923400160686922, -1.9532418270331653, -2.1728579650189905, -1.9904217087573997, -1.8670213898543657, -1.8486509002800584, -2.002292335509868, -1.797993018492237, -1.8806041191689669, -1.753179627871297]}