{"p": 0.6000000000000001, "p-emp": 0.5962929328467861, "t": [77.33399891853333, 71.66250920295715, 72.22594881057739, 72.88392782211304, 72.77547097206116, 71.4678463935852, 64.20877051353455, 69.7403256893158, 67.49098443984985, 72.26604580879211], "nmi_acc": [0.34115150909821695, 0.3173822147447096, 0.2355954399961874, 0.3026259456236666, 0.2712639195148633, 0.31553908778554673, 0.3171595039298101, 0.32152746276661065, 0.30020674893306537, 0.2986672199767467], "nmi_repr": [0.25836280064762746, 0.2785648086651745, 0.24575163434354197, 0.2492052544564897, 0.24330595355992365, 0.24569891244625383, 0.2506339308615732, 0.2735460862861197, 0.2838873279234687, 0.27023968030686496], "mi_td": [1.4608658769355332, 1.3390615069677712, 1.2682639065355845, 1.3021921770253315, 1.3566467244335223, 1.3507025490156932, 1.22170059814226, 1.3820543490898631, 1.280621604513077, 1.353004440233939], "nmi_td": [0.24898205108336058, 0.23345098489598526, 0.22280543949104983, 0.2281204033280146, 0.23663645180855863, 0.23394598880237863, 0.21358932274249853, 0.2375090804397783, 0.22540470725014358, 0.23309793559810857], "mi_tw": [2.0030406846581963, 1.832869794129713, 1.794189371013018, 1.8432497647792876, 1.8073715117047982, 1.914630974907948, 1.8498643510983692, 1.9153200081535344, 1.7685405618504857, 1.8794774516925585], "nmi_tw": [0.38909886503795954, 0.3653693237461714, 0.3608013027056684, 0.36947039706318086, 0.3604948842830508, 0.37882667844777523, 0.3699432502711806, 0.37559005615686775, 0.3564186970683462, 0.3696129148555079], "coh": [-2.5978602569045264, -2.703479958638673, -2.7150836160554275, -2.7691324367495853, -2.5517108937852147, -2.5251266900124367, -2.523070468060075, -2.426568391218607, -2.5032085418065884, -2.4312634127514383]}