{"p": 0.7000000000000001, "p-emp": 0.6997219243392802, "t": [29.240975618362427, 23.87246346473694, 25.088172912597656, 26.522069931030273, 25.765698671340942, 26.467366695404053, 24.433348417282104, 26.176758527755737, 23.40750741958618, 24.01624608039856], "nmi_acc": [0.1580859000787469, 0.13701625650440658, 0.18665640033239708, 0.18276969821361208, 0.14524162463544113, 0.16525827153047806, 0.15561998574715202, 0.1735951230289775, 0.11391261779548865, 0.1563591386557065], "nmi_repr": [0.1874087589341663, 0.1918575364198718, 0.24696847078992626, 0.20291884936117982, 0.16405244178993303, 0.16325963689099857, 0.18765187657846874, 0.2141694968903688, 0.19718953371917297, 0.22111010535894432], "mi_td": [0.8812298670683422, 0.8565722572685294, 0.9359428969828485, 1.0073784625888071, 0.9068349085903263, 0.8724701177141028, 0.8516189841897661, 0.9127686650248039, 0.8107897076809413, 0.9368772900111648], "nmi_td": [0.16835853303323217, 0.16999304742313048, 0.17914478130114642, 0.18978836077759728, 0.17326933972513195, 0.16767371763816702, 0.16418890668815941, 0.17546872549939715, 0.16068931750569462, 0.18290350535256614], "mi_tw": [1.5728319785912528, 1.3482635473997493, 1.6107170857359336, 1.6635151157719212, 1.6303166123744508, 1.5414379225878985, 1.5881916838340178, 1.5796524248039001, 1.365881006201639, 1.4708207723670643], "nmi_tw": [0.33403624254811426, 0.29873862335595797, 0.34279131341733904, 0.3478537338495609, 0.34628692143627837, 0.3295288986002001, 0.3407298986468187, 0.33780616693583526, 0.3021847840457773, 0.319982208915069], "coh": [-2.1051657363072764, -2.320357266435187, -2.0607649635502248, -2.1765912622772428, -2.16166777680774, -2.083714516226474, -2.0116382030505364, -2.1571678135881616, -2.186083128972992, -2.3102082840262446]}