{"p": 0.2, "p-emp": 0.18956229335526276, "t": [184.48178458213806, 180.013432264328, 186.63397336006165, 180.89961862564087, 180.7145721912384, 187.00661253929138, 180.02132630348206, 178.65733766555786, 181.79930639266968, 186.67379546165466], "nmi_acc": [0.3224762470240457, 0.31262088782103825, 0.3088646961480366, 0.314984380188884, 0.2981522253150064, 0.31527564902669797, 0.3135235141711668, 0.3095031748530642, 0.3020023683462198, 0.30618966286873645], "nmi_repr": [0.25667784112560843, 0.2675042052016806, 0.27114828771540317, 0.2686425880824268, 0.2543537319392452, 0.25275191225589416, 0.2467494728140292, 0.25769064417835263, 0.24867926141173463, 0.2481441385734909], "mi_td": [1.3423907320553952, 1.337423880679719, 1.3690304180010706, 1.3625293376331107, 1.260177031205622, 1.3399902845986351, 1.226641786319706, 1.3130228564679352, 1.2486033016180937, 1.2869621709348353], "nmi_td": [0.24704255864838875, 0.24554505606249635, 0.2509735155990289, 0.2493718282624278, 0.2317122056742232, 0.24527630980239384, 0.22595596686956296, 0.24100795408756848, 0.22933939305154002, 0.23577742110703212], "mi_tw": [0.9676589848116703, 0.9896456512819379, 0.9692074571760072, 0.9885578993768493, 1.02906208610898, 0.9799746703816815, 1.0374033838337047, 1.0036974838214257, 1.0294472753305501, 1.0252928539336459], "nmi_tw": [0.19733291409571221, 0.20128662491443725, 0.19680443309538195, 0.2003688733437163, 0.20965379039180193, 0.19865571189023762, 0.2117789461851546, 0.20409101875480834, 0.2094845893133358, 0.20804521885485125], "coh": [-0.3124029364577642, -0.2682928110702341, -0.28577119734460577, -0.31813063658682683, -0.4137188139989167, -0.22803403624157967, -0.2930742950701311, -0.3317599459239164, -0.30237893798411897, -0.29093276523684863]}