{"p": 0.8, "p-emp": 0.7999317212927026, "t": [27.366846799850464, 29.535990953445435, 30.119847536087036, 31.14991044998169, 26.113224744796753, 27.870800256729126, 30.250727653503418, 29.134060621261597, 30.125540018081665, 29.171765565872192], "nmi_acc": [0.40414589160609576, 0.35039143669301664, 0.36024442417748487, 0.370070648851065, 0.42679153482728344, 0.40746491387132727, 0.36902361601081385, 0.4247715287026035, 0.38500320011339956, 0.4135018996675971], "nmi_repr": [0.36620015909795134, 0.3319181724006902, 0.3100562221143533, 0.31283986309379214, 0.34197791340939054, 0.366112570944041, 0.3459444111649563, 0.3365377893128552, 0.3540146902417744, 0.34706298540537855], "mi_td": [2.0585606893340938, 2.065648486255868, 2.2327996423061514, 2.2367234958613453, 1.9716015635510666, 2.1726509695478793, 2.2939261264044704, 2.246716506967054, 2.219788313409156, 2.1261326957895488], "nmi_td": [0.35105515615078664, 0.3515985493877014, 0.37447973779239657, 0.3746057251720099, 0.34081258678707677, 0.36745174330804703, 0.38232118682687277, 0.3772307464529012, 0.37266323075891655, 0.36118922638509604], "mi_tw": [2.1329127262432532, 2.1640832482673407, 2.271667109452612, 2.2990068854898182, 2.0478723759899284, 2.2128132491898262, 2.317375389889623, 2.2890122267408297, 2.2914292584671974, 2.1555621598382952], "nmi_tw": [0.4087027749832459, 0.4137957674712549, 0.4272284541341277, 0.43168260728787583, 0.39843297873568617, 0.42008267479301287, 0.43276506130784254, 0.4310246782768539, 0.43141984341060025, 0.4112653447796158], "coh": [-2.2150520651666445, -2.5927927754488493, -2.7483476583441133, -2.5676682377228714, -2.8153611421949756, -2.420062630632128, -2.548254525267218, -2.4761873089315336, -2.6133768871239123, -2.703394013221526]}