{"p": 0.5, "p-emp": 0.4999917107684486, "t": [71.02133393287659, 67.45898413658142, 58.14697575569153, 74.60209941864014, 65.21385145187378, 68.40306949615479, 70.38999772071838, 65.85369086265564, 69.15426397323608, 67.81539559364319], "nmi_acc": [0.43989521684284566, 0.47638153960078095, 0.4100312924300477, 0.46161719469246126, 0.4849145924851892, 0.43295078834288536, 0.42112666798106885, 0.4453863354477932, 0.44561214044106173, 0.5053699117051405], "nmi_repr": [0.30811225150843696, 0.30398769459395514, 0.2874751130476877, 0.29018366983506216, 0.35827675837432665, 0.350493994717525, 0.3226460536687849, 0.3029243350525059, 0.32097537197781206, 0.35801142010529335], "mi_td": [1.569216457419775, 1.5447604638088743, 1.1653437046400288, 1.6079792174221965, 1.53491826138257, 1.5544729833324036, 1.5677183951799052, 1.5553714872369346, 1.4670290198278086, 1.5353787822153535], "nmi_td": [0.26724033829994825, 0.2663546125642013, 0.20851760469847608, 0.2752403133362365, 0.2654843311632186, 0.26699468914390495, 0.2687731300872035, 0.2674804533945429, 0.25480670829141716, 0.2660509673341941], "mi_tw": [1.8835589772045696, 1.7319262995115876, 1.5220153397260743, 1.7784047963319318, 1.7202346113529954, 1.827846115211581, 1.7768269912018313, 1.7749487137240971, 1.7080703993790927, 1.7301294668185578], "nmi_tw": [0.3484421191760988, 0.32473413043571064, 0.29712730695343337, 0.3308155113656893, 0.32363791910765677, 0.3412809079093334, 0.33109005516822637, 0.33185132463661365, 0.32281661904620573, 0.32614885291808743], "coh": [-2.395330437168327, -2.294582378850046, -2.140285243871219, -2.1920018783389166, -2.2240793928275884, -2.4088211639967683, -2.3082334969356344, -2.264110954954077, -2.136462623851663, -2.209033562528444]}