{"p": 0.8, "p-emp": 0.7999317212927026, "t": [32.380844831466675, 32.374295711517334, 31.75447654724121, 29.786192655563354, 29.531757831573486, 30.100953340530396, 30.01881980895996, 29.560951232910156, 29.53709316253662, 29.78462052345276], "nmi_acc": [0.2605595355389462, 0.2296164286307774, 0.23018147864711444, 0.2500918079652434, 0.2513654357281959, 0.21125803885597305, 0.19820945819528082, 0.25829172321549004, 0.26694206710098084, 0.24165195112841137], "nmi_repr": [0.19745439580455443, 0.16508266996940055, 0.16075188796963605, 0.17172083054092532, 0.18079944260812067, 0.16052704240496113, 0.14928968895364625, 0.16897069892673228, 0.18871372443029924, 0.1927587979230349], "mi_td": [2.058616262762182, 2.074672428530935, 2.0773180442612618, 2.0646642721710813, 2.0755218298866667, 2.0713108956518402, 2.062472114802078, 2.0921804082302393, 2.0869891300690577, 2.0986325827084875], "nmi_td": [0.3450940229257326, 0.3462687855638436, 0.34747351785337643, 0.3454668629106904, 0.3475624951712577, 0.34609508417805385, 0.34431161748006833, 0.34989758757842965, 0.3497054662446112, 0.3507566156077692], "mi_tw": [2.066165782770466, 2.067011897420109, 2.0441065933543254, 2.0833526724941116, 2.0815693792744976, 2.042855058673809, 2.0627687866799, 2.0688737047009504, 2.060969972517835, 2.0904666671014827], "nmi_tw": [0.3883629989820882, 0.38662309260172056, 0.38328219177182576, 0.39078047702903396, 0.39079753389098987, 0.38258454998787833, 0.38592880176736916, 0.3878491817652568, 0.38720659091229515, 0.3916217994240959], "coh": [-2.866184249268981, -2.7969919373765366, -2.7449120961540205, -2.7336210765010542, -2.746930221383388, -2.7877211957403762, -2.7625603889298453, -2.7914578251243194, -2.7247125651969766, -2.749309452684659]}