{"p": 0.30000000000000004, "p-emp": 0.2833345306667796, "t": [141.98821997642517, 144.4897859096527, 141.83444333076477, 142.03699135780334, 141.52610683441162, 141.91817545890808, 140.93612551689148, 141.6357181072235, 129.93633651733398, 142.500385761261], "nmi_acc": [0.27469482412363194, 0.3015323690274223, 0.2976613111265779, 0.2527682334621378, 0.27587287123212323, 0.24657008654705162, 0.3426729426649958, 0.25945783652983917, 0.3104709323442976, 0.27450390307611816], "nmi_repr": [0.11542390613888177, 0.13030413871417101, 0.13267824707289042, 0.13606298615206222, 0.130104802407604, 0.11693642872049581, 0.1320489872501511, 0.14394903512582105, 0.13346992701065463, 0.12914645435323394], "mi_td": [1.6483659739090337, 1.6970970496694966, 1.6915267158405258, 1.6977670531275306, 1.6942484074057342, 1.6603637362638004, 1.7201681236599484, 1.6556425402957313, 1.6637437909192263, 1.6712117448440638], "nmi_td": [0.2772199010156757, 0.2835952128848588, 0.28322137204657954, 0.2833695347731618, 0.28302163275534786, 0.2778406715234831, 0.28771324148145405, 0.2778679550422168, 0.2795502204029521, 0.27951622881025484], "mi_tw": [1.4641053761840077, 1.493058525677817, 1.5053230132215185, 1.5133507038758347, 1.501687488667095, 1.4748121809519632, 1.534271486311387, 1.4743696173341176, 1.49805037202566, 1.478735805238208], "nmi_tw": [0.23795184274112255, 0.24116160277076845, 0.243605661786024, 0.2441580363914115, 0.24247458338490044, 0.23853292473226523, 0.24803731265288165, 0.23914121356727053, 0.24325352231126607, 0.23905202955028598], "coh": [-2.0798022309161643, -2.0847485604193907, -2.0471648328222356, -2.0933331295768673, -2.150093054858587, -2.277292849072469, -2.078482022330176, -2.30071135761458, -2.027653492514226, -2.006754382309872]}