{"p": 0.5, "p-emp": 0.49850286415942413, "t": [111.26507377624512, 111.75955939292908, 124.5216052532196, 122.57577323913574, 112.15082955360413, 111.77646279335022, 115.86194157600403, 117.50826954841614, 116.78354787826538, 112.33461332321167], "nmi_acc": [0.295718354204376, 0.31449260700884074, 0.29921560548078246, 0.31029450291996635, 0.2852239420578587, 0.29069856857945536, 0.2883882467367528, 0.30040989888700104, 0.2917633017127521, 0.29231832535035523], "nmi_repr": [0.25856288625503443, 0.24446939013409866, 0.2727517915453318, 0.26655458884106875, 0.25363503355154166, 0.2622794168453869, 0.27191405698802834, 0.26191099647974136, 0.2663272084651474, 0.2621954548637097], "mi_td": [1.3705249797255623, 1.3892051583903537, 1.3866313013594376, 1.3263030970337817, 1.3508709699204222, 1.3436979317662283, 1.3444501529717878, 1.3611954470090777, 1.3743194376278112, 1.3862042283682208], "nmi_td": [0.25062319778216213, 0.25468326529554886, 0.2541649873983949, 0.24367877501899934, 0.2474685333528358, 0.24542299383121638, 0.24594668993138805, 0.2491489476082448, 0.2505909884735379, 0.2538569192026632], "mi_tw": [0.9536414779888408, 0.9399523429855514, 0.9463145189830094, 0.9689280657257447, 0.9782066005777137, 1.000079192950057, 0.987190257816707, 0.9711727958068321, 0.9797912881858966, 0.946807990878848], "nmi_tw": [0.20117775394857076, 0.19887012483338037, 0.20017401568802995, 0.20551393913314853, 0.20678350752240066, 0.21068255236329184, 0.2083447374080347, 0.205096251284843, 0.20600565554178682, 0.20006940537275505], "coh": [-0.7113955980100555, -0.7970548302156534, -0.7486223824502043, -0.7718450840741276, -0.7638558306059825, -0.7921727728087807, -0.7851340600937363, -0.8366830923686053, -0.7533872306319053, -0.7462793201475314]}