{"p": 0.5, "p-emp": 0.49981477097057225, "t": [72.1195878982544, 72.45209980010986, 74.7500331401825, 71.92127561569214, 75.56004428863525, 72.59648203849792, 74.68300652503967, 74.3675217628479, 73.62349820137024, 71.75780200958252], "nmi_acc": [0.07325502291256221, 0.06787376150419232, 0.06902194905246731, 0.07711355231063548, 0.0687666233392776, 0.07207662120905657, 0.0715241811471624, 0.0699529907391282, 0.07243415573053881, 0.07790807127016046], "nmi_repr": [0.12459859054849812, 0.12002012427331409, 0.1256944542637601, 0.12620158624504613, 0.12275219105782703, 0.1235598737619739, 0.1202072636367606, 0.1204194084639164, 0.12258128616030642, 0.12159527223613985], "mi_td": [0.7447665515226229, 0.7668385441000194, 0.7096941167304119, 0.7324999087917619, 0.7245761267894691, 0.7247423672512658, 0.7650961916970659, 0.728295246760183, 0.7424637225044844, 0.7652741237082216], "nmi_td": [0.13366278648024704, 0.13754161205693194, 0.12718051566790375, 0.1309379773911541, 0.1295645893889891, 0.1300238441506461, 0.13674625776074503, 0.13054407327081533, 0.13261833583202676, 0.1366134403695186], "mi_tw": [0.8392125575688423, 0.830062108811748, 0.9106363546304638, 0.895424959464661, 0.8934625069426139, 0.8830106482012271, 0.8504335918389074, 0.8906411259443078, 0.9012884265370249, 0.8581544065061335], "nmi_tw": [0.22323532454920417, 0.22060531401268044, 0.2417053333649081, 0.23678546157378727, 0.23638264098042172, 0.23476486543426783, 0.2248430632951149, 0.23647899468196748, 0.2380685113392369, 0.22648064213649224], "coh": [-0.5760609024773709, -0.5520331065414619, -0.6537162919339441, -0.5613631587478897, -0.5909972347896508, -0.5925854441078817, -0.5656862620293611, -0.5807815241782409, -0.6032879068129835, -0.5365514687605011]}