{"p": 0.5, "p-emp": 0.4998922399898319, "t": [101.66746830940247, 100.78327107429504, 98.77318835258484, 92.60785412788391, 99.58446669578552, 98.25769209861755, 90.22352623939514, 99.05014681816101, 99.24599242210388, 89.28673839569092], "nmi_acc": [0.2239938103116679, 0.23612333310023043, 0.18662791740235787, 0.2179501204718639, 0.21840923671503, 0.22953992548999858, 0.2317713072499875, 0.23934805762185934, 0.21819467774678114, 0.26582195421923793], "nmi_repr": [0.08707574417920033, 0.10512988907504212, 0.10372943670344666, 0.08370108161810166, 0.09176986977333405, 0.09592035541996578, 0.09711141530911524, 0.10072648465401383, 0.10012620617732755, 0.11426843991958396], "mi_td": [1.684145299126894, 1.7007727269345143, 1.663335266098226, 1.6801621654146652, 1.6750516729331977, 1.6902918017179662, 1.703108947491964, 1.6634149200039432, 1.674595723561735, 1.7107233057682159], "nmi_td": [0.28042095730820044, 0.28327945466796284, 0.2773898727068392, 0.2797831394900708, 0.27966509681728696, 0.2813209494952322, 0.28332950181544214, 0.27855638717382736, 0.2789769819776482, 0.2850316865780816], "mi_tw": [1.9486366913001152, 2.003213558500274, 1.9340936233249817, 1.9696878788504855, 1.9439219330316109, 1.9754897687525192, 1.9758222985679477, 1.9399304453647574, 1.9540551384852185, 2.013981125532957], "nmi_tw": [0.30092151164172576, 0.3094407392019606, 0.29910962393486723, 0.30419798919899854, 0.30095022713020686, 0.30494424542091153, 0.30487117714962825, 0.3011685528278126, 0.3019048914612712, 0.31120009261274073], "coh": [-2.8932967050180953, -2.7300935636508945, -2.8963782097466524, -3.0319368775576727, -2.8118726697999437, -2.770794060878962, -2.5714464637597483, -2.7611792119415, -2.844683514926062, -2.795590170846688]}