{"p": 0.6000000000000001, "p-emp": 0.5999675036790477, "t": [45.90079951286316, 45.64559364318848, 45.94474148750305, 45.77659273147583, 45.74460172653198, 45.558783769607544, 45.94405198097229, 45.52145791053772, 46.02711892127991, 45.64025259017944], "nmi_acc": [0.03148033452253297, 0.027067752322368778, 0.03110654638014997, 0.03258415314056457, 0.02763587712695933, 0.022170571319011168, 0.026619419180625787, 0.02330084174872387, 0.02572254327934971, 0.027319932724664334], "nmi_repr": [0.014588173773421418, 0.01379859226596993, 0.010894704282957971, 0.013525312362466253, 0.01336364843453048, 0.011440201014844463, 0.011142143630008395, 0.01091200049590678, 0.00999997653673486, 0.010474992506337754], "mi_td": [1.8384519378970934, 1.825868186707061, 1.848375933008221, 1.837468657161971, 1.8489195756488117, 1.8415603399551137, 1.855586183902098, 1.8557245989265065, 1.8412797060204398, 1.8332118041998042], "nmi_td": [0.3247064831520428, 0.32285253438042744, 0.32607691514042914, 0.3247037953471384, 0.32625401808359594, 0.32530758072333804, 0.32722800979771494, 0.32727816533916726, 0.32503512580474775, 0.32401249233291896], "mi_tw": [1.6642990775346094, 1.652332383997741, 1.659759907651445, 1.6689946419159174, 1.657529645362636, 1.653131399025543, 1.6631940704137724, 1.6567124350428672, 1.6558025874534166, 1.6533354497533033], "nmi_tw": [0.2479015379899234, 0.24635626567112082, 0.24698118564258445, 0.2487114025857568, 0.24670110073632462, 0.2462713431604045, 0.24741511065682223, 0.24646726479825964, 0.24652671438578103, 0.2464169706002459], "coh": [-2.811777242900907, -2.920939982210357, -2.8276423765868444, -2.7576977247795904, -2.864839035371248, -2.9071827559337433, -2.9794295912044535, -2.842993699661514, -2.9108739140717477, -2.809919031423499]}