{"p": 0.8, "p-emp": 0.7999712739172802, "t": [29.668317556381226, 29.289201736450195, 29.420970916748047, 29.3950834274292, 29.553683519363403, 29.38042664527893, 29.340322494506836, 29.436253786087036, 29.29609489440918, 29.571272611618042], "nmi_acc": [0.02756286418071018, 0.029257695833987518, 0.04061811310959268, 0.03355977425911536, 0.02843834468553641, 0.03495971907873043, 0.02992591663073225, 0.028462816133850023, 0.031740407673356626, 0.03255966842565565], "nmi_repr": [0.013826742207234335, 0.01300283516661071, 0.011846782313499714, 0.013161241129126382, 0.012008427937667437, 0.012723927476460102, 0.012451856480766165, 0.011428452547020693, 0.012133941293834301, 0.013821001223602134], "mi_td": [2.0184506424240456, 2.0363209399366666, 2.038560055880397, 2.0377138652617384, 2.0297323971877486, 2.045501992641525, 2.0264977978002077, 2.0290435400386975, 2.0419238212539406, 2.0304479437320353], "nmi_td": [0.3655081835824717, 0.36839175008366315, 0.3688352551072443, 0.36844954471878444, 0.36724046599941473, 0.3699163515873037, 0.36667786042239725, 0.3670308723059135, 0.3691881481640805, 0.36754227468739115], "mi_tw": [1.5077414164392697, 1.5102087366283548, 1.5261832931587462, 1.517618277430041, 1.516480619249792, 1.5189553616843066, 1.5100081620247703, 1.508350198163294, 1.51568932663467, 1.5112775306286377], "nmi_tw": [0.23024072477642019, 0.23043158719132992, 0.23288949012952878, 0.23145926087720078, 0.23141017254377913, 0.23169414256591023, 0.2304344914935981, 0.2301245695508113, 0.23115312112841077, 0.23070743764845558], "coh": [-2.4139229907579223, -2.471981481406297, -2.5829569584588414, -2.556547519501839, -2.524480457660246, -2.428281732773588, -2.514878083850566, -2.5259102319081124, -2.5646071906935317, -2.5648368554436454]}