{"p": 0.8, "p-emp": 0.4085434749547987, "t": [147.67915534973145, 151.00813150405884, 151.18239164352417, 150.34015130996704, 145.55483555793762, 149.65529417991638, 150.8078212738037, 151.65785789489746, 151.13225150108337, 148.60972929000854], "nmi_acc": [0.31952965084823676, 0.31391012265804336, 0.3151411967264735, 0.30911602533608995, 0.3171835721651496, 0.313814756857372, 0.3090233134793392, 0.3211012173698832, 0.31080424132719253, 0.32381640735366873], "nmi_repr": [0.3386613302219325, 0.3271323487135196, 0.3478742288808851, 0.3399873580751521, 0.3564454834132712, 0.3593117661344751, 0.34918585541274916, 0.36131129393980305, 0.34168838781301425, 0.3362119425982506], "mi_td": [1.2685988634863314, 1.2998183659870748, 1.3035941332423984, 1.3226429238113655, 1.2785664321629766, 1.315733696509414, 1.3031015301424183, 1.320368078413089, 1.2852365705093767, 1.2648280042607691], "nmi_td": [0.23322749189809527, 0.23974758682056815, 0.2396864347232176, 0.24341177568068284, 0.2355632379331044, 0.24229768194854842, 0.23999617534714518, 0.243461091777303, 0.23635016063937733, 0.2320194770772498], "mi_tw": [1.7509071696065936, 1.7105201690522966, 1.7316713771751056, 1.7113268164456794, 1.7512480077555062, 1.7056441319548132, 1.7170909643299672, 1.6995377287625104, 1.7411647135863157, 1.7776296483320708], "nmi_tw": [0.29927077989329315, 0.29325528494338504, 0.29601185132635854, 0.29278343685837616, 0.2999247382152673, 0.29198759117977113, 0.29397535482290166, 0.2912869927520364, 0.29768037286645027, 0.3032128560433163], "coh": [-1.3998922978326052, -1.4908254931811045, -1.4527715096270755, -1.4752998797850236, -1.4818085400929752, -1.396373488376837, -1.4148330448237583, -1.44043390524492, -1.4525871209775745, -1.4335978555368256]}