{"p": 0.4, "p-emp": 0.399230882115461, "t": [94.58263635635376, 94.25011777877808, 93.11145091056824, 92.39695358276367, 90.98506093025208, 90.07048606872559, 88.55544567108154, 89.036949634552, 89.4087975025177, 88.7081847190857], "nmi_acc": [0.186705415584699, 0.20988049866457748, 0.18263489163882252, 0.19206127658621067, 0.22227264718553516, 0.16399949584038478, 0.18570357349933855, 0.22639772772115976, 0.1916878455602729, 0.2056720991805857], "nmi_repr": [0.0750712993433321, 0.07135663000536101, 0.07699386314727565, 0.07452448747531087, 0.07180324494520134, 0.07295245927149636, 0.06275561469425704, 0.07305780877961152, 0.07990075574330006, 0.07119992075451735], "mi_td": [1.6558095039037624, 1.6534733229539194, 1.685239316235159, 1.6638590769909904, 1.6917687039100047, 1.663933707451084, 1.663065058488543, 1.6825608458652535, 1.6405729843534185, 1.650006573923718], "nmi_td": [0.2761466987482874, 0.27606166320032005, 0.28007795742961694, 0.27758768752538426, 0.28149418663185644, 0.27687406151990895, 0.27715207584351487, 0.2806409764101139, 0.2741814004710517, 0.2759702900333827], "mi_tw": [1.6183486948349135, 1.632161439609503, 1.6402718878378588, 1.6296898389692354, 1.6451534719148637, 1.630107686075786, 1.6213383743499106, 1.6415992252022735, 1.617705524724566, 1.619732479355019], "nmi_tw": [0.2514808896523563, 0.2538883008697775, 0.25406194247132846, 0.2533270087481823, 0.2550976762666016, 0.25277433407893307, 0.2517722319406511, 0.2551216857893191, 0.25187377008123074, 0.2523702309377736], "coh": [-2.9874496759068707, -2.8591661372428137, -3.0522653884838373, -3.038542337042686, -2.600171837127822, -2.852148545787871, -2.858479620453909, -2.8843187963734236, -2.9662986953330086, -2.7183629757134247]}