{"p": 0.9, "p-emp": 0.8998277694989532, "t": [9.10022258758545, 8.878633260726929, 8.854485511779785, 11.064091444015503, 9.12009072303772, 10.088261365890503, 10.477083921432495, 8.199509143829346, 9.422832489013672, 8.18529462814331], "nmi_acc": [0.08900896212848566, 0.07066320498327647, 0.08062274179472288, 0.08260810853474361, 0.0732512767675694, 0.07842990591233631, 0.08723397077911182, 0.06708587230861118, 0.08511161373093076, 0.07741250481719704], "nmi_repr": [0.1670969834909476, 0.16479833064928856, 0.18278101152351653, 0.1773555235269878, 0.14457407646644582, 0.15357273396693788, 0.16791945234075278, 0.16738087574488114, 0.16544716719548413, 0.15510493162590072], "mi_td": [1.060665068483599, 0.8076559616091219, 0.8651832004993745, 1.0519469875649947, 0.70844264480019, 1.033070272872745, 1.0091322162013336, 0.7001852080682871, 0.9048982946657562, 0.5797306177216655], "nmi_td": [0.2024306724757144, 0.16042739484689264, 0.16943040944110732, 0.20153483277516965, 0.14176943187953972, 0.19866756825176943, 0.19391862624446526, 0.14010446954270264, 0.1761781938445145, 0.11769615276299142], "mi_tw": [1.0192716560256438, 0.9464542235139317, 1.015550610253717, 1.0807435534260623, 0.9179408612244035, 1.016281684596895, 1.0367652606402222, 0.9369745228579769, 1.0226715469502041, 0.9427391552295954], "nmi_tw": [0.2612567864177762, 0.25606331168163804, 0.26950598901021544, 0.2784381548284644, 0.25087770787809294, 0.26316504437814014, 0.26819834282425636, 0.25604842077373785, 0.2692631004074034, 0.26278987526841197], "coh": [-2.2601306952919464, -2.2196947770166493, -2.221634118537239, -2.244637198797233, -2.0713984667103844, -2.2831881772162146, -2.242026357284113, -2.1927090482668556, -2.1945377484943798, -2.171736357267011]}