{"p": 0.0, "p-emp": 0.0, "t": [99.15018105506897, 104.41978979110718, 96.23478078842163, 102.91428732872009, 103.35965085029602, 100.36000156402588, 101.18572735786438, 98.30488085746765, 99.71993827819824, 96.49853539466858], "nmi_acc": [0.027156260355331856, 0.028269178108456267, 0.02634686618073184, 0.026749919930632287, 0.030983428561772434, 0.02637322964002633, 0.02634686618073184, 0.02677539844619547, 0.02634686618073184, 0.02634686618073184], "nmi_repr": [0.176544772145201, 0.1630318020177345, 0.16871317358740864, 0.1831338310511183, 0.1577499543369824, 0.15283825541226623, 0.18819835906496163, 0.18601999152420762, 0.19758797232969863, 0.2203327561886004], "mi_td": [0.6321274750720389, 0.5867301805643635, 0.5937644834161756, 0.5984372090029514, 0.6016516964212852, 0.61202821916783, 0.5884119634525368, 0.5929048499430982, 0.6330804664721038, 0.591338793858264], "nmi_td": [0.1258469972177076, 0.1136675770660603, 0.11930135725349597, 0.11663220615635328, 0.11642474099259052, 0.12131530225510136, 0.11756926761595446, 0.11763545837669603, 0.12677061096575792, 0.11784471983825984], "mi_tw": [1.4335690049686638, 1.6925479729905175, 1.3952109306627825, 1.6587151318060667, 1.7303194789379992, 1.4983812689567377, 1.4304229883613175, 1.5002353993445812, 1.4120902435251592, 1.472277952814294], "nmi_tw": [0.2927129043383038, 0.3360664323019312, 0.2875801360464773, 0.3313772521522703, 0.34316264503484045, 0.30458123124285796, 0.29315835403904733, 0.3052528716102353, 0.29004940748623526, 0.3009260642671502], "coh": [-2.190666249448105, -2.3909641486324684, -2.329497462413983, -2.24316979951111, -2.1980234017900266, -2.2895234783610023, -2.4851435156450585, -2.1741859438397872, -2.3362445991006924, -2.5000290664361584]}