{"p": 0.5, "p-emp": 0.4988492669216341, "t": [59.80192279815674, 60.68552756309509, 64.03537678718567, 66.00677275657654, 61.09268617630005, 63.86311197280884, 69.485107421875, 61.269389152526855, 61.03788352012634, 67.27602791786194], "nmi_acc": [0.060358487578573775, 0.10210897041464771, 0.1190654201428768, 0.10489438614330542, 0.08659972487929248, 0.14195324085145802, 0.10135029660546123, 0.13575654617977992, 0.09717844350677628, 0.07437085375674853], "nmi_repr": [0.20988817482419725, 0.20024048056062332, 0.1918401784442453, 0.2085726187426232, 0.21841822923796736, 0.203007615331344, 0.20235029006047725, 0.2098026988955654, 0.2288791905609122, 0.23652843468649], "mi_td": [0.6101026715998568, 0.6023830073266425, 0.6416665049641729, 0.6050924922746674, 0.6191103528533222, 0.5892970299396944, 0.6682152600948286, 0.6255508095043409, 0.600497668670974, 0.6600830932934048], "nmi_td": [0.12184932628222851, 0.11928916220854392, 0.1284242693622186, 0.12128975488115595, 0.1251826217013462, 0.11663664229830803, 0.13417772626071062, 0.12484043670824159, 0.12150485880984081, 0.13311896701123965], "mi_tw": [1.515970613994967, 1.5844045331132042, 1.4535164582850546, 1.4761795868432255, 1.4006358339450613, 1.6193902260731212, 1.4073577087574214, 1.5047026291428778, 1.403273421504379, 1.3848628163103036], "nmi_tw": [0.3375435719016071, 0.34945492639058884, 0.3244008989578353, 0.33002169606540815, 0.31618368487442416, 0.35696300340654685, 0.3152516757944599, 0.33475310998069796, 0.31702868036110005, 0.311712628292544], "coh": [-1.9940096922482726, -2.0326391694862256, -2.202515064444028, -2.253085344244337, -2.14609254738703, -2.1328851159891578, -2.1776629331702613, -2.158725438870865, -2.1374972050144723, -2.2670547327682375]}