{"p": 0.4, "p-emp": 0.3999990715336871, "t": [94.95102024078369, 96.11432576179504, 97.3516116142273, 96.61975526809692, 97.5524423122406, 97.25244212150574, 99.29295301437378, 99.18039178848267, 96.64056777954102, 97.64010453224182], "nmi_acc": [0.13458849204703452, 0.14206257178192944, 0.12540544949142743, 0.13905250502034114, 0.1261055252332291, 0.1345736619934338, 0.10314386544713375, 0.1547967096777059, 0.12090217480205274, 0.1379796089350537], "nmi_repr": [0.29371482367727636, 0.27791160206142523, 0.2673624425655832, 0.2765377732727866, 0.27013343407318696, 0.2831838508194066, 0.26823246135877804, 0.25182281714781196, 0.2692865759477689, 0.28399178417569126], "mi_td": [0.8364386127693089, 0.8565080879768912, 0.8400914970078122, 0.8493139640972874, 0.84830714917898, 0.8531123466731168, 0.8660601480851468, 0.8387089762247625, 0.8415024683112278, 0.8415280985972915], "nmi_td": [0.15786146871175216, 0.15938653429211316, 0.15737204431443158, 0.15904236948459172, 0.15953392904535718, 0.15899111308892871, 0.1612646510849944, 0.15510527838758326, 0.1584120378848131, 0.15742607469187975], "mi_tw": [1.5674383975415975, 1.6228134641265959, 1.6233898488578404, 1.5868435706007824, 1.5996856191913733, 1.6215863484220565, 1.6248578768528712, 1.6530126229839401, 1.5927524483594306, 1.6044502829463028], "nmi_tw": [0.30314815747677537, 0.3093575037340188, 0.31157762633147706, 0.3044509176354568, 0.3082611864939553, 0.30959531827320863, 0.30994527133753264, 0.31311043837821506, 0.30723877381457193, 0.30751208684771403], "coh": [-1.884237457241897, -1.7569219509876461, -1.7711339069603471, -1.883142574544148, -1.713224117697178, -1.7383028932874425, -1.6645816198972416, -1.7781779143251952, -1.8614424017937854, -1.9820177090142497]}