{"p": 0.30000000000000004, "p-emp": 0.2937529218932178, "t": [156.42874431610107, 157.03769779205322, 155.10468649864197, 161.83214449882507, 156.47635459899902, 156.1833746433258, 158.17592096328735, 155.6233994960785, 155.8683500289917, 158.44094586372375], "nmi_acc": [0.3125776799844722, 0.31144093783411014, 0.3119488805950191, 0.3006655815248054, 0.30931195614955576, 0.30583934759634346, 0.3171439160629386, 0.3120216233589348, 0.2982732552958156, 0.3071247616750414], "nmi_repr": [0.2533441223581059, 0.2611751913469908, 0.25029725857078927, 0.24926535299012315, 0.25725997294818537, 0.25802622269064207, 0.2581912144369425, 0.2570289081876092, 0.2415993425916894, 0.2402530975140034], "mi_td": [1.3442956525566703, 1.3583727245246138, 1.301438484917424, 1.31900224226069, 1.3387451843094487, 1.3233983130428362, 1.3458121606900741, 1.3283946887608566, 1.2395382636260108, 1.3039671041218257], "nmi_td": [0.24663668909721784, 0.2494313902291632, 0.2384095070894724, 0.24234244012593492, 0.2446587807717914, 0.24310409499559568, 0.24707067420492065, 0.24413397121615776, 0.22805379561224928, 0.23941325020359705], "mi_tw": [0.9612474327012491, 0.9585844492202585, 0.9904572083840414, 0.9805760553218315, 0.9936732903710017, 0.9764237992580065, 0.966614547415917, 0.9649903146431287, 1.0314644751278623, 0.9918678064997166], "nmi_tw": [0.19788256093117257, 0.19752272285794387, 0.20354678301315746, 0.20218574124118455, 0.20366149403254266, 0.20128680180753297, 0.1991282861095187, 0.19903234462057837, 0.2130048711004871, 0.20435425716539996], "coh": [-0.3587506377311644, -0.376381510514256, -0.434318931039794, -0.34624965707055294, -0.5248361173427755, -0.35401545282370345, -0.3855831112717195, -0.37843651911724796, -0.39113049726873017, -0.42282269175007414]}