{"p": 0.2, "p-emp": 0.1999909878956173, "t": [179.38114857673645, 183.33492302894592, 189.96716284751892, 181.20658349990845, 186.52646803855896, 180.65174055099487, 180.78128671646118, 182.90531206130981, 180.44970536231995, 182.8101270198822], "nmi_acc": [0.3094093778783165, 0.3084407683488153, 0.30100972435402157, 0.3158906034961217, 0.30703461953050926, 0.30299876335073855, 0.2981110543607731, 0.2952312095149753, 0.31681815351755405, 0.3115797101065393], "nmi_repr": [0.22479962651940388, 0.2221156105220004, 0.2242612527615127, 0.21766006127026885, 0.22714345850043433, 0.22776383655293433, 0.22595754200458976, 0.21951001134190234, 0.21419230903637854, 0.21674989393522906], "mi_td": [1.3170167036924592, 1.3252243794720906, 1.2731709619965894, 1.2766034985999268, 1.3286779511223128, 1.321172676340944, 1.3126728014487228, 1.2823760055783544, 1.3217752212793497, 1.2938163445943833], "nmi_td": [0.24128587649809127, 0.24256605606836773, 0.23372006617592445, 0.23434399868425224, 0.2432059059273643, 0.24170005191535734, 0.24034094664678793, 0.2351100267365366, 0.24246062134509394, 0.23711289263617097], "mi_tw": [0.7654684110092894, 0.7589872872536654, 0.7747999352062067, 0.782380560716612, 0.759855188110794, 0.7674917096648635, 0.7715990512257583, 0.778446749657455, 0.7481974936307171, 0.7741445479242497], "nmi_tw": [0.17127808646072903, 0.16963698211903264, 0.17379019057519943, 0.17548488695617845, 0.16983754129209874, 0.17143002700160134, 0.17251914049741968, 0.17433651958354418, 0.167669488905298, 0.17328857201472647], "coh": [-0.24483694193915304, -0.21229195098817524, -0.23875991106514172, -0.20740474169740306, -0.22683992887813523, -0.262743578305636, -0.22992044572597586, -0.2492193927950043, -0.22205816887869995, -0.18030928709861543]}