{"p": 0.7000000000000001, "p-emp": 0.6991741292146567, "t": [44.51945376396179, 44.98295331001282, 44.265273332595825, 43.87402415275574, 43.713183879852295, 45.04320025444031, 44.57603168487549, 45.6554057598114, 46.74529051780701, 46.17509078979492], "nmi_acc": [0.16648162576736653, 0.18370101412200243, 0.17515731882684354, 0.18110672209553622, 0.17426383948595495, 0.18223630980543534, 0.1701000227438802, 0.17123959855762053, 0.18456923077121015, 0.18234460637820166], "nmi_repr": [0.2227992351044957, 0.2280020952971277, 0.23504803822739692, 0.23297267157049217, 0.23621740911652142, 0.23292556524801747, 0.22264464398085457, 0.22840680968029353, 0.23043188917124777, 0.23551298353511457], "mi_td": [1.2471103506763295, 1.233902094117683, 1.2330980111462226, 1.249828272317696, 1.2373424447240984, 1.2685410704429056, 1.2398524912649591, 1.227330053246841, 1.2564158206577487, 1.301164991624383], "nmi_td": [0.2229221422702066, 0.22175636328479445, 0.22147096344842554, 0.22412838042745623, 0.22182400435289906, 0.22683287444410016, 0.2225330428057161, 0.22006190003960627, 0.2252524105910604, 0.23234572337874312], "mi_tw": [1.196493034828384, 1.1619666588228361, 1.1800550445531703, 1.1699986878893724, 1.1983778563665148, 1.1687987811867544, 1.165191968863966, 1.1840444078236267, 1.1619829939312425, 1.15682595968942], "nmi_tw": [0.25015173771440785, 0.24447443621843135, 0.24809541204906252, 0.24553562666494821, 0.25140462898906646, 0.24446248371764384, 0.24477608867560122, 0.24844106661094903, 0.2437808867859872, 0.24156819650032507], "coh": [-1.7172750704471906, -1.6438066959782316, -1.6963078236766727, -1.6616823007617405, -1.6516748181477638, -1.6315777978703685, -1.6894752193036422, -1.6883037733883945, -1.6569436873483288, -1.624027237452402]}