{"p": 0.2, "p-emp": 0.19418831918620694, "t": [209.17260217666626, 212.1592013835907, 209.33328104019165, 209.56459259986877, 210.35032200813293, 208.86110854148865, 216.37762594223022, 206.44345045089722, 208.0140438079834, 207.64240837097168], "nmi_acc": [0.3132275558946223, 0.29745377151295255, 0.2852543617274166, 0.3143574837679481, 0.30328032529680987, 0.3228080956226171, 0.2960704182166348, 0.30156604149017824, 0.325632895362147, 0.30363607276853116], "nmi_repr": [0.2877841313850695, 0.28068975313583944, 0.27380984521582785, 0.26654539621015105, 0.28775712269230574, 0.27891000895124735, 0.2665448254478441, 0.2531759888757987, 0.24471050036767575, 0.2752221243363805], "mi_td": [1.2940973795487551, 1.1679953687700992, 1.1420664600198294, 1.315975036029945, 1.2262778737823703, 1.2754480419223728, 1.1565849211332413, 1.1704076863025006, 1.2735112041185417, 1.2583467675404194], "nmi_td": [0.23868628442454184, 0.21625526150236232, 0.21181464627552224, 0.24324182806644232, 0.22740476480806118, 0.2353312855561707, 0.2147024369978909, 0.2158874307352262, 0.23491257337036303, 0.23209200424696405], "mi_tw": [1.176086144823297, 1.2479545977804736, 1.2605887319139861, 1.1518516844539342, 1.1870932046681473, 1.1981447164816417, 1.2288995627821835, 1.2464511396646822, 1.1773400220383912, 1.194274991449866], "nmi_tw": [0.2299590956782362, 0.24500536243203294, 0.24793276172927145, 0.22573250123677854, 0.23344690128559636, 0.23436163947627625, 0.24193327846485985, 0.2437351631302905, 0.23022842158061968, 0.23351516585949306], "coh": [-0.4122838382995801, -0.6619917501815529, -0.5905317547163466, -0.37284290739688475, -0.5370957676602208, -0.46646274541315436, -0.5267259997188334, -0.7105228139736393, -0.48014577998347674, -0.4453263474738874]}