{"p": 0.2, "p-emp": 0.1972000518196002, "t": [72.11595749855042, 72.15902161598206, 71.85715198516846, 70.82380247116089, 72.13210439682007, 71.54340863227844, 72.39965176582336, 72.3920681476593, 71.10980296134949, 72.74307656288147], "nmi_acc": [0.1836005801515, 0.1538791395347174, 0.15890555722618702, 0.16147317563420746, 0.17561642268947494, 0.17533161816034484, 0.16022421345488652, 0.12243580670065607, 0.1622867743683583, 0.1478514768255595], "nmi_repr": [0.1065753932615035, 0.09754936595073743, 0.09620891008871477, 0.07849643894571057, 0.09604030267168928, 0.12631797228386352, 0.11309491135896826, 0.07476211502000207, 0.07844877925269234, 0.08089134173538833], "mi_td": [1.3096092101197065, 1.2487101038565964, 1.3992189155557941, 1.1883293651143645, 1.4290761318180007, 1.6030974142164758, 1.3868456946226693, 1.439466053333379, 1.714879495502473, 1.4316566634479007], "nmi_td": [0.25931893237590004, 0.2490086605134956, 0.2741717921126175, 0.23983698289909258, 0.2787608307631102, 0.3048638164112776, 0.2709647673789984, 0.2782845936075262, 0.3211084526532152, 0.27769338937863214], "mi_tw": [0.426014177009916, 0.4081710368650384, 0.42400774490245347, 0.4027548844347517, 0.435194266682725, 0.49215976004495576, 0.4263373613080294, 0.4203771813617283, 0.5058683743066608, 0.410955954678328], "nmi_tw": [0.08374451908222066, 0.08080022724264196, 0.08248663465629215, 0.08068621118524882, 0.08428422135336523, 0.09294298239979781, 0.08270271004929805, 0.08069400162192236, 0.09407336831491733, 0.07914548024459002], "coh": [-0.3209628805549915, -0.5628461819769196, -0.3320948904917359, -0.39899884448898865, -0.611557808496453, -0.35113401748027, -0.5396149697573513, -0.34487627107659957, -0.2734481022108616, -0.35295164054049566]}