{"p": 0.9, "p-emp": 0.36451680291909805, "t": [102.12105941772461, 100.44615197181702, 102.62686514854431, 103.56757068634033, 105.33457922935486, 99.64154505729675, 100.22239255905151, 97.26138734817505, 104.10916352272034, 101.88656640052795], "nmi_acc": [0.233685242567706, 0.22985054313607214, 0.24081357580097915, 0.22709370943425197, 0.22743772380140806, 0.2110671821747542, 0.22254022505003387, 0.2237844984434649, 0.23824730985658513, 0.20839061324465966], "nmi_repr": [0.30458782892502195, 0.29413941259858306, 0.30296228039910184, 0.2868423975839553, 0.28062556313370524, 0.2983606455902297, 0.3044514389733208, 0.29223285159657253, 0.27909980653542077, 0.29361723139580254], "mi_td": [1.0813562119190578, 1.0890274643698699, 1.0906409236917398, 1.0858847903417428, 1.0888275631361477, 1.0861460138608208, 1.0753595933341067, 1.0914610996696295, 1.0861265037718428, 1.090897482885367], "nmi_td": [0.19794560283895526, 0.19837335822510724, 0.19900304831209278, 0.1988128070670737, 0.19756381220127006, 0.19883576288952348, 0.19689575634371628, 0.19998989988234236, 0.19771887390388992, 0.19992367406589576], "mi_tw": [1.91172162562533, 1.9121911711558488, 1.8988355753635775, 1.8947185496288355, 1.9401834270817284, 1.9020219122425657, 1.9203072089099538, 1.8719520581324192, 1.925571387048119, 1.9044535645869378], "nmi_tw": [0.31679960188717826, 0.31547159747800674, 0.31374768321146407, 0.3140366214796746, 0.31895924605326115, 0.3152114112008369, 0.31829238557339845, 0.31048266687665044, 0.31749572227932, 0.3159263709636461], "coh": [-2.001634353666598, -1.9509893738847186, -2.0411306616671316, -1.983916706222422, -1.9355454057333525, -2.0178312084320655, -1.948089350469178, -1.9827423650582872, -1.9756481536312087, -1.9647028451483408]}