{"p": 0.30000000000000004, "p-emp": 0.2996366860511882, "t": [131.57271075248718, 167.2157325744629, 136.52721214294434, 129.36488366127014, 162.7608184814453, 142.22307324409485, 138.8958032131195, 136.78504753112793, 153.39727592468262, 129.73614072799683], "nmi_acc": [0.43885134407204884, 0.41451304010020257, 0.4388302702060667, 0.4187169754368776, 0.40845108354459647, 0.39913731109685086, 0.381409320766123, 0.42856059687407316, 0.43215383758889175, 0.4050434886535011], "nmi_repr": [0.2731328899960601, 0.2575132731383641, 0.262725476979178, 0.25459488774792455, 0.25903222210732574, 0.2615146135906789, 0.24922101105024444, 0.26151307224058495, 0.2930057621401124, 0.2648972842340334], "mi_td": [1.5594401471979653, 1.605378468893668, 1.6004955978060664, 1.4916935379381668, 1.6423293262966785, 1.568940133823438, 1.6010118765499857, 1.5774693813044522, 1.5214262136854502, 1.4969393098268116], "nmi_td": [0.2644909622941842, 0.2683039111169624, 0.26766150377906744, 0.25277900425113464, 0.2743563060522204, 0.2627640005084287, 0.26708932439849237, 0.2654216465512968, 0.25794177390823086, 0.2530319781219521], "mi_tw": [2.0309517389637586, 2.1890629644039348, 2.201337434859748, 2.0762989404863768, 2.2190880084111035, 2.221782915222396, 2.226795397253279, 2.1515521736712384, 2.087661793023015, 2.107542698255816], "nmi_tw": [0.3290172600309016, 0.34967887767311673, 0.3518577812935844, 0.3360820278735601, 0.3543230583130434, 0.35561692507937287, 0.355090177031491, 0.34590678833303407, 0.33807695149439704, 0.3403222922903292], "coh": [-2.4591614836119584, -2.637755292596177, -2.418740128427181, -2.4961875531104476, -2.4155440508662354, -2.60850794542716, -2.585102071901043, -2.651656475639725, -2.3495984863063115, -2.5948893214027664]}