{"p": 0.5, "p-emp": 0.36451680291909805, "t": [109.1500289440155, 108.22557282447815, 107.58912706375122, 107.85294938087463, 108.81600522994995, 106.26589250564575, 107.22628545761108, 103.37688851356506, 108.92157578468323, 106.39395403862], "nmi_acc": [0.21924057309759193, 0.22784258294605253, 0.2413321804403553, 0.2299496118514106, 0.213344273224155, 0.22018923150070996, 0.23319603767127212, 0.2405642141725449, 0.24748852834170115, 0.2397723727806775], "nmi_repr": [0.2715104936556144, 0.3024062051714174, 0.29915306571927097, 0.31350360278876666, 0.2966981231326498, 0.31861424152575485, 0.3078270668961985, 0.2972673129029502, 0.3066006409024392, 0.3053408452726845], "mi_td": [1.096877829873664, 1.0680983451571033, 1.0912314720974345, 1.093008317669307, 1.0838777497807934, 1.0889395301921452, 1.0799553132973378, 1.0928815163715768, 1.0814115237231015, 1.0847970886488405], "nmi_td": [0.2006928016985932, 0.19551143034108698, 0.1991521849526474, 0.19918240293462616, 0.19947719904742103, 0.19999545340994754, 0.19678865893277528, 0.19903914730087735, 0.1969898570504632, 0.19794926018717077], "mi_tw": [1.8743380655059885, 1.9252990826643213, 1.902748022962266, 1.9105816715107635, 1.8728426936828122, 1.8964024554532317, 1.9227250628441903, 1.9048397957917824, 1.9192890695263707, 1.9041972953580342], "nmi_tw": [0.3104728531565125, 0.3190388277959897, 0.31445331366544566, 0.31532637048453427, 0.31187126515171765, 0.3152050954968756, 0.31730855842504285, 0.31420694364043167, 0.31664812216406657, 0.31465160646042356], "coh": [-1.971896650751373, -2.006097788389851, -1.961219565135534, -1.999443394840392, -1.9712434253267674, -1.85644147386868, -1.984235011345683, -2.025448109052063, -1.9643270253577232, -1.897906130855942]}