{"p": 0.30000000000000004, "p-emp": 0.2985721447118661, "t": [95.73144912719727, 98.57850074768066, 101.85735630989075, 90.38774752616882, 93.93816661834717, 107.64704036712646, 88.72789216041565, 92.89883494377136, 95.4359085559845, 91.60827207565308], "nmi_acc": [0.173516264286323, 0.1677686509965001, 0.22689799751331904, 0.15930612514455833, 0.214728172067763, 0.20153682104225268, 0.13744178419560465, 0.204964877708665, 0.21140458071145762, 0.22260470635039759], "nmi_repr": [0.22757134530126347, 0.24308774109182094, 0.2254367175974967, 0.21158736731391425, 0.20429611870161563, 0.22877280130858688, 0.238105424747246, 0.20957134207395625, 0.2059995053351692, 0.19434776449570085], "mi_td": [0.6349237584190561, 0.6691459390925383, 0.7424631395527735, 0.534638474135998, 0.6220912638581333, 0.640458304116595, 0.5000670390814086, 0.5566984786206561, 0.5899588674757997, 0.48436306937348367], "nmi_td": [0.12606407422213206, 0.13261340045039324, 0.1434972713811953, 0.10669175306014379, 0.1230406816441284, 0.1265324320276367, 0.10271243577756457, 0.11022309881164785, 0.1166715480159195, 0.09673771709451451], "mi_tw": [1.4671794299505914, 1.4910643436722804, 1.644754080787074, 1.4767416990193607, 1.5241925291623646, 1.515000251071044, 1.2463477732452553, 1.5370625110935754, 1.5111522254517493, 1.48749192695829], "nmi_tw": [0.30043710793608097, 0.30474626151008954, 0.3275734334205787, 0.3039799316927587, 0.3108727449602803, 0.30864326603702874, 0.264304298967497, 0.3138387805379867, 0.3081754446152817, 0.3064504918830444], "coh": [-1.8382332094694072, -1.6641198536862456, -1.6742897120821363, -1.9673337482499667, -1.800089879824512, -1.5769669743951165, -1.8474140974569824, -1.7298298299831085, -1.769950691388658, -1.6133561914351815]}