{"p": 0.5, "p-emp": 0.4994059384054834, "t": [52.748719692230225, 50.376068353652954, 52.19243335723877, 52.354111433029175, 52.844109773635864, 52.624125719070435, 52.34554958343506, 53.18940544128418, 52.2046275138855, 53.00370240211487], "nmi_acc": [0.36609994093894227, 0.39560055473901495, 0.3368499851999673, 0.3710607081115246, 0.36678914403951424, 0.30956228365766775, 0.3608240421571524, 0.3443274740313584, 0.37909495025600326, 0.33969536784053883], "nmi_repr": [0.2393029890150257, 0.25416704908327925, 0.2559964677190938, 0.24493334591725963, 0.2369553779531949, 0.2106722427826064, 0.21652132318196798, 0.24569382310831794, 0.24722563388417074, 0.23787891526659294], "mi_td": [1.9341675728815448, 1.9503342673608408, 1.9623939328669608, 1.9321647098965138, 1.9592245283757748, 1.8605657693631406, 1.953171796864617, 1.979188076282584, 1.963661367491629, 1.9109220227737072], "nmi_td": [0.32320435090228095, 0.3279201269247705, 0.3275770816243321, 0.3244844700818402, 0.32768358377233586, 0.3138015870286809, 0.3265348255355253, 0.33044080883631416, 0.32862054170381244, 0.32102619361018053], "mi_tw": [1.077520432346493, 1.0929160234871165, 1.0742983726932753, 1.0777005599933913, 1.0519561123677352, 1.0436969684676183, 1.0716721658403325, 1.0815456400946464, 1.0826285089054815, 1.053326895768958], "nmi_tw": [0.19875927633870993, 0.20297544808281828, 0.19793550847562988, 0.19989058951933, 0.19423484628575993, 0.19450186330030655, 0.19778402200660147, 0.19931095291824166, 0.20002920830872414, 0.19544320700248985], "coh": [-2.2839425432329423, -2.189239570547678, -2.2227253273610996, -2.312576533268155, -2.316011072953487, -2.3621820658340282, -2.4251183606659366, -2.2720956826886525, -2.2677406051627864, -2.332750748459003]}