{"p": 0.7000000000000001, "p-emp": 0.6904088679107125, "t": [40.564634799957275, 40.40693116188049, 39.21034622192383, 39.1774468421936, 39.75364422798157, 41.18690538406372, 41.74061369895935, 38.868077754974365, 37.25060510635376, 40.911043882369995], "nmi_acc": [0.1187462990922368, 0.11752240799815693, 0.124495900162222, 0.10836570712000472, 0.1316572635940822, 0.13022528481887682, 0.10748451002479306, 0.1110904287263865, 0.08782050196794382, 0.13858606219947683], "nmi_repr": [0.18842390172610216, 0.2301397709924509, 0.18074896639308194, 0.17856531206886272, 0.20267248400611212, 0.19694802283111623, 0.19562828133440777, 0.1875663533233116, 0.2092923457115792, 0.19139150595322], "mi_td": [0.6847502939128509, 0.7024049519856864, 0.6413661670511968, 0.6728696550672093, 0.6883337464171531, 0.7005216966596026, 0.7359609067691628, 0.6263739337726508, 0.6278294072827639, 0.6871718489880188], "nmi_td": [0.1377871233773983, 0.1407344902961713, 0.12609311204639936, 0.13587167878382894, 0.13667571579947901, 0.14160315836980863, 0.14614722092324206, 0.12705368182205906, 0.12899785665220995, 0.1362210660972239], "mi_tw": [1.4471673083602177, 1.462376867660438, 1.589804129945217, 1.4022800794575454, 1.5227755796558007, 1.3129301634904231, 1.4594988523052252, 1.3606379511575473, 1.2624253750035122, 1.4929882606698506], "nmi_tw": [0.3377444042399299, 0.3396004182724993, 0.3611857769060345, 0.32860143957771615, 0.3499482743569461, 0.30803670605138306, 0.335445585270109, 0.3205143697870957, 0.3018603024213033, 0.34245128578038353], "coh": [-2.2492807873336993, -2.235015368064454, -2.2619427319533356, -2.30574586342613, -2.236151118167479, -2.1961368095825637, -2.3612946337621286, -2.3793634439911298, -2.43679209201263, -2.1703214408479896]}