{"p": 0.8, "p-emp": 0.7999992631794177, "t": [52.49493193626404, 62.81511902809143, 46.75583863258362, 65.30975222587585, 52.73941111564636, 61.224955558776855, 61.04774332046509, 47.12138032913208, 64.77705001831055, 48.51238441467285], "nmi_acc": [0.12249844743268623, 0.10658159380254674, 0.10456558221031749, 0.10575818812975164, 0.10624817874418628, 0.11986181731016708, 0.11129583134349742, 0.12592025196512988, 0.10026695858806628, 0.13980177480837244], "nmi_repr": [0.06944561590380054, 0.06278450318990866, 0.0649553981640085, 0.06877125672172248, 0.06836031691269633, 0.06536803425440402, 0.06689700678140727, 0.07173151622652028, 0.0677403951305248, 0.06969984136741106], "mi_td": [2.0208868333401924, 2.024365826729671, 2.0315234525837673, 2.0350375229313076, 2.0392858713848856, 2.029713395557209, 2.0185210160482665, 2.0297419279087485, 2.0277706095415677, 2.042835428561004], "nmi_td": [0.3374318596241683, 0.3378778849001027, 0.33908698390809316, 0.339696999056255, 0.3401542431996923, 0.33888078455602805, 0.33689237475678774, 0.3390270524734439, 0.3382185560139143, 0.3409396866510501], "mi_tw": [2.544195956726558, 2.535194154754712, 2.5376012916027424, 2.5318755192181825, 2.539507676762093, 2.5368481812394696, 2.534495906598078, 2.5377378234299246, 2.5216763696067064, 2.5611789334990926], "nmi_tw": [0.39998302339102315, 0.3984180737486806, 0.39881237101290756, 0.3979383922035291, 0.3988598236643907, 0.39880029902979497, 0.3982972322369871, 0.3990969953993971, 0.3960427391963209, 0.40247850219546544], "coh": [-3.396131583637075, -3.5785585782172182, -3.4149853607847285, -3.57115209855386, -3.420739385906665, -3.3777889030739194, -3.435550340755544, -3.4016701998372882, -3.651824182563124, -3.377592500315483]}