{"p": 0.30000000000000004, "p-emp": 0.2833345306667796, "t": [158.73575162887573, 150.82328748703003, 152.3014748096466, 143.77388882637024, 155.33565592765808, 146.7338683605194, 154.74442720413208, 144.99185514450073, 152.22636914253235, 148.67150855064392], "nmi_acc": [0.40360904944083126, 0.36711444106628816, 0.3964670896061416, 0.3620080041959944, 0.399496761434261, 0.35673990935975797, 0.3681606934465601, 0.42855937014518236, 0.4407119199419139, 0.37664998576856284], "nmi_repr": [0.25596068101874847, 0.2345681161905696, 0.23232413110738617, 0.2506607272990188, 0.25383970818921076, 0.24799185774541613, 0.21778666435299882, 0.24291416724373469, 0.2983080637824473, 0.2559612483591228], "mi_td": [1.6206273881432702, 1.4776787324109895, 1.5884348648511413, 1.5003499109947884, 1.5410753851032482, 1.4901692855867616, 1.5357254055173426, 1.5258388725446166, 1.554783981445903, 1.5563248932490912], "nmi_td": [0.2703727531759493, 0.24974093518120474, 0.2656495959290583, 0.2519508975676663, 0.2601063185085454, 0.2512533266211892, 0.25688337273942624, 0.25745118851647086, 0.26116065786491494, 0.2616555958100834], "mi_tw": [2.2066050051910935, 2.068016156690901, 2.1871040245390048, 2.1383415324185604, 2.1125699095612673, 2.1024954294784233, 2.1871444326857654, 2.1170135840402877, 2.15169706194513, 2.139682866133012], "nmi_tw": [0.3558502298066075, 0.3377050228625912, 0.353538474073661, 0.3470309038081182, 0.3445336644721253, 0.34254689199676414, 0.35361006551628654, 0.34515023696138675, 0.3492872320860471, 0.34764011617544], "coh": [-2.3438665838963466, -2.5288738663974617, -2.4836345121305206, -2.6344010957560466, -2.493516647216516, -2.4480760800495243, -2.344545513628321, -2.492361344698304, -2.562098471918124, -2.476199433885441]}