{"p": 0.8, "p-emp": 0.2833345306667796, "t": [168.06070160865784, 173.89981269836426, 173.8357515335083, 175.73582077026367, 157.91553020477295, 168.79517126083374, 159.46866941452026, 169.10428071022034, 161.6228368282318, 161.2621693611145], "nmi_acc": [0.5045518364410199, 0.5067551052666729, 0.5183134489531339, 0.5038226554984907, 0.5073662568803781, 0.4928141790626951, 0.5038418213814327, 0.4971503176357174, 0.5039727691422105, 0.5023466489017585], "nmi_repr": [0.4416070695729665, 0.45896293291817436, 0.48542187878242304, 0.46993132650638103, 0.49784224141035566, 0.4604684846495673, 0.4692987851058695, 0.4639885441347912, 0.46296562844636524, 0.4828186044360666], "mi_td": [1.8861912163680543, 1.8869798009278334, 1.8998864268915128, 1.8788631838151715, 1.8943829448817064, 1.8777002096945146, 1.9037288764451938, 1.8818454652203658, 1.8823359994291518, 1.90378037129665], "nmi_td": [0.31480301578485664, 0.31521041331801775, 0.3184017949158268, 0.3145183529421817, 0.3169823856114136, 0.3141668417929483, 0.31817978760401266, 0.31470531916048167, 0.315936583672933, 0.31801132835239365], "mi_tw": [1.9254572908195493, 1.9246007573775907, 1.8921458231263228, 1.9077088243697746, 1.90828547758481, 1.9094499967836924, 1.9115381585888127, 1.9185806430234407, 1.8810881006989828, 1.9196110969792692], "nmi_tw": [0.31063055403409773, 0.31075518206349406, 0.306478183108456, 0.308657379791326, 0.3086246288112104, 0.30879010500624327, 0.30880694505059114, 0.31011897215182355, 0.305131495297993, 0.30994431330306116], "coh": [-2.004661272686273, -2.0439071702507188, -2.0044756888211723, -2.096053127063882, -2.0804048109196938, -1.9859056965420439, -1.9571845916978414, -2.157658193930336, -2.111054911237567, -2.064395096827817]}