{"p": 0.4, "p-emp": 0.3999926776651891, "t": [160.04256415367126, 177.6000463962555, 160.871089220047, 157.24339818954468, 158.20555925369263, 155.92137575149536, 159.48484230041504, 157.6861777305603, 157.6150562763214, 155.9569957256317], "nmi_acc": [0.3186702775530303, 0.30664107208300456, 0.30660029360295565, 0.31611907416702556, 0.31602484764051186, 0.314842295791802, 0.30672898874400156, 0.31337238939591877, 0.3161214907720294, 0.31943576472027196], "nmi_repr": [0.332941165681365, 0.3250878040525703, 0.3430121351375931, 0.3218021466437597, 0.34108847970114425, 0.32290430902422723, 0.3270674724892062, 0.3354316358929757, 0.34550490186742644, 0.344365567211397], "mi_td": [1.3881609327393902, 1.3862508480672182, 1.3821393163735507, 1.376770128139532, 1.374894689094678, 1.308317335875625, 1.3837946415995928, 1.3519985266394223, 1.3732717940709522, 1.359620940344467], "nmi_td": [0.25486431204115156, 0.2560697373319471, 0.25483757312888755, 0.252967693107888, 0.2537234883006476, 0.2414079926793151, 0.25501904896779093, 0.2492399585312924, 0.25288976344845143, 0.2509115259288691], "mi_tw": [1.4065257420329982, 1.3806779718675235, 1.4043672938799476, 1.4034836376214113, 1.405480019365152, 1.4465000175003158, 1.4058930940877588, 1.421104215646295, 1.4152090136259323, 1.411239868815458], "nmi_tw": [0.2618382439135514, 0.25861996808453314, 0.2625634605417258, 0.26147599967655843, 0.26300449861141945, 0.2706471854763838, 0.262719473988062, 0.2656490934017351, 0.264258983984112, 0.26408943501969107], "coh": [-1.1297508596599966, -0.9555080573696515, -1.098638289250992, -1.0270539824597662, -0.9284674381474194, -1.0861675353172893, -1.0882366654523625, -1.097030922432081, -1.0309626299653167, -0.9990267406829336]}