{"p": 0.2, "p-emp": 0.18843038127469136, "t": [81.96830892562866, 83.69146156311035, 81.6714608669281, 84.10119438171387, 84.27348780632019, 85.99171328544617, 80.87231540679932, 83.27866458892822, 83.62114691734314, 80.63004422187805], "nmi_acc": [0.03203187024234752, 0.02728668816285416, 0.02634686618073184, 0.027999246897503105, 0.02634686618073184, 0.027152189951830646, 0.026749919930632287, 0.027312514718900418, 0.02634686618073184, 0.026244486490976382], "nmi_repr": [0.15965850695301537, 0.15585170767985415, 0.18608838583650933, 0.1787765238733156, 0.17925181856602826, 0.18701097521190202, 0.17674248811182547, 0.16383388985569836, 0.17185600410654378, 0.1765275884586043], "mi_td": [0.5546760556067366, 0.6065947135826169, 0.6152990999934771, 0.5681021959539216, 0.6470869607641053, 0.6610420690573766, 0.5612991866399512, 0.5812659637488773, 0.6094559450637317, 0.5876354437388153], "nmi_td": [0.10772061235519718, 0.11910925946843084, 0.1231354249772681, 0.11195871937776801, 0.12817406933619382, 0.1288389597421767, 0.11145456135192756, 0.11599635228804589, 0.1202095188780954, 0.11570629773334286], "mi_tw": [1.7149991279195902, 1.6025880810459636, 1.4133340499162381, 1.5901932624977702, 1.5331525792707705, 1.670651205627899, 1.49944385260598, 1.4115589681546772, 1.5190586834012696, 1.5498040360221568], "nmi_tw": [0.34967626547778274, 0.3305612134800942, 0.29740288622246924, 0.3292642420737291, 0.31915244190637604, 0.3419201246631088, 0.31294158101332703, 0.2961481284834303, 0.3148131050990149, 0.320604520771128], "coh": [-2.3412528382850955, -2.0744873089603746, -2.4386881103737927, -2.3844575325912403, -2.328122078527215, -2.200678670794083, -2.257260810718486, -2.423860814492205, -2.181043344817937, -2.3317647032584987]}