{"p": 0.7000000000000001, "p-emp": 0.6999763241090204, "t": [48.24325132369995, 48.85996413230896, 50.17766237258911, 49.1372184753418, 49.50945854187012, 50.30193495750427, 49.444809436798096, 50.602944135665894, 49.36571741104126, 49.71142029762268], "nmi_acc": [0.26083666045460924, 0.25986747337524907, 0.2694888666058883, 0.2704451851426051, 0.24884660267353492, 0.26405289301152346, 0.24477195159842716, 0.26802271004399647, 0.27896265501731243, 0.2854129226279945], "nmi_repr": [0.24321262043441183, 0.24273958826854639, 0.2310667477134344, 0.23562159986815615, 0.2527198349054708, 0.24805690894646157, 0.23131861700921152, 0.2285930416835297, 0.24899591097020687, 0.2716015003829281], "mi_td": [1.656406286615058, 1.6519601215212405, 1.6480717486723944, 1.671626878164177, 1.6516583263584248, 1.6692600517146472, 1.6545033643902498, 1.6537640052094509, 1.677487352391588, 1.6774360969479316], "nmi_td": [0.2983764360277921, 0.2972848817859403, 0.2964587757633186, 0.301112267501578, 0.2974078959237099, 0.3004209728645883, 0.29726719850071087, 0.2976590333314411, 0.30186051966759664, 0.3012348564833086], "mi_tw": [2.223328720480924, 2.2311669346732326, 2.2381515744982723, 2.219006234443514, 2.2304929850206863, 2.228397063776473, 2.2453497399100755, 2.233558393478957, 2.2311083736551023, 2.2535733624699015], "nmi_tw": [0.32865201953771894, 0.32954627492051963, 0.3304623109801639, 0.3280077723853502, 0.329608028559317, 0.32915767808444285, 0.33120639581534156, 0.3299445545343562, 0.32952130654285455, 0.3322811569392371], "coh": [-2.415273038487246, -2.48810299032234, -2.591432016318991, -2.3468171255715595, -2.3922148089300976, -2.389621180278495, -2.476469520755305, -2.382210095298558, -2.402266852800259, -2.4813675132626836]}