{"p": 0.6000000000000001, "p-emp": 0.5987456420112438, "t": [29.928046703338623, 30.65981435775757, 32.679863929748535, 30.451523542404175, 27.648391246795654, 29.58030366897583, 35.86404609680176, 28.875752687454224, 27.858771324157715, 29.22649359703064], "nmi_acc": [0.08602618822387625, 0.09870200498492367, 0.13476235399024658, 0.13159620519990398, 0.09142255638492308, 0.09735993435602387, 0.11139533095085893, 0.10318380717155436, 0.10136363726426487, 0.08208273289413033], "nmi_repr": [0.165982496134963, 0.1611746422701869, 0.17788365351163388, 0.15801685576710028, 0.15661200337559197, 0.15724159907628868, 0.17255645544253692, 0.16328908626961286, 0.1607086348134693, 0.1463356590949204], "mi_td": [0.5663709414702811, 0.6460583939780448, 0.627638017614258, 0.5726167790759654, 0.4303241699195526, 0.5575691427130933, 0.5446906837568257, 0.5255017165860397, 0.551980383514675, 0.5157199728422998], "nmi_td": [0.11138459008157905, 0.12392452510059959, 0.11907677238421888, 0.11026931723977047, 0.08517784961034111, 0.10849167288780374, 0.10732041086763085, 0.10216812370876448, 0.10696295904531121, 0.10151552904314301], "mi_tw": [1.2551645932605537, 1.3751331679242593, 1.4949811273707931, 1.4141554843054434, 1.3217381542116988, 1.3318234855936653, 1.2522003764642782, 1.3828477023739105, 1.3604409330178373, 1.280859814615999], "nmi_tw": [0.28486100363602596, 0.30324453046508815, 0.325542194296372, 0.31326093722305853, 0.30221666603545505, 0.2985687638560234, 0.28479934647705873, 0.3097144480980415, 0.30354154300716024, 0.29099737636522593], "coh": [-2.0823429080365603, -1.892716146175097, -2.156463444739275, -2.1646467481556173, -2.005187046451654, -1.9240195714608348, -2.3157000519649973, -1.8850799340635154, -2.138274474347746, -2.0588443592261285]}