{"p": 0.30000000000000004, "p-emp": 0.2996828865770338, "t": [52.69296383857727, 52.59515118598938, 52.48692870140076, 53.63546586036682, 53.044679403305054, 52.2021324634552, 52.03429293632507, 51.97927665710449, 52.05798673629761, 52.330724477767944], "nmi_acc": [0.14158052469022434, 0.17202824795393257, 0.18777049802439189, 0.1319305352657976, 0.1683703713840067, 0.094759184247455, 0.16387287978547493, 0.1348533233187903, 0.1434135274081584, 0.151827076439315], "nmi_repr": [0.10858737199746595, 0.08626054211399395, 0.1115658872370294, 0.0882255719849723, 0.0880966506554846, 0.06774086718630579, 0.0686254182679727, 0.0878999674502653, 0.08455955533706064, 0.09427594801588136], "mi_td": [1.2111023813652282, 1.2399628344937903, 1.436825097190387, 1.3773427324443532, 1.3991424267010482, 1.266595531379024, 1.38343869689759, 1.3994621837136143, 1.3501447553968258, 1.472201093685686], "nmi_td": [0.24285075409953186, 0.24801384047295935, 0.2798217677408598, 0.2692383193252363, 0.27364048757828124, 0.2509983448927391, 0.27032518619745294, 0.272976934469572, 0.26539423298988923, 0.2845982487600216], "mi_tw": [0.3417268089471813, 0.3332776677958489, 0.37444657196788395, 0.34750587789421916, 0.3627850847291316, 0.32118519694691516, 0.3769714866551745, 0.3515676979944612, 0.3569792015789096, 0.38462873427495536], "nmi_tw": [0.07426387324140395, 0.07223074658623375, 0.07884272741297996, 0.07346538047316993, 0.07673823527489304, 0.0689130850220903, 0.07966124913121372, 0.07415215341502217, 0.07592368995297925, 0.0803417490517418], "coh": [-0.6251906723351383, -0.5191820470771011, -0.5541518257897863, -0.3659668675670973, -0.5580152694820504, -0.40109949667569345, -0.3872666963892291, -0.46630736344145757, -0.690849247678176, -0.47660614148566793]}