{"p": 0.7000000000000001, "p-emp": 0.699062211603819, "t": [64.46669960021973, 65.28454875946045, 64.76119661331177, 63.246217489242554, 64.69357538223267, 64.57376742362976, 63.45366859436035, 65.30367016792297, 67.69004607200623, 63.9306960105896], "nmi_acc": [0.43044190754162265, 0.43997579631427836, 0.43579451852984646, 0.43497021496701294, 0.44494266970958374, 0.4340765529870674, 0.4414871088324271, 0.43718876046422156, 0.44519964118916044, 0.4471295572753378], "nmi_repr": [0.4432523158120958, 0.45587623000431793, 0.4649972978979686, 0.4583412137001348, 0.48545470489758724, 0.46663518668464116, 0.44973906872334113, 0.4770945959625379, 0.4568947117943561, 0.48013509359514195], "mi_td": [2.0198084298805283, 2.0551121153757475, 2.0404673539800644, 2.0079865497998766, 2.0451460171551106, 2.0015048339312314, 2.031338024216577, 1.9837400253941864, 2.0621314431015016, 2.025268674060609], "nmi_td": [0.3389061393471958, 0.3438934439740351, 0.34193216972709445, 0.3374008973724069, 0.3428137043648287, 0.33615095021571934, 0.340597055684018, 0.33342632833947594, 0.3452742794169613, 0.3401068279475294], "mi_tw": [1.3929590073457274, 1.3977833109895712, 1.4014613963421103, 1.406689886343517, 1.3964196899103962, 1.4066204136431153, 1.406069650794969, 1.4248367227288865, 1.3946959950722528, 1.4009952324322017], "nmi_tw": [0.2712099248075339, 0.2712920894577742, 0.2724581880596961, 0.2743346632049577, 0.27156764000024963, 0.2741688698452172, 0.2735355178745327, 0.2779700204589397, 0.2708805615333126, 0.2730396167605146], "coh": [-2.251010607446145, -2.1656951783413856, -2.0983322658104586, -2.072284362948751, -2.0866671868179636, -2.060907213470574, -2.104029648967283, -2.085295670299776, -2.1440614114757923, -2.060084765378775]}