{"p": 0.8, "p-emp": 0.7975639155340517, "t": [29.664841890335083, 28.38949680328369, 26.638665676116943, 29.290937423706055, 31.022279977798462, 28.645636796951294, 27.651929140090942, 26.43338632583618, 28.40298342704773, 27.343298196792603], "nmi_acc": [0.10715622376612542, 0.16183298704581858, 0.1323827174659149, 0.12255846900319507, 0.14286074414728142, 0.14261686008890692, 0.10623951196068925, 0.08769025688601367, 0.1263920576619213, 0.08841911906456246], "nmi_repr": [0.2690675608013806, 0.21195146500044398, 0.19030197089456788, 0.24689826137087256, 0.20997124940306225, 0.19684662963888813, 0.21396109760395166, 0.22821455973423918, 0.25109358702599666, 0.27081487609729293], "mi_td": [0.8329004450292082, 0.7927012879971767, 0.7656038196380569, 0.7949197567690797, 0.7296015441829402, 0.7675710339224104, 0.7360433742251713, 0.7719882793167888, 0.8358266015889746, 0.781604072353697], "nmi_td": [0.16756551417076093, 0.15319138430453344, 0.15179489913648855, 0.15908327254784113, 0.14340026756907964, 0.1541143282341915, 0.14690375645599554, 0.15717413165087413, 0.16527064393839522, 0.16106363764548318], "mi_tw": [1.4176475692165496, 1.6741986955716068, 1.5080604657037353, 1.5046494764474505, 1.5772910458257077, 1.4485549442806729, 1.4781902067124717, 1.3387031727901122, 1.542857663491583, 1.233098782343029], "nmi_tw": [0.34491856401091264, 0.3880778821940149, 0.3605065619480721, 0.3637603189553866, 0.37311445797990617, 0.3515886395794989, 0.35620106245097305, 0.33044829347494636, 0.367625569537446, 0.3088721091659797], "coh": [-2.358253736962772, -2.2367268249558245, -2.3148072798614945, -2.2365347144401504, -2.2356011025240026, -2.2770562436083175, -2.2803324282729927, -2.367911311493544, -2.4045694165779925, -2.166025526375401]}