{"p": 0.2, "p-emp": 0.19962311627212992, "t": [103.87022924423218, 103.03363943099976, 101.76541328430176, 101.50682282447815, 99.94072365760803, 99.76645112037659, 100.64767074584961, 99.85485553741455, 100.45931005477905, 105.36569809913635], "nmi_acc": [0.24779475715780327, 0.27475717736788907, 0.3134742356328039, 0.3027463174485148, 0.26950945792539915, 0.26991582639085443, 0.2969288138491814, 0.26865306979227194, 0.27617347957136273, 0.2517698580039355], "nmi_repr": [0.1417135515050814, 0.12470104638343701, 0.14652505165039686, 0.14892647322981858, 0.1331381480621295, 0.12801980260008414, 0.13410347469533618, 0.14331380902401739, 0.13755734881460838, 0.1378501592695735], "mi_td": [1.6665375704626266, 1.6077983842413963, 1.6261177608169894, 1.65033040527472, 1.643411325003959, 1.669725525618826, 1.6804853777397704, 1.6755763365079825, 1.660345082163126, 1.5968234660625127], "nmi_td": [0.2789530735176708, 0.27163363716285743, 0.27477569048902456, 0.27729321197112095, 0.27644558359891935, 0.27966679945477974, 0.2819032553052268, 0.2811205630558526, 0.2780804555660159, 0.26992048151002784], "mi_tw": [1.3705097907276973, 1.3855503365259996, 1.3818524427330021, 1.3776295119842428, 1.3775740324822492, 1.3655287613475755, 1.3802622857518527, 1.3812355514878059, 1.3920561024777423, 1.3572636866236387], "nmi_tw": [0.22307129812458176, 0.2275662684923326, 0.22699669467104172, 0.22506118411788342, 0.22530168098443604, 0.22239983660096815, 0.22513667978959717, 0.22532723241474634, 0.2267082297183431, 0.22303368507806254], "coh": [-2.2306446261729937, -2.2451076765541425, -2.001732726408083, -2.1061197748082763, -2.060771763668236, -2.3465751850204093, -2.1046450923439237, -2.1452911198365796, -2.127560018318322, -2.1173810967559143]}