{"p": 0.1, "p-emp": 0.09493745036301882, "t": [62.6564302444458, 62.365822315216064, 61.59823560714722, 62.25950598716736, 61.53528952598572, 62.03255748748779, 61.44785499572754, 61.679582595825195, 62.88482189178467, 61.04934597015381], "nmi_acc": [0.14783332728826748, 0.1808419318642884, 0.14894969806306516, 0.17117684335523412, 0.15913394509235754, 0.15712192498279706, 0.19410965902921942, 0.1661442112246001, 0.17339266575299647, 0.16198591494199677], "nmi_repr": [0.11130596447212933, 0.10339990166833361, 0.10137714771626062, 0.08351756789349397, 0.10099320439120908, 0.09699492694860201, 0.13140202519096855, 0.13562545693058722, 0.11766282687435481, 0.1254935069412871], "mi_td": [1.2628605262945882, 1.3914344697479857, 1.4329212734105137, 1.135506239679866, 1.2287235136773365, 1.3737940505827466, 1.0723931518038392, 1.3431705406128482, 1.029607765190014, 1.2576935041122814], "nmi_td": [0.25112893401512787, 0.2711981386769053, 0.27730320714708445, 0.22942140252428483, 0.24497175732091472, 0.2676974030750201, 0.2206616903754228, 0.26473654896425264, 0.2126985218633359, 0.25021723245205935], "mi_tw": [0.31684207722910984, 0.3462119265103639, 0.35147791964784536, 0.3000687363762679, 0.3166124773162547, 0.3453142110001007, 0.30914236787531013, 0.33610935682783016, 0.29677525638814917, 0.318823356876887], "nmi_tw": [0.06756287683397545, 0.07225471434145558, 0.07279689404800403, 0.0650867478311667, 0.06770097691841417, 0.07204934184615923, 0.06838295325155141, 0.0709920209054205, 0.06592741638129981, 0.06801911668636348], "coh": [-0.8465767964711268, -0.6813055076437187, -0.4390544157363959, -0.5176347000742056, -0.7919893235401315, -0.6921448276266342, -0.52529137818694, -0.4938094827098385, -0.6918302440644785, -0.5279097436249373]}