{"p": 0.9, "p-emp": 0.8999971837173804, "t": [20.755309343338013, 21.983883380889893, 20.301377296447754, 22.984790086746216, 22.079288244247437, 21.046109199523926, 20.519574642181396, 21.27638554573059, 22.256756067276, 19.237462997436523], "nmi_acc": [0.10245311356353777, 0.09549965850966396, 0.10070571916870309, 0.10036059824105892, 0.08728047603439731, 0.10306147656219494, 0.10675096535286847, 0.0680112511478095, 0.10756052336900225, 0.09698774630105264], "nmi_repr": [0.07773395525629376, 0.07332927772409532, 0.0730423762132483, 0.07957073524300935, 0.078149302085414, 0.07561804300271312, 0.07641317206278855, 0.06932508254099307, 0.07926640642416218, 0.07791109954521341], "mi_td": [2.0786701140177613, 2.1439980227739444, 2.082145231752365, 2.2831838035565335, 2.2926482503049375, 2.176887781343335, 2.1721186086074487, 2.1072864251294163, 2.262089932557852, 2.0336586219634443], "nmi_td": [0.3619086537415292, 0.37101836641081465, 0.36244867190174057, 0.3910837750945124, 0.39223443289364895, 0.37617990759187764, 0.3751763584845237, 0.3661301848511046, 0.38902115664632064, 0.3551530552716108], "mi_tw": [3.0141946272577598, 3.0742770454885595, 3.022343837992634, 3.166537699572598, 3.1692775924712544, 3.088912581139076, 3.0867514091605472, 3.0400988721011912, 3.1310652994957238, 2.984355161502018], "nmi_tw": [0.4347454858378653, 0.4411808591155433, 0.4358560954531765, 0.45057942130209216, 0.4505203580317504, 0.44276382532168884, 0.44227861330109874, 0.43772827682125354, 0.4470119812325819, 0.4315299324851232], "coh": [-1.261992850065213, -1.362145523577489, -1.3558690582320299, -1.3736164768484298, -1.3800724100797634, -1.3612546052803138, -1.366722172077543, -1.4184793730613692, -1.345817098189599, -1.3153930763650312]}