{"p": 0.9, "p-emp": 0.8999701474042323, "t": [25.635841369628906, 26.598254680633545, 26.51851749420166, 26.755533933639526, 27.290597677230835, 26.50761127471924, 26.234498262405396, 26.790440320968628, 26.98304796218872, 26.374549865722656], "nmi_acc": [0.30293483273162747, 0.31003165502274876, 0.3079533513174678, 0.32483022752096813, 0.3228136136852776, 0.30608818100790314, 0.33168082539323235, 0.325244701082912, 0.3133853788001376, 0.2966454455352242], "nmi_repr": [0.4808225651041351, 0.5136386479355778, 0.48537417661527443, 0.48937057636031384, 0.49738634419217803, 0.5100241611224918, 0.5173134168594797, 0.5396296747449083, 0.5201144600412692, 0.48179627159955996], "mi_td": [2.280262770750842, 2.3088439137214047, 2.2294685661874967, 2.303493505099594, 2.305051678446957, 2.313817168931015, 2.3038429633185475, 2.311685088386386, 2.310739664870333, 2.2774079016964985], "nmi_td": [0.41301502567277165, 0.4182506069614463, 0.40637989530385243, 0.41761841093499635, 0.417666573781266, 0.4192599032575954, 0.4168131733875517, 0.41906508371022877, 0.41845806287198617, 0.4128228882434366], "mi_tw": [2.1831535198288146, 2.1590127034879183, 2.1498874102809067, 2.1451907067643177, 2.1544709199894374, 2.1367306044912375, 2.1928470365350674, 2.1518520067843627, 2.167682466656466, 2.15021501714993], "nmi_tw": [0.4289134421810304, 0.424235297271694, 0.42528952466363473, 0.4218886674396249, 0.4234560617359567, 0.4199747392610391, 0.430288415476461, 0.42315661689987794, 0.42578880087671184, 0.4228031708566876], "coh": [-1.943548512584553, -2.0284809802941357, -2.139581806704475, -1.950863929478226, -1.9594727285616564, -1.9108949453701887, -1.9297287173928979, -2.017126355734192, -1.807465998085317, -1.9727323427556207]}