{"p": 0.6000000000000001, "p-emp": 0.5989168577045043, "t": [32.58551836013794, 33.07807207107544, 32.49802494049072, 32.59019494056702, 32.8184494972229, 32.744972467422485, 32.78222608566284, 32.71781063079834, 32.537453413009644, 33.09899377822876], "nmi_acc": [0.2551786275735972, 0.2679825312617984, 0.2754631619866711, 0.2536670290937893, 0.24119501170996677, 0.25500289186962605, 0.24542727182132903, 0.23924542834215978, 0.2728669629673014, 0.23913578575668656], "nmi_repr": [0.2539324279850383, 0.24757676420897207, 0.25144515698664277, 0.24545922400155756, 0.23390220865747235, 0.22819252024672712, 0.23363867756113166, 0.2274443572233366, 0.24123972703791305, 0.24947471609677543], "mi_td": [2.0218460689178492, 1.9805181616918526, 2.0407729097538696, 2.022514616077842, 1.932621886057314, 1.983596379053808, 1.989403677602227, 1.9583691010638715, 2.007069064863002, 1.9836509402076565], "nmi_td": [0.3693731897031954, 0.36201867022257184, 0.3726665878021055, 0.367943223658181, 0.35466199287119254, 0.362611459292169, 0.3624356122638422, 0.3583705761652598, 0.3670220011193073, 0.3621717115962453], "mi_tw": [0.3458483465889034, 0.34328762336569985, 0.3455133886935883, 0.352111612128852, 0.33497302520903616, 0.3500424656564577, 0.3629001255367659, 0.33795775521386373, 0.35700534931644057, 0.346517073777768], "nmi_tw": [0.07415998183971716, 0.07365762788392773, 0.07404982316645561, 0.0751310234614883, 0.07220777517175929, 0.07511430739065032, 0.07756252623499267, 0.07260928105793212, 0.07663776594906895, 0.07424957932988985], "coh": [-0.6071084946004455, -0.5993225188677307, -0.6287546435672935, -0.48772907797885123, -0.5876418370928597, -0.5936617139649403, -0.5850078635822354, -0.5514346963585199, -0.6985329432538995, -0.5983879507827549]}