{"p": 0.6000000000000001, "p-emp": 0.2833345306667796, "t": [143.99150848388672, 143.72871780395508, 151.74294185638428, 148.63206505775452, 143.7242283821106, 148.54997897148132, 142.23405933380127, 151.9158797264099, 150.2399022579193, 154.46554255485535], "nmi_acc": [0.36850609442569465, 0.4111208215434242, 0.3931764858142496, 0.3674813665141114, 0.39365635810587907, 0.3699969668264731, 0.42844509169727507, 0.4192890822695324, 0.3768240248468255, 0.39406457728840966], "nmi_repr": [0.22635542829303998, 0.2567228237967971, 0.2585672024194605, 0.22840251237035897, 0.23259908298095563, 0.25334063264379975, 0.25739085503344755, 0.2803860032339705, 0.26921591213425433, 0.24568809557869958], "mi_td": [1.4617502211263809, 1.544260727159167, 1.5353209347543022, 1.4652885711032295, 1.5035427999609807, 1.5883726312002617, 1.488919178384833, 1.6833271148740507, 1.5604255520644348, 1.606947322726033], "nmi_td": [0.24640116215448324, 0.25881304100986285, 0.256475726192548, 0.2479940448991272, 0.2540684221587665, 0.26526910630968187, 0.2529504469687333, 0.27956679790338806, 0.2616618775729136, 0.26783651793798063], "mi_tw": [2.08890301103022, 2.160837574157238, 2.1668800253859533, 2.0670675495675757, 2.0905350982320234, 2.1766762932435118, 2.0241293520532144, 2.2449813712678752, 2.120782516972561, 2.2225915845242215], "nmi_tw": [0.34025162774493395, 0.3500129829165195, 0.3498854832337509, 0.33800729470638713, 0.3413255257605207, 0.35137904322112623, 0.3322003675696891, 0.36046081244881123, 0.343702162057632, 0.358100101539457], "coh": [-2.507499310924612, -2.401188594163422, -2.3105718730051477, -2.3869861416232094, -2.464511727127173, -2.3012493653136885, -2.3982131918694076, -2.2477308659045923, -2.2370589364449454, -2.4133581917775313]}