{"p": 0.0, "p-emp": 0.0, "t": [110.50221109390259, 114.8734233379364, 114.244145154953, 116.26163578033447, 108.98038482666016, 115.0346941947937, 118.24439144134521, 110.2721221446991, 111.8305811882019, 107.62013125419617], "nmi_acc": [0.08822654113575525, 0.013688182830105483, 0.04336017952256965, 0.13232159366972016, 0.13596637120423502, 0.043081005273229334, 0.06206395680836884, 0.051175295270900735, 0.13869717762970313, 0.05471101476013156], "nmi_repr": [0.23954091557803708, 0.24717050065364288, 0.2469645610184822, 0.21106403911770555, 0.1929603108870185, 0.18960287810591023, 0.22665144733654058, 0.2021304976981393, 0.1943506899003173, 0.21514681695744992], "mi_td": [0.5633656938507229, 0.5647710151260826, 0.5412989704090054, 0.5593271221792501, 0.509091984532138, 0.5537282830074977, 0.5958269137732272, 0.5087663425008497, 0.5242263601928456, 0.5419578718897611], "nmi_td": [0.11419839442599566, 0.11557753261603286, 0.11212309661430087, 0.1108384234945635, 0.10256483204076465, 0.11145674233843332, 0.11936582896573637, 0.10244348509418688, 0.1046071104075715, 0.11105469488079805], "mi_tw": [1.3818102359777618, 1.3160419724005836, 1.2001683746825969, 1.5680415585598235, 1.4884967313167174, 1.4451738789556767, 1.475521406687537, 1.4388858980932901, 1.5722523095601435, 1.3133864544015317], "nmi_tw": [0.30082366569027796, 0.2894489234438128, 0.26742171942672, 0.33316281410179893, 0.32191960218560345, 0.31224696755399994, 0.3171931492224119, 0.31100852625809494, 0.33655634259376727, 0.28927290941642586], "coh": [-1.9209822691704048, -2.0981204908165996, -2.152416119677502, -2.026406939150805, -1.9992803783982704, -1.9828616612393923, -2.0101495645849825, -2.1253016582180884, -2.012836987481258, -1.970144033395617]}