{"p": 0.5, "p-emp": 0.49977484691911667, "t": [90.00248408317566, 90.12355184555054, 90.60164213180542, 88.1979398727417, 90.20600128173828, 88.26963067054749, 92.65870547294617, 87.88703203201294, 89.67992377281189, 84.46491742134094], "nmi_acc": [0.26904636390660214, 0.2808948087133444, 0.27960097431093295, 0.27948502503540007, 0.29020361804335554, 0.27844200064084657, 0.2641228419298601, 0.2755143130749836, 0.2641844827448879, 0.27515060851630463], "nmi_repr": [0.3029830259852636, 0.3186451602828323, 0.31855058610046144, 0.32274197255395504, 0.3238195466292421, 0.32588036881011784, 0.3189665077699408, 0.31236797330717975, 0.30768397606856845, 0.30159942161577574], "mi_td": [1.2946781115470292, 1.312558989561851, 1.304004305140264, 1.3071828392973064, 1.2984323223820997, 1.3029063523671867, 1.2969776729808513, 1.2980518619396508, 1.29648317729909, 1.3077057419223133], "nmi_td": [0.23419589649302497, 0.23674528696938893, 0.23582283284065175, 0.23625057225284282, 0.23409553266875333, 0.23595648512219403, 0.23456177652286256, 0.2347922431883836, 0.23460343915051673, 0.23592709816345023], "mi_tw": [2.095498396761036, 2.1176400171190566, 2.093220733669247, 2.1013710130290653, 2.1197394251892945, 2.083670056866948, 2.0984327527434914, 2.093917215027267, 2.096635639298883, 2.1137493257045854], "nmi_tw": [0.3287509499216528, 0.3313928984576348, 0.3283210633429365, 0.32942155578809434, 0.3315964042838789, 0.32722262197709745, 0.3291503432405923, 0.3284859786919832, 0.32902791721835595, 0.33085361884952885], "coh": [-2.355956710966397, -2.2796666169394877, -2.310619862967058, -2.319638713428467, -2.324697513668554, -2.3568044274831466, -2.3739131396932325, -2.323181832928974, -2.3079266042854867, -2.2985536508314466]}