{"p": 0.30000000000000004, "p-emp": 0.2999818949068981, "t": [55.48300123214722, 57.06023645401001, 56.6954562664032, 59.3280553817749, 60.75304579734802, 66.49447798728943, 51.215314865112305, 59.391929388046265, 56.87825417518616, 58.680822134017944], "nmi_acc": [0.05098232284983819, 0.05120464357815221, 0.027177547779907357, 0.03284168331762853, 0.04386702951213634, 0.03660042645095453, 0.03404703696616213, 0.03368248985000893, 0.06532212047673587, 0.04094623315003477], "nmi_repr": [0.11165029664970567, 0.09760125034689322, 0.14213268919574154, 0.16621066934947476, 0.1331686901565434, 0.12757980105088004, 0.12965916706242078, 0.1423489286636704, 0.13721472737403614, 0.11351506919937886], "mi_td": [0.38105262769611, 0.35104998641071367, 0.32733083228809445, 0.3836583742227104, 0.37256112491120236, 0.5209756768962267, 0.28463374019276344, 0.4646873149952066, 0.39813142174435145, 0.4300956502574318], "nmi_td": [0.07456804047067005, 0.06866343814446858, 0.06762767867884267, 0.07706213560342184, 0.0733211896730209, 0.10204642511275247, 0.05731729708184173, 0.09152266191767017, 0.07791200480832017, 0.08343627036986466], "mi_tw": [1.3531981653182827, 1.3509309169181294, 0.9833022522187569, 1.139829583281049, 1.3478647015013645, 1.1677082961277438, 1.2067063154584488, 1.2669784212773276, 1.2227775991231735, 1.333359745545898], "nmi_tw": [0.34003329788980086, 0.33925169708094877, 0.2650652001458, 0.2962111721466207, 0.3411718043878851, 0.29378138064364157, 0.3146231229806532, 0.3210170257487558, 0.30727028352622326, 0.33133108120553145], "coh": [-1.9085163603387003, -1.8367949935528367, -2.029919219940842, -1.7360977168505776, -1.9699577629454466, -1.6991030671887624, -2.0758265774690083, -1.7893042952647646, -1.6632312143592338, -1.8413503343786808]}