{"p": 0.8, "p-emp": 0.7993348966210022, "t": [63.38742280006409, 62.69604682922363, 63.74054455757141, 61.84449076652527, 64.69427132606506, 67.33836722373962, 67.05903649330139, 66.84929823875427, 67.75916337966919, 68.56998085975647], "nmi_acc": [0.019776509278139783, 0.017724397293715635, 0.0206331049934603, 0.019452709357442744, 0.020714428467792312, 0.020164002430559824, 0.021144079785185642, 0.018538728948288303, 0.01981545357825214, 0.021541271260908205], "nmi_repr": [0.01631223895730399, 0.016828151167671827, 0.013532796040914508, 0.017149242055045547, 0.0142091475868866, 0.01438032718332852, 0.015369465941193478, 0.012371412367729609, 0.01405082310706812, 0.017237502457725547], "mi_td": [1.7320904273898958, 1.732141675003361, 1.7332662280353546, 1.7285788252097682, 1.727328498243273, 1.7321138034011823, 1.7243713940837115, 1.7308802612636103, 1.7252555961503824, 1.7268024608619608], "nmi_td": [0.28941929091374546, 0.2894674589792705, 0.28959745391820674, 0.2888385500307854, 0.28867200176851, 0.28945965679020863, 0.28813909366529095, 0.2891871087609623, 0.2883525710226874, 0.28856774145823433], "mi_tw": [2.624206048908836, 2.622977842963155, 2.6249203686876115, 2.624596829030714, 2.6224205530524665, 2.630590991420866, 2.6235688969715767, 2.6254094940430925, 2.62444060146348, 2.6283394110884615], "nmi_tw": [0.3751833438351741, 0.3750516535449205, 0.37526517531052206, 0.37524590721354695, 0.37498185849006943, 0.37613673852109225, 0.375102937937502, 0.3753221165688833, 0.37530076719816735, 0.3758099831958901], "coh": [-2.30105671793505, -2.3405393062849056, -2.3208680999826745, -2.3197516775936498, -2.3643288986545654, -2.3044732672383192, -2.3032791648587723, -2.329563407586547, -2.3427278736540393, -2.339925696183717]}