{"p": 0.1, "p-emp": 0.04999802860216629, "t": [210.71684670448303, 215.18723011016846, 211.3784999847412, 210.63873410224915, 212.75609278678894, 208.8479461669922, 212.38009428977966, 210.77389883995056, 208.937273979187, 211.70402026176453], "nmi_acc": [0.31977192458457904, 0.3293263028871862, 0.31178566407524155, 0.3108475154279037, 0.3289919280090493, 0.3330182189499216, 0.3235460822577169, 0.3377636283111802, 0.3110666095755768, 0.32472955523250313], "nmi_repr": [0.24071352141913704, 0.2622638101679067, 0.2397143705538872, 0.24910477391304325, 0.23958777514264606, 0.2441919005888827, 0.26347328626894995, 0.2614379406350648, 0.23939438023439558, 0.2302708753131938], "mi_td": [1.302858690636446, 1.3162132467497134, 1.2344002073678624, 1.3145897440388365, 1.214892862943752, 1.2517864469320887, 1.3053523556177193, 1.2978129028073127, 1.1812806929916688, 1.304668578242862], "nmi_td": [0.24033145287484095, 0.24128573596913552, 0.22657379356223345, 0.24092349717411146, 0.22349170804615853, 0.23056815139838946, 0.24013348174078644, 0.23839717367020588, 0.21733106282113615, 0.238839030959514], "mi_tw": [0.9796406321812051, 1.006510304623419, 1.0388804261371842, 0.9975534276948336, 1.037280231020923, 1.014454335328406, 0.9833291512806619, 1.0073283129562378, 1.0477266917850654, 1.0115284645395162], "nmi_tw": [0.20006229575519585, 0.20413607992869892, 0.21099577795576588, 0.20225946397505598, 0.21119199815698805, 0.2068320318547338, 0.2002082466110144, 0.20476244033619256, 0.21334352357859562, 0.2048403748113824], "coh": [-0.2783908825180269, -0.15057973157346607, -0.2627978395579272, -0.16288952815467359, -0.21989063951419374, -0.2098134455016602, -0.17255300843443586, -0.19835926351077265, -0.25433671619264714, -0.1490374267917442]}