{"p": 0.2, "p-emp": 0.1991816379398742, "t": [162.92359256744385, 168.48514246940613, 166.89655900001526, 161.96170330047607, 162.32602453231812, 162.86879897117615, 165.62158370018005, 163.91266226768494, 164.1762158870697, 164.86460828781128], "nmi_acc": [0.48335435154353584, 0.4787596880609603, 0.47827782427115073, 0.4797587267187489, 0.48173076961897265, 0.47730031809216245, 0.4794094833742851, 0.4780238263572265, 0.4762542504370417, 0.4742952411055844], "nmi_repr": [0.44423902780350283, 0.4709691658106559, 0.47928569763977913, 0.47303454990260235, 0.4722035459414605, 0.4493970571492494, 0.44828386479943094, 0.45741900854161555, 0.46041985352247844, 0.4813793695466274], "mi_td": [1.8031712645506557, 1.8037236871220121, 1.8085883364805175, 1.8100248862299835, 1.7956202085024007, 1.8126988636340275, 1.7906730423479331, 1.7921026168981975, 1.8174679201257302, 1.8090033993548071], "nmi_td": [0.3032071486968004, 0.3034922645702323, 0.30376750300212013, 0.3037208644294317, 0.30205357923494547, 0.30412218179799805, 0.2997420586511931, 0.3001915650554728, 0.3050755052048122, 0.3035565995345213], "mi_tw": [1.5186812115072053, 1.5051382694283215, 1.5257320408924093, 1.5311743091950862, 1.5210173460810363, 1.5244605980720927, 1.5482135129906884, 1.5461132809029303, 1.5181984856841582, 1.525038965199797], "nmi_tw": [0.2696295114008795, 0.2674038969285902, 0.2705516869409376, 0.271245267538752, 0.270153964089721, 0.27001153946899537, 0.2735588615009916, 0.27338984476837974, 0.26904503449067413, 0.27016510893370954], "coh": [-1.6403112585497042, -1.5125336397924203, -1.5941385688970384, -1.6595970220513911, -1.708463071715535, -1.5931429572241569, -1.5136709067548604, -1.5604128097607866, -1.586265756186556, -1.6216034074886412]}