{"p": 0.6000000000000001, "p-emp": 0.599541337641417, "t": [59.43311929702759, 60.91103005409241, 59.75155305862427, 60.492894411087036, 60.50550079345703, 60.37377619743347, 60.75211548805237, 59.86426544189453, 60.32942867279053, 59.84467077255249], "nmi_acc": [0.046408602593315106, 0.043897485635751236, 0.043421370256378246, 0.04768582659680563, 0.04435826557069452, 0.04796331598863064, 0.04639469239791206, 0.04524373230697155, 0.04742468453351524, 0.04612839500695758], "nmi_repr": [0.11867518860836257, 0.11658632249912555, 0.1163603986204012, 0.11904348360610315, 0.11946831991584113, 0.12187644036125844, 0.12063307648519986, 0.11869336538524215, 0.12009054775261052, 0.12097578214630582], "mi_td": [0.5623514584372425, 0.5807585537443828, 0.5739474205764802, 0.5774220746039029, 0.5775693996508849, 0.5652200929780771, 0.5684014059413726, 0.5646725908805643, 0.5761170690961225, 0.5664215908352709], "nmi_td": [0.09965868314376762, 0.10301014418078747, 0.1017271435344194, 0.1023765351546799, 0.10258987277288009, 0.10019412478341944, 0.1008179791858028, 0.1001012689157331, 0.10211580101218856, 0.1003741535258153], "mi_tw": [1.0253493340931956, 0.9996906720472912, 1.003397666776347, 1.0007847413343833, 1.006476119707752, 1.0351311030984631, 1.0205389554326345, 1.0372142490879894, 1.0099418612361333, 1.0233383823839877], "nmi_tw": [0.2949790985553686, 0.2880031903347522, 0.28872586994680083, 0.28812725193544114, 0.2906270258630335, 0.2979238401334597, 0.29400773212329645, 0.2985437214014035, 0.29062792349111055, 0.294372821475425], "coh": [-0.47252562359882716, -0.44022118743948574, -0.4331397045913721, -0.4797018899563346, -0.44448588000418576, -0.44643675153553025, -0.4053757090218274, -0.4456525120462225, -0.42017077011484105, -0.4679205605420186]}