{"p": 0.7000000000000001, "p-emp": 0.6999763241090204, "t": [41.71882748603821, 41.25457549095154, 41.39529824256897, 40.97239351272583, 41.301177978515625, 41.16363048553467, 41.807350158691406, 41.41983652114868, 41.245665311813354, 41.45720672607422], "nmi_acc": [0.022885117691124425, 0.017963869911235306, 0.0275846124171179, 0.02019192898181126, 0.019352345374305087, 0.015967707008384048, 0.02026228668462139, 0.01767408871562308, 0.01742760934668629, 0.015195951800087093], "nmi_repr": [0.01149967549649025, 0.011435319127196416, 0.012870371153659292, 0.010770218501717164, 0.009546569463764979, 0.009482299827548082, 0.010552656990243726, 0.012084188849695338, 0.01176059231711182, 0.01128329191050107], "mi_td": [1.8908518228655842, 1.8961569235846512, 1.8910593479485243, 1.8931330430151845, 1.8972982255184079, 1.9011808748727745, 1.9002887543702118, 1.8925238203312231, 1.8984080095796638, 1.8986635558824139], "nmi_td": [0.3334339750978835, 0.33434937859493297, 0.3334902762056031, 0.3338052198243139, 0.3345984036684672, 0.3351747772689556, 0.33493023394049654, 0.3336753532983652, 0.3346080409308359, 0.3347222282958039], "mi_tw": [2.0367171867631004, 2.0396940452901813, 2.0429019738575613, 2.0402337974965734, 2.039228369989914, 2.035780305982845, 2.041326748640163, 2.0448181439058204, 2.0474016338447214, 2.0365597443556567], "nmi_tw": [0.29584360229090373, 0.29626133468032656, 0.29675641853061707, 0.29633171957914906, 0.2962285401786276, 0.2956489318921551, 0.29639080884253677, 0.2969811123224859, 0.2972796540414837, 0.2957557580171509], "coh": [-2.4591592494463232, -2.359494617196543, -2.3101917179895333, -2.3318926644257796, -2.3080263199560376, -2.4168107520619335, -2.271455045142146, -2.2668386609079634, -2.2891111613612205, -2.2782266884626243]}