{"p": 0.0, "p-emp": 0.0, "t": [164.11648893356323, 170.8720259666443, 163.95112562179565, 167.11281299591064, 164.38853454589844, 163.62164115905762, 162.97452402114868, 162.62109923362732, 165.1374044418335, 166.55128645896912], "nmi_acc": [0.08650057283615252, 0.08240748450546224, 0.10645280093621522, 0.12119740808799354, 0.10359739847472203, 0.08578505429757007, 0.060110121944128264, 0.08855713835919518, 0.11467668054046544, 0.12632619634287906], "nmi_repr": [0.26839602942647944, 0.2731629751605838, 0.2867258932868029, 0.2853178146641187, 0.27520776417261406, 0.3000176607488506, 0.29164629187616437, 0.28863169446346065, 0.2852646263740962, 0.2887956843236273], "mi_td": [0.7656111374040232, 0.7553099506531638, 0.7474135983496577, 0.7686117200236089, 0.7340787919345355, 0.7240859029783988, 0.7369925815388704, 0.7435670687395486, 0.7648419141137952, 0.7723726058782516], "nmi_td": [0.14384213018722164, 0.14224146360542633, 0.14052891820498473, 0.14361884767751315, 0.13801432041414116, 0.1363726992888751, 0.13921043100615468, 0.13942924539115137, 0.14250869868448376, 0.14379461852201045], "mi_tw": [1.5241129987285824, 1.5468903145393569, 1.524861404437169, 1.5348802048872747, 1.563833383462118, 1.6077916395305718, 1.5675041522717492, 1.5816536189403592, 1.549635319641476, 1.5436371176454329], "nmi_tw": [0.29326102479144794, 0.29836272991692203, 0.2936312612461285, 0.2936845523018323, 0.3011193075761629, 0.3101358959474669, 0.3032725474826544, 0.3037274676042885, 0.29564584970868857, 0.2942558473531381], "coh": [-1.6799847957309393, -1.560220516875321, -1.6511251932194404, -1.4927977907750205, -1.7104784264535717, -1.666308233272082, -1.6929426687852078, -1.6193315481908546, -1.491584896248106, -1.5630655665067406]}