{"p": 0.7000000000000001, "p-emp": 0.6947645306101757, "t": [32.649658203125, 28.12031102180481, 31.418031454086304, 37.12562417984009, 36.15952706336975, 33.68445158004761, 40.02946710586548, 34.868385314941406, 35.183188676834106, 32.18537950515747], "nmi_acc": [0.009664463017753522, 0.0037779951098726363, 0.005250568265825331, 0.024447169851531458, 0.006611667421895813, 0.0211771995246275, 0.0073918301238419136, 0.020317024885932188, 0.02843163318864138, 0.03533644871832978], "nmi_repr": [0.09649137555927186, 0.06562832104883935, 0.07502163912105192, 0.27867667344300434, 0.17440931008807917, 0.19622179400683376, 0.24281792821791884, 0.07342739998055839, 0.08204861021480223, 0.18323810368406954], "mi_td": [0.0973783739820621, 0.10299058307473982, 0.11283146200467983, 0.32946963830598164, 0.30126333598215194, 0.05963612608957094, 0.3632583215972104, 0.3500581897856064, 0.15730014440407303, 0.08565887106014503], "nmi_td": [0.021038848772232596, 0.023142647241738187, 0.02447963535318562, 0.0682018959727769, 0.06378343288144654, 0.012914310314111003, 0.07776738215712609, 0.07229398605141267, 0.03399313209070597, 0.018482370071563333], "mi_tw": [0.9633775355318128, 0.4675650197609604, 0.9291112091838573, 0.860637412781821, 0.8371831738381212, 1.0186241901873552, 0.6349273028628322, 0.898889373717962, 0.6151742338163213, 0.9421958512941329], "nmi_tw": [0.5034469793396394, 0.2694416550718522, 0.49048844329090624, 0.40675558044249044, 0.4168652577665412, 0.535302952605986, 0.32458031142271676, 0.422567648820041, 0.3216648366309737, 0.4908072783205401], "coh": [-0.06399549504571678, -0.05759070483385637, -0.06632119128024073, -0.0676716798660729, -0.0633698332214338, -0.07181297093510557, -0.06469069647298767, -0.06050629848880215, -0.060616366747408244, -0.06715658237204819]}