{"p": 0.8, "p-emp": 0.7999712739172802, "t": [46.25855469703674, 47.1946325302124, 47.58948731422424, 46.776318311691284, 47.09127330780029, 46.242114782333374, 46.48720741271973, 47.49383997917175, 46.40089988708496, 47.23505735397339], "nmi_acc": [0.29730728423601716, 0.2902350663140905, 0.2990796967050411, 0.28437993515641213, 0.30419916841801214, 0.29674321562652894, 0.2882245022134781, 0.2967213023059795, 0.28592963744593, 0.29626552309507126], "nmi_repr": [0.3281138727649981, 0.3190268984108264, 0.3211370646095815, 0.3266679790674136, 0.3201619483384856, 0.32443494163799635, 0.3318610521993632, 0.3388281433931667, 0.3204994897618476, 0.33223433522203344], "mi_td": [1.679692843894061, 1.6714016162991348, 1.691135921769304, 1.655810784729277, 1.6900367008074355, 1.660502169740586, 1.6852806438619112, 1.6791997775558678, 1.677901198759172, 1.6775843331074067], "nmi_td": [0.30815125806576615, 0.30757732581432273, 0.3101475664544167, 0.3043709911275717, 0.3109298311286998, 0.3049425617136295, 0.3096003907938995, 0.3079961138592067, 0.30803482472331184, 0.3083538056779854], "mi_tw": [2.1492899736300277, 2.132873552121074, 2.142623162649558, 2.1429890526273696, 2.1276643824350963, 2.1560064228015112, 2.1389326623314315, 2.154507876713163, 2.146222621062003, 2.138510471442985], "nmi_tw": [0.3318289673330606, 0.3301500167111109, 0.33070724836967835, 0.33140692825049817, 0.32927528048867094, 0.3331527452068723, 0.33061094928585616, 0.3325757764573604, 0.3315476600100119, 0.33069664723666947], "coh": [-2.36011539023791, -2.4539820083025026, -2.336796320394135, -2.404673479762044, -2.3919592313634936, -2.4663587271627847, -2.356254590978127, -2.4178267805541935, -2.4818700767714086, -2.3827465285995864]}