{"p": 0.4, "p-emp": 0.39998059705799827, "t": [122.4105453491211, 147.23310112953186, 132.59702730178833, 120.8405830860138, 141.99134159088135, 147.91292333602905, 116.17002964019775, 111.99705529212952, 118.94516134262085, 159.517560005188], "nmi_acc": [0.40141668517244955, 0.4126113294437445, 0.4052446615199148, 0.36725218970638657, 0.4005383237081705, 0.4412118771809641, 0.413039374409251, 0.37303676859748436, 0.41358091395799573, 0.39462985465061445], "nmi_repr": [0.23391485822777786, 0.26058569496833384, 0.29681979816261955, 0.25316785338121317, 0.24583233267752266, 0.2831621454580951, 0.2776989951459904, 0.2729550199513942, 0.2608518331153895, 0.26993172665055193], "mi_td": [1.6923549196738044, 1.8126872295331324, 1.9611934603885897, 1.7469534192682725, 1.8752025639153842, 1.7864634697287314, 1.7665845460514589, 1.6903279727816278, 1.7154686623411608, 1.6493808544528408], "nmi_td": [0.28159678061692023, 0.2994335215343908, 0.31914985932762935, 0.28969438108512635, 0.30788089675747804, 0.2972105976510168, 0.29418547180877047, 0.28193630103477, 0.2854242765868589, 0.27569889346192544], "mi_tw": [2.3068868815464407, 2.3641048001573357, 2.480102255288494, 2.3178620841161797, 2.4116523220629924, 2.2741391628953966, 2.292266497649181, 2.269609933305561, 2.300895868007125, 2.2696039147832296], "nmi_tw": [0.36077369789026803, 0.3672026887202349, 0.37983150815723676, 0.36133277331162517, 0.372450190381612, 0.35560142484267543, 0.35875928472514845, 0.35574659395565295, 0.3598148688666547, 0.35646534476550573], "coh": [-2.4873906058581507, -2.431242722031613, -2.448515854369074, -2.603536887072115, -2.650726458767, -2.631181116737898, -2.403054474583703, -2.547393482316563, -2.51243212486847, -2.418136375776546]}