{"p": 0.30000000000000004, "p-emp": 0.2999682553132439, "t": [142.53213024139404, 147.1555643081665, 142.219646692276, 142.6231472492218, 147.4131772518158, 141.97047185897827, 141.74497604370117, 141.15791082382202, 141.1475043296814, 139.38431334495544], "nmi_acc": [0.40915598511042744, 0.4491262910332052, 0.4224523401835265, 0.4169783248785665, 0.4311064064805225, 0.4280480847061192, 0.436185790720828, 0.4226991442798053, 0.414709789887505, 0.4287577179778495], "nmi_repr": [0.37630976156799983, 0.39996715389333054, 0.3802675884535289, 0.38179927422908716, 0.39027398783696465, 0.4157307348081382, 0.39546632319295083, 0.36245818529220025, 0.3834186739992347, 0.3669957001149878], "mi_td": [1.7392599106684565, 1.8321086767828627, 1.771915024817834, 1.7724792037200505, 1.7699868475554683, 1.7674794775139848, 1.7479753906810895, 1.7720172091759487, 1.7679701373441052, 1.78659226483118], "nmi_td": [0.29293605814670215, 0.30834742004158017, 0.2975226451689433, 0.29798194973573816, 0.29838644922078034, 0.29708478654662696, 0.29507224829773415, 0.297704631482267, 0.2970840794386248, 0.29979531005374654], "mi_tw": [1.1135470396221558, 1.057047328584771, 1.1129539964931583, 1.1034256411776395, 1.0992086316188059, 1.1150973130934736, 1.0926028962404453, 1.1083054078195516, 1.1094872412488639, 1.110837311901463], "nmi_tw": [0.2308957476591336, 0.21898218683958445, 0.229903871678352, 0.22827919093817522, 0.22818173137874617, 0.23063975093406464, 0.22718639435050614, 0.22909965845690275, 0.22940036288650797, 0.2292861669559934], "coh": [-1.50240581114767, -1.5168869642956904, -1.486815903292619, -1.4910993443472147, -1.566995481291475, -1.5366778012609585, -1.4646518941011528, -1.5888632698504934, -1.4934385894488456, -1.5061897119769612]}