{"p": 0.5, "p-emp": 0.49981477097057225, "t": [31.818602323532104, 33.05196237564087, 31.614126682281494, 31.829928636550903, 31.790600061416626, 34.93833041191101, 32.159053564071655, 31.633132696151733, 31.672890186309814, 32.37123513221741], "nmi_acc": [0.08506059976401283, 0.08083433235384255, 0.08027520914105735, 0.08331921474445188, 0.08692027638863561, 0.09463796847446909, 0.08928416652810932, 0.07680747864236559, 0.08201647207584188, 0.0881125250495313], "nmi_repr": [0.1581623130885287, 0.15230702063761542, 0.15418922829505213, 0.15938629954791783, 0.15582281193976222, 0.1632055959896984, 0.16701080597728746, 0.15847697829338755, 0.16297732931869297, 0.16064665057161087], "mi_td": [1.7211805265206206, 1.5072465517701226, 1.6124433446789839, 1.649870722941199, 1.6885511703834961, 1.6791095011610937, 1.6732812792065295, 1.6983571726790094, 1.6403077587526915, 1.6004254373421691], "nmi_td": [0.30981612540189224, 0.27547495754893103, 0.29367175134642926, 0.29808724165817263, 0.30452329802828626, 0.3045843110203074, 0.30262612756042995, 0.3050039566913205, 0.29732699217296893, 0.2901705962444571], "mi_tw": [0.21316703617259317, 0.22140157217530382, 0.20496932013804364, 0.21989167543066862, 0.2093044848241849, 0.20306986723554443, 0.20351194669600878, 0.2153218757500564, 0.2116554975798231, 0.2255317852977189], "nmi_tw": [0.056953482939034, 0.06051234893318082, 0.05572895674120523, 0.05907580503104609, 0.056080179169990696, 0.054881862518877035, 0.054758450450806795, 0.05733280794025898, 0.05713956864646384, 0.06090843623092185], "coh": [-0.4338720229182396, -0.540021426853359, -0.47147874943735707, -0.41996121865256464, -0.39247519187497637, -0.33858295400101485, -0.39491410508406255, -0.4870092502343809, -0.4444351376157464, -0.41450567814248745]}