{"p": 0.7000000000000001, "p-emp": 0.699978939211688, "t": [64.57013130187988, 64.01840901374817, 68.67248320579529, 65.15486907958984, 64.14565992355347, 64.99219012260437, 64.2354474067688, 64.69066572189331, 66.16882109642029, 64.17110538482666], "nmi_acc": [0.4960429809378379, 0.5136531587573872, 0.5307100833664151, 0.5224241695284084, 0.5282280063331141, 0.5316451979947894, 0.5074889439227543, 0.5183490143141147, 0.5065974961758802, 0.5271405310619098], "nmi_repr": [0.5231394850304889, 0.5285485603885381, 0.562337565908111, 0.5609405569920025, 0.5628975067376802, 0.5627789259538788, 0.5626944389305474, 0.5387051903547024, 0.5411281086865611, 0.5446016326583479], "mi_td": [2.364718538516637, 2.398028822062539, 2.387922396216639, 2.4077624124273407, 2.4231933612185426, 2.3960513457001476, 2.3789786739826972, 2.4005336777784723, 2.406893855994397, 2.413125512091231], "nmi_td": [0.3950255233479947, 0.4008061457206351, 0.3991443732462912, 0.40168126697196266, 0.4039911765143444, 0.4001601516164356, 0.39750766581745783, 0.4005776105492078, 0.40145447682203733, 0.40246773909379796], "mi_tw": [1.9798862119018594, 1.9567937920088667, 1.9707843259711135, 1.9727894705323101, 1.9704782601486843, 1.9814280181339041, 1.9790909224413453, 1.9803474020716823, 1.9736410859236333, 1.9768881868720232], "nmi_tw": [0.36221546776300656, 0.3582023224560591, 0.3607905092404659, 0.36039172037835654, 0.35971171408661473, 0.36239884346745277, 0.36216974355094483, 0.3618736072543328, 0.3604667769486683, 0.3610341542035209], "coh": [-2.0845255349382708, -2.054601271287374, -2.091839554546008, -2.032674356918352, -2.0264220842055445, -2.0898847136239014, -2.1783287089929977, -2.1263090474245723, -2.0295141320589734, -2.0080087768296244]}