{"p": 0.4, "p-emp": 0.3954198756783607, "t": [41.84593963623047, 42.56800937652588, 40.00795769691467, 38.69694757461548, 40.9703106880188, 41.89826583862305, 42.41432595252991, 43.93390154838562, 42.391542196273804, 40.08616542816162], "nmi_acc": [0.05922213887643779, 0.08238502114124348, 0.08410895292359541, 0.04291922296170935, 0.06285441745444185, 0.08056513969285069, 0.044454707393528164, 0.08951579970976793, 0.09755995142740849, 0.10979427789338236], "nmi_repr": [0.1326781518247957, 0.15209798880430767, 0.15752064510033267, 0.1449844679725115, 0.17522896295942844, 0.14977414190917465, 0.14769196919771505, 0.16141227454440776, 0.16427908285613926, 0.13065118096793643], "mi_td": [0.4237907452174662, 0.4546120389457926, 0.37636628609522177, 0.37072172563844935, 0.3861125511047914, 0.3953268667950899, 0.4702060425114174, 0.34679491909048427, 0.3941334368927602, 0.3459207090223594], "nmi_td": [0.08364852524208242, 0.08913496029202662, 0.07478519625362325, 0.07498501555410661, 0.0767189462947184, 0.07796135673065067, 0.09375410882682253, 0.06906207693960473, 0.0772766024843055, 0.06821038800874209], "mi_tw": [1.327296515192056, 1.422317337351029, 1.3624669289829938, 1.2326457103699926, 1.3573260187168086, 1.4285859394759082, 1.2621162186131076, 1.3744334457037954, 1.4471640728668236, 1.4093034794773023], "nmi_tw": [0.28944113826995804, 0.3078834526088628, 0.2993100048758234, 0.27617118856898565, 0.2981683299951892, 0.31122516933201333, 0.27832368556443027, 0.3026792543583968, 0.3132600138647179, 0.3069860379163004], "coh": [-1.958568525523124, -2.2424417949837205, -2.0096537085326402, -2.002855767521432, -2.165100675148684, -2.1059493796756996, -2.1953376843152714, -2.065218996659906, -1.816868080810507, -1.9482338859227601]}