{"p": 0.2, "p-emp": 0.1991816379398742, "t": [69.10155963897705, 68.59164357185364, 68.59789752960205, 69.22325873374939, 68.93106174468994, 68.54730725288391, 67.79357981681824, 68.58264684677124, 67.73065328598022, 67.61588978767395], "nmi_acc": [0.3129162597971688, 0.29523151180318774, 0.3328542243934925, 0.3048290159834208, 0.3360380017911006, 0.31347693311218744, 0.36444297740406606, 0.3576407139891239, 0.3330850833734419, 0.3292349739008273], "nmi_repr": [0.1763315507803219, 0.16196642248464452, 0.1730522066874502, 0.1756439546565533, 0.17551824636183552, 0.18139826372839443, 0.17964991936236446, 0.19247466771736865, 0.19115336722835297, 0.1866289942528831], "mi_td": [1.6811587767807477, 1.7135134472338533, 1.6885658134248378, 1.663824281425017, 1.6853475814551826, 1.6614772429501001, 1.697842063119966, 1.6684571582698857, 1.637535242756055, 1.688641091271703], "nmi_td": [0.28196781470048227, 0.2865868581120344, 0.2841135799216085, 0.27987781514619403, 0.28399951762396236, 0.27936253300005476, 0.2857448504112503, 0.28195771619323706, 0.2778764838301687, 0.2841995786481731], "mi_tw": [1.1024687546520646, 1.1076921100151331, 1.108072197877326, 1.0905750454397227, 1.114082212617768, 1.1033360927740494, 1.1094419973415617, 1.095748427037118, 1.0978654838889577, 1.1154875077708948], "nmi_tw": [0.19520612958348918, 0.1955492777035293, 0.19685913500921243, 0.1936973926031017, 0.198241901325813, 0.19587469425615014, 0.1971538335684788, 0.19556873313397943, 0.19680255799259247, 0.1982305404739594], "coh": [-1.583160622456249, -1.5745341308862861, -1.4112372764614456, -1.5592309226893866, -1.6786276041925994, -1.6256165709248607, -1.5205354910506343, -1.625664133292045, -1.750778275339011, -1.457552970930776]}