{"p": 0.6000000000000001, "p-emp": 0.5999187041290812, "t": [55.048110008239746, 51.9846293926239, 47.85531306266785, 54.442639112472534, 52.47153663635254, 54.93373703956604, 47.79808020591736, 49.632028102874756, 54.806957721710205, 49.285473346710205], "nmi_acc": [0.42202131387384706, 0.4174978453032339, 0.37198564267256595, 0.4748272882439518, 0.427604026435672, 0.4220837592400461, 0.4526514980331336, 0.4358528579227293, 0.43649525323039307, 0.40925489190864045], "nmi_repr": [0.29393431298685474, 0.2837319654875473, 0.2889223794735082, 0.32971633281896245, 0.3569785764949896, 0.3198609463033021, 0.31230808304854735, 0.3456067148153964, 0.34135988762859687, 0.2975753498290287], "mi_td": [1.3255146431620777, 1.3057098940940153, 1.2524488833919896, 1.4091896030104938, 1.40266476412117, 1.4135123658133637, 1.2921963806991585, 1.3211568700494924, 1.3719675182151583, 1.1502502202451805], "nmi_td": [0.22907070276808456, 0.22527352791357416, 0.2191290534077461, 0.24232657404931834, 0.24035614600310018, 0.24174392241938333, 0.22539809522234705, 0.22856958280227813, 0.23574609595713097, 0.20258765287945396], "mi_tw": [1.575124716233844, 1.6126285826245552, 1.5573703107697188, 1.6641161678895058, 1.6639413493544288, 1.662808607043248, 1.5460426277052917, 1.6245567434962993, 1.6551346711634067, 1.4675551154224675], "nmi_tw": [0.3081973965832151, 0.3149426728258755, 0.30901091276390086, 0.323787693136248, 0.32246579323549235, 0.3215377181064051, 0.3057093486002555, 0.3182667791321617, 0.3217626358519446, 0.29338960922066065], "coh": [-2.408226881681056, -2.494214460855879, -2.573036863223059, -2.6218582414906924, -2.657105494302892, -2.5304331322099305, -2.4019516710613917, -2.544444950269998, -2.4836859529114905, -2.5958584130893407]}