{"p": 0.5, "p-emp": 0.49839050364655146, "t": [73.332834482193, 72.29602885246277, 70.56927680969238, 70.07792615890503, 73.42530274391174, 70.32453155517578, 71.67540884017944, 71.64800429344177, 70.28944277763367, 71.19369649887085], "nmi_acc": [0.1782860418842821, 0.1927074973643077, 0.18527748961974172, 0.18651124168293795, 0.1866268161394021, 0.19057149795772144, 0.18686462961753825, 0.17892716022458863, 0.18116543470657104, 0.18946436454079119], "nmi_repr": [0.2551041630870136, 0.2534784362588623, 0.2635946931830889, 0.27294891685993605, 0.24988722697069582, 0.2519290965376219, 0.2592061180651245, 0.26006799851301615, 0.2668420553040819, 0.25975081608214007], "mi_td": [1.0726137862374123, 1.0948408454919316, 1.080537096897573, 1.0695578059754087, 1.0790198383918344, 1.0983643054575802, 1.0959018826367903, 1.083569751392097, 1.0635680448431892, 1.0702442337425642], "nmi_td": [0.19370304468682897, 0.19668208054966094, 0.19504339554327088, 0.1935091315412604, 0.1940989112658404, 0.19814726292956897, 0.19791042544168205, 0.195880170659075, 0.19261658953163094, 0.1929079442384535], "mi_tw": [1.2688100747496538, 1.284686953236107, 1.2773966309279041, 1.2735812369815263, 1.2944144393307249, 1.270261283219956, 1.2561580317509407, 1.2643061164855174, 1.273806514551743, 1.2942717332709939], "nmi_tw": [0.2553972829912511, 0.2570852805544011, 0.256992722511681, 0.2568873390684583, 0.2594174823734146, 0.25539335898654486, 0.25285311650201175, 0.25477859789005314, 0.25721735867420176, 0.25997088078316133], "coh": [-1.3210186951889769, -1.1924536544603783, -1.217606685361544, -1.360004031602498, -1.2313023074320368, -1.3136557797260382, -1.1746238432482967, -1.264378089862202, -1.2789449411512588, -1.2786798807636959]}