{"p": 0.0, "p-emp": 0.0, "t": [231.76920294761658, 229.92579174041748, 231.58404445648193, 230.48450112342834, 232.49272441864014, 233.49994707107544, 232.9537103176117, 232.1815538406372, 234.437509059906, 229.0514063835144], "nmi_acc": [0.31507922077023043, 0.2369451234970272, 0.2760775649395958, 0.31718869585388715, 0.290880655303088, 0.2610101356034883, 0.2604169757998101, 0.2937483177872855, 0.320204258668666, 0.2275765264918327], "nmi_repr": [0.24246592024423566, 0.22534326342352037, 0.2503264899043851, 0.24609045201991084, 0.22964290475629687, 0.23121007385035008, 0.24209499513245583, 0.24465835800944524, 0.23994633962988346, 0.22627502851004141], "mi_td": [1.1204204176387225, 0.8793441660110208, 0.9703536846470942, 1.1807122376002859, 0.9768329008117729, 0.9804098493773613, 0.9351759006469826, 1.0077330318422015, 1.140616289340226, 0.8880356530017733], "nmi_td": [0.2075341692036852, 0.16623896933830315, 0.18163631292315124, 0.21899364927602352, 0.1819468140903084, 0.18322685761214583, 0.1760291664663425, 0.18912806250208972, 0.21184042540060627, 0.16758880219872074], "mi_tw": [1.1897540911764672, 1.342691851510703, 1.280288267599254, 1.162594543039913, 1.2880175282341584, 1.2894947144946243, 1.281409954791352, 1.2826406819106788, 1.1615176765866067, 1.3463034726038905], "nmi_tw": [0.23517894955377164, 0.27125949473121275, 0.25593006514591266, 0.23013744518309306, 0.2561187209699319, 0.2573327438209104, 0.257682617994073, 0.25711878725287146, 0.23025327063980042, 0.27148142822121407], "coh": [-0.4189466297333781, -0.9503516762607449, -0.5992822693581178, -0.2773296212106367, -0.6186095842383137, -0.6279087445621889, -0.7768956900505479, -0.8169195864821832, -0.28166200313108447, -0.8858016822377582]}