{"p": 0.1, "p-emp": 0.058975211080382284, "t": [123.00053453445435, 137.3333637714386, 131.37651324272156, 126.76818084716797, 128.11166548728943, 123.79177403450012, 131.63955664634705, 127.59921073913574, 141.5175383090973, 130.11551141738892], "nmi_acc": [0.026551295190460473, 0.12153813155562744, 0.04854423048048982, 0.020517891865324517, 0.061406561519193714, 0.036094615901980626, 0.10030916296448499, 0.13263793404978916, 0.14037363592294744, 0.10882633539442343], "nmi_repr": [0.21393579848516595, 0.21991045440150944, 0.21884203174084546, 0.2502300790691409, 0.2634905665203783, 0.2626835199091219, 0.21908806956132823, 0.23132533866521093, 0.21764684201796516, 0.23722624561383177], "mi_td": [0.4437585757109153, 0.518510265959965, 0.48666020321564635, 0.46088395693456413, 0.47307745853944183, 0.4384259400561932, 0.4602690584262623, 0.44461398334846636, 0.5313435512560098, 0.4826827186701109], "nmi_td": [0.09133757987716812, 0.1011896878547352, 0.09843193064115163, 0.09612417817595043, 0.09625168917218119, 0.08901538278898605, 0.0921272747588842, 0.08891709265487784, 0.10536637127120706, 0.09501220332850366], "mi_tw": [1.2287253400969682, 1.6421650349728767, 1.352554823037335, 1.129740103601618, 1.3053467100234908, 1.3804389927434126, 1.449406460877641, 1.4413636940279628, 1.4380453549630414, 1.5794955631583436], "nmi_tw": [0.28420135640849703, 0.35783805696443177, 0.306763187533908, 0.26521835971112623, 0.2980249118572608, 0.31443141521374457, 0.3249061293511056, 0.32279151737267525, 0.31901219582243534, 0.34750803702903965], "coh": [-1.7051072112248933, -1.7319891274489154, -1.8143254029317057, -1.8374315687720721, -1.8513623307247242, -1.656677585209673, -1.8042073855763974, -1.5682071482769375, -1.7277066205023566, -1.4933093354227718]}