{"p": 0.5, "p-emp": 0.49930032745534714, "t": [149.36051774024963, 150.43905401229858, 151.40637588500977, 150.1832139492035, 153.3280680179596, 147.7603223323822, 172.12479877471924, 154.7212781906128, 154.53537726402283, 154.1224009990692], "nmi_acc": [0.45063714415833944, 0.445999058982424, 0.4469089843678883, 0.4461094612704953, 0.45182967773247823, 0.44825745007906137, 0.4317316850184914, 0.44672784878963223, 0.44594690782286467, 0.45505831772469585], "nmi_repr": [0.419472150625495, 0.4119299464113803, 0.42180199015612196, 0.42491358562792325, 0.43419074030393817, 0.4172629309432882, 0.41210283947589854, 0.4193605682723563, 0.4387068406538282, 0.4207498163515809], "mi_td": [1.725111616408688, 1.7463476832657432, 1.753001019765337, 1.7423071673082733, 1.7160286730904, 1.777535701967509, 1.7045433273963408, 1.7550763276524408, 1.7280032528709806, 1.7747315085442508], "nmi_td": [0.2924713575616984, 0.29572340874805225, 0.2967288370309868, 0.2954868078058161, 0.29174441636048964, 0.30041414287944973, 0.28916572169275323, 0.29689259369823534, 0.2931218050689261, 0.2998586301841368], "mi_tw": [1.5884142589663877, 1.5975339939386808, 1.5895163550152889, 1.5860612529988523, 1.5985737439097156, 1.5804306945779867, 1.6229327254704364, 1.590647127292439, 1.5951287971807877, 1.5802896663257942], "nmi_tw": [0.2998418099120282, 0.30116842021682594, 0.2995206889920863, 0.2995106739854317, 0.3026987551592168, 0.29729343091035937, 0.3065720009993435, 0.2995231541786157, 0.3012926505235908, 0.297176905067456], "coh": [-2.1206043063103377, -2.0214446123955665, -2.05449735476481, -1.9923009895858577, -2.0421712321685286, -1.9662499012043457, -1.9286368178157498, -1.9052158125396208, -2.033159539772558, -1.9034902324939122]}