{"p": 0.30000000000000004, "p-emp": 0.2989568489177026, "t": [53.25009536743164, 52.382980823516846, 53.10210728645325, 53.3743371963501, 53.034504413604736, 53.13548016548157, 53.19346284866333, 53.41625666618347, 52.490108013153076, 53.189533710479736], "nmi_acc": [0.17999606269090707, 0.20066224129316343, 0.17535776499313196, 0.16051636260719085, 0.1643223160215723, 0.16201102629897488, 0.16177058594599877, 0.16978522714925362, 0.18704776806366702, 0.16493631077875348], "nmi_repr": [0.10165313009507113, 0.10634186589175537, 0.11006610910775316, 0.09875626564889631, 0.09885445170774974, 0.09796566952205521, 0.08899368149902932, 0.10113174773161378, 0.10800043810053683, 0.09887059994816663], "mi_td": [1.7279648201698472, 1.7058681805823768, 1.6177644808876497, 1.6536194172071457, 1.6416842456659166, 1.7211564241206458, 1.5906987577890361, 1.731031016946507, 1.793329996221897, 1.5126147906543923], "nmi_td": [0.32341496637629397, 0.32090026038868996, 0.3071102281305716, 0.31254856115109025, 0.31042853944064136, 0.32206687162701986, 0.3024124861018904, 0.32338209047997174, 0.33310357531203927, 0.2907667043906948], "mi_tw": [0.5913958141130448, 0.5894971934037982, 0.5472050104580634, 0.5672392911342863, 0.5628251645581354, 0.5760642952553522, 0.5614117557190006, 0.5764479927614528, 0.6150797115195312, 0.5199485588238737], "nmi_tw": [0.10576377000191377, 0.10593554524040195, 0.09919432876545432, 0.10239798678213038, 0.10164362648379907, 0.10299936742185656, 0.10191134021635784, 0.10290604698474941, 0.1092019798250713, 0.09538669604133748], "coh": [-0.6385143638945895, -0.6993923092247105, -0.8676634049239705, -0.7275319336397212, -0.8138254530506777, -0.5651955983987673, -0.7965701493888346, -0.8099844550073231, -0.5626821352965574, -0.8206687020415562]}