{"p": 0.6000000000000001, "p-emp": 0.5999493069128473, "t": [49.114540338516235, 48.008867025375366, 48.23773527145386, 50.57245087623596, 47.96083998680115, 48.45604419708252, 48.39771795272827, 50.11048340797424, 50.135106801986694, 49.51840114593506], "nmi_acc": [0.14637683239170662, 0.13232424830248624, 0.1552044705517412, 0.1400659129006421, 0.14950517524521256, 0.11577671399346043, 0.12294309811838396, 0.11124133057306855, 0.1388189178610089, 0.14419026908213584], "nmi_repr": [0.09012495922965064, 0.06973857909296866, 0.07751707682708635, 0.08660852510832978, 0.08417531057617315, 0.06949035185114319, 0.055553366579711924, 0.05460852960895113, 0.06676219189781513, 0.07390715501708994], "mi_td": [1.945725201816521, 1.9143350828412933, 1.9725389548633885, 1.941811137363068, 1.9393023524459236, 1.9792251043539149, 1.9187325053261866, 1.967058234559687, 1.9431366985262324, 1.9758418569491365], "nmi_td": [0.35359275048446326, 0.34955149308698563, 0.3584373951343442, 0.35311505737914645, 0.3536373396443142, 0.3585520474424394, 0.35000338280582516, 0.35625930834826014, 0.35340446386179003, 0.3580504786576515], "mi_tw": [1.0726106759574585, 1.0506531217702202, 1.0866193363699808, 1.0653389854203286, 1.0704583077542942, 1.054326198137115, 1.0311932913590087, 1.0562985109196188, 1.0717355254972842, 1.0798694764873742], "nmi_tw": [0.17353299367363736, 0.17070367281707322, 0.17578709651955238, 0.17245810784163337, 0.1737147127620755, 0.17009818257457474, 0.16739256174351122, 0.1703786405223075, 0.17351472065396872, 0.1742674274963077], "coh": [-2.0537527070171655, -2.20459938720394, -2.1534262199128844, -2.0141131118711693, -2.195057014352489, -2.1304321480721944, -2.235143709268011, -2.158363824015921, -2.0012678359086684, -1.916525515616356]}