{"p": 0.7000000000000001, "p-emp": 0.6947645306101757, "t": [75.69457030296326, 79.8564887046814, 76.05861783027649, 76.67231917381287, 75.72512817382812, 76.72437524795532, 80.10007119178772, 76.17698860168457, 74.71285271644592, 75.92165541648865], "nmi_acc": [0.031472128687504534, 0.03222482620574639, 0.03411124500137699, 0.03038491064863189, 0.032129040015397466, 0.03181881323417081, 0.02987189950477733, 0.031379015470355376, 0.034801894302639684, 0.037079698298596385], "nmi_repr": [0.1836939057141157, 0.18582240113765439, 0.19245747730672072, 0.19650815605771732, 0.19920780547164488, 0.19485746050800298, 0.1925679618144137, 0.19239942513610916, 0.19416074313059556, 0.20051459772522273], "mi_td": [0.26188595034388024, 0.258519137272726, 0.260180309825446, 0.25901421057436447, 0.2582932209116653, 0.26154451165744974, 0.25675521146673835, 0.26030461131182714, 0.25756679762630774, 0.2552817220579107], "nmi_td": [0.047182474651254025, 0.04658500163324383, 0.04688880889751044, 0.046660123326142444, 0.046543251125222576, 0.04711977514173525, 0.0462620660129397, 0.04690975518476554, 0.04640210800570881, 0.04599501906570546], "mi_tw": [1.2277925613581546, 1.2167501956736426, 1.260384790583567, 1.260029064790666, 1.2798177552070302, 1.2542088560970233, 1.2634577107445186, 1.2247229712242516, 1.2513195114977937, 1.2733140045784905], "nmi_tw": [0.43299946769916237, 0.42926946519806297, 0.44474666489082404, 0.444275586451157, 0.4514999384249171, 0.44229380685988634, 0.4456521195444547, 0.43213658652051257, 0.4412554635806412, 0.44909896669591476], "coh": [-0.05749761520600329, -0.05298431423898229, -0.05804190015248638, -0.06115478766772109, -0.06349285172844424, -0.0604319371808719, -0.05644869325764292, -0.05356934573919655, -0.05945238174574076, -0.06175490212750406]}