{"p": 0.5, "p-emp": 0.4999917107684486, "t": [60.36175322532654, 58.93939399719238, 72.62363243103027, 70.7673122882843, 65.38899660110474, 62.371463775634766, 57.883952140808105, 58.6855742931366, 60.04292941093445, 67.48631930351257], "nmi_acc": [0.2694170112619306, 0.2878771063802993, 0.3011391079431758, 0.3082135684704709, 0.30625881466445304, 0.28605506761646193, 0.2977990350012602, 0.2975452814284052, 0.2655453124475084, 0.28555114885676264], "nmi_repr": [0.15263876542393676, 0.1591035701935887, 0.17094769070321908, 0.16814286605094197, 0.16759512195178858, 0.16731297733472036, 0.16044012590915613, 0.1726312149120144, 0.15210969209477251, 0.15448391369050785], "mi_td": [1.8486118537624796, 1.8265226655148936, 1.8180632377398644, 1.7978885079794538, 1.7915022917186707, 1.8018254402130136, 1.8045144358406295, 1.820227050643117, 1.8364222215505237, 1.824119884313618], "nmi_td": [0.30834584081710353, 0.30593314215932615, 0.3047563478767383, 0.30248467842374227, 0.3013648327707597, 0.3021027504477328, 0.3036230578720749, 0.3051751476904903, 0.3068389789104716, 0.3054308028640473], "mi_tw": [1.3870981903662478, 1.4096551842960445, 1.3974923403024402, 1.37894434523666, 1.3932520435273792, 1.3836050304811653, 1.400545699491409, 1.4105835866224519, 1.3938302400738902, 1.4088717036680838], "nmi_tw": [0.2508776266880185, 0.25611182517856723, 0.2541192116762891, 0.2517487443166482, 0.2543192730846952, 0.2516556650380711, 0.25571399518577875, 0.25655086426570795, 0.25256500627455514, 0.2558787096675346], "coh": [-1.83827778867034, -1.8245166137938447, -1.9652707171301222, -2.0932804033053403, -1.8770414566297553, -2.0130536623756194, -1.8421195039737264, -1.789171132625365, -1.8296101063985417, -1.9139435983159037]}