{"p": 0.2, "p-emp": 0.1998533023225585, "t": [76.66712737083435, 76.51024222373962, 78.51713752746582, 78.69386672973633, 78.21919846534729, 77.45332312583923, 77.45740103721619, 78.01176285743713, 75.7532205581665, 75.56981253623962], "nmi_acc": [0.07603875815771305, 0.06618770006224595, 0.07687110325232643, 0.04897761949477743, 0.05824605002613433, 0.07784522117183526, 0.07897723071915126, 0.06383679210500107, 0.06675976016930746, 0.07622883991585212], "nmi_repr": [0.06162153157906209, 0.06922597448204058, 0.08446282696740301, 0.06061810622521545, 0.05649687538084047, 0.0607313644990277, 0.07194779791373863, 0.06185628458551765, 0.06098940616774135, 0.09385093043063225], "mi_td": [1.2266036511487306, 1.1111879289254032, 1.0728781661145266, 1.2275370135554793, 1.0506865685692266, 1.28482810833181, 1.1074778375246705, 1.1851061486695802, 1.0160688743571642, 0.7224725530591702], "nmi_td": [0.23453572072480572, 0.21578830584078468, 0.20933056938496003, 0.23355509593940935, 0.2057864294637026, 0.24300858286410493, 0.21513092632535297, 0.2275312568712949, 0.20020184169920827, 0.15046861636453468], "mi_tw": [0.7559779378811642, 0.6920135385510008, 0.6898413324689899, 0.7372359014301206, 0.6780411068607756, 0.740226301349746, 0.6981596447777856, 0.7061454087968322, 0.6934642156050759, 0.5972231046385497], "nmi_tw": [0.13933906974812574, 0.1294700892742507, 0.12964956367383312, 0.1352376358494207, 0.12790219926539564, 0.13501115382446627, 0.1306568998765004, 0.13066905535383255, 0.13156827647414346, 0.1195159383437948], "coh": [-0.7541944699386287, -1.0575172432932634, -0.9199587734612266, -0.7754668224079391, -1.0249885895421698, -0.8651814720894899, -1.2810846319677742, -0.6519073974682787, -0.8677597157019308, -1.1393226957524283]}