{"p": 0.0, "p-emp": 0.0, "t": [128.20098447799683, 136.83501052856445, 138.5871160030365, 133.93777203559875, 129.15998554229736, 131.03181529045105, 141.3937051296234, 136.39603924751282, 135.96273946762085, 133.81656169891357], "nmi_acc": [0.34887955350741867, 0.38649506836568404, 0.41029082612000917, 0.3478239777731089, 0.3347981087570402, 0.3907929864511648, 0.28624497416159517, 0.3231446664106435, 0.38388113421769116, 0.3325755223917369], "nmi_repr": [0.21191986340592317, 0.24904160546252632, 0.256561424248277, 0.24273992371323108, 0.26038759033410686, 0.27842378583049077, 0.27052915298652874, 0.24945307766435082, 0.24083563487364468, 0.24574945604029927], "mi_td": [1.1151205939165847, 1.1217092963506494, 1.1926039490929734, 1.1305987822991073, 1.0767900657264025, 1.10950759480152, 1.284612429557655, 1.1512276546369118, 1.21241312236657, 1.1206561318455157], "nmi_td": [0.1931121403608561, 0.19396352499746636, 0.2038735918630792, 0.19716737977305865, 0.1899954586310226, 0.19288160651207725, 0.22220472825027288, 0.19887866182735875, 0.20692004854083162, 0.19696203914941407], "mi_tw": [1.9047088225085251, 1.8929119426499925, 1.971618092444691, 1.7895815935271786, 1.7499456625549574, 1.8944490445687885, 1.8666624197362902, 1.9170132862020581, 1.9886281023440224, 1.7631475483912495], "nmi_tw": [0.3433457429721581, 0.3406896976295004, 0.3506503975077445, 0.3249512230265792, 0.32165310463898344, 0.34286833334553485, 0.3360791571968287, 0.34468634967886197, 0.3530722427244271, 0.322759443472467], "coh": [-2.1377880516147143, -2.2222957196805533, -2.4142519204354405, -2.3593084862400255, -2.6029748255395995, -2.464870581301956, -2.212095821554649, -2.258991821549411, -2.4387973304458304, -2.468392990568462]}