{"p": 0.4, "p-emp": 0.3994104238912952, "t": [63.33984112739563, 63.10960364341736, 61.32631325721741, 60.272301197052, 63.58888578414917, 65.02123546600342, 70.06890988349915, 64.20117402076721, 61.30759906768799, 59.05521082878113], "nmi_acc": [0.17517623288682385, 0.09803517134381244, 0.14198434073370947, 0.14775803927574552, 0.13689285243557378, 0.15816680099506544, 0.143228760286712, 0.15331164295000482, 0.1297779261930427, 0.1659519235130177], "nmi_repr": [0.13046327360665652, 0.128665030606039, 0.13019842632455916, 0.14690358013416063, 0.13125058638345954, 0.14477406427400116, 0.13186268510499505, 0.12455109253355857, 0.14161789548059847, 0.14027559814177606], "mi_td": [0.9982799225641447, 0.935259910317096, 0.9825729323406269, 1.0019291920885887, 0.9903804642097549, 1.1113694869001682, 0.8666307823741858, 1.010403814328312, 0.9595585455433815, 0.9662686269865087], "nmi_td": [0.1816031948805962, 0.17306432864446805, 0.18052510470075467, 0.1848052633082176, 0.18097427840585692, 0.2033199259975313, 0.16006936506521083, 0.18488812867753632, 0.17594782004229476, 0.17752201937996792], "mi_tw": [2.2501971046187546, 2.1344328869342446, 2.1798260172150608, 2.1392106703716034, 2.2181689800917344, 2.191294947525752, 2.144065837657338, 2.2151084017811153, 2.204262646982291, 2.1937025082837054], "nmi_tw": [0.36559235032949544, 0.35209971068989776, 0.3573042581346888, 0.35187651353659044, 0.361831720273177, 0.35782042555748045, 0.35310756585439934, 0.3617777923764083, 0.3606716499681097, 0.3595651760234631], "coh": [-2.223952539035613, -2.355700769528688, -2.395036697149965, -2.4471705857845047, -2.4903172396634043, -2.1917328737890713, -2.2448818048683314, -2.3061926236239727, -2.4779873457612434, -2.404798634105112]}