{"p": 0.7000000000000001, "p-emp": 0.6979688969747493, "t": [70.93550539016724, 69.37366151809692, 71.16507339477539, 70.10629224777222, 71.72919201850891, 69.59312629699707, 68.97382068634033, 69.47698187828064, 69.66449689865112, 69.60344052314758], "nmi_acc": [0.26773498618720326, 0.26674880221717784, 0.26760076241568337, 0.2743097450078323, 0.27262978710103103, 0.2699596095622755, 0.2724187566011344, 0.2762977380082846, 0.274715275810025, 0.27941366183462274], "nmi_repr": [0.27361662580087126, 0.27844201460629353, 0.2806547735543247, 0.2823871233268129, 0.2852390424195822, 0.27367541537231205, 0.26838792338495715, 0.27350108241988835, 0.26230903475651424, 0.2602936961318273], "mi_td": [1.410559236337969, 1.3690734004526126, 1.4089653605266244, 1.421105322148724, 1.396002200659144, 1.4525832197404496, 1.3986155969417238, 1.435576015847182, 1.3688692935072804, 1.4163167366133649], "nmi_td": [0.2567766929931514, 0.24989437611225282, 0.25673081314864, 0.2588647476767058, 0.2541625204729349, 0.2644081555955045, 0.2552955234863845, 0.26025875740266186, 0.2502906291334387, 0.2581307133344208], "mi_tw": [1.0484520969677291, 1.0662803828270908, 1.0435121054775485, 1.0330831464791828, 1.0603082088127105, 1.0190729841107278, 1.040672386497062, 1.0429177552852436, 1.0534282724936397, 1.042521104546387], "nmi_tw": [0.22910152577515372, 0.23374922994836425, 0.22828278925918138, 0.22591945965557728, 0.23173140584124735, 0.22266303695607853, 0.22814497910582482, 0.22677100941551645, 0.23141318150413678, 0.22813007058176935], "coh": [-1.1497484951324035, -1.2771526797001174, -1.182155866406175, -1.163488141751789, -1.141674272934877, -1.2067553015201475, -1.1369122570892682, -1.1446939164608856, -1.254360147005181, -1.2009164496065774]}