{"p": 0.9, "p-emp": 0.8993361860570213, "t": [26.719135522842407, 26.873305320739746, 26.87720799446106, 26.72236466407776, 26.842365741729736, 26.62312602996826, 26.766204595565796, 26.72471570968628, 26.705007791519165, 26.394996166229248], "nmi_acc": [0.0843615873985771, 0.0699466591359368, 0.08692880927220296, 0.09288455948670589, 0.07992297138363222, 0.07284382961420094, 0.08299579274209747, 0.07054625049029682, 0.08199235316847323, 0.08835162380569597], "nmi_repr": [0.07274046384655697, 0.0630508872430715, 0.05438706331697859, 0.06028558508518884, 0.07018191775245154, 0.06902024754900493, 0.06407247718730143, 0.056235947495680935, 0.05797466900144241, 0.05851325174599294], "mi_td": [1.9559941384025026, 2.0030051220653124, 2.021789251051729, 2.0077176049732635, 1.9798219209992423, 1.9943255985533166, 1.9851313401847763, 1.9971173454784434, 1.9954752604048724, 1.9833170864961445], "nmi_td": [0.32942783431868444, 0.335708003493016, 0.3384594511227729, 0.3366983252900686, 0.33251250865562665, 0.33463077846007006, 0.33356276175608063, 0.3346763076626566, 0.3351886274304414, 0.3329407776778931], "mi_tw": [1.6025148995893994, 1.5897416652210705, 1.5986571362210826, 1.6188009303407713, 1.6179981394654044, 1.6099482991790017, 1.5918870116134545, 1.6119178906652223, 1.5888064914421984, 1.61416964094064], "nmi_tw": [0.3149609061893847, 0.3106820677982125, 0.3119978902528562, 0.3165809189001404, 0.3169712337128389, 0.3150454297177266, 0.31202895637640127, 0.31496668913478737, 0.31130354826213597, 0.3160454472709932], "coh": [-2.8246700963907316, -2.7567122541178053, -2.8021994968552146, -2.7374791850080666, -2.890451896232647, -2.775799511331299, -2.8387079720724144, -2.9289445745625438, -2.622156515644126, -2.7985622331008164]}