{"p": 0.9, "p-emp": 0.36451680291909805, "t": [68.89875626564026, 69.0873053073883, 67.52910208702087, 68.13152861595154, 69.52020955085754, 69.19948291778564, 69.26789355278015, 69.40278601646423, 68.19053888320923, 68.98433256149292], "nmi_acc": [0.05954893602466931, 0.0662537133897743, 0.059897103508965086, 0.06684029289778289, 0.046779679682580656, 0.06697943257386606, 0.059631562983086576, 0.056705224148851915, 0.06513782577130313, 0.053001675729197964], "nmi_repr": [0.03448748080241092, 0.04458562144391937, 0.04921122472493236, 0.04587418979624746, 0.032422623271950196, 0.031458957053997545, 0.03379709371357021, 0.039981960558338886, 0.04334234078053108, 0.03830684286558936], "mi_td": [1.6521092945929639, 1.6190750444947144, 1.2217021841358942, 1.6544975825238535, 1.4827763861777083, 1.484906898183461, 1.6054968218836447, 1.3781354074537506, 1.5414723361704592, 1.5778545035155518], "nmi_td": [0.2973117200401991, 0.2925759459318406, 0.23351501272332628, 0.2976843703804737, 0.27177425358527146, 0.272383652042411, 0.2904081408443768, 0.2564860888276244, 0.2810859260522382, 0.2861215018934823], "mi_tw": [1.0898450864536102, 1.0745381570884496, 0.9721374116522954, 1.0827376471060737, 1.0343373087939312, 1.0372664448870255, 1.0682958451463422, 0.9942997086021677, 1.0592092109564277, 1.0607162803468888], "nmi_tw": [0.17783483008760537, 0.17599658151073003, 0.167512295003649, 0.1766443319416734, 0.17160308108555916, 0.1722143195597502, 0.17513041165137735, 0.16725746169069086, 0.17491468307010152, 0.1742816896766695], "coh": [-1.2599860072968385, -1.2831453315927344, -1.3298183687569487, -1.376609756858509, -1.0619989216518728, -1.3308704028080671, -1.1594004372330273, -1.5022619678292453, -1.3155342775666106, -1.3049126466539902]}