{"p": 0.0, "p-emp": 0.0, "t": [154.52893209457397, 147.9944167137146, 156.32988858222961, 150.61351227760315, 156.56685328483582, 145.9687237739563, 158.4399631023407, 147.5520579814911, 153.81461262702942, 146.4241898059845], "nmi_acc": [0.3257605825199366, 0.31197592983412337, 0.27414273035222375, 0.24772338197380742, 0.3089019487737722, 0.31118869622240786, 0.31858887192104574, 0.34113060960799635, 0.29569318078388723, 0.24985455641982549], "nmi_repr": [0.19407771460113402, 0.18754602736044493, 0.18936484342485546, 0.16832901941047668, 0.17192679797369986, 0.19837104595965543, 0.19150523550822474, 0.19283008439536364, 0.17807804104695393, 0.16668459165355146], "mi_td": [1.4517547518761418, 1.360264775071543, 1.4859866732243356, 1.4642879756903384, 1.5011089714564116, 1.5493372889676693, 1.3837119256474513, 1.6419070957101738, 1.4685430760453084, 1.4917344078604997], "nmi_td": [0.2525082120336466, 0.2400252055866907, 0.25667178301567284, 0.25309573598272345, 0.25929316116739676, 0.2661584980509752, 0.24312587130134727, 0.2783168828749458, 0.2537717876237561, 0.2575388940058405], "mi_tw": [1.0275298966663144, 1.012697108859003, 1.0654795249127105, 1.0370037466710949, 1.0639673791331818, 1.1011428035695536, 1.020794836884214, 1.1308114846341881, 1.0628295307358169, 1.0697504489573662], "nmi_tw": [0.18606716492835434, 0.186150778856273, 0.19154803702981493, 0.18656066831775162, 0.19128335342394515, 0.1968389345973272, 0.18680948230151934, 0.19935188283572083, 0.19116022856335163, 0.19221821361947347], "coh": [-1.5747939648415852, -2.0019134343980056, -1.8211230586918945, -1.8039829427930472, -1.5738083899957005, -1.453394964055635, -1.7976762885479485, -1.6660865616594152, -1.8187177951144933, -1.5535934036126258]}