{"p": 0.4, "p-emp": 0.3993231480578806, "t": [85.76982641220093, 86.07078504562378, 87.13941812515259, 86.16665816307068, 85.39068531990051, 86.09107995033264, 80.63110613822937, 80.34403276443481, 79.98234748840332, 83.21188306808472], "nmi_acc": [0.23593101975569192, 0.24264175527813742, 0.24499681831980727, 0.23169382302468014, 0.25303410691654127, 0.2485929924156312, 0.2517648380226961, 0.2440277983137855, 0.2453589739652919, 0.2572651034890666], "nmi_repr": [0.30666935459595446, 0.28540060143283635, 0.2921966855089393, 0.2937791822223096, 0.3072319993356184, 0.3011657494314004, 0.29050900801166213, 0.29274193844895313, 0.3116516872249756, 0.31084640761448346], "mi_td": [1.1223476801971755, 1.1125323355411145, 1.116788548932814, 1.1205804196118532, 1.1190081724259096, 1.1184985416079485, 1.109424845102551, 1.119249499367675, 1.1125049517425727, 1.1194985504497268], "nmi_td": [0.205597643467032, 0.2013935410761909, 0.2031978459035948, 0.20396002035360408, 0.20384013724119227, 0.2036744411112981, 0.20287297031371326, 0.20499707808406836, 0.20237894300595127, 0.20306240169719306], "mi_tw": [1.9286070331099692, 1.9839038965923512, 1.9548755316617579, 1.954794841922121, 1.9569684031066188, 1.9522950409544093, 1.9303688786047253, 1.9217499267283373, 1.9645574167723066, 1.9889712853358044], "nmi_tw": [0.31425877567885535, 0.31986987421541635, 0.31662437169938495, 0.31671117197174553, 0.3172937299694392, 0.3164352582039173, 0.31405372404385196, 0.3130965720434983, 0.3181372253823975, 0.3212615681477477], "coh": [-2.138022573436066, -2.1145285142977035, -2.1988738135120904, -2.150221892234433, -2.144649309922758, -2.1930283987178387, -2.1581910986141617, -2.099685309070024, -2.198788815834031, -2.0782254406532314]}