{"p": 0.9, "p-emp": 0.8999995357668436, "t": [23.722001552581787, 26.528223037719727, 26.851979970932007, 26.311657905578613, 30.910828828811646, 26.525394201278687, 26.641814708709717, 30.672776699066162, 25.029128789901733, 28.839948892593384], "nmi_acc": [0.014144985833906002, 0.018815425731706626, 0.018862522005813447, 0.0182607267337335, 0.016856767804083145, 0.020995896025435546, 0.020621303256346566, 0.021148408920505506, 0.01951052964031005, 0.017250731619117967], "nmi_repr": [0.04317345929745857, 0.04333156011114524, 0.04095319916630703, 0.04540314920367019, 0.04450253227880892, 0.0501570294304457, 0.046672048953731116, 0.044962957042978334, 0.050847108782144546, 0.04629225896381522], "mi_td": [2.636789428027043, 2.641883568898325, 2.6308328908859386, 2.635809051538313, 2.6346650858256417, 2.621033918499119, 2.636194501475252, 2.6319924709823166, 2.641680073073087, 2.6364418967074497], "nmi_td": [0.46636153964800453, 0.4672507038881187, 0.4653491072906344, 0.46617069162718844, 0.46596986057888, 0.4642215285086746, 0.4661782811210568, 0.46559158947507284, 0.46711722442499354, 0.4663469784027013], "mi_tw": [2.7668326336418128, 2.7811605869718665, 2.777039155778169, 2.781342841344505, 2.783373961187869, 2.76113312250743, 2.775493853431466, 2.783252107079912, 2.783512775507312, 2.770711296227743], "nmi_tw": [0.41171960265593377, 0.41384286976552803, 0.4132690850220439, 0.413865764445426, 0.4141691117772446, 0.41135355629241427, 0.4129502808141014, 0.41422164764285774, 0.4141201650364281, 0.4123316611983285], "coh": [-2.7154940965508496, -2.8039511224046367, -2.7671373906079793, -2.774617400808668, -2.769989980821603, -2.7555139042539376, -2.7282700827450563, -2.7680826978472615, -2.7443472945155927, -2.760137784886443]}