{"p": 0.2, "p-emp": 0.199991526563303, "t": [66.46132326126099, 64.55332946777344, 65.78530216217041, 65.28129434585571, 66.14554405212402, 64.95762419700623, 66.26303839683533, 63.37111210823059, 64.51758098602295, 64.94640111923218], "nmi_acc": [0.3770428834761883, 0.3342142685426805, 0.34255530358900094, 0.32020314063846017, 0.34602472853035304, 0.35124625224647577, 0.37315145648363574, 0.329891364268032, 0.39586883868936235, 0.33641658194995094], "nmi_repr": [0.2779069462915786, 0.26848700957126737, 0.24101467678163035, 0.24544446224246844, 0.2463864396662273, 0.24265628095941313, 0.2535200523610988, 0.2681534296194892, 0.2550373672353978, 0.26062329472252826], "mi_td": [1.7332669914422936, 1.7443449311449923, 1.657266787395138, 1.6888902288114025, 1.6542984537336296, 1.7405184679095194, 1.6823607191781926, 1.592701616913462, 1.6321967144818756, 1.695300928584586], "nmi_td": [0.29721512460678357, 0.2969109297204682, 0.28766423541305475, 0.289442865656298, 0.2865819584553504, 0.29694658165310345, 0.289934196498581, 0.2789287823103084, 0.28254368706968674, 0.29037089035614944], "mi_tw": [0.8733817709167144, 0.8745317340390225, 0.8148666788159369, 0.8479603630419696, 0.8413968113955794, 0.8554974355955589, 0.8603927647657317, 0.7907812542034378, 0.8604336117535921, 0.8629242530899388], "nmi_tw": [0.17481191912262103, 0.17353858661077157, 0.1654368239578698, 0.16961242364763776, 0.17042863452140894, 0.1702205850088079, 0.1732221201922456, 0.16222830142803393, 0.17413366603792083, 0.17248725217901717], "coh": [-1.6376529030029097, -1.5165520033201592, -1.7492740754430343, -1.6680988501908591, -1.5326480087819134, -1.6144469149607747, -1.4703924009218636, -1.7117284928839596, -1.4438590686594328, -1.5349480807152847]}