{"p": 0.7000000000000001, "p-emp": 0.36451680291909805, "t": [69.76005339622498, 71.4191312789917, 71.94766473770142, 70.74112272262573, 71.87025952339172, 70.41769886016846, 71.13446521759033, 72.45425128936768, 70.51003527641296, 71.54437971115112], "nmi_acc": [0.0601033971092368, 0.056004454087798694, 0.06720744349559613, 0.048980526297738615, 0.05494628670566653, 0.058282748249147795, 0.0659286307500773, 0.04835230112853084, 0.06417227361667699, 0.058898020291903795], "nmi_repr": [0.03198839684552338, 0.03068397911022939, 0.035075380500873006, 0.031787356328179535, 0.030875791684061016, 0.03413621527499541, 0.039531411084761, 0.03399070284457498, 0.03528546731227959, 0.04062058411822067], "mi_td": [1.5334789230719532, 1.4687261463522643, 1.5899400071620629, 1.5127703019034913, 1.6306422842671304, 1.5133803994400077, 1.482534943160689, 1.5186717469415616, 1.577419036485268, 1.51750185943425], "nmi_td": [0.27909841414269937, 0.2700206746166218, 0.2878596812173103, 0.27574716662869886, 0.29363436399042453, 0.27611009076830406, 0.27211459112557823, 0.27705471782903, 0.2863870939036975, 0.2771661943996126], "mi_tw": [1.0624895085091828, 1.0275008106011487, 1.0794850793212465, 1.0462897917710539, 1.093510532292431, 1.0451596438413495, 1.0516169503536759, 1.046517340301128, 1.0610543010909335, 1.0615449136122914], "nmi_tw": [0.17515520733448967, 0.1709396935433002, 0.17711276812397062, 0.17272166238134506, 0.17853538313028272, 0.1726776651001851, 0.17469337044119446, 0.17289024884482074, 0.1745274857397222, 0.17555924641211093], "coh": [-1.3488403117905337, -1.2692427141055538, -1.2344529369588573, -1.1840852096931351, -1.220195959189914, -1.4217721534674275, -1.3062442293278296, -1.2996164493271063, -1.2909108956780468, -1.257377163892334]}