{"p": 0.2, "p-emp": 0.18242358017111737, "t": [56.394113063812256, 56.31657934188843, 56.68679714202881, 56.969691038131714, 56.84752821922302, 56.27530217170715, 56.17525005340576, 57.12247610092163, 57.12802195549011, 56.242563247680664], "nmi_acc": [0.17067624151388955, 0.1554169031635503, 0.17266852324081977, 0.17973005479174534, 0.14399536382689568, 0.16769909422946763, 0.18023716207716425, 0.19449228009906516, 0.15483618405875946, 0.1811741097516134], "nmi_repr": [0.10453154107627648, 0.09858299388850751, 0.10875009240639373, 0.11299892145034132, 0.09298163968680534, 0.08336963344067988, 0.10002187391984609, 0.11580085840793945, 0.09034818586182586, 0.08270268883815284], "mi_td": [1.5222631500849695, 1.6124556882446834, 1.3855134660853932, 1.4882543165808981, 1.425386603601107, 1.3468211180487968, 1.5918171095928664, 1.3084592417070668, 1.5609854424295857, 1.2406444830547767], "nmi_td": [0.29234195451947603, 0.30632963313882117, 0.2729109719073479, 0.2866268516067425, 0.2763722738358398, 0.2654581258505475, 0.3026265769497596, 0.2598981085081236, 0.29795360872573473, 0.24785970271432123], "mi_tw": [0.45053591009715904, 0.4719482000957614, 0.445820992585834, 0.45471557629147885, 0.41494762353911274, 0.3936317552422195, 0.47502005471321623, 0.4092826439550264, 0.4438798750855609, 0.38163361305191357], "nmi_tw": [0.08639746749047922, 0.08953081115712617, 0.08768489591774555, 0.08744761011771, 0.08033766613906991, 0.07746933973092944, 0.09017836501912646, 0.08117360946624767, 0.08460368340018926, 0.07612898211558242], "coh": [-0.49186434116197847, -0.22253841247459447, -0.23870352606273024, -0.45017703542547166, -0.45331545082526564, -0.5998677689515741, -0.44452044728251916, -0.6209194928338775, -0.4435024987432087, -0.47898647285007645]}