{"p": 0.0, "p-emp": 0.0, "t": [66.0398268699646, 65.6249189376831, 65.8512213230133, 65.92390656471252, 68.47602939605713, 66.73035907745361, 65.40464544296265, 65.53003001213074, 69.89163970947266, 66.11695599555969], "nmi_acc": [0.13397592272886927, 0.1728065459721628, 0.16090928584918732, 0.14113276032868421, 0.16982969237816053, 0.14146263320129487, 0.09610792494758087, 0.17786949026729504, 0.1512436509010242, 0.16806529168573867], "nmi_repr": [0.09507754444796174, 0.08199590686602262, 0.10100889572739671, 0.08837536686195119, 0.09885821730595061, 0.11830046381976989, 0.07132709451992386, 0.0742984324360669, 0.10067779411773854, 0.10260716625633323], "mi_td": [1.3123496798932222, 1.3080740726643407, 1.1798174002160553, 0.8536519658582037, 1.24344908090871, 1.2585054148245345, 1.0722896363323067, 1.2840435581966751, 1.3130441746829977, 1.184321573541308], "nmi_td": [0.2578512407134421, 0.25862331672131494, 0.23611163060285376, 0.1796320576652397, 0.2474645518822071, 0.2492547678903931, 0.21689093048811847, 0.2541066342853595, 0.2596640449179167, 0.23770610461555047], "mi_tw": [0.3211511185501531, 0.30558928986296696, 0.3087462853778784, 0.2445766317815617, 0.3242500180569148, 0.3051103376435897, 0.2584175578837897, 0.32028574740751636, 0.311940811499796, 0.2910830354821772], "nmi_tw": [0.06761410927295389, 0.06477040855273157, 0.0662963045073334, 0.05542902806137366, 0.06921084087478467, 0.06478922152347646, 0.0561275150866617, 0.06795257465700044, 0.06613248516534284, 0.06269967026511526], "coh": [-0.23992443400086422, -0.4415806970164439, -0.5007355126712607, -0.6390757565403663, -0.6553991741597341, -0.8170064878482833, -0.556907396070194, -0.5793391823818597, -0.6440692302377767, -0.6072683391121068]}