{"p": 0.5, "p-emp": 0.49977484691911667, "t": [53.13218832015991, 55.260541677474976, 53.215845823287964, 57.05309796333313, 52.32368874549866, 54.78188920021057, 53.81285262107849, 51.8364531993866, 52.959453105926514, 51.824989318847656], "nmi_acc": [0.15726431666820007, 0.15958886203648917, 0.167895485867939, 0.1664921822305876, 0.1365494051481219, 0.1471590628774833, 0.17816907225393738, 0.11387780539530279, 0.1411166454031785, 0.16610125381677449], "nmi_repr": [0.13980454867809322, 0.13661115789087636, 0.13085008411012553, 0.12333316532031337, 0.09493786470930698, 0.10328405244270526, 0.13021820214818144, 0.10489313800914069, 0.10216186357792056, 0.09939292271347215], "mi_td": [1.166298912072902, 1.1785235902447582, 1.1436072294961308, 1.2599886298148322, 1.075487904346794, 1.1336948400747069, 1.2530869398474747, 1.1448902676887334, 1.1786066960743011, 1.1740578745675023], "nmi_td": [0.20948670625079585, 0.21135386995769412, 0.205413323009136, 0.22300078361777112, 0.19438246243165924, 0.2054013348400238, 0.2237646505875427, 0.20474698796558524, 0.21347905472854325, 0.20937778181644573], "mi_tw": [2.3662048357022565, 2.3945387316515765, 2.3659401485802767, 2.480143461409107, 2.3273561377352934, 2.300792241939697, 2.4185647230309284, 2.433234801919941, 2.293354053693312, 2.40390143792611], "nmi_tw": [0.3689499409387724, 0.37286466700746834, 0.3689124438666347, 0.38179018680968385, 0.36485907108110127, 0.36145573426270505, 0.375206367459144, 0.377968318622043, 0.3602003573667911, 0.3725071481054001], "coh": [-2.3760671084661023, -2.243820512655892, -2.2407260999718726, -2.2604203446969477, -2.3814099126712693, -2.4610081121002283, -2.297589056672364, -2.407852428640931, -2.3736600326631327, -2.177367136754816]}