{"p": 0.1, "p-emp": 0.049999416683705666, "t": [197.68999075889587, 201.00165677070618, 201.4025523662567, 197.6395025253296, 205.00729823112488, 207.08658719062805, 200.93545413017273, 201.49975633621216, 201.26821613311768, 200.96151757240295], "nmi_acc": [0.4654449390291276, 0.4705609361212878, 0.4727114521537639, 0.4746691522295649, 0.4597501559339594, 0.4529851137870172, 0.4620386830499172, 0.49001212085815027, 0.4775640701747495, 0.45955360053493455], "nmi_repr": [0.42694442949377537, 0.42468112390750595, 0.42087854798502816, 0.4317402200795101, 0.4303924576431597, 0.422741058914887, 0.42191591118818816, 0.4089901237688338, 0.4273416663449582, 0.4310214350663081], "mi_td": [1.7168472448350487, 1.708322763342705, 1.724106384765812, 1.7033820392020476, 1.7093816430167936, 1.723243903073021, 1.7068985918769046, 1.7386756964174528, 1.7213967307979918, 1.7206107895535243], "nmi_td": [0.28842776376828283, 0.2881383745669743, 0.28965119524612704, 0.2861501745984767, 0.2876262370298633, 0.2896211359682259, 0.28678222160408334, 0.2933935145421605, 0.28975892014696963, 0.2897992177811376], "mi_tw": [1.499259853368409, 1.4761037850771463, 1.493123472138989, 1.499892953234635, 1.4945036583294815, 1.4923194089047143, 1.5015106579385555, 1.4485659216199092, 1.4697553680775395, 1.4807664336801905], "nmi_tw": [0.26974698852698786, 0.26671354996273633, 0.26864681085503284, 0.2698452875102691, 0.2693452467361549, 0.26861620952593673, 0.2701780013426348, 0.261867445766652, 0.26499372749973465, 0.26714941707937717], "coh": [-1.5485505097079193, -1.5459422814591988, -1.4192502235190236, -1.5006699299917952, -1.4251575228096827, -1.4991995525683908, -1.5110584555881057, -1.48658159928488, -1.5471497665735587, -1.4731788978245022]}