{"p": 0.7000000000000001, "p-emp": 0.6993329931678312, "t": [54.41443729400635, 57.292070388793945, 54.85460591316223, 56.06469249725342, 53.036604166030884, 54.604432582855225, 55.10347604751587, 49.69238090515137, 51.40891456604004, 54.69048619270325], "nmi_acc": [0.22347889776577848, 0.21547190788724177, 0.25042736270301613, 0.2514226735219978, 0.2462219355769159, 0.20114561144915896, 0.22065217470807846, 0.22478231136836574, 0.24535937603813956, 0.20321466994915888], "nmi_repr": [0.13251182019288604, 0.13558283495586515, 0.13909677481678825, 0.1577780696279238, 0.1516696034130399, 0.13687184150538145, 0.1424898223417302, 0.14650765440726776, 0.1511050503005924, 0.13511992649780366], "mi_td": [2.1501893285662232, 2.164619015498748, 2.141200748966153, 2.245474459988551, 2.163171263546268, 2.182960981628223, 2.2048327867819193, 2.0297278523810522, 2.100632177981595, 2.1533003946202687], "nmi_td": [0.34915942835020825, 0.34993476033540577, 0.3484085856745137, 0.3616272578267311, 0.35089246584727185, 0.3522629761006675, 0.3565400280280127, 0.3324837431611176, 0.34210960903031623, 0.34883006052346005], "mi_tw": [2.7817483465234987, 2.8170626941242687, 2.758486647608166, 2.859458289370555, 2.7906925954616373, 2.8289463636810117, 2.8130524922203843, 2.698618303580572, 2.7514439737265572, 2.7969587471264896], "nmi_tw": [0.3963134742123844, 0.39977322600303167, 0.3937020810322831, 0.40443612054635913, 0.39721527419538183, 0.40082342291520684, 0.3993066374629684, 0.3874199018983098, 0.3930014210422776, 0.3976458197717206], "coh": [-2.1839807557401203, -2.1438239362758766, -2.3941676627271553, -2.1594980251063687, -2.2625664292007106, -2.1678024726708607, -2.3359903057035982, -2.2939993973817714, -2.245751228372197, -2.1678850993992262]}