{"p": 0.9, "p-emp": 0.8999594455302778, "t": [14.597026586532593, 15.192336320877075, 16.02484917640686, 15.831440448760986, 15.076967716217041, 15.267238140106201, 15.569031715393066, 14.42387056350708, 15.839091300964355, 15.210973978042603], "nmi_acc": [0.13518151687463095, 0.1308127113638607, 0.1267854994377694, 0.15096197797829278, 0.12471234854152076, 0.10746314213952268, 0.14675720194656197, 0.12101342812978229, 0.14072680680857044, 0.1286221385252431], "nmi_repr": [0.2856580725465463, 0.2721778959786263, 0.27123299788706656, 0.19460202865573484, 0.209496660226499, 0.28007364989367506, 0.27811743030291697, 0.2686892280761399, 0.2408249469256703, 0.2355368547972264], "mi_td": [0.8496205785897923, 0.8658478042807045, 0.8726529733653108, 1.0642449376914895, 0.8214707686232807, 0.9206950667303735, 0.900208886455462, 0.8447175486117381, 0.8996512536868915, 0.8974943916396037], "nmi_td": [0.17326341223722622, 0.17416533704652118, 0.1756657310801712, 0.20446155350405984, 0.16781026559187148, 0.1858813589617814, 0.17922461809822884, 0.16933886819193036, 0.17843441173083344, 0.17840935074360179], "mi_tw": [1.3215435983026431, 1.397052897059479, 1.3673940215080083, 1.4428116946858585, 1.2967301501193502, 1.386799175408207, 1.4727443048984017, 1.4122654702202917, 1.4260707866341011, 1.3857847427228247], "nmi_tw": [0.359537694921357, 0.3731990637149274, 0.3656397861687871, 0.36277530460054624, 0.35359502234913986, 0.37227786471021485, 0.3880916385512296, 0.3755659793747907, 0.373908649921941, 0.3644333502809434], "coh": [-2.355492555871035, -2.242615878756941, -2.4498540106870594, -2.1724332775941635, -2.377089433347125, -2.463578849822355, -2.448017769289043, -2.403736346573569, -2.3995949154552, -2.3405413267405444]}