{"p": 0.9, "p-emp": 0.8999971837173804, "t": [20.684504747390747, 20.546916484832764, 20.74292826652527, 20.461485385894775, 20.71197271347046, 20.532546520233154, 20.42375421524048, 20.534721851348877, 20.513200521469116, 20.737181186676025], "nmi_acc": [0.01982313370386842, 0.01770282470405663, 0.0186653312187746, 0.016493265142037774, 0.018500515000316943, 0.018076838160145593, 0.019507771727158837, 0.016835244901253536, 0.015514075453875233, 0.019126025626394476], "nmi_repr": [0.019269778322578226, 0.017932682879027738, 0.017319114952242743, 0.015433836759087782, 0.01827867218018931, 0.015704463573143642, 0.01769723993915979, 0.017318043823158043, 0.015426014034651915, 0.01568161495076564], "mi_td": [2.1448605810369945, 2.144286254208435, 2.1450158104460666, 2.1465676575820782, 2.133832315388812, 2.1457095165742297, 2.1493376789573118, 2.137857466050918, 2.1473597576952628, 2.1415062548834585], "nmi_td": [0.3892031035382833, 0.3890357190523083, 0.38925455438028933, 0.38946055942377006, 0.3872632465738527, 0.38930933198100315, 0.3900231120162706, 0.38795118445701704, 0.3896680384326013, 0.3885629161595873], "mi_tw": [2.155548286083337, 2.153425556918618, 2.1577086594920605, 2.1520756226070548, 2.1577227142480346, 2.151841506637953, 2.1556707747359525, 2.1581477004587346, 2.1549719768955153, 2.1559272902549926], "nmi_tw": [0.3216991023140956, 0.32133938843637616, 0.32203736422920226, 0.32114535921301846, 0.3220655583547445, 0.3211134545692303, 0.3217225396839581, 0.32209992053660785, 0.32162085718468103, 0.3217342028649333], "coh": [-1.4484050627583684, -1.4734551251238936, -1.5018247561671587, -1.4372104252505509, -1.492813573039458, -1.4163121925367679, -1.4519735136262413, -1.432605921065632, -1.3863736911297928, -1.507893069820788]}