{"p": 0.8, "p-emp": 0.7999981430673742, "t": [35.256962060928345, 34.18736553192139, 31.761074781417847, 33.605374336242676, 40.18588638305664, 34.84255790710449, 34.02395415306091, 30.981349229812622, 33.41464424133301, 34.05003595352173], "nmi_acc": [0.04990164977891393, 0.06335433162261964, 0.04937907893728924, 0.05295242163808819, 0.04482403486949673, 0.051921804207762365, 0.048687206223396284, 0.0538984087434542, 0.05293793884148159, 0.05108918345137348], "nmi_repr": [0.031222120892185175, 0.034532499445579866, 0.033940001112214666, 0.032265392916414136, 0.03524610703472057, 0.03710865766763108, 0.033619746225911386, 0.03149928862086469, 0.032370752098240474, 0.03329479527058605], "mi_td": [2.3491454957285223, 2.4785076762619704, 2.3549966985887716, 2.3606216273409184, 2.432588503706328, 2.436800372769275, 2.2650317816422487, 2.2588118613058548, 2.257345802015443, 2.3820391062663475], "nmi_td": [0.38687220168484565, 0.4041155257789523, 0.3874857409371761, 0.38815409789536015, 0.39804057729009423, 0.39861331908812037, 0.3753178523846622, 0.374577473562146, 0.37420699423218473, 0.3912919792648112], "mi_tw": [3.3959264004578675, 3.4973705395463734, 3.402061172508822, 3.4116693467980275, 3.4622771038706426, 3.4647949306570345, 3.3377349256795656, 3.3299789023875097, 3.336625777452766, 3.4244535486448178], "nmi_tw": [0.45677322226869066, 0.4665886822924748, 0.45726098108497454, 0.45830435813892617, 0.46325152153571764, 0.4634776991581547, 0.4512024908427693, 0.4504387798478163, 0.45121261769369786, 0.45965341031183704], "coh": [-1.3743153441815736, -1.4139351019313713, -1.3231754429943614, -1.298039346082273, -1.3999920496043037, -1.333416103560546, -1.4378702837509798, -1.305699744285848, -1.4794580426112405, -1.3968733774080533]}