{"p": 0.7000000000000001, "p-emp": 0.6986483640434011, "t": [66.10698080062866, 66.88305640220642, 67.8924491405487, 67.48673963546753, 67.50428986549377, 67.23485708236694, 67.76894927024841, 67.42384886741638, 66.8102958202362, 66.80632424354553], "nmi_acc": [0.15717037373330583, 0.1715737051824115, 0.160786334896424, 0.16421874911948126, 0.16715002314666527, 0.16530568117536798, 0.1627588667498656, 0.16491387049326356, 0.17275761039650536, 0.17799806212432823], "nmi_repr": [0.20451456368908558, 0.20907268784105476, 0.2193045504742965, 0.20734383814921678, 0.21492238596130303, 0.21239478544885476, 0.2070078151784644, 0.21524675366494878, 0.22575158880645105, 0.21867017410599746], "mi_td": [1.4385992659806834, 1.5018151896429741, 1.4450953664858393, 1.4563140419007725, 1.4309285975435553, 1.4838292552555241, 1.4723112911922658, 1.4436109811396047, 1.4183915782020173, 1.4406477004886256], "nmi_td": [0.24311233980512717, 0.25490137221054204, 0.24454118752505508, 0.24749452800388777, 0.24338936381006268, 0.25021669367036065, 0.24825757440305785, 0.24525329779819227, 0.2421346969407538, 0.24526229667465937], "mi_tw": [0.8164165002866677, 0.7489083060362318, 0.7947684617700224, 0.7574750252521527, 0.776829674742503, 0.7944407300414705, 0.8120214944221545, 0.7800104520405635, 0.7598513822179057, 0.7572497045075709], "nmi_tw": [0.2368568472848358, 0.21890213183630297, 0.23111350204326137, 0.2218940638710316, 0.22790110865650104, 0.22963181651529221, 0.23468619449751957, 0.22836332248735605, 0.2243227447167922, 0.22250078168554663], "coh": [-1.1025305644591836, -1.0551737590955323, -1.1111149268226448, -1.1117063379547212, -1.0230623017816554, -1.0437765034160662, -1.0925916895114456, -1.0524121960724635, -1.0186579371163067, -1.0892772886997404]}