{"p": 0.4, "p-emp": 0.3824145680667347, "t": [70.03706407546997, 71.98704314231873, 63.56818723678589, 65.2882490158081, 69.246342420578, 65.09350442886353, 64.16087126731873, 70.6094810962677, 68.09892082214355, 78.55457282066345], "nmi_acc": [0.16106605195581275, 0.16650856918789403, 0.08180605923720768, 0.1770900081893489, 0.13277344144862424, 0.17174284452030072, 0.0995152246735726, 0.1024791045480456, 0.08497024208176236, 0.21619024778090679], "nmi_repr": [0.19607959001699793, 0.18093429849721884, 0.18830528226225715, 0.16294675515198911, 0.18755563510815174, 0.19408468293329886, 0.19806465061941225, 0.15105607961683346, 0.1656463841632086, 0.19366346026149153], "mi_td": [0.5335454951887983, 0.566792520178301, 0.4393907652054587, 0.5083510142706424, 0.557282760828153, 0.4689397817318867, 0.4903469331812342, 0.34759264305890797, 0.5503496919903835, 0.6603216708476369], "nmi_td": [0.10404429667782691, 0.11049706642470894, 0.08888172397835649, 0.0997076527989587, 0.10955910891077283, 0.0933056631079013, 0.09945819312009879, 0.0700213381964454, 0.10939468199239333, 0.125555128314041], "mi_tw": [1.5165747240742375, 1.511202720596001, 1.271347609230192, 1.5147074785005954, 1.460534678477811, 1.4271199080326813, 1.2617866176402581, 1.4126325404376023, 1.3688638901116923, 1.6273159294059525], "nmi_tw": [0.3412607129502312, 0.3399433326514709, 0.2984720972644969, 0.34312952833479704, 0.3317460014668909, 0.328691682706819, 0.29715974505582304, 0.33004889347004557, 0.3149102713645788, 0.35568257545348625], "coh": [-1.6089438890010301, -1.6369053104926639, -1.7959320597741104, -1.4047938487517102, -1.503514909761772, -1.7326328300342293, -1.9452432565230722, -1.2997416186208057, -1.6167929935652423, -1.6880155946798068]}