{"p": 0.9, "p-emp": 0.8999594455302778, "t": [18.396756887435913, 18.34297490119934, 18.37402653694153, 18.40080738067627, 18.34825563430786, 17.90986394882202, 18.40196919441223, 18.432800769805908, 17.88744831085205, 17.913427591323853], "nmi_acc": [0.07204263615994226, 0.09016436862064024, 0.07685489577501507, 0.07876951868838873, 0.07938457608771446, 0.09194559868132697, 0.0789042286079096, 0.09636766579137217, 0.0928199336116633, 0.1067869053255184], "nmi_repr": [0.07624179982449109, 0.0725060530093536, 0.08104771037659445, 0.07949812560684964, 0.07197009188652782, 0.08457440486892273, 0.08602305408721146, 0.09000574295177698, 0.09862777985487013, 0.09362924606934574], "mi_td": [1.8108774466895912, 1.8491962679530394, 1.8102765445843603, 1.7075596930800627, 1.8754336093529058, 1.5768638052663881, 1.9674950538211562, 1.839722942914119, 1.5433623123172193, 2.034022790977524], "nmi_td": [0.34311990205651005, 0.3492084276515027, 0.34334363076151797, 0.326889524801346, 0.35254392364642756, 0.3071995587672906, 0.3664211935914854, 0.3474698836286101, 0.3023736628942486, 0.3762804321009235], "mi_tw": [0.581811390161574, 0.6021063862810079, 0.5964184621819537, 0.5987800447591866, 0.617452044929363, 0.5986112958472329, 0.6252724322722484, 0.6238856129151764, 0.5749594640530539, 0.641408060878377], "nmi_tw": [0.14366704548132297, 0.1480310315978681, 0.14746293287531403, 0.14985613367062106, 0.15090149803368852, 0.1532909165147768, 0.15097620279569612, 0.15341455749487598, 0.14833088130648503, 0.15353348472410439], "coh": [-1.7061320075813544, -1.6040159979694226, -1.5288324138111113, -1.5582745533025186, -1.6223028346548223, -1.9131947817984947, -1.4993915175179118, -1.5930131355533512, -1.8589985626922325, -1.540269063782437]}