{"p": 0.2, "p-emp": 0.19880524542572575, "t": [209.34104657173157, 202.88320970535278, 206.9486861228943, 215.78871202468872, 203.68810749053955, 205.10963416099548, 205.77710270881653, 205.23438596725464, 208.42581844329834, 211.42500734329224], "nmi_acc": [0.4888478198162369, 0.49495554663578634, 0.4994697139497308, 0.4963438499865035, 0.509723605807382, 0.4896363980123316, 0.4847979446840048, 0.4889755430199157, 0.5010238393160099, 0.5000639553029541], "nmi_repr": [0.4776342232896721, 0.4682048015837081, 0.4914808514993622, 0.49932659092925463, 0.4723831119308153, 0.4711999898940626, 0.44167178045642363, 0.4481553989456532, 0.46152349694679695, 0.46670682525506546], "mi_td": [1.802926691337391, 1.7910275751101463, 1.8124559305303958, 1.8172317820510364, 1.7937295663005424, 1.797865034325568, 1.7896143618165763, 1.7969014466051814, 1.806523700055984, 1.7994028036125547], "nmi_td": [0.3027689822176085, 0.3005630357620522, 0.3038766534980452, 0.3051152562235895, 0.3012102213427553, 0.3017977251289487, 0.30017913974386046, 0.30216227691235703, 0.3033114700939091, 0.3019998632591035], "mi_tw": [1.8417989300112267, 1.8553122160429487, 1.8568116917473456, 1.8397521929683391, 1.843455615579673, 1.8472605239507314, 1.8463929777043238, 1.8332753098261272, 1.84560598049989, 1.8416013638177209], "nmi_tw": [0.30134578681726515, 0.30335251863471513, 0.3033230436790479, 0.30095708587546, 0.30160292420517854, 0.3021211320979459, 0.30175046501369146, 0.30034353075757014, 0.30190897229529423, 0.30114116670920554], "coh": [-1.93810206898243, -2.009401492811727, -1.8861413552765172, -1.80994130753119, -1.939929274284249, -1.978704847164743, -1.9016143723180765, -1.9115422743961665, -1.9708773102115558, -1.9247091983427258]}