{"p": 0.30000000000000004, "p-emp": 0.2999504488158372, "t": [100.38296365737915, 100.30490159988403, 99.05260610580444, 97.29267239570618, 97.4055187702179, 97.11271595954895, 95.64827418327332, 95.00814032554626, 100.30739879608154, 99.72859048843384], "nmi_acc": [0.2235296680082368, 0.260932424158127, 0.24921824093418218, 0.25599684250790283, 0.20918984936960433, 0.20508059813365573, 0.20228571613370697, 0.22931199223066395, 0.19726187157350206, 0.24131172529516837], "nmi_repr": [0.09108937546187372, 0.09591067162510754, 0.11054695054463673, 0.11938450168241152, 0.10035994073678234, 0.08218133747809582, 0.07706211131413528, 0.09045632019897874, 0.08797338053240776, 0.09882796108654351], "mi_td": [1.6724851639406517, 1.686476105285601, 1.6790017137336353, 1.6466400011066085, 1.6492749792048536, 1.6653778381254605, 1.6620552113140703, 1.624678987625407, 1.6625577164151686, 1.6668124991707582], "nmi_td": [0.27937101830852984, 0.2814914766066016, 0.28071367641700967, 0.2764919037188706, 0.2758371838352402, 0.27802171072410725, 0.27779091137870204, 0.2728304373341953, 0.2777875795614146, 0.2789620841710815], "mi_tw": [1.4846108151193957, 1.5078041706007694, 1.4827955217346378, 1.5039058628048287, 1.4849099951350893, 1.4634425089504142, 1.4791409263597133, 1.4712254461976106, 1.4786485715013238, 1.4957807352088492], "nmi_tw": [0.2357821656801881, 0.2392906270638028, 0.23569674449217667, 0.24003353284181952, 0.23610897608281334, 0.23229149479383598, 0.2350438617483422, 0.23483884613975273, 0.2348954237445052, 0.2379930469692812], "coh": [-2.494520408567079, -2.4213655174995323, -2.5570276909057172, -2.5716543401341725, -2.696996213867812, -2.528071107460611, -2.5862959582112093, -2.4367885217181273, -2.501311600214425, -2.4518049034262703]}