{"p": 0.5, "p-emp": 0.4999464906302278, "t": [130.34173488616943, 130.30531311035156, 127.30961179733276, 130.953430891037, 126.78077626228333, 128.291677236557, 131.3381474018097, 133.60155630111694, 129.31372165679932, 126.67884039878845], "nmi_acc": [0.3305263107112684, 0.3267759196479415, 0.3212212010064361, 0.32463505283124017, 0.33012133683400197, 0.310696216871707, 0.32762608036874163, 0.3161714167101857, 0.3245573279394014, 0.33398588343103824], "nmi_repr": [0.3611344426955271, 0.367698518580814, 0.3700135980829492, 0.34553935973674926, 0.36468328453478355, 0.3680977150675959, 0.3610314532032173, 0.35519593555213214, 0.3546032279642563, 0.3725183109626982], "mi_td": [1.4611321152898458, 1.492644155594626, 1.495066270110191, 1.4893334127256586, 1.498236559414079, 1.4888010075795428, 1.5050772699594965, 1.502497759003907, 1.495893250741329, 1.4831556253528801], "nmi_td": [0.2676859054828613, 0.2737656859113139, 0.2735768539218476, 0.27282622152216435, 0.27485722179145927, 0.2726452488947793, 0.2753839159066463, 0.27484455186493734, 0.2739424252663254, 0.2720014515982061], "mi_tw": [1.517954716469076, 1.490949914510895, 1.4975136697491258, 1.4868564058879024, 1.4851131110826898, 1.5091040591849267, 1.4897857960727114, 1.497584596456894, 1.4917913448629827, 1.495206739307653], "nmi_tw": [0.28329671038077764, 0.2785746453966361, 0.2791429961431163, 0.27746558173740266, 0.27755179907594646, 0.28152949260872295, 0.2776769979813211, 0.2790608917022215, 0.27829804704554445, 0.27934495547305016], "coh": [-1.2505175771846209, -1.1355021208793823, -1.1939909912208064, -1.1914077561735148, -1.2437936837905652, -1.1656234978380875, -1.1878419158854125, -1.1930128589407736, -1.1999344077777077, -1.2181728539580154]}