{"p": 0.2, "p-emp": 0.1999909878956173, "t": [77.84626626968384, 82.27114009857178, 71.9170274734497, 78.00119233131409, 92.49847960472107, 84.47779941558838, 87.26767110824585, 80.62115478515625, 77.25841927528381, 82.46880459785461], "nmi_acc": [0.014727112076027947, 0.06997104906972262, 0.06493639937532378, 0.011282475293152553, 0.05241242646609607, 0.00812421251000257, 0.05327604825643096, 0.053173453639624856, 0.06845168512137002, 0.0705271664705125], "nmi_repr": [0.20195342270502187, 0.18797719686701883, 0.15679851541226805, 0.2083688318441025, 0.19441983473510527, 0.20336416887949915, 0.22375687256075077, 0.14347134242159526, 0.15839408101766786, 0.1744866249178157], "mi_td": [0.3173544304890397, 0.31588136885258566, 0.26728438857657777, 0.37958612059551267, 0.4808991023078971, 0.41077977676181365, 0.4510442439270862, 0.31658736385387487, 0.34138056203372474, 0.3777538543590855], "nmi_td": [0.06655580185765152, 0.06541020225229403, 0.05635061072062101, 0.08057500026720475, 0.09663680910775188, 0.08575714626012645, 0.09199373035732634, 0.0651252207712576, 0.07032683527790579, 0.0770318416759668], "mi_tw": [1.0676819321122506, 1.2234297248634654, 1.11411567967659, 0.9278955644367479, 1.2191478027582419, 1.054417090711684, 1.1633053054305806, 1.2301660347777332, 1.2142660842546733, 1.290813450349787], "nmi_tw": [0.28252455536389254, 0.31859587660857164, 0.29677547683034694, 0.24931385087491562, 0.3057664719365529, 0.27741494653253207, 0.29723017848846633, 0.3177048465859564, 0.3141672130556909, 0.32973521385169086], "coh": [-1.6488219552607308, -1.7296344051655324, -1.647794262459968, -1.8730077186041019, -1.3718630891183279, -1.7189812063105654, -1.5649243443947565, -1.6538743297402925, -1.639615377714458, -1.5511291379057197]}