{"p": 0.5, "p-emp": 0.49839050364655146, "t": [37.09720492362976, 36.35883545875549, 35.57424569129944, 37.37320804595947, 36.294838428497314, 38.18367052078247, 36.02243375778198, 36.29765248298645, 35.789016246795654, 35.945109128952026], "nmi_acc": [0.14180178988651748, 0.11561104726962913, 0.1289802083257526, 0.13696083034147097, 0.17341830251423718, 0.13021449226636234, 0.1403171307139121, 0.11510338727995034, 0.1391841484937826, 0.13690475727802184], "nmi_repr": [0.14567636565592987, 0.12877752458604483, 0.13921197155510864, 0.13035011278597683, 0.1310672276428573, 0.12275882084785261, 0.12984713154660998, 0.12610035977885542, 0.11893331264669332, 0.13022014534293963], "mi_td": [1.673508773023522, 1.4937553659753509, 1.5278716896331939, 1.5588276527587421, 1.543058671210555, 1.5201180141664383, 1.7167804539412788, 1.5066553511643495, 1.378828820246603, 1.510108554874859], "nmi_td": [0.30405173674110547, 0.27843186493590577, 0.2844604448715701, 0.2871558953248149, 0.2866042559971984, 0.2817877064700111, 0.3108550665886803, 0.2799271259749112, 0.2609998362511581, 0.2803080599212812], "mi_tw": [0.4724197843937656, 0.42278485749897926, 0.436280299930901, 0.44395339928242755, 0.41905335576922276, 0.43606446145604405, 0.474238147401853, 0.42261839456363265, 0.40040544967424896, 0.4341324401953851], "nmi_tw": [0.09573620543038398, 0.08816358145927686, 0.0908596551954393, 0.09136574704328457, 0.08703971212130464, 0.09037374744005836, 0.09574107024372626, 0.08780977637916705, 0.08494963852119335, 0.09010841141545939], "coh": [-0.990159161995696, -1.0818740649791763, -1.1567786211660256, -1.040321566119715, -1.077539521561806, -1.1400284966316172, -0.8110410867125273, -1.12465151178814, -1.1654753113083964, -1.1432621596977683]}