{"p": 0.7000000000000001, "p-emp": 0.6980423287792061, "t": [28.579139471054077, 27.332181215286255, 27.316245794296265, 27.162333726882935, 27.05043363571167, 27.215404748916626, 27.231137990951538, 28.010709762573242, 27.35786271095276, 28.14669704437256], "nmi_acc": [0.03946187729419486, 0.037185101540947084, 0.033918475704692606, 0.03901648908002071, 0.03590532877936629, 0.037710072034845256, 0.038264504554428036, 0.03551035494618022, 0.03591170060063114, 0.03420737692610454], "nmi_repr": [0.11309949968050627, 0.10964822939437376, 0.11072923516691874, 0.10945841535032105, 0.10682684407534279, 0.10891202376887398, 0.10767711170119994, 0.09458340867189852, 0.09883996848781869, 0.11416260889526013], "mi_td": [1.7905573111241506, 1.8820131732669931, 1.8293099763436693, 1.8707468501305229, 1.7250356050389895, 1.8275050809513669, 1.8450878010549352, 1.7107530227854382, 1.9070639573490562, 1.8933246587933534], "nmi_td": [0.3191884761144404, 0.3345059379042371, 0.32710755142378184, 0.3318200550638794, 0.3106366990159076, 0.32675034952403903, 0.32909853544393847, 0.3084078662339545, 0.33796616791866224, 0.3356886248775702], "mi_tw": [0.19481003808875952, 0.15740181631278782, 0.15492612827918562, 0.175134996975343, 0.1669694835885327, 0.15672016499318303, 0.1593213271266929, 0.16212827722645218, 0.15631979141217195, 0.16036640231369503], "nmi_tw": [0.0629484207447734, 0.050590595739408266, 0.05034287099248937, 0.05608135153449468, 0.05495555395199263, 0.05091608080064574, 0.051534797556381594, 0.0534708711000151, 0.04997748113865954, 0.051314617571394175], "coh": [-0.22781214577475364, -0.2057265834464038, -0.22040292428769356, -0.2180094668399463, -0.2137468365890959, -0.21605170036872132, -0.2342705144677561, -0.26089082869209873, -0.2049208514164945, -0.2021668095625384]}