{"p": 0.6000000000000001, "p-emp": 0.5991696032036959, "t": [55.16052865982056, 56.442647218704224, 51.922985792160034, 50.02369260787964, 50.20663070678711, 49.892197608947754, 51.131648778915405, 62.601014137268066, 62.8967490196228, 58.514508962631226], "nmi_acc": [0.327068088116417, 0.2630603692899397, 0.31105205574001177, 0.3009247267419734, 0.3167352650846266, 0.33036843503968155, 0.26705306455704875, 0.28303292191155655, 0.3214491146745302, 0.2975504240346001], "nmi_repr": [0.1860248219983592, 0.15304731174647085, 0.1533051571325278, 0.16777957623619216, 0.1775071400489672, 0.18296876752419228, 0.16788690903177816, 0.1559892504517793, 0.16105582759611187, 0.17046882489529294], "mi_td": [1.8606873840398863, 1.8605327700994363, 1.925860587060544, 1.8972791792950876, 1.8900268010137493, 1.9024887300900528, 1.9056375914558725, 1.8653774003357837, 1.90107571454521, 1.8442281003362173], "nmi_td": [0.31259499122039264, 0.31099956317264654, 0.3216116855039027, 0.3166842476582817, 0.31574921433235476, 0.31779659386722536, 0.3178047058001618, 0.3124258706292708, 0.31730792484124143, 0.30896985444954256], "mi_tw": [1.5821839937406226, 1.5393529188910406, 1.5824927220339366, 1.576974056290463, 1.5900013471946668, 1.6019585682843622, 1.5723206774946465, 1.570970976172167, 1.6145049155925526, 1.5698938038907384], "nmi_tw": [0.2878707178050016, 0.2785553997751765, 0.2860654047779881, 0.28491738762825247, 0.2875426399742702, 0.289670974815998, 0.2838111211139958, 0.28488544514989406, 0.2916882470117999, 0.2847761401795989], "coh": [-2.1504026561501424, -2.039777001541183, -2.0072585989407834, -2.0422010410896623, -1.97591117135778, -2.00065607892562, -2.0581437922575234, -2.0943403056717287, -2.00034669653021, -2.225778305489237]}