{"p": 0.6000000000000001, "p-emp": 0.5999610044148573, "t": [59.808465242385864, 46.770676612854004, 46.05041790008545, 48.15822076797485, 44.519229888916016, 43.60535407066345, 45.25338673591614, 46.263309955596924, 48.8572039604187, 42.19269013404846], "nmi_acc": [0.1453949710014609, 0.15410038698153902, 0.1630312111015724, 0.1328314681814392, 0.13866154304005915, 0.1489459032636293, 0.1565000071206261, 0.13891624134353017, 0.12130262199080698, 0.17721091556689617], "nmi_repr": [0.09116294873487263, 0.09853164512081304, 0.08791768990172973, 0.10163459323336299, 0.08108342476907082, 0.0862613696522315, 0.10127509630437957, 0.09382482700612697, 0.09229682222000662, 0.11111447168708347], "mi_td": [1.4124139140658885, 1.3967252113843922, 1.471098115602272, 1.5033401159304973, 1.3447784158506237, 1.411014562110563, 1.4417395452010857, 1.4599017854026846, 1.519221742105119, 1.3591389595886523], "nmi_td": [0.2485681190020565, 0.24528676027028015, 0.25653525294933727, 0.2611488394767746, 0.23666217436114373, 0.2484758604454797, 0.2530141450921736, 0.2559908653896162, 0.26423736057623953, 0.24058364149453462], "mi_tw": [2.5833407894564546, 2.596551272414144, 2.6342318329964836, 2.682359417876255, 2.556230991000825, 2.570072478911932, 2.591920938687801, 2.5974768289227033, 2.674467051854478, 2.52490017096854], "nmi_tw": [0.3860131540980426, 0.38728956014633487, 0.3905660566868176, 0.3963996886022667, 0.38195832782503975, 0.38423275787063943, 0.38636827277997987, 0.3869260676047428, 0.39565331098230755, 0.3791423324830542], "coh": [-2.458338066207634, -2.2535354291453977, -2.346079075749032, -2.414158332089794, -2.45609683492583, -2.3278815837376454, -2.2950490625434528, -2.2893174373323992, -2.389065320618217, -2.311159113050369]}