{"p": 0.4, "p-emp": 0.39998735124666973, "t": [124.43929386138916, 124.73820900917053, 124.72482085227966, 123.28820371627808, 124.60621571540833, 124.3508677482605, 125.55478310585022, 122.40691614151001, 124.24470067024231, 123.95790028572083], "nmi_acc": [0.3763839483070199, 0.3857415515541387, 0.3824426753124625, 0.38279746449527685, 0.39004028641205146, 0.3804549424725652, 0.39523295508749584, 0.3847357305913465, 0.3783433626452863, 0.37939446682071004], "nmi_repr": [0.36280412206392143, 0.37028724997933865, 0.3741156467426406, 0.3491205315194599, 0.3509925090014932, 0.3638285962069885, 0.3682790596296908, 0.36351578716576927, 0.3684065145834339, 0.3741739421780096], "mi_td": [1.7349111454475545, 1.7652053739162574, 1.7514446710537217, 1.7054529036834762, 1.7669938637846292, 1.731153635000865, 1.7759458245682458, 1.7158793578693963, 1.7718742389156295, 1.7544371779483836], "nmi_td": [0.29204324918198976, 0.29654244795285234, 0.2948329831243475, 0.2882121506142852, 0.2972141626450613, 0.2921813856760585, 0.29927222040043894, 0.29054235818889906, 0.2975158839038485, 0.2944373333336663], "mi_tw": [1.002578490607418, 0.9962769876386812, 0.9892238351856979, 0.9939849920644217, 0.9841024630096101, 0.979162688468074, 0.9693123185383199, 0.9718622140237034, 0.9891755582287047, 1.0108698457354848], "nmi_tw": [0.22076909086691288, 0.2188020593904545, 0.21783474917253282, 0.2200028494511077, 0.2164818109974919, 0.2163594021135895, 0.21374417985080535, 0.2156586928079201, 0.21710231920617035, 0.22171541956419527], "coh": [-1.555533143488002, -1.5788649538625745, -1.5254462547624261, -1.5375364721893245, -1.3888408484578156, -1.6271056882414894, -1.4820789168550037, -1.5230833679641205, -1.5474569952196595, -1.4597390634215006]}