{"p": 0.4, "p-emp": 0.3994104238912952, "t": [68.60283184051514, 69.70061993598938, 68.76230216026306, 69.00373983383179, 68.40941834449768, 66.41917753219604, 67.93483686447144, 68.88787245750427, 67.87915229797363, 68.85820388793945], "nmi_acc": [0.06170455244015895, 0.055845131168923784, 0.06686949756470918, 0.048594850883221366, 0.068666696637918, 0.053693374322262045, 0.054498903418984675, 0.05570540757332124, 0.07217143028819767, 0.058826209973894525], "nmi_repr": [0.04796235815488216, 0.04231683715532739, 0.04436988354846522, 0.041860372486678586, 0.047203032239004246, 0.04263131454105615, 0.041965487137343445, 0.04502326771329211, 0.04802422624239373, 0.05095751237643425], "mi_td": [1.6728182512539091, 1.6178429008811244, 1.580818412213542, 1.6578703517008107, 1.5238113420964843, 1.6529793847742367, 1.577603751436794, 1.5285448013321536, 1.551411259374547, 1.6117356011434327], "nmi_td": [0.30031287957801533, 0.2923323141692939, 0.28683479296402853, 0.29768002959727474, 0.27884937397407544, 0.2967598318543232, 0.2865882579183939, 0.2790758349673829, 0.28338327678142916, 0.2918595925627115], "mi_tw": [1.1795229409066013, 1.1388050202927802, 1.14456718039669, 1.1766885068150588, 1.1221191460704114, 1.181573585596973, 1.1417432637551364, 1.118002019710511, 1.1555227788943518, 1.1446027634592928], "nmi_tw": [0.1893858579118495, 0.18391093609632092, 0.18553089538429093, 0.1889595255128271, 0.1832768831454096, 0.18971998778365465, 0.18526762973277153, 0.18223157957965716, 0.18842606744981766, 0.185205010483135], "coh": [-1.897852475245949, -1.9391205946697645, -2.0989420805034777, -1.9713234913639597, -2.1900022401496284, -1.9839699644824063, -2.1050099112920018, -2.101582918868833, -2.1478300472945215, -2.009049394023553]}