{"p": 0.4, "p-emp": 0.38476943860284385, "t": [43.80327129364014, 43.041937589645386, 44.913742542266846, 43.03472018241882, 43.17389941215515, 42.92378520965576, 43.08103585243225, 44.514121532440186, 43.60572814941406, 43.29822254180908], "nmi_acc": [0.1090816206172388, 0.1290050195502445, 0.10981399168204015, 0.10831432983558187, 0.10240525659995107, 0.1223755498560169, 0.11547682776022102, 0.08609566728114938, 0.1406366905571971, 0.09154581968015053], "nmi_repr": [0.09975313543387782, 0.09291868120449509, 0.0847569353591619, 0.08869296668858606, 0.095949850760309, 0.09968877894437529, 0.09712089007704204, 0.0818735037613964, 0.08582734937635746, 0.07853311717804569], "mi_td": [1.4532105223356289, 1.497779806587051, 1.4895605794464732, 1.5469380948281473, 1.322517669369518, 1.154445408375939, 1.4404463706813828, 1.2464748508178611, 1.446310472294059, 1.4280609444017525], "nmi_td": [0.2711395728065901, 0.27769400126612476, 0.27565914351201026, 0.2851171568165024, 0.25132888655967484, 0.22485977568810783, 0.2689638183091162, 0.23927674026806736, 0.27046948704106305, 0.2673478955325577], "mi_tw": [0.5259497515730737, 0.5206586909654094, 0.5327500043428454, 0.5371158562192347, 0.5035303976807728, 0.448435737500864, 0.5084687691880208, 0.45826820583210676, 0.5176621159177732, 0.4974499272113144], "nmi_tw": [0.10990857941317903, 0.108035439523445, 0.11031550113045166, 0.11071538190864451, 0.10741298692714177, 0.09834620635476583, 0.10634667753006638, 0.09887033800274453, 0.10845394305977851, 0.10434667053503008], "coh": [-0.8097670920477021, -0.5986611191487683, -0.559869450059156, -0.6260091072752809, -0.5532669510100926, -0.8191381957709046, -0.5850265824555172, -0.7078685525330667, -0.6498129090340203, -0.8207686612254366]}