{"p": 0.5, "p-emp": 0.49071858650288525, "t": [82.46563768386841, 84.47971701622009, 84.27787375450134, 84.3743040561676, 83.39597344398499, 83.86112999916077, 83.29618167877197, 83.72617673873901, 83.44366383552551, 82.81348276138306], "nmi_acc": [0.10853978883208662, 0.1234238093152303, 0.12137252034174735, 0.12678078039239749, 0.1318709760967698, 0.1239654678229843, 0.12974104641186593, 0.14336329533323158, 0.14935933550438005, 0.12513374976760358], "nmi_repr": [0.2698947652061202, 0.26515205424243615, 0.24846141930204108, 0.26247602495395544, 0.2673917653322611, 0.2689029025086247, 0.27212852067276216, 0.27126521016075994, 0.266386115185305, 0.25230378894526106], "mi_td": [0.8448998551203553, 0.8530172101422979, 0.8515751713678326, 0.8579821726749827, 0.8667152106490315, 0.8549887857270744, 0.8503112037724985, 0.8585350723399515, 0.891021245098897, 0.8664575419930436], "nmi_td": [0.1601751543155125, 0.1588165567786683, 0.15886437360491173, 0.15981644064881292, 0.16256874292103346, 0.1590651154777546, 0.15945102157388893, 0.16013050147530697, 0.16575625124291196, 0.1613550365131122], "mi_tw": [1.580030731072017, 1.6115288262878869, 1.6370206700418397, 1.5983521788370003, 1.578568767910605, 1.6314269725845418, 1.5910064291586625, 1.60681727612587, 1.5646419938184568, 1.6003310197633873], "nmi_tw": [0.31381344553307544, 0.31406644359200875, 0.3197007642172918, 0.3116525897397324, 0.31004224702587174, 0.31769656778984323, 0.31240130514150005, 0.3137360343373194, 0.30466717866479864, 0.3119572523886082], "coh": [-1.979965454848746, -1.9023286150721976, -1.7844901259018848, -1.9495621201911821, -1.925471267462515, -1.8622649135211922, -1.8657728613272746, -1.8953816770260623, -1.7810925442116232, -1.9666190200075575]}