{"p": 0.7000000000000001, "p-emp": 0.699062211603819, "t": [39.80945587158203, 40.83610439300537, 39.860512256622314, 39.87124180793762, 40.27925658226013, 39.922942876815796, 36.77744436264038, 41.169936418533325, 43.92498183250427, 40.753488302230835], "nmi_acc": [0.4006855560916147, 0.4113031919034824, 0.40038592318528204, 0.40634889378891415, 0.4232572533724021, 0.3950318071105648, 0.4113649322828901, 0.3970317268799246, 0.4090303423581858, 0.4069968493759638], "nmi_repr": [0.31585675388650875, 0.33244136789875145, 0.318319004244088, 0.32029753431982955, 0.33146557745062005, 0.3308929111563304, 0.29580596671027404, 0.29611778311420617, 0.3405510808506624, 0.3311176000326381], "mi_td": [1.411758874864474, 1.4710963045010486, 1.362716623927427, 1.3064282275704553, 1.3663800237588222, 1.3407742003629457, 1.2537982671214718, 1.4340017088442765, 1.5561635869345756, 1.3784316980925915], "nmi_td": [0.24361353019622803, 0.25194749176105935, 0.23672614913870363, 0.22865143326861204, 0.23797890948661116, 0.233163416614535, 0.22008952562429238, 0.24764190152086693, 0.26430797995659255, 0.2385231126033064], "mi_tw": [1.5908937511740393, 1.5849400123902846, 1.5567601505098265, 1.5107281804935344, 1.5430316661765344, 1.5494762445921275, 1.4674291501712569, 1.5673043862155125, 1.6454815377608818, 1.5817628488720756], "nmi_tw": [0.32001047136048844, 0.3160269730244162, 0.31559263286658545, 0.30894691092957866, 0.3137578722741193, 0.3145080038420745, 0.30113036713670155, 0.31554786083780084, 0.32493743308308665, 0.31920419414030804], "coh": [-2.532536645900145, -2.496650690420316, -2.67204075279951, -2.6808231855581415, -2.6465728421953445, -2.684358104009212, -2.6771022252849512, -2.5102825988219593, -2.5998056217465253, -2.8062796829951537]}