{"p": 0.1, "p-emp": 0.09591500528975772, "t": [138.8078691959381, 123.54499936103821, 139.42549586296082, 130.50812602043152, 142.44807624816895, 133.58987498283386, 142.5632917881012, 125.59049081802368, 137.26926398277283, 135.92940974235535], "nmi_acc": [0.25199253658408893, 0.26731488476204307, 0.32552501631520064, 0.25902365740563554, 0.30124018726076524, 0.29028882059976524, 0.2806503940612956, 0.27981906374617904, 0.27852043329800374, 0.3008445028925015], "nmi_repr": [0.1613809673559371, 0.14752088807943628, 0.16591731973919083, 0.16477373850944843, 0.1542403379853652, 0.17020722649167797, 0.16867048498160445, 0.15479265767583186, 0.156676187107043, 0.15294490510245481], "mi_td": [1.5786253505080727, 1.5905871072953366, 1.6339645401361582, 1.5838754253146694, 1.6330089705806696, 1.584458593567763, 1.575183387499926, 1.6553148274338019, 1.586579051346498, 1.6481732253389163], "nmi_td": [0.26844590281843406, 0.2696184379571255, 0.2766100397243915, 0.26890831489329536, 0.2765830319150269, 0.26990931958060194, 0.26844054599612277, 0.27856694888101086, 0.27015654809645295, 0.27824226646602374], "mi_tw": [1.2117177751358708, 1.2446446587926479, 1.2502417257063552, 1.2254262356532462, 1.2436588104314086, 1.2127019209223986, 1.2098242429046835, 1.2519546707384972, 1.2227378416800414, 1.228074098778892], "nmi_tw": [0.20602192553026272, 0.21094633067956473, 0.2116186070895474, 0.20801983411219677, 0.21060696631128453, 0.20654999672722152, 0.20614527597222249, 0.2106553652485516, 0.20817151580168627, 0.20729057273086837], "coh": [-1.6397747252544193, -1.7188154740163841, -1.740469568753077, -1.7256987403167727, -1.7273475564061627, -1.6136978341323978, -1.7153197173262758, -1.3949397779654549, -1.655662540063863, -1.4378397793892044]}