{"p": 0.1, "p-emp": 0.04999802860216629, "t": [118.9546205997467, 116.20536732673645, 106.89980459213257, 117.09224057197571, 126.97328066825867, 118.04574418067932, 122.91073822975159, 105.19985580444336, 113.60000371932983, 113.77235746383667], "nmi_acc": [0.12188577588751623, 0.21667438247647045, 0.02313084391140926, 0.20203790469285623, 0.19636535142073372, 0.02375041091959861, 0.22070173297344253, 0.11185566281524718, 0.21661048763068688, 0.0691906795337695], "nmi_repr": [0.17597682612876983, 0.1525187187519135, 0.17807743275815244, 0.1720942884897329, 0.14046459724628443, 0.15205336720424303, 0.15913914229469012, 0.15188312758840414, 0.1527649029546863, 0.14035579693471897], "mi_td": [0.4952647780114461, 0.460152433080798, 0.472314212151397, 0.5166794364720783, 0.6377036709344204, 0.5101791190072288, 0.5656561534439362, 0.4364104200246437, 0.44977661873443353, 0.5023595799416741], "nmi_td": [0.09667884354338853, 0.08910888113248, 0.09620766132896576, 0.09988348028831041, 0.12078547445960522, 0.10225661698996238, 0.10813516694392807, 0.08663641303271774, 0.08672998483356524, 0.0984523166392271], "mi_tw": [1.5040828595354885, 1.6894864388534232, 1.2648927020123868, 1.5326456234017127, 1.6674690069308449, 1.3706356744725439, 1.7023718999739572, 1.5561560449752836, 1.6785990800756956, 1.5842506980181341], "nmi_tw": [0.32709041553295215, 0.3641510117446543, 0.2884651111612575, 0.3297140487377968, 0.3506603334213768, 0.3069876549423095, 0.3616990988879192, 0.3448277684137969, 0.3600962982051994, 0.34604572120576677], "coh": [-1.6266828075596635, -1.7020316417553396, -1.8978992850998169, -1.467630626917027, -1.3301038182697111, -1.6964278055171873, -1.6222443253478065, -1.6797275632821334, -1.546369437433692, -1.791551431346713]}