{"p": 0.0, "p-emp": 0.0, "t": [274.8684685230255, 274.8917112350464, 269.4121024608612, 265.0191698074341, 266.6583468914032, 268.7871651649475, 270.56676292419434, 271.0281345844269, 263.0210585594177, 263.889187335968], "nmi_acc": [0.2982452380686921, 0.29509527208870306, 0.2270309714494187, 0.20384748660988578, 0.266395666296441, 0.21453831858352126, 0.21003372790405234, 0.29502071145712594, 0.22930551665191104, 0.17765502380276038], "nmi_repr": [0.23659944245732983, 0.24789484049501576, 0.2432756580830786, 0.2778899439089442, 0.24927080632004378, 0.2621060850620884, 0.2816345457731774, 0.23350506579166777, 0.2395531139191149, 0.29018129189914743], "mi_td": [1.0668491564346527, 1.1292186591530715, 0.9036957118634064, 0.8924336417399827, 0.9083986830385649, 0.9015538917550614, 0.863230872538535, 1.1353742001181428, 0.8880153918528957, 0.8424364979701862], "nmi_td": [0.19799822431637565, 0.2103021781485635, 0.17134368328452143, 0.1684025593796734, 0.17087332309191752, 0.17052935417221457, 0.16440582253849004, 0.2103053579610525, 0.16807185249889028, 0.16164755576981762], "mi_tw": [1.224083558782557, 1.1848109037127426, 1.3893435614990686, 1.3556330045210319, 1.3125713687393326, 1.3410049063532146, 1.3783719085247412, 1.184944305375116, 1.3307460253354895, 1.3743655270736623], "nmi_tw": [0.24247061597304445, 0.23556252045374368, 0.28156432379906365, 0.2733345846196165, 0.2637584301986341, 0.27107439675390865, 0.2806809610962533, 0.2342297635461037, 0.2691774643263066, 0.2821082178155509], "coh": [-0.3830497859168502, -0.3336605702381128, -0.9681776314393774, -0.8343623816520955, -1.0472778881227103, -1.0013538801638942, -0.9891336583246261, -0.2940436266577685, -0.8910844289714891, -1.096473559667149]}