{"p": 0.4, "p-emp": 0.36451680291909805, "t": [113.32748770713806, 114.3873336315155, 112.8896975517273, 111.15977358818054, 111.1191668510437, 112.12850666046143, 107.02299451828003, 109.31206059455872, 107.60405373573303, 106.67621922492981], "nmi_acc": [0.21140164445276213, 0.229619403497011, 0.2310145868215269, 0.22579712730052862, 0.24590790914061544, 0.2207936375700507, 0.2210562803054744, 0.24794646963572498, 0.21623437510320972, 0.23558624018177435], "nmi_repr": [0.29579665334075983, 0.2916323124219792, 0.29738055514867295, 0.30557002236407704, 0.2941762048113933, 0.28960575647821907, 0.3019955613075023, 0.30848594487876274, 0.3003277356133891, 0.30664863070609344], "mi_td": [1.0817947440607032, 1.09082027030228, 1.0942520184430067, 1.090744271891479, 1.0920326480609377, 1.0943254206683215, 1.0689138271601604, 1.0808730103911506, 1.0831237580783748, 1.0934518456342202], "nmi_td": [0.198824410218593, 0.19981626871223612, 0.1992344289639682, 0.1991519555822088, 0.1985205958951707, 0.20005110430563325, 0.19646739608005717, 0.19686123680596607, 0.19886835309492176, 0.2007311877005174], "mi_tw": [1.8940057662121383, 1.875930699800921, 1.919857673590931, 1.895221407721619, 1.9183799489364775, 1.899734968213446, 1.9033571956696855, 1.9232834835992598, 1.9031270377909366, 1.879050087487606], "nmi_tw": [0.3150091566314349, 0.3110633552878957, 0.3166059911353992, 0.31333579789350363, 0.31591584848960896, 0.31443112433923326, 0.3165796212525826, 0.3172625738290892, 0.3162379364447509, 0.31219002193117923], "coh": [-1.9335064747263366, -2.025369296982153, -1.8923190383700519, -2.0639304776513083, -1.9142519415385546, -1.9675395204881287, -1.9952734693024372, -1.9232492783394837, -1.9162135115229322, -1.99203127235179]}