{"p": 0.8, "p-emp": 0.7994311109108421, "t": [34.40064740180969, 32.22071075439453, 35.20502281188965, 32.69470715522766, 35.12907671928406, 33.14104342460632, 35.13526916503906, 33.03574085235596, 34.30580496788025, 33.222294092178345], "nmi_acc": [0.08511158995648654, 0.0757456372002227, 0.08172728374534359, 0.09460492354639448, 0.09982698240206228, 0.09352884094881259, 0.09143146987643919, 0.08919835704604206, 0.0876093131632014, 0.09503656125018584], "nmi_repr": [0.038748834592941775, 0.045377262038231204, 0.044222911276703, 0.04503591289766065, 0.04834282398429923, 0.04871280866484244, 0.04108939680512766, 0.044568217250460396, 0.0434559378565344, 0.04311889973362591], "mi_td": [2.0730280325007473, 2.0738587405428985, 2.0815156253537834, 2.075621485160281, 2.069159904138809, 2.0784013220163526, 2.0806816856756187, 2.0871368168109834, 2.0652951037790155, 2.0677795633557894], "nmi_td": [0.37469734828515, 0.374999419886708, 0.3761985963157341, 0.37504379395083215, 0.3742774022187036, 0.37586121507324477, 0.37605623156434714, 0.3767358360892628, 0.37337806688673947, 0.37438733297172433], "mi_tw": [1.6382931690193592, 1.6437538805080358, 1.646921828444844, 1.6316236996067202, 1.6479503957658552, 1.6372056074792873, 1.6316658665367896, 1.664972601837002, 1.6205981465139645, 1.6596892275816322], "nmi_tw": [0.26110394994837116, 0.262067870196593, 0.2624589246345842, 0.25996623898333093, 0.26281595470243113, 0.26104860008951625, 0.26003277852427004, 0.265038606614975, 0.2583316463082793, 0.26491241807326393], "coh": [-2.6268465741547824, -2.570061031798251, -2.633599207055935, -2.620317040392478, -2.5247198514980917, -2.450854214397908, -2.691006975413199, -2.420774863007364, -2.6899973720755446, -2.5359420389144653]}