{"p": 0.5, "p-emp": 0.49983705416208235, "t": [68.74695348739624, 69.60357904434204, 70.16101360321045, 70.17970967292786, 72.3719494342804, 68.45891833305359, 70.96519804000854, 68.15733075141907, 68.11938071250916, 67.92546534538269], "nmi_acc": [0.28512366056271476, 0.26580118196955416, 0.2730626316266618, 0.26320496762083556, 0.25895072933149876, 0.2693517563222434, 0.2697545289011454, 0.2774186277670705, 0.26376673436153214, 0.25966052773955967], "nmi_repr": [0.297074028519528, 0.30819336073884374, 0.3138321014589796, 0.31353515598522824, 0.30880259266578924, 0.31581110851106065, 0.28480591022907603, 0.2895478481607972, 0.28919300359435857, 0.30069648327897797], "mi_td": [1.2481120484910209, 1.2526666425985848, 1.2374755185472153, 1.2495122732064576, 1.2511186099040117, 1.2573458731054525, 1.2315652095861287, 1.239522002504509, 1.2350341969574514, 1.2466072799710544], "nmi_td": [0.2260859795048411, 0.22903663847560973, 0.22550091692671653, 0.22847606021091574, 0.22817070769200928, 0.22986868910358033, 0.2228918742758883, 0.22398425409749181, 0.22391226565983585, 0.2273418833010785], "mi_tw": [2.071172030569045, 2.0071780394978536, 2.0399908699197837, 2.010018198216893, 2.0268838258713755, 2.003332799334227, 2.0796373469371647, 2.095891273408791, 2.0748766055652488, 2.0292541975137155], "nmi_tw": [0.32392427972774984, 0.3164515313891193, 0.32069503608064737, 0.31691864431792155, 0.31885596297121654, 0.31581745495465957, 0.3250005074578785, 0.3271022188510155, 0.32474814258459617, 0.31922149249627535], "coh": [-2.3870660794020946, -2.415931551333022, -2.3562434153613308, -2.356901538606862, -2.4053426935870803, -2.360299472298272, -2.3181241424989154, -2.3495590294977524, -2.3624034651254116, -2.3057419030289448]}