{"p": 0.5, "p-emp": 0.2833345306667796, "t": [213.110445022583, 217.98907470703125, 207.27074575424194, 214.63394165039062, 205.11965084075928, 213.47176051139832, 207.630943775177, 212.3720622062683, 212.22062635421753, 207.5765323638916], "nmi_acc": [0.5033483617944456, 0.5129286071217929, 0.496145859758681, 0.5040103938517868, 0.5140992040224407, 0.48078054473959564, 0.5171170496595368, 0.4953031316822578, 0.5102474039699261, 0.5155569220247739], "nmi_repr": [0.49440562845392017, 0.4618749412836397, 0.4655977603773142, 0.45929989375073893, 0.49493157574257485, 0.43715150061676333, 0.4418894991617231, 0.46554812697048265, 0.4655701495961902, 0.47335567207047025], "mi_td": [1.8989531478231876, 1.8721431188359936, 1.8831731369828282, 1.8894184608452367, 1.881362566081664, 1.919591727216368, 1.8719164960422483, 1.9008413359079586, 1.901668830969948, 1.8853723582809323], "nmi_td": [0.31738071076996344, 0.31435815563169556, 0.31536538255727864, 0.3164494770309373, 0.314599484910567, 0.32149466167272434, 0.31381576246904513, 0.31774852249248264, 0.3194170931592173, 0.31646659084208606], "mi_tw": [1.9191900646491558, 1.880863068206375, 1.9126240397208314, 1.9030322542879992, 1.9176537588062808, 1.861580034901739, 1.9005191403597614, 1.9149386938400115, 1.863718943076715, 1.890383754616401], "nmi_tw": [0.3100422663883385, 0.3052192049545152, 0.3095717552780103, 0.3080552189709834, 0.30994527009986145, 0.30133750093963324, 0.30793064924522107, 0.309404622692468, 0.3025297275923239, 0.3066584262844592], "coh": [-1.988389897912843, -2.117899350660914, -2.1154517164955573, -2.028043384834004, -1.9834522514486252, -2.1710618430796838, -2.0527118127207733, -1.930479966836927, -1.9679423487186156, -2.0743264472959573]}