{"p": 0.8, "p-emp": 0.7999136526328984, "t": [40.06204628944397, 41.57702279090881, 39.90143537521362, 40.2985942363739, 40.143622398376465, 41.274235010147095, 38.96246099472046, 39.14877915382385, 39.63181209564209, 40.08325386047363], "nmi_acc": [0.10767681569187733, 0.07330428502054934, 0.10706521217596518, 0.10254102336895478, 0.100806139215073, 0.0987483932217119, 0.10164823230859267, 0.1079002350970953, 0.09856140203194556, 0.09652841158103229], "nmi_repr": [0.19718518631107912, 0.2091151794616219, 0.21713115968236996, 0.18997054786239495, 0.2011288487350223, 0.20812505803303752, 0.2071408042018937, 0.19939346431713426, 0.20081625556655505, 0.20543511030001746], "mi_td": [0.8346641253920333, 0.7862022100460131, 0.7973322459762884, 0.8322843937758224, 0.8267357113378204, 0.7971717254582187, 0.7940188618074777, 0.8171691012823862, 0.8149669785845386, 0.8157717776554978], "nmi_td": [0.15451317971131057, 0.14758121118901155, 0.14817891752389978, 0.15430018287965339, 0.15377827613375572, 0.14903915715453908, 0.1484944249050496, 0.15123460994020602, 0.15145288103227786, 0.15103979822860786], "mi_tw": [1.5820878975711876, 1.5977837443451832, 1.6385272213388076, 1.5960756408790095, 1.568770190252322, 1.6053081226239418, 1.5869179590138458, 1.6214212290073577, 1.6106264754292852, 1.6241485036526166], "nmi_tw": [0.3452280222652055, 0.35442599135821806, 0.3591912719191087, 0.3488867453830232, 0.34425569425160263, 0.3544057231306727, 0.35047035873445637, 0.3537010014150411, 0.353065813936234, 0.3544724035424538], "coh": [-2.1461401757154177, -2.2951367480837845, -2.2548779365255553, -2.2385376166657247, -2.267434004574336, -2.2880046478388447, -2.2638402762724144, -2.096978194178967, -2.254603250210706, -2.179150280379294]}