{"p": 0.8, "p-emp": 0.7985783405336292, "t": [24.723175287246704, 24.890190601348877, 24.917453050613403, 24.643128395080566, 25.077222108840942, 24.993205308914185, 24.62789797782898, 24.50037431716919, 25.018032789230347, 24.86263418197632], "nmi_acc": [0.2245535631701994, 0.22090841660761662, 0.2240185708557567, 0.2479203070124509, 0.21812101529862354, 0.23476229274239616, 0.2215371124004867, 0.2451962914499393, 0.19548074685945083, 0.21458469550400758], "nmi_repr": [0.23306848114580078, 0.23707355909976552, 0.21782071777056305, 0.24612138196762473, 0.2501029002241901, 0.22677119104964966, 0.23025548639726698, 0.244570866596068, 0.2326962279954333, 0.2176041253268713], "mi_td": [2.106020751896842, 2.1415242619742236, 2.1638657338303884, 2.1150552359891868, 2.1061068188605194, 2.1503521328831026, 2.099773997344044, 2.16123651157347, 2.0889758147637782, 2.1386079137806897], "nmi_td": [0.3842338795385499, 0.388456319551123, 0.39149061537023233, 0.3866477146265195, 0.38357803201511603, 0.3890474059064314, 0.38330579370015505, 0.39250106399857826, 0.38093756808763707, 0.38828864907520205], "mi_tw": [0.39951996337020457, 0.4064826088483564, 0.392809269409615, 0.4170141651544841, 0.41174203758487, 0.4092341503368727, 0.40282545601555164, 0.4109907677321999, 0.39287283037072374, 0.3918648035178692], "nmi_tw": [0.09098861496876354, 0.09190831689632448, 0.08852965722246083, 0.09520813864630866, 0.09356764235865302, 0.09223192694640789, 0.09180468884065585, 0.093066284925873, 0.0894201046148036, 0.08870603395669197], "coh": [-1.3171492407166292, -1.299272221215047, -1.3017529465283137, -1.2644568316546878, -1.3195241837827747, -1.33722728477284, -1.2558247859327527, -1.3224718565231837, -1.3225158111841713, -1.2606265184663055]}