{"p": 0.1, "p-emp": 0.0959033389638706, "t": [157.04938006401062, 156.6903896331787, 156.03264331817627, 155.53875756263733, 157.33383703231812, 154.29877305030823, 148.10855078697205, 153.11102080345154, 153.63156390190125, 155.46480703353882], "nmi_acc": [0.2513577876473549, 0.2709509997199688, 0.2674979723522602, 0.274581441841155, 0.27050125881870035, 0.26641678906705657, 0.2822158828621191, 0.26857679436407694, 0.2697360809265085, 0.25597023316875994], "nmi_repr": [0.171000833711518, 0.15125824936071255, 0.1656230910235472, 0.18943625923047186, 0.16819858195614928, 0.16507348200162456, 0.1937508654922419, 0.2279793973992701, 0.18045254036820224, 0.17393090422571564], "mi_td": [1.452525140686462, 1.5120480419635431, 1.4591203186422814, 1.473195959260437, 1.4591234937647102, 1.5026192765878124, 1.2046909774453325, 1.2922994366659697, 1.4664534472636424, 1.3345750397279004], "nmi_td": [0.2510628146045594, 0.2600762022233555, 0.2534426144671492, 0.2547076745320543, 0.2528951748793965, 0.25884938623030934, 0.217937136853175, 0.22992645260168873, 0.2536845314559296, 0.2352370726785343], "mi_tw": [1.1262331321664647, 1.1252187245984444, 1.1319455859988203, 1.1492577677567342, 1.1088184488547568, 1.1738659524781139, 1.0285044036063093, 1.061634109984241, 1.1216624260911345, 1.0916553520799646], "nmi_tw": [0.20008196698630065, 0.1988996120005904, 0.2021130792287509, 0.20423176486414876, 0.19754361925545574, 0.2078246355713787, 0.1914902635308129, 0.19430167529884246, 0.19944309645876387, 0.1978829097422371], "coh": [-1.9165931729580439, -1.9716853572848947, -1.7982299967329123, -1.8256040480635332, -1.9819856823535975, -2.0127165755990903, -2.092227419367692, -1.9948691334187056, -1.92551181939462, -1.9597843010842486]}