{"p": 0.9, "p-emp": 0.8993361860570213, "t": [24.25174045562744, 23.669628620147705, 22.687767028808594, 56.59141731262207, 61.38984513282776, 45.639683961868286, 38.23092865943909, 29.155064344406128, 22.660378217697144, 27.692296743392944], "nmi_acc": [0.22134943509764296, 0.21204869974970042, 0.19554141928699587, 0.2006910771869643, 0.19874682618639844, 0.20224145021385434, 0.16279775202141453, 0.22010184139138017, 0.2074787086259964, 0.21232777589632745], "nmi_repr": [0.2682474115719166, 0.2393678547998242, 0.23528387528288974, 0.24471794099259567, 0.2140714833648438, 0.2160888760754317, 0.19447209538548682, 0.20209497877766852, 0.2404663324191518, 0.22781480635105586], "mi_td": [1.8048677782620892, 1.85772610692993, 1.7842738285100828, 1.9517650893619563, 1.867186256960164, 1.9053953137662827, 1.7880378655241236, 1.8409354025544735, 1.7446019864586193, 1.9074157265987668], "nmi_td": [0.30975055040554933, 0.3160861885763074, 0.3067887628778651, 0.3276110599153934, 0.3163960294668819, 0.3213582891163164, 0.30523300594404257, 0.3143815507252257, 0.3004567170904067, 0.32240597556824313], "mi_tw": [2.008502579387089, 2.0433011018841016, 2.003693097367715, 2.1406879243075476, 2.052353931918952, 2.0757058097464136, 1.9602410810274151, 2.0474523282999377, 1.9417273556478944, 2.0829108987706895], "nmi_tw": [0.4035347030320259, 0.4064080928328778, 0.4034498590690654, 0.4190854721345148, 0.40625773835267975, 0.4086337809214351, 0.39139265882369884, 0.40898604140127626, 0.3917196786444937, 0.4111043887744227], "coh": [-2.709311308139695, -2.7896462487599405, -2.7333703584044966, -2.793381476406836, -2.523135735074932, -2.5599657130121147, -2.676138118500453, -2.6255815389891355, -2.853873917676019, -2.7039271357697117]}