{"p": 0.7000000000000001, "p-emp": 0.6999986073005307, "t": [31.343818426132202, 31.814585208892822, 33.002957582473755, 32.694347858428955, 32.71771717071533, 31.697755098342896, 32.35383319854736, 32.78308320045471, 32.31835436820984, 32.47525358200073], "nmi_acc": [0.045403641527134636, 0.0548805190160321, 0.03590948069009626, 0.04629277516677446, 0.05186033889392271, 0.03622635130209781, 0.03546481492116985, 0.03901588758909179, 0.03961377390243179, 0.05793653032924798], "nmi_repr": [0.055053633476622975, 0.05603300547322113, 0.04970631650712219, 0.04076966885818041, 0.045684049814226906, 0.05098207420010797, 0.05092168677830515, 0.04750799785979453, 0.04602580365821262, 0.04833204492599364], "mi_td": [1.1370700182990843, 1.2854137143241, 1.358814218266466, 1.3888304862241154, 1.3107557516358799, 1.032444906355999, 1.2836906305199627, 1.4938549736532032, 1.4072395080158877, 1.38596717156324], "nmi_td": [0.22338293898858924, 0.24694176910406854, 0.2580888470458187, 0.2628149577742231, 0.2505134312990216, 0.20560987109945336, 0.2458351032303693, 0.2789896212942143, 0.26563276143102754, 0.2617887312499902], "mi_tw": [0.676144993546553, 0.7319843457829991, 0.7211550718883946, 0.7400138876205931, 0.7271730411470085, 0.642096587842079, 0.7376955820784736, 0.7556298980571783, 0.759779623474761, 0.7554320690844631], "nmi_tw": [0.14881635256492898, 0.15712574630516946, 0.15284645253061402, 0.1561968483219948, 0.15519528907430893, 0.14349693368879035, 0.15779540815712692, 0.1571682739129779, 0.15992174712240564, 0.1591228055532457], "coh": [-1.2328557792118429, -1.3304771313309378, -1.212862104062379, -1.2225790392981284, -1.4652647047404002, -1.6981397507564744, -1.1141683989476003, -1.3555664518448207, -0.9703892309982043, -1.434500148050882]}