{"p": 0.1, "p-emp": 0.09864676034891762, "t": [90.97264242172241, 88.81271123886108, 92.30924963951111, 94.57713174819946, 87.86097860336304, 91.64798378944397, 97.9205629825592, 87.04335355758667, 92.08480334281921, 95.99611449241638], "nmi_acc": [0.027980186887232805, 0.02637322964002633, 0.029924825037216246, 0.02679994406237966, 0.027604987738932513, 0.040728699793594475, 0.026161723420542952, 0.02634686618073184, 0.02677539844619547, 0.02634686618073184], "nmi_repr": [0.1884881588001078, 0.17432406640717799, 0.1712725972803153, 0.1749482479671229, 0.17409077913798837, 0.15201101589603455, 0.14944449277591784, 0.185041777960021, 0.21418719856823618, 0.18963768737427655], "mi_td": [0.6163431422642136, 0.5725749898911385, 0.6016511571006602, 0.6059552188515123, 0.6026520645700356, 0.5855749156655824, 0.6121638468571353, 0.5871718383326776, 0.6421759797808987, 0.5812321219096512], "nmi_td": [0.12111933462261334, 0.11396530335103496, 0.1168998762727498, 0.12010078964043867, 0.11869407113220552, 0.11352146702306512, 0.12078550581699492, 0.11805642295564187, 0.12825053344507453, 0.1153934167967488], "mi_tw": [1.6080481812158087, 1.476568173193324, 1.689225228825917, 1.521422767250509, 1.5648724979364623, 1.7204482617547212, 1.534626810843423, 1.3818209740471128, 1.4349465736697136, 1.5023034764595569], "nmi_tw": [0.3290831395164784, 0.30622504028017294, 0.34164100114233203, 0.314141531851918, 0.32099425767036194, 0.3471446595716619, 0.3153831207373841, 0.2896062888481293, 0.29864093311975126, 0.3107345637126459], "coh": [-2.1843774428687355, -2.4706096983642665, -2.137160650292738, -2.3584683619621924, -2.1896277840778877, -2.2170662041186793, -2.173964340845122, -2.3635876571000147, -2.180683082434475, -2.4250900756700795]}