{"p": 0.5, "p-emp": 0.49945081217590725, "t": [78.43843817710876, 81.07907199859619, 79.65265083312988, 79.6516215801239, 79.302659034729, 78.76826119422913, 80.61491107940674, 79.5088722705841, 78.64917254447937, 82.74197268486023], "nmi_acc": [0.21293171051985627, 0.21337011582978468, 0.20026890935757435, 0.20572551626389413, 0.22632160873053134, 0.21152914762925318, 0.2045447352189353, 0.20207762314074276, 0.21498562283437275, 0.2070591579203391], "nmi_repr": [0.3112689519784908, 0.2934812674651164, 0.31780783254420447, 0.30948942947561997, 0.3228465664585685, 0.3165440955579453, 0.3114733434978211, 0.3008918257305063, 0.30049851723731014, 0.3214557011637237], "mi_td": [1.1694389047335565, 1.1350281922637593, 1.124391157606064, 1.1154563526246148, 1.1417335717759651, 1.1241950638846996, 1.1285193464929284, 1.1229341468561709, 1.140024253150056, 1.1490844748910822], "nmi_td": [0.2111585004225532, 0.2069035141589814, 0.2050485411990363, 0.20355058683066612, 0.20790826113504202, 0.20461492967563238, 0.20568916196863696, 0.20462189694896846, 0.20752593628316174, 0.20899716712224836], "mi_tw": [1.4935226457141404, 1.480324727393198, 1.4953486891017211, 1.4867687312104132, 1.4897094505062198, 1.5041397558962, 1.482259377188717, 1.4756708169090547, 1.4880723630312416, 1.486532851098353], "nmi_tw": [0.298406493424395, 0.29890004071757476, 0.3020707487988144, 0.30055250883768186, 0.3004466964038767, 0.30319357940487285, 0.29924578149760517, 0.29783619894541263, 0.3000027537977129, 0.2994098705949383], "coh": [-1.104738613175309, -1.3397728790937855, -1.4434364498329526, -1.4757573592850775, -1.238013630120241, -1.2883426428254645, -1.2995738947547166, -1.3369148566041722, -1.2933592549319939, -1.244189014859954]}