{"p": 0.6000000000000001, "p-emp": 0.5989168577045043, "t": [47.404550552368164, 50.038408041000366, 43.909653663635254, 52.43820524215698, 45.937166690826416, 46.653940200805664, 52.664488315582275, 52.37478160858154, 37.35021471977234, 44.49833393096924], "nmi_acc": [0.15877293846681598, 0.2130448785597011, 0.1969461997990932, 0.13854732405021458, 0.20282245811126925, 0.20757731738874136, 0.21581071700332485, 0.19707977914195252, 0.14868442065583348, 0.1288523892832872], "nmi_repr": [0.19295114959505405, 0.19692179297489734, 0.19564228630351463, 0.19236997595778563, 0.16210691487415513, 0.1544860731461573, 0.17566789007073905, 0.18706170603615235, 0.1720647688858983, 0.18937556709966455], "mi_td": [0.6414787694552455, 0.6990603610753656, 0.5638771289573141, 0.6585796199248679, 0.6044820703494425, 0.6320583937928071, 0.7088288451725007, 0.6407541895081275, 0.36086236578021263, 0.5566611338794907], "nmi_td": [0.12648570854809227, 0.13429511436738129, 0.1114608837340375, 0.13050172848032768, 0.11806206611046553, 0.12323804901680159, 0.13592647294254806, 0.12583192902433138, 0.07531161733272035, 0.11280865732588985], "mi_tw": [1.3017912042478295, 1.5215951804008208, 1.3970849194045152, 1.225414901497457, 1.433950598454599, 1.3672471693822474, 1.4659217184932167, 1.3803685544685926, 1.0925803641891187, 1.157419466286322], "nmi_tw": [0.30548627964858727, 0.34619265763804413, 0.3288193947138723, 0.28926246273849715, 0.3327140631802944, 0.31659628454123256, 0.3328146869270202, 0.3223679807321699, 0.2744203230712036, 0.2806285295694791], "coh": [-1.5135160939883932, -1.3198714114971402, -1.4210427526553207, -1.6011237451098737, -1.375097621071563, -1.4353963860378824, -1.5022870668817483, -1.5460101492216425, -1.4833584828151776, -1.5258881358871614]}