{"p": 0.7000000000000001, "p-emp": 0.6999986073005307, "t": [34.829763889312744, 33.18572449684143, 33.38764214515686, 31.43923783302307, 38.59411859512329, 36.91878581047058, 33.344356298446655, 35.32175946235657, 35.25981426239014, 35.10536193847656], "nmi_acc": [0.07665625933620725, 0.03571672063859626, 0.02882049468683584, 0.027334200759285426, 0.038795789192868836, 0.05133620247116023, 0.052337310861885936, 0.048130633326959965, 0.06447647699690782, 0.07147740208599047], "nmi_repr": [0.1520744146413591, 0.13349811499071032, 0.1689437370898394, 0.15967669999603265, 0.13160159944016947, 0.14455307205643306, 0.13814402539844095, 0.1643655981992588, 0.140100118343483, 0.13655285291557087], "mi_td": [0.8114045466980785, 0.722363106951693, 0.8000697554338724, 0.7271211923454439, 0.7065955877402902, 0.8184677140133645, 0.8001040800322242, 0.7722156426183876, 0.7456450704846428, 0.806244260461743], "nmi_td": [0.15357441649996673, 0.14137526533985137, 0.1604636995099842, 0.1417064638502432, 0.13821025818613325, 0.15702055866643602, 0.15391429676575832, 0.14836779721540774, 0.14257643141458406, 0.15489681883182402], "mi_tw": [1.7799292024257451, 1.6287431086872604, 1.3971907675707673, 1.6443573354843872, 1.664538034176608, 1.6866549387842766, 1.7419692681398657, 1.7336781748383068, 1.7359592128586365, 1.6885826636700685], "nmi_tw": [0.3757725279179956, 0.3569611662659784, 0.31473618417848476, 0.3586825096627946, 0.36457242383077604, 0.36149739380413454, 0.37448559895120737, 0.37219391752892095, 0.3706898646096259, 0.362489113011383], "coh": [-2.2612020534706345, -2.3190618800416787, -2.4090715152245177, -2.3484221001844845, -2.4014133474256685, -2.382566984185726, -2.3680230759130634, -2.489953365353553, -2.4280102868839664, -2.43831729432394]}