{"p": 0.9, "p-emp": 0.8999701474042323, "t": [16.051982879638672, 16.333226680755615, 16.166521310806274, 16.48451280593872, 16.331539630889893, 16.17425036430359, 16.015382289886475, 16.393826007843018, 15.99511194229126, 16.032686471939087], "nmi_acc": [0.16552798711786365, 0.14553376127033862, 0.14127264611856352, 0.13570849293953718, 0.12901531128453325, 0.16476520460462377, 0.15234641149265657, 0.14202752080872247, 0.14044349154724384, 0.15534436605229165], "nmi_repr": [0.14259299197523015, 0.1375408357112213, 0.13091031951030035, 0.12026042717988955, 0.11267754540081415, 0.13010812915210604, 0.14880321983043582, 0.13359012065102838, 0.12659159758973149, 0.1442485616764067], "mi_td": [2.305719755894305, 2.2831204036358312, 2.297162599232638, 2.268019750841699, 2.2632750598736857, 2.2923628918643884, 2.2754372842341857, 2.2696718456762253, 2.276143779334978, 2.3074611646675853], "nmi_td": [0.4182189229044043, 0.41375237116974595, 0.41626827629882995, 0.4112571523360978, 0.40970870486414335, 0.4148840306574806, 0.4128055011771302, 0.4110554648826779, 0.41285479406006587, 0.41829524873928103], "mi_tw": [1.5115961241384286, 1.5066764423575627, 1.519398138045936, 1.4828739955398953, 1.483612186639884, 1.5374637037627554, 1.5318248096487597, 1.493440138039582, 1.5296516502880393, 1.5207009535190226], "nmi_tw": [0.2974332923864792, 0.29617994569598977, 0.29865829942499844, 0.29168658922657686, 0.29130107680530415, 0.30180335814590514, 0.3014764788948534, 0.29337689577049714, 0.30098639867774835, 0.29903905965541827], "coh": [-2.41994001697393, -2.3804193024710845, -2.3928033301865943, -2.273665588381573, -2.4466626284612873, -2.2416252641417307, -2.3933557462277126, -2.431732053058875, -2.29742858010095, -2.380706819012141]}