{"p": 0.8, "p-emp": 0.7993218391452019, "t": [20.964275121688843, 20.4329776763916, 21.427600383758545, 19.797138452529907, 21.232911825180054, 20.559329748153687, 21.077775239944458, 20.80678939819336, 21.518862009048462, 24.44551658630371], "nmi_acc": [0.050193385545146414, 0.04341531332902947, 0.04569923069519342, 0.04547380642010717, 0.04381311984270657, 0.049372684410375595, 0.045508745532377555, 0.04548231590285571, 0.04886190412097532, 0.05362806867972471], "nmi_repr": [0.12604085940579987, 0.12420825652246134, 0.1244645745264976, 0.1262303209329983, 0.12797106698545518, 0.1299375925671754, 0.1257924595935862, 0.13342129960677582, 0.14002313708757583, 0.11833465623531478], "mi_td": [1.1778358260218487, 1.229951473722032, 1.3815969859953867, 1.2103488583025999, 1.36346729552184, 1.255587928118639, 1.3522146414285725, 1.3733960402996048, 1.4730885970817083, 0.9247210104058189], "nmi_td": [0.22699358914116577, 0.23414415223795607, 0.2567201053957059, 0.2314639670585346, 0.25458187621099987, 0.23788692606382722, 0.2529035849689594, 0.2571203741444123, 0.2722501897674117, 0.1849472288856393], "mi_tw": [0.08175076648815001, 0.09678183342079386, 0.12205886392016764, 0.09139012682901299, 0.09920673352099364, 0.09337866394564595, 0.09806685722512301, 0.09047321468302137, 0.08587249554430755, 0.09293319383495285], "nmi_tw": [0.03953481269577151, 0.04539627290547739, 0.05399182659783117, 0.04335252464120479, 0.04439417755636404, 0.043289910554075606, 0.04406061373986294, 0.04074602419740651, 0.03750289291716538, 0.04946189107168508], "coh": [-0.014216474343930799, -0.01396755489517556, -0.014353086994877282, -0.01342699231607577, -0.013723694412845187, -0.013592722814742057, -0.013835631869734457, -0.014180404830872267, -0.014892051313017973, -0.0121919804566414]}