{"p": 0.5, "p-emp": 0.49981477097057225, "t": [39.05658507347107, 34.656086444854736, 41.480846643447876, 40.879599809646606, 39.860143423080444, 37.914058446884155, 47.88625931739807, 36.33175230026245, 33.230814695358276, 34.7385516166687], "nmi_acc": [0.03536795990084067, 0.028143962543471294, 0.031226492858781388, 0.036565364321621795, 0.03326819543333744, 0.03010520709718279, 0.029021026763184056, 0.03752004771562239, 0.02352806626588786, 0.027823551128223625], "nmi_repr": [0.08385627686182208, 0.09283804299258214, 0.11254466337123767, 0.10980760597054773, 0.08614833369274466, 0.0928075278660144, 0.09316384433853049, 0.07404332735063444, 0.0802720221185874, 0.10485110298431072], "mi_td": [0.3309510070973038, 0.256188936229501, 0.35103136099470966, 0.2437329456741992, 0.26917778692822175, 0.27482845603056055, 0.3158834668338918, 0.2583159593886176, 0.14303420724972626, 0.2087126336292959], "nmi_td": [0.06711208484223492, 0.05341848810714914, 0.07116998589884768, 0.050113360206887336, 0.055587768820832405, 0.05704785110858213, 0.06389779453190798, 0.053309683796133586, 0.030800194625185563, 0.0438432588063844], "mi_tw": [1.0085088811821237, 0.8236050573130196, 0.9208649361308101, 0.9705006005852328, 0.9031870805155711, 0.915714488525843, 0.9706192997356983, 0.8391254518526906, 0.7892025905012485, 0.8946769103126204], "nmi_tw": [0.3233795123895327, 0.2760790569117224, 0.29518387930062195, 0.31809589321758625, 0.29810821217112493, 0.30474608047339435, 0.31001183660414505, 0.2766734228974336, 0.2787445890836953, 0.30351039968228344], "coh": [-1.0053325119278822, -1.1110547531028532, -1.0868832381286688, -1.2124718266095067, -1.056121377086078, -0.9297948670446237, -1.0464625422892662, -1.2195690294489807, -1.0968132692562964, -1.0649715227118925]}