{"p": 0.9, "p-emp": 0.8999995357668436, "t": [29.72715950012207, 28.16153836250305, 28.620710849761963, 30.692949056625366, 31.254623651504517, 28.532827615737915, 30.273672103881836, 27.97488021850586, 28.045416831970215, 26.95213770866394], "nmi_acc": [0.05706414035975788, 0.05238460113420405, 0.05295944821275064, 0.05893543589576828, 0.058482062016681914, 0.05664672087768763, 0.05321741263274808, 0.05548689825646834, 0.05245850951224595, 0.0525330142946712], "nmi_repr": [0.13607403878192717, 0.1355800898645934, 0.12606267554425737, 0.12963820670985898, 0.13169291014145063, 0.13287699872618972, 0.13159888397846126, 0.13329764408453076, 0.12841040113781202, 0.132475674397206], "mi_td": [3.659669947368673, 3.5199879761593182, 3.5269613571507117, 3.580122537846697, 3.6155676628565243, 3.5785583534630576, 3.5896447321109566, 3.5150774614840112, 3.579388707489924, 3.546072419134054], "nmi_td": [0.5771006595255259, 0.561008452226779, 0.5619209504185674, 0.5673338599977468, 0.5717933881045214, 0.5678202440641679, 0.5688564840570607, 0.5594753364051661, 0.5680287923792761, 0.5637149994156287], "mi_tw": [4.144527741376818, 4.022804084196342, 4.02742741258929, 4.100428761666186, 4.111409741975125, 4.080942013530206, 4.09649913682887, 4.041906113446917, 4.0777233341711, 4.05443569146713], "nmi_tw": [0.559488929158391, 0.5480196042972763, 0.5484834839495075, 0.5558651997407315, 0.5563903905654797, 0.5538361811315697, 0.5553439002141306, 0.5499912352316677, 0.5534633623843659, 0.5511164188119179], "coh": [-1.6915816643825752, -1.7902091671580944, -1.74217530971612, -1.6925070290241886, -1.7197276844239566, -1.734441861803959, -1.7184026686531093, -1.6305427186517867, -1.7125282712117356, -1.725155769888309]}