{"p": 0.8, "p-emp": 0.7993355106381541, "t": [41.97229790687561, 39.907569885253906, 40.762704372406006, 41.90158152580261, 41.176644802093506, 40.40587139129639, 41.502137899398804, 39.941805601119995, 40.18314743041992, 40.886311769485474], "nmi_acc": [0.16087370838717974, 0.18779847946240424, 0.1705472241967651, 0.13061631638761534, 0.1590200753207041, 0.14874708749329826, 0.15624806002831274, 0.1528934434944234, 0.12879570273058194, 0.15088200447913408], "nmi_repr": [0.09406318411420458, 0.1023000398071733, 0.12223929783061077, 0.09046697627046998, 0.08137482162919284, 0.09816894991519977, 0.089477511304086, 0.09604512173767472, 0.08499552020664614, 0.09007881902795448], "mi_td": [1.8296748984372355, 1.7322311907546546, 1.8320025614433877, 1.8646638456448954, 1.7998354853532197, 1.7919966665458713, 1.7914258893544088, 1.8242127449158396, 1.8540692534451164, 1.8008135206128721], "nmi_td": [0.3067255962071865, 0.29450360923744506, 0.307113841750304, 0.31195181768205155, 0.30337355901637597, 0.3017374445617876, 0.30209767889497896, 0.30632566729158445, 0.31015464509762086, 0.30296799886416914], "mi_tw": [1.519418695209856, 1.512505635336934, 1.5461922919526072, 1.4848543910903385, 1.4994718551304274, 1.5145593136041098, 1.4726812800825422, 1.5187943396833954, 1.4944212827877532, 1.5110131656353116], "nmi_tw": [0.28268029458564575, 0.28582466541165447, 0.2876593491760694, 0.27562290754641555, 0.28066359558795734, 0.2831595067905938, 0.27579263013790656, 0.2830930945792686, 0.27737419841001965, 0.2822337675543772], "coh": [-2.3413404307997707, -2.3112001760880205, -2.242532234757804, -2.3149689580640103, -2.458060167508293, -2.3413844497679275, -2.302214034107394, -2.279062333968496, -2.1391016542478227, -2.453550336550638]}