{"p": 0.9, "p-emp": 0.8993374140913253, "t": [31.765209197998047, 32.57278656959534, 32.3758499622345, 33.17273569107056, 33.66172504425049, 32.18373131752014, 32.39707374572754, 32.21726584434509, 33.20448851585388, 32.01040959358215], "nmi_acc": [0.035020501952250434, 0.05091306558723355, 0.05828469692626196, 0.04640450110472651, 0.05198694265376035, 0.03876917365361142, 0.038638477545406974, 0.05821108776924459, 0.04425144448294082, 0.03861535656353585], "nmi_repr": [0.06095856363758403, 0.06485273362323493, 0.07418578065501977, 0.07281160378460022, 0.06905677807731601, 0.06714128784326732, 0.0631704289345785, 0.075556026734543, 0.0742562793142796, 0.05981934345745412], "mi_td": [2.9284189344197813, 2.9233989640616915, 2.921686967413125, 2.920289862711372, 2.924620670782268, 2.9316914108420358, 2.920920500424253, 2.925082659265744, 2.9232575640933254, 2.9235359374188263], "nmi_td": [0.4935151137608488, 0.49267799115693567, 0.49250440144560675, 0.4921248733574877, 0.49283930876448334, 0.4940548412135498, 0.49229895397189766, 0.4930471153565773, 0.49266513111933485, 0.4926751182355837], "mi_tw": [2.6002444604643182, 2.6034638691167373, 2.6027806344035143, 2.603919344313196, 2.602856400552251, 2.600521914483381, 2.5999347659254304, 2.6041290483939243, 2.6016527140466574, 2.5983617621269364], "nmi_tw": [0.3684433295936832, 0.3689050922935323, 0.3688806569203613, 0.3689512614968263, 0.3687909700273649, 0.3684752626860812, 0.3684293500255585, 0.3690530754113971, 0.3686553574159717, 0.36816582609773746], "coh": [-0.8386602294332726, -0.7648082012435918, -0.7710410152400771, -0.7625746595787893, -0.7668501192661612, -0.7695819680257516, -0.7254559558244361, -0.8517214706214864, -0.8125125699647983, -0.7707040128508998]}