{"p": 0.7000000000000001, "p-emp": 0.6979688969747493, "t": [34.706364154815674, 31.08475613594055, 36.30611872673035, 30.34858012199402, 35.219322681427, 37.37437105178833, 31.71747326850891, 29.9550883769989, 37.28783059120178, 33.61816692352295], "nmi_acc": [0.2054545319733317, 0.1946786662011313, 0.21699431752970016, 0.1694251154049646, 0.18786587501880977, 0.19138932548178883, 0.18112666787392484, 0.15214765634033356, 0.20194835641643116, 0.1631759590518631], "nmi_repr": [0.12805180110652345, 0.18565805450284847, 0.20071413351468434, 0.16997434156931723, 0.16604363948946685, 0.17204389809273438, 0.14714440132809953, 0.1559267946271807, 0.1779119500164698, 0.17965194623918607], "mi_td": [0.5330261921965309, 0.5309673123194998, 0.6284558822541191, 0.3967271140994496, 0.6232558637395943, 0.5786975665619517, 0.3872516962114852, 0.4264739460992857, 0.6239018895266719, 0.5726692448797615], "nmi_td": [0.10583523551025373, 0.1050206021808415, 0.12324341239060722, 0.08182539986202207, 0.12181637524444049, 0.11374727213662525, 0.07881109589200484, 0.08794909552476275, 0.12229457121946435, 0.11552477928490994], "mi_tw": [1.3308186388885677, 1.410905553329311, 1.3806677184563056, 1.167850468592344, 1.427467197493028, 1.3379508768413209, 1.2130726978917283, 1.1411367194976, 1.3752813747150734, 1.160264029756993], "nmi_tw": [0.3230603800583579, 0.34089119342363156, 0.33011846885951734, 0.29705010059053205, 0.3399225606228301, 0.3208048174851864, 0.3035182907242598, 0.29020800144414677, 0.328647825846926, 0.2871837004634435], "coh": [-1.5080850201369633, -1.6010700751211537, -1.4235397796004885, -1.422125494211428, -1.379689487336938, -1.4183015236145111, -1.4467508327534817, -1.4553548966801952, -1.5298154160271185, -1.5415657569287233]}