{"p": 0.4, "p-emp": 0.39998059705799827, "t": [155.7795078754425, 160.1897110939026, 172.571848154068, 161.60788369178772, 157.18073320388794, 149.35384798049927, 159.5960557460785, 154.10508918762207, 151.9213035106659, 147.1901023387909], "nmi_acc": [0.5129778392083616, 0.5211202826123635, 0.5122238268770748, 0.4932631656895279, 0.5191000310356964, 0.5086148633787292, 0.5102859352732122, 0.5107187500312904, 0.5093526615438047, 0.5303379410229552], "nmi_repr": [0.4864097600377712, 0.4738933745801622, 0.4963879952418022, 0.4707276213268876, 0.4924652590732825, 0.52763127846673, 0.4821874267017301, 0.502542631364495, 0.48510233492249843, 0.48535914093123045], "mi_td": [1.999100773523087, 1.9999941038996722, 2.0066749605721355, 2.0025484645692337, 2.007422388914132, 1.9894280991461089, 1.9962106216104178, 2.0139938272190174, 2.009642613215434, 1.999205345692546], "nmi_td": [0.3338997690919129, 0.33448302162600707, 0.3355330108345529, 0.33423048931233024, 0.33500549596517426, 0.3328000528462563, 0.3332163980537846, 0.3361936804399431, 0.33566278161555774, 0.33411005888997414], "mi_tw": [2.0850073721591045, 2.077515497330922, 2.0748429265251938, 2.0941149500517695, 2.1001607857912723, 2.075303513650258, 2.0929925943430305, 2.0857493117698467, 2.0852813767017517, 2.088095354272909], "nmi_tw": [0.327236901756352, 0.3264591421467511, 0.3259777147715782, 0.3284399644012296, 0.3293526554694142, 0.3261890128859089, 0.3283044047416758, 0.32717630699323696, 0.3272819785165711, 0.3278993747491024], "coh": [-2.219002280377755, -2.359419495710483, -2.163503772564297, -2.1516721496378315, -2.264902721188508, -2.2864793366998377, -2.293629909880302, -2.3698323566740584, -2.160533994546442, -2.3123582511783347]}