{"p": 0.7000000000000001, "p-emp": 0.6999763241090204, "t": [40.91030192375183, 42.01880741119385, 49.72224569320679, 46.31812334060669, 40.99015831947327, 40.66571807861328, 43.20243167877197, 42.006065368652344, 41.33068776130676, 39.69348430633545], "nmi_acc": [0.0817736297788803, 0.07850722934272146, 0.10086938047159816, 0.06352544026789136, 0.07944221145023718, 0.08474570726267837, 0.09973433301505498, 0.07497545340731433, 0.10938361901739461, 0.10444346880837843], "nmi_repr": [0.06674392925461224, 0.06104065239584132, 0.06311836565929835, 0.056352489951291884, 0.056211774520471214, 0.05874461724507692, 0.05752416178974001, 0.060826365063283296, 0.07000414337367107, 0.07435814071932047], "mi_td": [1.620822235189344, 1.7251274976111204, 1.7618394901864654, 1.636806297249833, 1.6931173715672947, 1.559909630109975, 1.6842569845545015, 1.7073025325519027, 1.720318073060229, 1.658150116615332], "nmi_td": [0.27981963039396845, 0.29526764226250235, 0.30077186659768834, 0.2821166299293929, 0.2904161532406261, 0.2704868052716078, 0.2895794038815099, 0.2926458963183894, 0.29509043676224705, 0.28593352685754775], "mi_tw": [2.8171180476076274, 2.905403760945454, 2.921345814565253, 2.837214934316685, 2.893346382800805, 2.7728042107594915, 2.8496986670777082, 2.8848738987081353, 2.885394488313656, 2.8327179956856656], "nmi_tw": [0.40210205717926695, 0.4117527987457061, 0.4131258031943219, 0.40442243496690944, 0.410778673233805, 0.397213424249322, 0.4053732845832142, 0.4093403155234934, 0.4096596145344195, 0.4039428013552146], "coh": [-2.0108094123885625, -1.9748717223013246, -2.0364779353067592, -2.088038477565271, -1.901960233128289, -2.0438019613847334, -2.072382629537612, -2.0472316944248448, -2.0105756224821127, -2.087611332292551]}