{"p": 0.2, "p-emp": 0.19998792993793202, "t": [56.7374906539917, 62.35514187812805, 69.49383234977722, 58.376216888427734, 60.97257685661316, 68.95906162261963, 64.1351089477539, 59.71582913398743, 66.13137602806091, 62.67115569114685], "nmi_acc": [0.02961404421058571, 0.04315176319399885, 0.03407205395274141, 0.04287475141413705, 0.04899429765025627, 0.02731022566698637, 0.04933760772539177, 0.02829118251244331, 0.08567150642006156, 0.06279173289099518], "nmi_repr": [0.168272850403451, 0.13809506592295592, 0.13397892843101092, 0.13195085863698428, 0.1199717062738583, 0.1503472001016987, 0.1542061372339322, 0.1313946587930591, 0.09367486955915297, 0.10676564210862745], "mi_td": [0.30046548052939237, 0.2795944636518357, 0.39855227572199586, 0.22023900946883826, 0.37367450453531376, 0.44379941620362956, 0.3521605377353407, 0.27600923458873383, 0.3732617669928482, 0.34100009106592516], "nmi_td": [0.061267738652077866, 0.05623569008987819, 0.07933151856618248, 0.04477604949097617, 0.07413087191320625, 0.08848269229565746, 0.0700432561891703, 0.057054801852183715, 0.0721016100974183, 0.06739193616379108], "mi_tw": [1.12816675576499, 1.2645298651504695, 1.2364591360029455, 1.1947409850558655, 1.3258685085918185, 1.2131385236473442, 1.237504113562424, 1.0315964569419072, 1.4171393497741958, 1.3705028713194862], "nmi_tw": [0.2751880247145186, 0.30343987653201604, 0.29304381597344675, 0.2903971755551309, 0.3129835923094132, 0.2880779644621971, 0.2930223820951046, 0.25578256545213673, 0.3241125299515286, 0.32205926402377066], "coh": [-2.2054237393318274, -2.129443827199259, -2.0099802413192087, -1.8620749151188978, -2.002831081540769, -2.026629500601894, -2.0943558583289965, -2.101386204543862, -1.599451037938602, -1.7615892593788605]}