{"p": 0.0, "p-emp": 0.0, "t": [84.85554695129395, 84.29030251502991, 84.47990298271179, 81.20844721794128, 82.64787673950195, 84.77283048629761, 84.45308709144592, 82.53394556045532, 83.8827006816864, 81.82834339141846], "nmi_acc": [0.033132470407197266, 0.026749919930632284, 0.027558582916640557, 0.02634686618073184, 0.026749919930632284, 0.026774572192488577, 0.026749919930632284, 0.0275540697145279, 0.026749919930632284, 0.034696434313984705], "nmi_repr": [0.17325952684532345, 0.16450343103097395, 0.16817513935957304, 0.15630242827339175, 0.19808740506354752, 0.2195329299691975, 0.2110241631238396, 0.18613057919650502, 0.16224878851168706, 0.12013233980230825], "mi_td": [0.6015550757973903, 0.598491725416693, 0.5470729467765924, 0.5817721652884422, 0.5732673891155711, 0.6650346760251998, 0.5948283416228696, 0.5681581472523296, 0.5697808426530357, 0.5252501849446964], "nmi_td": [0.11594340443138523, 0.11894182323522778, 0.10771002138059918, 0.1148572404012759, 0.1157303725911422, 0.13350810539900673, 0.11843219541402097, 0.11165536713828855, 0.11129585945551812, 0.10027492904172432], "mi_tw": [1.7400027622952, 1.4897895951225109, 1.5890439778022352, 1.555091315073104, 1.3564458213900166, 1.373814539135151, 1.4746202466005836, 1.608732588497762, 1.6423253718236184, 1.8751217388272157], "nmi_tw": [0.34367759556395755, 0.3036455758633775, 0.32078120018194306, 0.31481379132203663, 0.28095307225826116, 0.2829239998577789, 0.3011233396827568, 0.3241425826298194, 0.32885596385994104, 0.36676176049779974], "coh": [-2.288779687452189, -2.2004032891795573, -2.3135268766302373, -2.087994392806599, -2.2297606901377756, -2.1837424282436797, -2.390640770230432, -2.2812256372211843, -2.188901071272281, -2.261730653710888]}