{"p": 0.9, "p-emp": 0.8941260578713053, "t": [25.89331030845642, 28.405869483947754, 27.642356395721436, 28.590335845947266, 25.542349815368652, 27.048846006393433, 25.7800395488739, 26.603413820266724, 26.99651074409485, 26.016054153442383], "nmi_acc": [0.012303357828999759, 0.012620322457666996, 0.011767803181815719, 0.012919342174149247, 0.01043195444005512, 0.013122625636433363, 0.011805083107479403, 0.01010568919156921, 0.009821955754939684, 0.008957166795593736], "nmi_repr": [0.12361101310989356, 0.12641299580090154, 0.14147340505940792, 0.14420868438454754, 0.14566968714369613, 0.14206129503613893, 0.13242557267849434, 0.1388517621404067, 0.14685478570648353, 0.14041257456842418], "mi_td": [0.5687838776325168, 0.5655914480897106, 0.5708649127461951, 0.5645408117631384, 0.5691838901833278, 0.5649072424317424, 0.5710207643688067, 0.565958309331556, 0.5657237065521007, 0.5648837035544174], "nmi_td": [0.10054769924353728, 0.09995110672987427, 0.1008445444558066, 0.0997511537505097, 0.10054482821704708, 0.09984558465843682, 0.1009318623149824, 0.10001795475056022, 0.09996747950054574, 0.09980525252133715], "mi_tw": [0.6629614218680854, 0.7539526726407166, 0.750969771829826, 0.7643402692679576, 0.7566931604204783, 0.7339243179762418, 0.6857908289426846, 0.8006719228443978, 0.7286540990169434, 0.7588454055990294], "nmi_tw": [0.3059958377206662, 0.3477007916054435, 0.3459805858197169, 0.3523595646271258, 0.3485924628607171, 0.33860050711151474, 0.3164407326494582, 0.36926576312473236, 0.3359724415182119, 0.3497671177953427], "coh": [-0.02345619513787452, -0.022572925987067383, -0.021543285304953395, -0.022089556553646465, -0.02178935470072404, -0.02302080993910833, -0.02185225651599621, -0.022723026913528593, -0.024485835819988512, -0.021733911675760602]}