{"p": 0.5, "p-emp": 0.4085434749547987, "t": [63.77082848548889, 62.12878894805908, 62.237998247146606, 63.39883041381836, 62.340545654296875, 62.2294807434082, 63.97635269165039, 64.95274424552917, 62.39163017272949, 62.59948778152466], "nmi_acc": [0.1642753379189464, 0.150842355616752, 0.13420937145163228, 0.17803550230507775, 0.1670438871901539, 0.16275647183289377, 0.1830798678633045, 0.1276268126404806, 0.16508783780933226, 0.1640329128772771], "nmi_repr": [0.1041587003616219, 0.09733786966985963, 0.08338799315358764, 0.0851233261317386, 0.09773943045832029, 0.09963770682315846, 0.10145150417024883, 0.0829262478869544, 0.08596120743621358, 0.10096209001965424], "mi_td": [1.7673299675193301, 1.819026913241208, 1.6909581189780596, 1.7546941479857925, 1.7600080979664614, 1.8148330326059339, 1.861010431434039, 1.8146665314928025, 1.7169241175415846, 1.575109392689591], "nmi_td": [0.3287399792336571, 0.33616165315751023, 0.31687449883816804, 0.32721935873715174, 0.32778498739116624, 0.33590442699447265, 0.3428460803472922, 0.3349764497139458, 0.32289158789758526, 0.3004582159583677], "mi_tw": [0.7138078554960445, 0.7187912117363032, 0.6792631102854394, 0.7252022901056918, 0.7057277067572215, 0.7261697467140439, 0.7472711514772655, 0.6979731122171723, 0.7043165283741382, 0.6735578847426272], "nmi_tw": [0.12333972436640926, 0.12345218385061431, 0.11818154391013155, 0.125604455755716, 0.12208434256429745, 0.12489838336719322, 0.1279709511814326, 0.11975063253570492, 0.12294744975308342, 0.11913752876866397], "coh": [-1.2959177873784902, -1.2336248107459018, -1.48777407698681, -1.3696404126670836, -1.2031655056299158, -1.2625972666385483, -1.1986153862067987, -1.1334505233344312, -1.2780382908445174, -1.5059562867288363]}