{"p": 0.8, "p-emp": 0.36451680291909805, "t": [69.83401584625244, 71.46136236190796, 71.83606934547424, 70.24931311607361, 68.78811168670654, 67.58395648002625, 68.9358263015747, 69.86410665512085, 67.90280818939209, 69.030681848526], "nmi_acc": [0.04450241337826489, 0.056591472949948984, 0.05375126647587292, 0.06057600152479812, 0.06022370692583982, 0.062369757039802756, 0.06217581249444556, 0.06755646315755996, 0.050410942067340404, 0.05554202410137768], "nmi_repr": [0.029519143723440826, 0.02829203619669752, 0.03864210329735751, 0.03540373299881031, 0.03707339474571864, 0.03892025432589903, 0.03454237372953296, 0.03815372301308791, 0.03278466918281537, 0.03463229520828822], "mi_td": [1.512177113343074, 1.627116618073706, 1.5726984790808727, 1.4971644460312075, 1.64639210343372, 1.5162599685660627, 1.5154055467302807, 1.3913234356766995, 1.5262739395107427, 1.5873334978106408], "nmi_td": [0.27611705080825083, 0.2935333159208813, 0.2857805109160038, 0.27399301918040875, 0.29638836521823286, 0.2770643194887168, 0.2768302969550804, 0.258295476507484, 0.27850929476837727, 0.28741391609171846], "mi_tw": [1.026975613967805, 1.0759659444519027, 1.0475633519565746, 1.0469761979114163, 1.0768606642272551, 1.055048622498128, 1.052742032291306, 1.0147171106640847, 1.0477573262735929, 1.0786154917241346], "nmi_tw": [0.16979949313878737, 0.17596105604089315, 0.17244534739514217, 0.1734601981789847, 0.17577283820920345, 0.17455616467270674, 0.1741301793402199, 0.17030758239337215, 0.17313320763956788, 0.1769846834247076], "coh": [-1.4152972789656246, -1.3724756404534435, -1.2878478797246102, -1.273964913445611, -1.3797853199806813, -1.1905059056375336, -1.210882059556959, -1.3974149083596235, -1.2431230249380558, -1.120435076448771]}