{"p": 0.9, "p-emp": 0.8999995357668436, "t": [23.084187507629395, 24.13757300376892, 24.228551626205444, 23.86243772506714, 23.054961681365967, 21.970245838165283, 24.868623971939087, 23.325342416763306, 24.068958044052124, 23.524168252944946], "nmi_acc": [0.05334874304254738, 0.050858417459150825, 0.05564013139410039, 0.04677091136040221, 0.049123658065235394, 0.05269095262761481, 0.0559832363709502, 0.05018863908612074, 0.044194230246708446, 0.05296804078796254], "nmi_repr": [0.11995414517997575, 0.13849178024708067, 0.1324729718915812, 0.1254668375137958, 0.12291409144120763, 0.130450383651606, 0.11781460080606589, 0.12796962672630535, 0.12991321141244883, 0.12939174581880428], "mi_td": [2.905672145368049, 2.9002099652438815, 2.9040687399754415, 2.9086876705214815, 2.9045774181931128, 2.904268053636206, 2.9020400672149878, 2.9075213814314305, 2.9073505671377298, 2.901477046338539], "nmi_td": [0.5137072445829941, 0.5127195533400787, 0.5133963403183986, 0.5142058126702674, 0.513502100656675, 0.513397907948541, 0.5130231753434541, 0.5139712429706026, 0.513973240384696, 0.5129254226607523], "mi_tw": [2.7438043161232604, 2.746035005695238, 2.742218088597037, 2.740888030396504, 2.7440109885354502, 2.744686952970809, 2.7471997491022075, 2.7449994949985426, 2.7411784217613935, 2.7434447734798684], "nmi_tw": [0.40815193549330697, 0.4084690078549789, 0.4078976404194422, 0.4076950705097099, 0.40817491927149663, 0.40824235134637155, 0.40862891424958053, 0.4082876572277257, 0.40774080445632194, 0.4080715752941002], "coh": [-2.5223989972405954, -2.624842067197501, -2.5958767881322418, -2.628865407608502, -2.6082087585329035, -2.6091305939812126, -2.6555597270014033, -2.5625082909316435, -2.522302586834769, -2.57114807266566]}