{"p": 0.1, "p-emp": 0.08460742123123921, "t": [61.37596011161804, 58.4520103931427, 55.8454794883728, 61.551491260528564, 60.09800624847412, 57.678141593933105, 52.14498543739319, 60.71472716331482, 62.60247492790222, 61.73465585708618], "nmi_acc": [0.0647436494961006, 0.08266805699939399, 0.051533656490933284, 0.08008195494821312, 0.10856424024416735, 0.05813390805322432, 0.05106445433357892, 0.07478952832050885, 0.06365156824934959, 0.08353645788187022], "nmi_repr": [0.05378034741639909, 0.06382874238753462, 0.0652093942208333, 0.06305178738646725, 0.07961491532911195, 0.07689422642960417, 0.0849147506243025, 0.08221225446251479, 0.06454066668565489, 0.06809821375511454], "mi_td": [0.8999166861184984, 0.8995280981961447, 0.5115791968308181, 0.8973930467156531, 0.9780645842787229, 0.8053450689017436, 0.437324085983841, 0.9749992460149653, 0.9704983990109177, 1.0485404776234797], "nmi_td": [0.17917110982522164, 0.17919887053693223, 0.10990470963739211, 0.17876120729785966, 0.19337225369739794, 0.163623815182983, 0.09608599844636222, 0.19175150978134087, 0.191099865597002, 0.20316647615911826], "mi_tw": [0.38037079792813583, 0.42991608658157565, 0.3110717194573972, 0.3982657775039361, 0.41631234264411154, 0.4050622231878224, 0.29506465337026194, 0.45166637504188945, 0.38982338617899415, 0.4628994779055059], "nmi_tw": [0.07947758083302887, 0.0898852923436384, 0.07041049133523061, 0.08326193331188898, 0.08635110522219129, 0.08645657436599169, 0.06838742812548992, 0.09316697625534784, 0.08051357852328347, 0.09400475719781057], "coh": [-1.2102686715668471, -0.6914480842546002, -0.9576562477057543, -0.9181475387453165, -1.5253281144191855, -0.7844907893043083, -0.980758719123558, -0.7688329528920553, -1.2434290845671683, -0.8785681826153755]}