{"p": 0.4, "p-emp": 0.39998760835647373, "t": [132.43744492530823, 135.2144181728363, 136.6903965473175, 140.36493039131165, 136.65791726112366, 137.0638303756714, 137.33047032356262, 135.18942523002625, 139.9371976852417, 138.3447437286377], "nmi_acc": [0.24424003475715197, 0.23998814243145583, 0.24016130162479085, 0.23696454131209302, 0.2802229585208833, 0.27260864106474036, 0.2283135324534002, 0.2565370690047271, 0.25520234678579284, 0.2585055917144427], "nmi_repr": [0.26285104098105805, 0.2756273121487602, 0.28990011435341373, 0.29563195967485534, 0.28457814659139, 0.2639151087265746, 0.2629036383982335, 0.2862438822691474, 0.27048736202094387, 0.2756640545504413], "mi_td": [1.0192457977913203, 0.9923519302882787, 0.9775495981313511, 0.9757630061210507, 1.1193036621341386, 1.0855212483872054, 0.985182169952716, 0.9925054255570145, 1.0205769747669313, 1.0306865140709596], "nmi_td": [0.1914138954106568, 0.187160353269389, 0.18250854022697272, 0.1847538360896771, 0.2104009937409977, 0.20124632474005755, 0.18594686540239974, 0.18482241148297346, 0.19094443758381527, 0.1926608790938704], "mi_tw": [1.3794706199758582, 1.4299824912189414, 1.4708390837485592, 1.4388034872221103, 1.3263039826499348, 1.36869995792493, 1.430305697003363, 1.447221531520725, 1.400093769721075, 1.391802527407445], "nmi_tw": [0.2752229959185927, 0.2865975469630106, 0.29162765988768424, 0.28956829658590616, 0.2648780444291782, 0.26935707938637093, 0.2868898073997737, 0.2861583517067417, 0.27822389528103686, 0.27630970451636494], "coh": [-1.1758415800294635, -1.0709037934848153, -1.1028989519483643, -1.224585596757553, -0.9391267465992279, -1.0302274562243574, -1.2328259334122018, -1.099492857181057, -1.0862457630587121, -1.2526482776750831]}