{"p": 0.2, "p-emp": 0.19075301764682684, "t": [74.09667301177979, 73.57155323028564, 73.96470856666565, 74.46417689323425, 73.55961585044861, 73.02239847183228, 73.81775116920471, 76.2403473854065, 74.7370913028717, 73.8155255317688], "nmi_acc": [0.17784624340344363, 0.19968471514580532, 0.17030371350096168, 0.1936059682955954, 0.19221657358148134, 0.1421159012823513, 0.15411861807312519, 0.13271682469620874, 0.14707705372852786, 0.15068527281206617], "nmi_repr": [0.10430225617818724, 0.11702015867113666, 0.10531709076075872, 0.10383621422885092, 0.11491856979314125, 0.10096570818144301, 0.0947207306643564, 0.06675903406161994, 0.06267470933596808, 0.0802793976985371], "mi_td": [1.602966767174439, 1.0813236455398962, 1.3666070373365433, 1.4980432745237504, 1.3827751926893117, 1.3374742924239422, 1.437544126385572, 1.341294906078855, 1.4031021865441726, 1.5288591425502758], "nmi_td": [0.30458870359110707, 0.22210573124520924, 0.26788157193770024, 0.2899309190861482, 0.27170261593129263, 0.262839534687376, 0.2795522274718252, 0.26324809221938317, 0.2734556703250547, 0.2934515284257492], "mi_tw": [0.4589987004885516, 0.35496429649039063, 0.4073431305452691, 0.44562926433657596, 0.4272426009750519, 0.4070770826829795, 0.42552580527536354, 0.3876012993471991, 0.4105618626880243, 0.43990560248033395], "nmi_tw": [0.08765037250159728, 0.07330212750814215, 0.0802566119517847, 0.08668360111241404, 0.08438075068232496, 0.08040976965880357, 0.0831708722707401, 0.07646280054953768, 0.0804238178695108, 0.08486005469668981], "coh": [-0.3554941722550935, -0.747619934021111, -0.6796261035544582, -0.5500048610816847, -0.68205734973058, -0.6355292155967867, -0.6371450426938596, -0.6299971283673509, -0.7106373025919348, -0.5522295594911839]}