{"p": 0.5, "p-emp": 0.4992690125805974, "t": [88.72582769393921, 87.85583806037903, 89.154461145401, 88.42998790740967, 88.47095918655396, 88.39316749572754, 86.86564660072327, 86.74299144744873, 84.86171793937683, 83.26219654083252], "nmi_acc": [0.11537321070720938, 0.12429139374979066, 0.13886852692012103, 0.1515420033499929, 0.13635044720484307, 0.136273744820622, 0.13204943362185387, 0.12141156409747252, 0.11390163961666408, 0.11662541349602432], "nmi_repr": [0.037152610075995435, 0.037461447664636334, 0.039395922513561735, 0.04700507794137681, 0.04556925959243339, 0.04025810044699513, 0.04241302787222474, 0.03348333114295057, 0.03447000003505612, 0.034700974053624815], "mi_td": [1.6585890896310123, 1.6647787966668546, 1.6614584319376584, 1.6547867312676434, 1.6479036962346716, 1.6560156133069355, 1.6597775108698811, 1.6491161168417676, 1.6551891851703615, 1.639998020539467], "nmi_td": [0.27566440600017283, 0.2766564098024357, 0.2761334936947711, 0.27560027730708553, 0.27420474807769096, 0.2755900402038858, 0.2759662164927805, 0.2746972511286646, 0.2753326465606664, 0.272983006395737], "mi_tw": [1.7884232973853544, 1.782724715410685, 1.7922095248289527, 1.7901257600424345, 1.7890248431219393, 1.7896927109456677, 1.7862821354495475, 1.761220248338428, 1.7776715983191387, 1.7777629960002244], "nmi_tw": [0.271414970643656, 0.27051732840796444, 0.2719825534704749, 0.2721854132683906, 0.2717925364763513, 0.2719259822039318, 0.27118360081283477, 0.26782723207466086, 0.2699921823458544, 0.27016630787254203], "coh": [-3.276507638448875, -3.1232816600154805, -2.8965157323862747, -3.0816035100641033, -3.12399432410473, -3.009465529722724, -3.03850351653202, -3.1115001051524738, -3.2532387722975797, -3.2854342237786085]}