{"p": 0.2, "p-emp": 0.18242358017111737, "t": [98.18337225914001, 96.57175803184509, 103.81886625289917, 103.03756523132324, 93.05466794967651, 100.16635727882385, 105.12938141822815, 96.98766756057739, 101.82379460334778, 96.05897045135498], "nmi_acc": [0.18784163474781174, 0.14968215100706253, 0.11079625590290687, 0.1857160478468519, 0.10235366969232759, 0.09455261783904305, 0.2070713315879, 0.09799050563834749, 0.12061103950487273, 0.10836520288759653], "nmi_repr": [0.1728134231138389, 0.180477508621729, 0.20372778735936672, 0.21112689095748519, 0.19435337711411854, 0.20463671281462392, 0.19948255151715108, 0.1883666832107388, 0.2301205990361304, 0.23342656688929336], "mi_td": [0.6678484330286727, 0.5929325777664034, 0.7246941794660872, 0.7201337002818894, 0.607314417063611, 0.7252599773714861, 0.6760932596599825, 0.6221453085174541, 0.744348977119792, 0.662942470990558], "nmi_td": [0.13043163158851995, 0.11666655786681362, 0.1450035662494016, 0.13833299554839895, 0.12012975906558132, 0.14453834578484445, 0.13081336708336147, 0.12387985112581468, 0.1476073056697916, 0.13417202029553157], "mi_tw": [1.6892203228241627, 1.6504283302692782, 1.4376824411433968, 1.7769455290690086, 1.5855104798973239, 1.4836752765299903, 1.7745292198667348, 1.5303413724116346, 1.5161892784717044, 1.3770209802267865], "nmi_tw": [0.32942065657079034, 0.32425932194226653, 0.28723059870668194, 0.34084489094174636, 0.3131536244648541, 0.2952396391272082, 0.34284209694597567, 0.30425951857248285, 0.30021635906487376, 0.27826780587465066], "coh": [-1.9796071795701324, -2.152219703561721, -1.9914330361714991, -2.0350960808139087, -2.1324273822974904, -2.1651433105241065, -1.8337278546676536, -2.1347527448527908, -2.0062930351391577, -2.2629892138929444]}