{"p": 0.7000000000000001, "p-emp": 0.6947645306101757, "t": [26.607413053512573, 28.22820019721985, 28.371692419052124, 26.610607385635376, 29.055893659591675, 28.40182638168335, 28.06717324256897, 26.586222410202026, 26.92694640159607, 26.290877103805542], "nmi_acc": [0.049161653592366475, 0.03397976528567111, 0.0427841918792898, 0.05254441971737821, 0.03898875237658314, 0.050639868967945985, 0.040194471066311264, 0.04710670911855588, 0.05107406233310322, 0.04285877364002304], "nmi_repr": [0.06649385063405829, 0.0696961889158978, 0.06070045816554096, 0.07123388715593149, 0.06923268905225034, 0.0681869664507623, 0.07841000592717882, 0.07855692109043814, 0.08078254463210656, 0.07955479566607511], "mi_td": [1.456386794063427, 1.1063668329953738, 1.1554631113515086, 1.4008908928162924, 1.1300570467949853, 1.3659788096126466, 1.4231349945877703, 1.3631829059140628, 1.3786936042855196, 1.368362628767146], "nmi_td": [0.26351467931870876, 0.2092668360500613, 0.21642399694593029, 0.25536085254093593, 0.2120737942298263, 0.24993352646363812, 0.2593211469957125, 0.24965555503721604, 0.2520390131375655, 0.2508197777061239], "mi_tw": [0.10471041383422688, 0.09440887234772377, 0.09092453820363036, 0.10579067418496181, 0.10304060077802384, 0.09189112542199204, 0.09934650176919456, 0.09421709435171081, 0.09527928989126508, 0.09923256067425225], "nmi_tw": [0.037239150587175966, 0.03670738361358656, 0.03465182790805616, 0.038177980107190694, 0.03942382756189578, 0.03340974852969283, 0.03582655530996083, 0.034319232429868646, 0.034581377951644496, 0.03620805404361302], "coh": [-0.045543835029837484, -0.04924017369813084, -0.04794394364934876, -0.042846866016304906, -0.04603005350374729, -0.043617522040133194, -0.04780139769153374, -0.042103219873856276, -0.04546727096281415, -0.0496986078568306]}