{"p": 0.1, "p-emp": 0.08819130119911422, "t": [77.48683023452759, 79.21665120124817, 76.0220136642456, 78.77346181869507, 79.96753263473511, 80.72017788887024, 84.25897407531738, 80.15370917320251, 77.18685150146484, 78.643874168396], "nmi_acc": [0.04885478414198328, 0.03117262316491974, 0.026749919930632287, 0.042541800595219746, 0.033632834086507635, 0.03552947040938719, 0.04011359416098765, 0.041482177649802214, 0.030427413956044397, 0.03241645802899666], "nmi_repr": [0.17524118117320273, 0.17462896210791065, 0.17577028071670073, 0.14623226034399106, 0.13619876553879093, 0.1689964756253517, 0.16163578825344418, 0.17193222688521234, 0.16633116475873358, 0.1674375558745004], "mi_td": [0.6648630136836051, 0.6760152834070629, 0.6180205154846571, 0.6318464637386543, 0.6931647664245613, 0.6706016030492078, 0.6489551792302747, 0.6910333272826691, 0.6508058915622789, 0.6180625609847468], "nmi_td": [0.12846239217920372, 0.13132063043569034, 0.12221259470185934, 0.12096667716963154, 0.13524279914261447, 0.12925369077192514, 0.1259919957900395, 0.13364495680772334, 0.12718118678616172, 0.11952715680857907], "mi_tw": [1.7402205399857877, 1.6842589172722051, 1.5482378911880863, 1.8825549846762841, 1.6263736236868467, 1.7680220845441235, 1.707017942601068, 1.7253553350944832, 1.6144483448591207, 1.751914957302815], "nmi_tw": [0.33295188373721923, 0.3239632817146816, 0.30309902682146267, 0.3569225960585378, 0.31418811829711296, 0.3374502930372634, 0.32815518236891567, 0.33041631247435316, 0.31237801563388756, 0.3354877830198272], "coh": [-2.2594500963423414, -2.2713223333128316, -2.3045325236476186, -2.2695399103630005, -2.4017129220454922, -2.2493649644619187, -2.157529320356993, -2.370072629931346, -2.26826600957067, -2.46224512616566]}