{"p": 0.4, "p-emp": 0.3993395631513571, "t": [86.69022297859192, 83.95799374580383, 84.3169379234314, 86.0851321220398, 85.47304511070251, 87.77999234199524, 84.01712918281555, 77.4962682723999, 82.40012741088867, 83.4338493347168], "nmi_acc": [0.20913257934295404, 0.2565296655128297, 0.24669904856039568, 0.20783099281784162, 0.23023130001479628, 0.2609956038066605, 0.29892158018568654, 0.25267787784394835, 0.2142234857699949, 0.20804860709725131], "nmi_repr": [0.1788777568489932, 0.17236752836160327, 0.1591492625784404, 0.15232330171656533, 0.1503842723217796, 0.15628291449373943, 0.17265572325155948, 0.17580340660539248, 0.14795922519506163, 0.14115358596706745], "mi_td": [1.2310649188416152, 1.3624543665859303, 1.5118767609097752, 1.3638523805648517, 1.3386772977776435, 1.5014156188015835, 1.351404823506624, 1.2288231189436645, 1.535487699127202, 1.1874685631178177], "nmi_td": [0.22041089545923193, 0.24017593132073844, 0.2596277207356739, 0.23864852530065414, 0.235316368140754, 0.25914121313626703, 0.23861617082550765, 0.22063517793120482, 0.2624708898358939, 0.21437418762093455], "mi_tw": [0.9762654748630708, 1.0335654071029277, 1.1360673929372438, 1.0674934398867375, 1.0637532498472757, 1.1173198856711355, 1.0532576364403512, 1.0010921953532073, 1.112950911268681, 0.981336727643927], "nmi_tw": [0.1918333915004481, 0.19966301862246724, 0.21326337424674396, 0.20455105591694162, 0.20485730229434299, 0.21090951249484258, 0.20383041598897528, 0.19732588585455108, 0.2078751210715087, 0.19459201823434197], "coh": [-2.189626512482959, -2.2976404514669837, -1.8498263382233595, -2.2616413713656085, -2.0563651058325565, -1.9898325193012667, -2.2256517070922475, -2.115809844725061, -1.768052802964906, -2.4283577412607973]}