{"p": 0.7000000000000001, "p-emp": 0.6999921144086652, "t": [88.1712236404419, 82.78549027442932, 77.52406668663025, 79.76785707473755, 78.34398651123047, 78.0013575553894, 79.17447519302368, 78.2957489490509, 79.05530524253845, 79.77505493164062], "nmi_acc": [0.33782114475706626, 0.3435415151344484, 0.3425740146187708, 0.33847702174123356, 0.3459431371397226, 0.3319987531580636, 0.3388926298540054, 0.3323921580595118, 0.34129288830895516, 0.33684877244107414], "nmi_repr": [0.4203816624575314, 0.41040243221265504, 0.39864761908405233, 0.42385281957590926, 0.403694891315421, 0.3885435135029034, 0.4199426426381869, 0.4155524958594399, 0.42301366256176715, 0.4475114716535071], "mi_td": [1.7306828918275738, 1.7614059953101284, 1.7229830911591688, 1.7100580113087205, 1.7389300613490024, 1.7292551884875884, 1.7327395512418158, 1.7205264093400043, 1.7229112687235146, 1.7314704308054263], "nmi_td": [0.31402299709130593, 0.31904888453372693, 0.3129551063560041, 0.31013567515915874, 0.3156884620627292, 0.31332768047059306, 0.313717356561125, 0.3120070662983392, 0.31311017484570675, 0.3143717782307597], "mi_tw": [2.175294250725926, 2.168801707167365, 2.1682833724104853, 2.192266953587514, 2.1652276314190497, 2.187234303671016, 2.1953711365512825, 2.191302541755109, 2.1753852552027357, 2.1760329313704303], "nmi_tw": [0.3478934196523174, 0.3463301252152843, 0.3470939877676897, 0.3504633785636603, 0.34644700472427326, 0.34937420984076933, 0.35043595507688413, 0.3502823318121982, 0.3483956992026128, 0.3482125641957665], "coh": [-1.9514173700362114, -1.9101126684633076, -2.041995863402197, -2.10258788686889, -1.927646554537579, -1.9538440728440905, -1.939077454736641, -2.005820627727654, -1.9557324520908286, -1.8835993218699176]}