{"p": 0.0, "p-emp": 0.0, "t": [190.20843505859375, 188.55960083007812, 167.15792202949524, 189.647118806839, 191.2902591228485, 193.29580402374268, 200.5588994026184, 196.03996658325195, 195.57101893424988, 189.1319282054901], "nmi_acc": [0.33616086700514497, 0.35568440740384266, 0.2667216625347117, 0.349076832281759, 0.27604721245260117, 0.35583971349444193, 0.35309322126081427, 0.3463879421756398, 0.33724100113855127, 0.39981829856195067], "nmi_repr": [0.25898946892906294, 0.2588505787523898, 0.25341483246943775, 0.24885703790859334, 0.26030421946471743, 0.25932411147689755, 0.2515862210813123, 0.22504131685179302, 0.23885858595495313, 0.25994754448878526], "mi_td": [1.1928399572252724, 1.1551932113109058, 1.1557245754075813, 1.133781394095859, 1.23225286130174, 1.1959818040115844, 1.2074733293224384, 1.1612239935219812, 1.1966565287346016, 1.104631547955311], "nmi_td": [0.20628642487081592, 0.1991233544866679, 0.20312843958685362, 0.1959700166799671, 0.21458326704097694, 0.2052631930349136, 0.2091168068279228, 0.19932428648625256, 0.2080385814926777, 0.19006925018082782], "mi_tw": [1.8949924122757178, 1.9118602420267263, 1.7141286531475999, 1.954926091238531, 1.822178778523091, 1.9873652281923386, 1.8399272269762197, 1.9877075706673433, 1.8675129298436852, 2.0130891044990125], "nmi_tw": [0.3411039724012727, 0.3429703611305806, 0.3137907935942781, 0.3516998299064746, 0.3303704196456446, 0.3549119742488289, 0.33168691448166027, 0.35502219562520604, 0.33800448864575, 0.3604614642274974], "coh": [-2.2332239879876363, -2.3621980499444564, -2.238495088735709, -2.1837182894693443, -2.381224319208999, -2.3385343653409, -2.3016659618158846, -2.4496134783860666, -2.185744057025165, -2.514025130124094]}