{"p": 0.9, "p-emp": 0.8999606415005597, "t": [23.0126633644104, 22.86276412010193, 22.804402351379395, 19.252811431884766, 17.13971972465515, 17.32693076133728, 19.233425617218018, 18.648686170578003, 19.371859788894653, 18.564486742019653], "nmi_acc": [0.1424729275330224, 0.17439191505148777, 0.18461448083480497, 0.1662865889050344, 0.16938565564531596, 0.168588205458711, 0.1910650165092762, 0.16372134113509035, 0.1687611403847807, 0.19378926015430473], "nmi_repr": [0.14170917626802051, 0.15377774680998604, 0.169235121724876, 0.17638803763091176, 0.17592190830029406, 0.17036370686179966, 0.1911980387625994, 0.17306089273067943, 0.17567146747368134, 0.20453823426107695], "mi_td": [2.511434990507525, 2.5985766731735316, 2.628820992950514, 2.6324093112787654, 2.756939407507171, 2.7039644757347316, 2.7262076418448227, 2.624740066654754, 2.7122604589495114, 2.6069570048398987], "nmi_td": [0.421354321528363, 0.4336003389453852, 0.43808897889145326, 0.4377652545124828, 0.4536864597715965, 0.4471556060088448, 0.45031998145791374, 0.4364914250579116, 0.44817994978540754, 0.43514860145923234], "mi_tw": [2.719472706101294, 2.7714589304916597, 2.8125194733062364, 2.8204455232319297, 2.926580347717683, 2.880850894859272, 2.9005895343833146, 2.817705976709477, 2.879003604467627, 2.7882796462790425], "nmi_tw": [0.46605752512728227, 0.47232511578001707, 0.47870015438388736, 0.4790191082217425, 0.49174479485338096, 0.48649026108973137, 0.48925329033474096, 0.4785555678239372, 0.48579359951868667, 0.4753590470101967], "coh": [-2.850624683168784, -2.861121243324841, -2.679305683993255, -2.819412518388962, -2.7877588748366646, -2.7547977076326724, -2.8630961774627326, -2.71320563204574, -2.8216589724967354, -2.585741868341515]}