{"p": 0.9, "p-emp": 0.8999650780955171, "t": [19.80932068824768, 20.12832546234131, 21.437893629074097, 19.842828035354614, 20.14495825767517, 20.55881905555725, 19.646869897842407, 19.903015851974487, 19.918349742889404, 20.454943895339966], "nmi_acc": [0.07608339625334724, 0.05886554416193391, 0.07389727546305994, 0.05164570582670982, 0.0670569705139254, 0.06759114163529412, 0.07599520517125886, 0.07145075256053499, 0.06454939195249007, 0.061287202736754656], "nmi_repr": [0.06141170973195669, 0.062165327791605156, 0.05191594785385342, 0.05005386415978299, 0.05448478820293044, 0.05415113184845744, 0.06731762233403671, 0.06620786637887696, 0.06171716148670725, 0.05479780342947447], "mi_td": [2.3252495358799794, 2.322067540656611, 2.3285578642709424, 2.326689249929438, 2.325744287407141, 2.333872283408292, 2.323656039369393, 2.332493861739653, 2.3177621847912255, 2.326586694315733], "nmi_td": [0.421617961522991, 0.42092022578570143, 0.4219632911606263, 0.42192747720285695, 0.4216335476402261, 0.4230916080554615, 0.4216480148567567, 0.42285866323398225, 0.42048859744306405, 0.4218927426035526], "mi_tw": [2.057740157905655, 2.0043809082085726, 2.014993694798781, 1.9935868631106737, 2.0145332008305807, 2.0101055559075296, 2.0308564293848095, 2.02825505136966, 2.0113292668641805, 2.0266093046150715], "nmi_tw": [0.3414713908068563, 0.3325293790099403, 0.3341933352013215, 0.33086026281213526, 0.3342476411149087, 0.33350186008518967, 0.3372436724422414, 0.3365254284425508, 0.33393564055027786, 0.336328970032616], "coh": [-2.775605944684353, -2.863952711324184, -2.9640066461999073, -2.9403119104506232, -2.7423137864764247, -2.9768051573552916, -2.94142194068942, -2.8246937164924177, -2.9102195309873755, -2.808060820347595]}