{"p": 0.30000000000000004, "p-emp": 0.2937529218932178, "t": [74.78737330436707, 73.40662026405334, 74.17893528938293, 81.13820362091064, 74.20659327507019, 77.14609599113464, 74.36550092697144, 72.72203803062439, 69.13606834411621, 69.02320551872253], "nmi_acc": [0.10178491237492228, 0.12677763576594786, 0.10404521170687382, 0.11789908039502056, 0.08250925692468437, 0.06645310620847186, 0.07955457968532552, 0.06471867311483469, 0.07775078068270082, 0.09898778709663747], "nmi_repr": [0.20463011368492895, 0.1924881888230155, 0.20179674882522994, 0.20559116874320438, 0.2124497654243878, 0.24482056600854638, 0.2473631962421688, 0.24187771115975223, 0.22899424570359603, 0.2248844010910936], "mi_td": [0.4776074249851665, 0.4258284865679365, 0.49119228402390736, 0.5323218958645054, 0.5004579783559673, 0.39118670958755536, 0.49271911977313765, 0.47211089753409163, 0.37697825976549615, 0.37417223026300256], "nmi_td": [0.09469586506310519, 0.08582437400972516, 0.09932805028278642, 0.1060152615145555, 0.10163667748720201, 0.0823385423221182, 0.10095577255796734, 0.0960328529914908, 0.07861561705684791, 0.07728932010802464], "mi_tw": [1.4860190611551527, 1.3845115911026407, 1.2913112900287627, 1.3681539960862943, 1.2491890603471805, 1.021741574654566, 1.2065988968234769, 1.2359436447269916, 1.1039196689273838, 1.1789087968744423], "nmi_tw": [0.3338806090558949, 0.3169101263410511, 0.2966957267222219, 0.30895426125278663, 0.288419948843483, 0.24572250025928477, 0.2814092988193354, 0.28587994777302167, 0.26269010406635024, 0.27749830812866577], "coh": [-1.445635877476601, -1.7308606955092107, -1.6621315838697328, -1.6604471310472821, -1.4610231902813025, -1.7778113684509194, -1.7677503378464121, -1.676959690848515, -1.9190482955124437, -1.6542372733907877]}