{"p": 0.9, "p-emp": 0.8998277694989532, "t": [22.863641500473022, 19.846678972244263, 21.112180948257446, 21.276440620422363, 19.360309839248657, 19.515121936798096, 22.318260431289673, 19.39146327972412, 22.59535026550293, 18.924896955490112], "nmi_acc": [0.11322191973504855, 0.10791310539521815, 0.10695040909264505, 0.1118520257720096, 0.112136995626919, 0.1135232746364545, 0.11797791589404996, 0.11165278453619423, 0.10953352259064446, 0.11369830499178865], "nmi_repr": [0.23370133879161978, 0.2113678618380439, 0.22315604301868394, 0.22723133874563348, 0.22351304885791637, 0.2246381341293617, 0.22504419684453358, 0.2230182433844923, 0.22357204905981487, 0.22127040129872624], "mi_td": [1.4949300027237706, 1.4839180296141414, 1.4813894733424908, 1.5034231656018178, 1.4586757361576206, 1.4979248897450272, 1.4798014877379306, 1.4772039447164527, 1.4775306029093342, 1.4583396622967975], "nmi_td": [0.26806406128958193, 0.265075264908675, 0.265141838178573, 0.26950035767447206, 0.2621174643648838, 0.26818990389902986, 0.26560236658125647, 0.2654944530719364, 0.2650628771820226, 0.26265732384863], "mi_tw": [1.1692461318401708, 1.200613485436786, 1.209915433567389, 1.1617892104892813, 1.1883505151311096, 1.1816043836995833, 1.1633429981995813, 1.157611869505427, 1.1734168321567107, 1.1618455070295748], "nmi_tw": [0.2758609178649844, 0.28184264367312956, 0.2847577149568887, 0.2739856846358943, 0.28115056756316675, 0.2782153727041497, 0.27480999635786446, 0.27394274559236953, 0.27700826272875484, 0.2757093436423541], "coh": [-1.99570115965553, -2.007516120384677, -1.9876312061893757, -2.0056582126822766, -1.985396751835692, -1.9942240920407766, -1.9735468251034636, -1.9882131033279198, -1.9866633776951002, -2.0008502448250765]}