{"p": 0.0, "p-emp": 0.0, "t": [295.39851784706116, 279.9990530014038, 294.5271670818329, 295.30143761634827, 287.93603134155273, 294.6265277862549, 298.6953704357147, 292.7898757457733, 292.4561285972595, 285.2623999118805], "nmi_acc": [0.476056711367281, 0.4774793002915667, 0.47083224549325553, 0.45839483902811334, 0.4617819191273388, 0.453880497011812, 0.4750074326805798, 0.45502324238095804, 0.45633351450789095, 0.4762936904029568], "nmi_repr": [0.42150442872543725, 0.40114189748939566, 0.4118014988631804, 0.4219807962453424, 0.4202051765594353, 0.41013919423828166, 0.4283839740983535, 0.4488548959975598, 0.4056059569673899, 0.40257030224173057], "mi_td": [1.6646422974918578, 1.7017428679657554, 1.65918946133399, 1.6735229210002411, 1.6739530415681911, 1.6812323824082944, 1.705819969764662, 1.6746147415358543, 1.6444302260441301, 1.6970552833028498], "nmi_td": [0.2807945159837898, 0.28594071408496435, 0.27999027873811283, 0.2822562513565341, 0.28238187812401533, 0.28304135996159785, 0.2883342795549246, 0.28314168788350585, 0.277450569993062, 0.2863257750930182], "mi_tw": [1.5952210271218612, 1.5911669128907668, 1.586625404700992, 1.5863531359752687, 1.5822022085611376, 1.5899018847111426, 1.5609172004575544, 1.5678209799930023, 1.5932967271329102, 1.5742462956186043], "nmi_tw": [0.2797969498964748, 0.2779618798837856, 0.2784087812400441, 0.27820438385785085, 0.27753066839132545, 0.27830003857681324, 0.27436774178416384, 0.27566428196764775, 0.27952800753294965, 0.27618201999557507], "coh": [-1.4865394598715367, -1.5568803439249694, -1.4428809361286175, -1.4101280451159188, -1.5780348425801134, -1.564950142364609, -1.5211961493289232, -1.60775555916091, -1.4691259217701762, -1.463247273466654]}