{"p": 0.5, "p-emp": 0.49998253904775847, "t": [114.87055683135986, 115.2152419090271, 127.5906937122345, 141.00004959106445, 115.53023505210876, 115.10634660720825, 117.30807256698608, 114.7518048286438, 118.14940857887268, 115.5185444355011], "nmi_acc": [0.0910144890352014, 0.09876814088299499, 0.0908858300101888, 0.0920942406969867, 0.09218828039319771, 0.09626344759486295, 0.10256075177381047, 0.08965005339076311, 0.09329730483519769, 0.09472573331811461], "nmi_repr": [0.10019628295870456, 0.09846583545200013, 0.0995260129232432, 0.1008045492329884, 0.0985204107041822, 0.09843456367906292, 0.09202578755806363, 0.09860455897770179, 0.10215584435975107, 0.09777115975248893], "mi_td": [0.5799351942345934, 0.5788192944620518, 0.5474627453698451, 0.5635193821077324, 0.566884338734851, 0.5910513671033545, 0.585674537629449, 0.5529944803097175, 0.574511615526101, 0.5972155403381367], "nmi_td": [0.10627827955300567, 0.10571186708102068, 0.10041158806255694, 0.10301771218144595, 0.10435570889665506, 0.10817097274199412, 0.10708389507970632, 0.10136285779061187, 0.10506054520581162, 0.10990680034769046], "mi_tw": [0.8245335303283174, 0.8263471500586206, 0.8687762884567651, 0.8299684478037569, 0.8295220446864218, 0.8007900055899391, 0.8316470853620389, 0.8857222107164731, 0.8377684911590417, 0.7879352749791124], "nmi_tw": [0.2365013650307988, 0.23575825995600486, 0.249518919560069, 0.23715148166849115, 0.23961816568776395, 0.2292119409351404, 0.2376865329835429, 0.2541373136553972, 0.23949898333999928, 0.2274998216683745], "coh": [-0.3505826520601983, -0.33029807876974554, -0.4021011066001477, -0.3570809062829939, -0.34657864554288065, -0.3483786733995147, -0.3299712083751839, -0.3631834895259417, -0.3382421684344762, -0.3725345434056916]}