{"p": 0.8, "p-emp": 0.7992182333621307, "t": [34.45203351974487, 35.09047746658325, 33.75240659713745, 34.98732876777649, 34.954726219177246, 33.80330204963684, 34.82808327674866, 33.869407415390015, 35.27576303482056, 34.874438762664795], "nmi_acc": [0.33456299072021295, 0.2875724280524481, 0.3460897075659832, 0.2782951531797831, 0.2945184027055297, 0.3247445881778114, 0.3061541503260258, 0.3286648851468911, 0.2915063470409924, 0.26042414006709586], "nmi_repr": [0.24909859843343135, 0.22359880209552638, 0.23975186698302967, 0.23506703244672403, 0.2085750073867151, 0.23162737666030425, 0.22970417355957543, 0.23099064500959934, 0.2374875019793225, 0.21092679906467143], "mi_td": [2.1508205116147447, 2.0661537178445317, 2.1423046658941858, 2.0706601756322134, 2.110030982126979, 2.0886758459545756, 2.054260411773821, 2.0793371301845567, 2.0887596996544198, 2.061815741110536], "nmi_td": [0.3591796897636426, 0.34658712529072305, 0.35796013265438464, 0.3468992047644127, 0.3527261543663899, 0.3497892612319833, 0.3458233635573135, 0.3494881098071013, 0.350123475902137, 0.34561215879741325], "mi_tw": [1.1790639261490632, 1.1137710866154353, 1.1876292071740295, 1.1243397452659958, 1.1312438422760192, 1.1801700705878804, 1.1130990095073985, 1.1493858896861773, 1.11334562661169, 1.1391964412312998], "nmi_tw": [0.23765318818598297, 0.22570828601772416, 0.2395432209146571, 0.2274983919153016, 0.22829433284477665, 0.23868948119917985, 0.22654654432763693, 0.23348222409458427, 0.22542318346884407, 0.23066140531513077], "coh": [-2.6436833346020903, -2.864397756564989, -2.7886143787663547, -2.995365254064364, -2.962460787500805, -2.656724137320619, -2.8017218808565962, -2.7536654079797094, -2.948325591528886, -2.7949973990236403]}