{"p": 0.0, "p-emp": 0.0, "t": [85.94622135162354, 82.16731119155884, 82.21631121635437, 82.58622694015503, 82.57116389274597, 81.6503210067749, 81.71716237068176, 82.62490510940552, 86.0459976196289, 81.97537660598755], "nmi_acc": [0.16457834548181666, 0.16514036816388267, 0.18052010807895646, 0.13271846890680694, 0.15329789194023866, 0.1793847494777091, 0.14083957920697013, 0.1650809023278928, 0.13814473880371939, 0.13853429088699706], "nmi_repr": [0.06445247801651996, 0.11757964005803166, 0.12608633305282788, 0.09406262039380289, 0.09115823448518409, 0.1233230714692502, 0.08609668453823087, 0.08478777287816232, 0.10585082245614963, 0.11283950258018886], "mi_td": [1.1624357408599375, 1.0981756110860321, 1.2595252505749408, 1.1716279474541684, 1.1745039580348917, 1.1986061831666848, 1.01114340997451, 1.348977228520635, 1.2612268069980455, 0.751383607358034], "nmi_td": [0.23350312554408378, 0.224040817129349, 0.24943134784423818, 0.23407158296304661, 0.23562189314116683, 0.24021727759763462, 0.20759844127649052, 0.26552605754277026, 0.2500945076659277, 0.161158397760013], "mi_tw": [0.29238273641662027, 0.29048908407175955, 0.30952584565257846, 0.2826124951578822, 0.30737394225198855, 0.2955635317624943, 0.2730671714825212, 0.31394974171258766, 0.2999277999312279, 0.240692387064528], "nmi_tw": [0.06303459819357798, 0.0636774919860366, 0.0657196641915301, 0.06057328375367957, 0.06617448010069567, 0.0635637071830667, 0.06026811205007462, 0.06622576072223606, 0.06377094708619967, 0.055682375921129415], "coh": [-0.6850601804499435, -0.9091582049951169, -0.43938932535646247, -0.5865012548780727, -0.5468636389749743, -0.6068105092757711, -0.5828720887813258, -0.41014941613786055, -0.7698626102322723, -0.7370746594865969]}