{"p": 0.1, "p-emp": 0.08957017894659769, "t": [105.76994371414185, 106.70652389526367, 108.56842184066772, 108.27404952049255, 115.85874772071838, 108.60108280181885, 115.09188795089722, 105.3847987651825, 105.54497694969177, 112.0824499130249], "nmi_acc": [0.05323002663907513, 0.10556753066487277, 0.11100123921808307, 0.13210332546922593, 0.09713343857209415, 0.10261058860048611, 0.13147585184430385, 0.05381872789963675, 0.05512579552423946, 0.13230058393887598], "nmi_repr": [0.22531356642776249, 0.218953631861357, 0.19580265680274966, 0.18973836708556774, 0.21285777828857325, 0.19344408139591243, 0.17341538402217502, 0.19972987998490857, 0.20196084520864652, 0.18666397836286514], "mi_td": [0.59402216847004, 0.5471762089502531, 0.6132439520389689, 0.567295100978269, 0.6504746584374567, 0.5805888981578353, 0.609879757366059, 0.6109509233156389, 0.6142320054738402, 0.5740525753764166], "nmi_td": [0.11735898994397655, 0.10913676001899063, 0.12091800935202408, 0.11168385224044962, 0.1301595808390567, 0.11455813373793843, 0.1188300000801372, 0.12383880730713037, 0.12161824545040395, 0.1126332796109768], "mi_tw": [1.63841635879208, 1.5468259770424877, 1.6254007768729708, 1.6125319450280338, 1.47333721208922, 1.6308370231223994, 1.7021089567554535, 1.3625403798560414, 1.5754030418557616, 1.6510308300313674], "nmi_tw": [0.33512967256672604, 0.3195264422678051, 0.3317896780172225, 0.3286325301330428, 0.30536517303968136, 0.3331371133693432, 0.343188406127579, 0.28620244530185107, 0.32297324842947145, 0.335304670578199], "coh": [-2.0658183246243436, -2.0845786591569793, -2.238171790879587, -2.173391804580439, -1.9426543452068172, -2.0418779183408686, -2.215210204657054, -2.1498462415051622, -2.071930034893559, -2.1307435150789025]}