{"p": 0.8, "p-emp": 0.7994981384371884, "t": [24.824610710144043, 25.10273003578186, 25.248050212860107, 25.258134126663208, 25.050243139266968, 25.79049015045166, 24.69405722618103, 25.38142967224121, 24.824809074401855, 25.36975884437561], "nmi_acc": [0.17084731571097497, 0.16563214860989614, 0.17634409793347625, 0.16541530894566173, 0.1826834022110173, 0.16642322288976033, 0.18622996220442564, 0.1572772817116086, 0.21157916907663887, 0.1586390071418008], "nmi_repr": [0.14484086159393164, 0.12754621643970365, 0.1254471445325344, 0.1291390407650502, 0.1252501928714777, 0.12251202362621963, 0.1317061197373974, 0.13391222998198563, 0.12842985790484104, 0.13250837159412188], "mi_td": [2.1784261599390113, 2.1595403416222325, 2.177173437573848, 2.1912455240571314, 2.199174466416177, 2.158906615221478, 2.1819710631318885, 2.1510964945263242, 2.172396941508036, 2.1925376394511336], "nmi_td": [0.39416580230570253, 0.3915041694417228, 0.3947026015499012, 0.395937816359234, 0.39778982992635425, 0.39073896483570986, 0.3958626998534906, 0.390770280989005, 0.3939900397567247, 0.39638202760021163], "mi_tw": [1.1458152149608942, 1.1433865296017214, 1.1346685822725253, 1.1559179667464197, 1.1315729635858276, 1.1325101699109423, 1.167329416852288, 1.1311268229489737, 1.1581789918786314, 1.1422297598380369], "nmi_tw": [0.216081441482331, 0.2160580232944113, 0.2144116251292863, 0.21767292319137466, 0.21332283027702587, 0.2136321900449518, 0.22075210475671345, 0.21419668955666318, 0.21894308754214742, 0.21521451857444965], "coh": [-1.768348395682494, -1.8716269220874917, -1.8422629373197523, -1.7478097866749267, -1.7873603872233879, -1.8242564378671573, -1.8157839787072039, -2.0402677108318277, -1.7317062926320426, -1.9259495117585501]}