{"p": 0.8, "p-emp": 0.7993355106381541, "t": [62.5781364440918, 63.555734157562256, 61.32822299003601, 62.18010973930359, 62.83486557006836, 61.13133907318115, 62.98074173927307, 61.29573678970337, 62.6949782371521, 62.80091667175293], "nmi_acc": [0.40346561692090566, 0.41164452248013733, 0.39725910796841074, 0.3989812013573419, 0.39321840188548574, 0.4061359788606305, 0.39577988924350177, 0.38603047153849823, 0.41532494768602796, 0.39284265348297526], "nmi_repr": [0.4465718620093294, 0.4363382902278385, 0.4403937104515621, 0.42268545846051686, 0.3976915174205426, 0.42221034659077283, 0.4243386213882879, 0.4053554195831139, 0.4041770389650094, 0.4186161382363634], "mi_td": [1.9830888064128092, 1.9446358667408254, 1.9411602743990326, 1.966427583219264, 1.9457817108702984, 1.9430925444285627, 1.9373133581936486, 1.9589966710367102, 1.9500887030257545, 1.9522038645631672], "nmi_td": [0.3336996902735812, 0.32929871834744895, 0.32789136573213173, 0.3317047223566312, 0.3295885353231242, 0.3296313316040215, 0.32721637955581767, 0.3313711060793145, 0.3303390834379462, 0.3299984871905861], "mi_tw": [1.799502033336587, 1.7796987559649882, 1.8019520681760908, 1.7942983680368205, 1.7619224929030224, 1.7611226662394355, 1.8031519061802093, 1.7550620580963021, 1.7638979537364377, 1.7809782914592927], "nmi_tw": [0.3361925851356846, 0.33482921105618235, 0.3380779287073544, 0.3361302055908428, 0.33159188271659373, 0.33199898049817617, 0.3382741220170007, 0.32979667220776493, 0.33198711455497903, 0.3344149239500599], "coh": [-2.173613097285861, -2.157170265102346, -2.269077610591789, -2.375674513994763, -2.284603398667574, -2.4352270331458223, -2.301674862240136, -2.2274377990742127, -2.1972753157225395, -2.2594103274892037]}