{"p": 0.8, "p-emp": 0.2833345306667796, "t": [150.39955806732178, 136.61141538619995, 144.73602175712585, 151.02910375595093, 159.96138072013855, 149.2774555683136, 146.25422286987305, 134.5425500869751, 145.78048515319824, 151.3344864845276], "nmi_acc": [0.3818338457564196, 0.403582240409899, 0.3763688202407505, 0.42858562912085724, 0.36359282760798295, 0.3924922322357916, 0.39924295430912354, 0.4083863466957342, 0.4018102139114431, 0.4278281736997345], "nmi_repr": [0.25979059933418824, 0.25767496834693243, 0.25848793996840486, 0.26494170838322373, 0.23884724624679934, 0.23629536946977128, 0.2575923293400214, 0.26188688424909956, 0.2597728268551387, 0.2680944235790855], "mi_td": [1.5581541943951174, 1.5690161173324126, 1.5244798718475794, 1.6071808091765236, 1.5463351324708305, 1.6076233738742849, 1.5043159242388984, 1.5427408801215778, 1.5250003419789118, 1.6304871807972252], "nmi_td": [0.26140176900129536, 0.26278437011224354, 0.2562444502079677, 0.26890176046558106, 0.25891583974883314, 0.26841416894570375, 0.254175121558809, 0.2585752752496656, 0.2567666263296449, 0.27158066508798767], "mi_tw": [2.1420409503428584, 2.169202179435029, 2.110891082794263, 2.1634185141028146, 2.1211951920542678, 2.1969203695441024, 2.0846366772572433, 2.174465750938157, 2.141655468572409, 2.201251636185884], "nmi_tw": [0.3473024582771687, 0.351138532020028, 0.34288822619078, 0.34985703945740076, 0.34327793139462764, 0.35455772280918413, 0.34033150374335996, 0.352242801888467, 0.3484556128934927, 0.35443559693845894], "coh": [-2.4900308325175833, -2.4277796346182425, -2.5219696381845877, -2.4827747353807474, -2.5324287624438604, -2.2740605757168137, -2.3285052343489534, -2.289393232838216, -2.5328322708982394, -2.2070075577470285]}