{"p": 0.0, "p-emp": 0.0, "t": [162.85632228851318, 172.1909453868866, 158.39380931854248, 167.85204458236694, 160.04695796966553, 168.01300477981567, 162.36671495437622, 147.7822618484497, 160.76515674591064, 159.97838854789734], "nmi_acc": [0.2466071721456795, 0.3437734591278699, 0.3371853739876341, 0.365107591345721, 0.3376841453408662, 0.38780175370418024, 0.33362814076248837, 0.3664421747266101, 0.3249753682151829, 0.341734781060056], "nmi_repr": [0.26772905077918485, 0.25000079831212213, 0.26456757369087697, 0.2548596584283862, 0.25393788008824036, 0.2586530663366616, 0.25265085206866333, 0.24899207298377093, 0.22545125309058076, 0.2219352006720752], "mi_td": [1.1556563298440383, 1.198240459643192, 1.1716329336845144, 1.2625048155675689, 1.1881317416274393, 1.1905775223938593, 1.2296923706912626, 1.070454434004335, 1.0952763710745286, 1.131312127201639], "nmi_td": [0.20116423907499073, 0.20624827016876585, 0.20415233745543196, 0.21590132708725288, 0.20504068603849088, 0.2040950548113079, 0.2132439434931272, 0.18553368111141083, 0.18962981693425576, 0.19709248514969807], "mi_tw": [1.8482164802348138, 1.9533253122833154, 1.8417071775563487, 1.968790445041941, 1.9230207115713809, 1.984398908910022, 1.8556703793146947, 1.9412434259627793, 1.891470924781209, 1.859591025291362], "nmi_tw": [0.3349514876253761, 0.34988756934367476, 0.3341246376377061, 0.35027966972330893, 0.34539256015716857, 0.35394803900703864, 0.3349813694739637, 0.35023933715752975, 0.3408737991505016, 0.33730835909382856], "coh": [-2.20586310109239, -2.347499215586168, -2.2923747164744905, -2.4617708797089324, -2.278696928283503, -2.252375584996042, -2.362413474304785, -2.3786795243776377, -2.570498406142203, -2.269709493268176]}