{"p": 0.4, "p-emp": 0.39998760835647373, "t": [47.06849002838135, 48.225093364715576, 47.950053453445435, 48.934407472610474, 48.22865438461304, 47.42540955543518, 48.016865491867065, 48.029900550842285, 48.22467303276062, 47.246854305267334], "nmi_acc": [0.12944008477123686, 0.1460746559497001, 0.1657437227937324, 0.11847073969672128, 0.1463802653664851, 0.11115070083663915, 0.11077042964881782, 0.15443779871787947, 0.10882304610996438, 0.13293118770612047], "nmi_repr": [0.08030959452434906, 0.09133096959155221, 0.10355886200233447, 0.06880673100542972, 0.056112005379945144, 0.057758975059997796, 0.06748476344223522, 0.07901563701486991, 0.07909588339962559, 0.05679931972340908], "mi_td": [1.5104303208568544, 1.462567425992382, 1.59673612682263, 1.308499413424805, 1.2949763471536015, 1.2030370378053423, 1.1614940788488965, 1.3403811940300518, 1.2521773783192145, 1.293740645341225], "nmi_td": [0.29068815576264223, 0.28394549496225563, 0.3049840047359606, 0.2584256219062501, 0.25634855906018134, 0.24097168466089197, 0.2337087092929401, 0.26450246487630824, 0.24900670112649262, 0.25559196551841135], "mi_tw": [0.42173052471015054, 0.43954200113897435, 0.4477540987651358, 0.3735855314539652, 0.3769258944403485, 0.3461548541318009, 0.35684810860782934, 0.40980801408580964, 0.3680673476938952, 0.37442094412986965], "nmi_tw": [0.08635973223639487, 0.09084750380533264, 0.09095441286850493, 0.07863773161862452, 0.07953719317244291, 0.07396775712587239, 0.07662284760650065, 0.08618605728551613, 0.07804559550871124, 0.07884026575652804], "coh": [-0.5009099160427508, -0.6766361397804427, -0.4019422301968231, -0.6823772126734658, -0.845675819803691, -0.8308096627672039, -0.8081188930880113, -0.656337929226962, -0.5715211392966385, -0.6743499565185036]}