{"p": 0.0, "p-emp": 0.0, "t": [64.48646569252014, 66.77686905860901, 65.00496625900269, 64.54260683059692, 65.6612606048584, 66.1013536453247, 64.95901775360107, 65.62584185600281, 65.25414180755615, 64.9018304347992], "nmi_acc": [0.15120083931500755, 0.16047885064294978, 0.17737013922932024, 0.17258437594102635, 0.15614648304503412, 0.1062609644425562, 0.15001633707467843, 0.21987869069244168, 0.1498358944681074, 0.13018403639624673], "nmi_repr": [0.11711949601387599, 0.10485528935230909, 0.10161285477074682, 0.10969429366203226, 0.10388411041828594, 0.06926291453191892, 0.06118584992473146, 0.1132445102243662, 0.12440246412205133, 0.10409854428743073], "mi_td": [1.336136183798161, 1.2140482970816515, 1.2442374071017035, 1.1855713882448042, 1.2267249342047473, 1.1007384533525668, 1.062186938805342, 1.307864517515623, 1.1197994001752063, 1.1918129945146472], "nmi_td": [0.26150800820797915, 0.24297497346081565, 0.24694310741210937, 0.23735442039708315, 0.24339227605984812, 0.22296985337037176, 0.2173495345852851, 0.2584910348981994, 0.22625328012569887, 0.23823171003538432], "mi_tw": [0.3215015193079003, 0.3039172883271857, 0.3027899354767639, 0.3096329045561938, 0.30673758896526115, 0.27021472608390884, 0.27171217616843135, 0.33705185160467993, 0.2872744820128038, 0.2862971747750623], "nmi_tw": [0.06740703304749579, 0.06526309394719614, 0.064440356723032, 0.06651412876110725, 0.0652589003859633, 0.05878171741567418, 0.05975370037169828, 0.07141207028722611, 0.06232197522490894, 0.06139828488689039], "coh": [-0.5335568707554297, -0.6026720615987061, -0.6164640363185838, -0.3671056161702715, -0.6902375294521412, -0.4975422067551693, -0.7729830854774905, -0.6289564068481398, -0.5222865719833175, -0.33527797682924965]}