{"p": 0.30000000000000004, "p-emp": 0.29993632642134227, "t": [146.76853799819946, 144.92728686332703, 143.78765225410461, 146.44283366203308, 145.70457673072815, 144.77113151550293, 145.1139235496521, 146.3654544353485, 146.36579775810242, 143.95260548591614], "nmi_acc": [0.48802812559959574, 0.5043024666406188, 0.4981696178995775, 0.49109910258466405, 0.49619159249117334, 0.4938550280815794, 0.5091970743543696, 0.5009602548568722, 0.5022237041917111, 0.5037571905706595], "nmi_repr": [0.44376668198851443, 0.44942706441074964, 0.4708056619093599, 0.47346052413089157, 0.48990846373430086, 0.47323396486058283, 0.4785358754920099, 0.478544304921315, 0.4746629018403364, 0.4575256670508677], "mi_td": [1.9178655130700974, 1.9575977329509164, 1.936346666833062, 1.9415679409255633, 1.9401157150233903, 1.9163682495201426, 1.9110803548292155, 1.934148697148447, 1.9366964815802734, 1.9052796549977056], "nmi_td": [0.3217528795581882, 0.3282251117153958, 0.32504221990336496, 0.32526141369318273, 0.32527075882581763, 0.32220105255352677, 0.3219719176003152, 0.3241493477885546, 0.3245058542973009, 0.32017482964984506], "mi_tw": [1.5404233553524338, 1.521365049677833, 1.5204353100011831, 1.5370862257579512, 1.5336504104713538, 1.5283096641883307, 1.5292413182292905, 1.5335625000378161, 1.532437652996578, 1.5297261161496394], "nmi_tw": [0.28002044851826186, 0.27637946469443636, 0.2765610781879846, 0.2789789439701676, 0.27858976989255774, 0.2784733486194214, 0.2792634236111443, 0.2784611700206369, 0.27819145622118696, 0.2785787915861697], "coh": [-1.5488840358191067, -1.5753823443054968, -1.5689743062241903, -1.5782775313459232, -1.6011084972682892, -1.4872883947227558, -1.5993277963235248, -1.6245831417848002, -1.5662107158903658, -1.4849497480162976]}