{"p": 0.0, "p-emp": 0.0, "t": [140.43125891685486, 139.90429639816284, 138.98993062973022, 132.30641436576843, 133.05879926681519, 132.97048664093018, 135.95735931396484, 132.98937678337097, 135.1157476902008, 135.37076377868652], "nmi_acc": [0.2987834175174026, 0.3121843876328195, 0.3187803685079297, 0.27557736992955995, 0.27537009783636623, 0.27766378290671706, 0.2919842091280781, 0.28832174082183626, 0.26986365368457355, 0.29633102522502175], "nmi_repr": [0.17976418474769615, 0.19349893491731399, 0.18031135712546256, 0.178309462290441, 0.18282273637409424, 0.19816646103181274, 0.19026889806396194, 0.1679204089099778, 0.1809217480749887, 0.17683116527212317], "mi_td": [1.4444399031507948, 1.4938046929173407, 1.4424630078099856, 1.490072520850078, 1.3497433302699426, 1.2837003186725657, 1.5235283592906923, 1.3924401058777673, 1.388409347218149, 1.5363775707966147], "nmi_td": [0.2525860719498556, 0.25802850462633514, 0.2513581295895269, 0.25733579572158416, 0.23808374750502262, 0.2298168912193019, 0.2628490400306886, 0.2446937137456369, 0.24386064720894732, 0.26398403150965866], "mi_tw": [1.0199692886848624, 1.0539113444623676, 1.037283848040333, 1.052352335553922, 1.0039843371227044, 0.9628376152415443, 1.0771120666024918, 1.007976043525937, 1.0198057727574157, 1.0585579548877122], "nmi_tw": [0.1857316761209674, 0.1894731888713306, 0.18819671992798712, 0.18915615437322691, 0.18448069553979807, 0.17967491180611278, 0.19340399371938524, 0.18449049060164815, 0.1865563008440861, 0.18926521340652802], "coh": [-1.8598350773945067, -1.7164098723696823, -1.6897553891711055, -1.6434896310100442, -1.750588475643903, -1.951421606351219, -1.678923735058413, -1.9806736975183856, -1.7868078148891187, -1.647134472643557]}