{"p": 0.0, "p-emp": 0.0, "t": [141.95854592323303, 146.3107988834381, 139.61993098258972, 144.9316475391388, 136.63605093955994, 141.73480939865112, 133.51952385902405, 145.50372958183289, 135.18706464767456, 140.1436357498169], "nmi_acc": [0.26498914572199067, 0.27889673868762005, 0.32315471553569564, 0.2699935250303687, 0.30381636250090815, 0.27291680738610125, 0.31916271062262236, 0.2900989063569388, 0.3236055313358016, 0.2952141359119589], "nmi_repr": [0.1730783382233072, 0.1727827221347061, 0.2037163801242174, 0.1986948654548256, 0.19080644363346932, 0.19411757983319822, 0.20242801444838537, 0.1837553251932992, 0.1772807329389373, 0.1939764570493371], "mi_td": [1.4157205255296448, 1.4440290830970708, 1.4420021367422309, 1.3519987312688335, 1.47757288045498, 1.4179285979384408, 1.4913352948064258, 1.5033537798494183, 1.5750282427185243, 1.322702884960316], "nmi_td": [0.24787683665108848, 0.2515496858684228, 0.25290962625009455, 0.23786989667615427, 0.25621692702299015, 0.24819284440140107, 0.2589306090252471, 0.2579705534919227, 0.27016782245950394, 0.23535808370819417], "mi_tw": [0.9903932608888854, 1.0247809156903251, 1.0355638112179366, 1.0132952664517898, 1.0602927433550176, 1.0332207928699098, 1.0454186875188078, 1.095565621836619, 1.0915354239419592, 0.9690227629221657], "nmi_tw": [0.180583364007442, 0.18586570775071054, 0.1891553646269716, 0.18569413540354812, 0.19139183829888862, 0.18833653092660668, 0.18895552257495044, 0.19561432287969946, 0.1948183194977254, 0.17968215319075168], "coh": [-1.9195987249385635, -1.5982149143341835, -1.6913767879826331, -1.6271473697200285, -1.6445832296834542, -1.8393852090342129, -1.71673677969977, -1.6463429864727401, -1.5115293736944886, -1.884840800562095]}