{"p": 0.8, "p-emp": 0.7999990715336871, "t": [17.865581512451172, 19.50271701812744, 18.224238634109497, 30.66245675086975, 20.326732873916626, 17.695746660232544, 17.686077117919922, 16.426124811172485, 17.545396327972412, 20.304265022277832], "nmi_acc": [0.16881368929969776, 0.16984573962591193, 0.17510218918430911, 0.18041011449632302, 0.15909020872459678, 0.12225297143912275, 0.17004463204754286, 0.16428153236273751, 0.18561279957395682, 0.16642504774422556], "nmi_repr": [0.1663898207331961, 0.1739922502588036, 0.18170010145996404, 0.237117462100332, 0.20433181040042622, 0.1197921338981862, 0.14576810309978425, 0.2044411722592791, 0.1634789826447315, 0.1885215024441725], "mi_td": [1.2645565565742318, 1.2441976771333143, 1.3197306826331694, 1.1526023994434758, 1.1110821083959501, 1.0856530536014177, 1.1798809842204967, 1.1501013265446298, 1.159674297253653, 1.2909399742246213], "nmi_td": [0.2356852783852034, 0.23281432473699226, 0.24562293815107747, 0.2214769960552661, 0.21380092288722738, 0.2065770598350525, 0.22312118876696918, 0.21776297243078718, 0.22164834621446564, 0.24081790455881827], "mi_tw": [1.7521824619432753, 1.7076463230963215, 1.8650322730425979, 1.612324802628173, 1.6092528306249025, 1.6474953734858395, 1.7416899775578583, 1.7270630322268996, 1.6560655327321812, 1.7513912892167312], "nmi_tw": [0.3583262370889138, 0.35074504945251145, 0.38081645673654, 0.34097111755056997, 0.3408517148199152, 0.3446714220792773, 0.3619069724267522, 0.3593631366127105, 0.3481683128371637, 0.35851620707428195], "coh": [-2.2565342951918943, -2.0261225302241543, -2.267226494525129, -2.0920186416245197, -2.264773322511371, -2.1345848174692126, -2.247730507832002, -1.975901563282965, -2.3527429651269745, -2.1508466856872963]}