{"p": 0.5, "p-emp": 0.49951278310681035, "t": [103.87957572937012, 104.78729891777039, 104.14766836166382, 104.57461905479431, 135.60933756828308, 128.97591376304626, 106.85450458526611, 104.56766271591187, 104.84200310707092, 104.12937569618225], "nmi_acc": [0.33032296617309215, 0.33004799630665177, 0.3140723843045825, 0.3083589093406433, 0.3097651011279462, 0.3056583025834135, 0.33123451097640433, 0.32105616008132504, 0.3083333463395524, 0.3247486884644433], "nmi_repr": [0.38070614754066395, 0.36090481368057814, 0.35349272008635385, 0.36363395413652344, 0.35459845558927666, 0.3533151266704121, 0.36037302703966245, 0.3737946187574636, 0.35712333400502533, 0.3639454658274597], "mi_td": [1.3544714563900713, 1.325494572177699, 1.3591569001805976, 1.3717009485982883, 1.348749202218817, 1.3355650057434805, 1.3436956411170922, 1.3463087939633382, 1.3473799668731614, 1.3348936517434913], "nmi_td": [0.2495574250424559, 0.242872191821703, 0.25000511263653424, 0.25283701096795663, 0.24836229082802988, 0.24536507274825337, 0.2470374249897189, 0.247429681028619, 0.2474911042651769, 0.2447112536726381], "mi_tw": [1.843939897231056, 1.899560429611422, 1.8503705401985682, 1.822188038287543, 1.8450886314059967, 1.8681374745061528, 1.8668933002197101, 1.8626671189331179, 1.8620744135584617, 1.8974953968920116], "nmi_tw": [0.30595030661014977, 0.3136134161544303, 0.30655837450215784, 0.3024544162499529, 0.3059846645523807, 0.3091608474913435, 0.3091563094969896, 0.30835748267803686, 0.3081074810981336, 0.3134073321908843], "coh": [-1.7178287404024999, -1.6994566601361574, -1.766542678188515, -1.72738621442064, -1.8030832530905485, -1.8075403245153965, -1.6563945477591382, -1.840862219418033, -1.7869252667200146, -1.7067844919587825]}