{"p": 0.5, "p-emp": 0.49850286415942413, "t": [36.65298008918762, 36.629443883895874, 36.31987428665161, 36.313023805618286, 36.845940828323364, 36.2783260345459, 36.30768799781799, 36.29736137390137, 35.857722759246826, 36.49471187591553], "nmi_acc": [0.24604733677493765, 0.25536890288995, 0.2504866993513027, 0.24589269130511368, 0.23463173822345199, 0.2653964072542607, 0.22738605045345142, 0.2516023925397867, 0.23965237815789478, 0.24178100602510155], "nmi_repr": [0.2107558175469265, 0.23036590235863239, 0.22502704825428094, 0.2074558000198062, 0.21139479897081404, 0.22159226132456206, 0.2162882660956707, 0.21187560110895848, 0.21284864091178848, 0.22301222523063502], "mi_td": [1.8727536070214754, 1.9652003166647036, 1.9623059446222162, 1.986176498195407, 1.9297277252246765, 1.9185526919714844, 1.913213126690986, 1.9978946432520286, 1.9345179054680652, 1.9693585064652022], "nmi_td": [0.3451730426930894, 0.360032623460766, 0.35924701235492124, 0.3622299246668103, 0.35246270820125086, 0.3535537881652277, 0.3508987619332227, 0.36369136892908627, 0.35503067661439236, 0.36037846161064946], "mi_tw": [0.3463727016291954, 0.33106041375655704, 0.32722977482540655, 0.34480617064174773, 0.32932846487220746, 0.3373617019286054, 0.33168614869274493, 0.34374123183682725, 0.33444549174172233, 0.3201377514678007], "nmi_tw": [0.07373750672874425, 0.06998837774082181, 0.06912186042854698, 0.07251417519542665, 0.0693789188721657, 0.07180497963393945, 0.07021080216906703, 0.0721356795657613, 0.07084658751502014, 0.06758923127447786], "coh": [-0.4345663519929265, -0.4646468222344512, -0.39068997110992865, -0.31255866312692565, -0.4454386638210708, -0.3667366313905409, -0.3879316781077772, -0.23678864290943674, -0.2986127546661551, -0.42716203009224263]}