{"p": 0.5, "p-emp": 0.4998848717840084, "t": [106.20341277122498, 105.90530753135681, 108.35487484931946, 105.25906729698181, 107.15117192268372, 107.16316819190979, 104.53161072731018, 105.79181551933289, 105.55093169212341, 104.46007108688354], "nmi_acc": [0.35948700152768637, 0.3341686016448238, 0.35261915290382007, 0.35044571519454987, 0.33899859147411465, 0.3347517260857332, 0.3276797834975661, 0.3498834859253704, 0.3356125784660226, 0.3518876299611444], "nmi_repr": [0.3317287890621865, 0.3235435209377625, 0.3159034717445986, 0.3262348480123355, 0.32864953032051886, 0.33430528306882185, 0.3098687731754542, 0.3183517615795148, 0.3297376330589254, 0.3172442448453889], "mi_td": [1.7299311946307203, 1.7393525210738363, 1.7399372601486285, 1.7365115173674235, 1.7129850176111532, 1.7195420256703826, 1.7449733482044645, 1.686149501607021, 1.7721223351314361, 1.6998898824860997], "nmi_td": [0.2927875512411573, 0.2925142355508455, 0.2929015437586552, 0.29283090877980594, 0.2899579753318836, 0.28975869702251217, 0.2937027953830256, 0.2858893065702007, 0.29758674621143694, 0.28697381424927154], "mi_tw": [0.8552744239395798, 0.9014301340998284, 0.8886936771254326, 0.8801940090232998, 0.8729249343475863, 0.8926284711170437, 0.8855199380013772, 0.8869512526304195, 0.884380706617081, 0.9040355676215952], "nmi_tw": [0.2034219958228135, 0.21249303884317705, 0.2097807909253438, 0.2082791222078807, 0.20765884599588294, 0.21100625300369863, 0.2089851917808275, 0.2114881191832476, 0.2080442718114125, 0.21425436727104158], "coh": [-1.3900699184422132, -1.4224725744561995, -1.435492199344973, -1.364798141208484, -1.5682624438269817, -1.3893150473387674, -1.3936855632735419, -1.539666538585878, -1.505718178123695, -1.3729927488309241]}