{"p": 0.1, "p-emp": 0.08552993990052893, "t": [121.35421657562256, 119.30091166496277, 124.3366014957428, 123.70230436325073, 129.82990050315857, 132.7012004852295, 126.18246293067932, 125.27072334289551, 126.02235174179077, 132.58255553245544], "nmi_acc": [0.0727386155484098, 0.03573796260957191, 0.14689286330589293, 0.10275325794154253, 0.10047569943342143, 0.09208538357454438, 0.05960437956595424, 0.11726048277291944, 0.0806127104388702, 0.060527143780666516], "nmi_repr": [0.22306510831675347, 0.23347187176815856, 0.20643669540776044, 0.21285635819949264, 0.21947032168524822, 0.22717693754365478, 0.22314021781162885, 0.20376603045974787, 0.23250553113722694, 0.24020230144253843], "mi_td": [0.5577626861767692, 0.5267021094537722, 0.5600316154078784, 0.5849336220991909, 0.6072625125494552, 0.6497305108657935, 0.6410615068763339, 0.5852082081691401, 0.5956123766081327, 0.5828909041107709], "nmi_td": [0.1118876490509861, 0.10595452161476415, 0.11112549929582288, 0.11578933432626878, 0.12080507142423044, 0.13099973949319668, 0.12741460930736528, 0.1163781497008013, 0.12015087702395245, 0.11692872204004832], "mi_tw": [1.5032104939349753, 1.489586971446471, 1.60540598888696, 1.5982402307676769, 1.5280963065613369, 1.3975146681954733, 1.5646583837134407, 1.5709618915115344, 1.4350283400647377, 1.483453552871468], "nmi_tw": [0.316256450857528, 0.3143162951228406, 0.3339207776822616, 0.3315975812257559, 0.31869136277853927, 0.29558900959436524, 0.3260101484909441, 0.32751441736948417, 0.3036893324048387, 0.3121007700809976], "coh": [-1.9238127942014358, -1.990344049209648, -2.1508515677975133, -1.9626868879394688, -1.92111296207589, -2.1022264337945775, -1.9895705600704885, -2.335556077075869, -2.210836759423656, -2.111178005736758]}