{"p": 0.6000000000000001, "p-emp": 0.36451680291909805, "t": [80.89829778671265, 76.23097705841064, 81.03225922584534, 80.36193299293518, 80.92272472381592, 77.75472116470337, 80.94182753562927, 78.40784120559692, 81.68346500396729, 72.71611499786377], "nmi_acc": [0.13537829879412708, 0.1475034042783054, 0.11530674049887507, 0.10857172197430097, 0.09166000561619762, 0.10592209164154023, 0.1193248941652863, 0.10366764191893164, 0.14592483019111163, 0.11169763270753975], "nmi_repr": [0.11429783491769112, 0.1128968573074188, 0.13601425976659126, 0.14165924093510462, 0.16151378956546358, 0.1336327271547334, 0.11660034399629944, 0.09622442032256441, 0.11541949362007385, 0.12601753403357208], "mi_td": [0.8136041804461194, 0.8802861675335324, 0.9245110517037187, 0.91059181584937, 1.0016690204220708, 0.8842988708844428, 0.8693939802949547, 0.8680995812595694, 0.9938503347702758, 0.8634077690767491], "nmi_td": [0.14961407646101624, 0.16236362560182863, 0.17176668268609196, 0.16887775259796287, 0.18739385022919927, 0.1633053983558175, 0.159675868138974, 0.16182860370394994, 0.181767326016851, 0.16000077669698284], "mi_tw": [2.170907685908692, 2.14333721795949, 2.0755960874297172, 2.106476966585652, 2.0173475378951125, 2.114721126126001, 2.1947235228886686, 2.061376096690093, 2.237413929972749, 2.100434048153756], "nmi_tw": [0.36123963330893205, 0.3576232739980598, 0.34860813392704104, 0.3532221296886521, 0.34094972880990104, 0.35324317179463544, 0.3647944637948806, 0.3472726305050109, 0.37047614992536443, 0.35195772464087527], "coh": [-2.3625580810266995, -2.158095625726676, -2.3959322666680696, -2.264136310726543, -2.2273288153516546, -2.250389625141749, -2.4476036786377646, -2.277843677015067, -2.020019817050266, -2.4224117207466462]}