{"p": 0.2, "p-emp": 0.19765027916289812, "t": [112.6247627735138, 110.84138917922974, 115.14626812934875, 109.13217163085938, 112.78011775016785, 109.84896445274353, 102.25333642959595, 110.28182315826416, 109.18891406059265, 112.91762328147888], "nmi_acc": [0.3007471743643196, 0.2808470701090717, 0.2493612396773947, 0.25277878572739004, 0.22907454613382155, 0.23465937452286073, 0.2618988263102289, 0.2486371655572032, 0.23114817193711473, 0.248228927231995], "nmi_repr": [0.15244138035737304, 0.1524759619474755, 0.1442872291770765, 0.17263532417569535, 0.1561609165304211, 0.13758915827060395, 0.1696898533136697, 0.17737179143321172, 0.16522530257484702, 0.18182258581648683], "mi_td": [1.3521231729570475, 1.5044641040613425, 1.400027735040883, 1.3244423366643547, 1.2242092781779088, 1.3995594099234794, 1.2597415249467947, 1.383921174084626, 1.2499600038978291, 1.2631477125155421], "nmi_td": [0.23876059748277584, 0.25761321319003483, 0.24549158137673005, 0.2344634268105073, 0.2191070416244824, 0.2443307420433968, 0.22549597079190414, 0.2421963945284318, 0.22312659166511187, 0.22525203965787438], "mi_tw": [0.9854719068466201, 1.088936783804134, 1.0127738751955118, 0.9999305564503645, 0.9459071251408018, 1.0484445199697043, 1.004075681953994, 1.0299565323394635, 0.9888965822826359, 0.9806236007891207], "nmi_tw": [0.18434897451088866, 0.19717804725479554, 0.18805388783226196, 0.18755433750100045, 0.17949375317205654, 0.19377136465646375, 0.19055808373199717, 0.19085142542771916, 0.18712739402556286, 0.185362450379145], "coh": [-1.963021660154445, -1.7703393803260965, -1.9134334784958003, -1.9836959811510018, -2.205804143698777, -1.898995727255843, -2.088135876185214, -1.8796254084547237, -2.091496725372485, -2.211319828938774]}