{"p": 0.30000000000000004, "p-emp": 0.2999818949068981, "t": [99.18061208724976, 96.65852689743042, 96.6128396987915, 100.09001207351685, 97.95689606666565, 97.71538805961609, 97.57934713363647, 96.48005437850952, 96.12789750099182, 96.07715511322021], "nmi_acc": [0.160564457860226, 0.15626105062219514, 0.15336699592089945, 0.14699757526166293, 0.1387278724252249, 0.1711102603713443, 0.15916766864525647, 0.14451507556425428, 0.13201785611191125, 0.15021613062481812], "nmi_repr": [0.1718302449225018, 0.17635350937409286, 0.17239837461879332, 0.17658912322756679, 0.17840080033594924, 0.16958159663693226, 0.16590626578755982, 0.17474092705897284, 0.17370056927892125, 0.16979814863962378], "mi_td": [0.9417927105670183, 0.9255689222296737, 0.9257270860268432, 0.910841578630525, 0.9225181699658835, 0.9698435185403504, 0.9629321595374346, 0.9333702592772941, 0.8606776340637446, 0.9371967765663025], "nmi_td": [0.1691850901520228, 0.165988305521032, 0.1666462424674652, 0.163506072026505, 0.16600751123851615, 0.17461372037098286, 0.17307013224847573, 0.16809861597840126, 0.15472503646257077, 0.1686381044668641], "mi_tw": [0.9711652186508881, 0.9820508383457991, 0.9748304489465698, 1.0084697740072648, 0.9793842603155174, 0.9270542753399688, 0.9530641550172596, 0.9826430297978659, 1.036373937861016, 0.9643907842050878], "nmi_tw": [0.21892256832750512, 0.22090495880032981, 0.2203248245655278, 0.22712458742615918, 0.22125185207874074, 0.20956562283375746, 0.2149785961095574, 0.2222175013221187, 0.23383369614020902, 0.21784712903451353], "coh": [-0.5547416895037339, -0.6064973325104988, -0.7383480008887441, -0.7665339240996945, -0.5996738512798292, -0.6266904434637752, -0.6539470965349077, -0.6756581236701507, -0.72964184629867, -0.6259902543515659]}