{"p": 0.4, "p-emp": 0.399230882115461, "t": [119.2173171043396, 121.68500399589539, 119.50470423698425, 118.93169474601746, 122.04707884788513, 122.37528538703918, 119.20880556106567, 120.23689341545105, 118.42476463317871, 122.54851746559143], "nmi_acc": [0.50338165844653, 0.49723880703673484, 0.48942830630451906, 0.4853987508677329, 0.49428830078484026, 0.4968823811917934, 0.5023462836145073, 0.45610765588265567, 0.5105969203596082, 0.5014246850932333], "nmi_repr": [0.5047001276675783, 0.46848460983463064, 0.4821860491389601, 0.4608817613378866, 0.48193535720453173, 0.47361831794075354, 0.48337727686278775, 0.44558577458559867, 0.4675704684271161, 0.46660808824463124], "mi_td": [1.9215402178370629, 1.9312813388164478, 1.9388061512750019, 1.9287569847523032, 1.9299022669545383, 1.9254410916328966, 1.9445093141207184, 1.903446913194096, 1.9173122354223144, 1.944416427914513], "nmi_td": [0.3231849192128483, 0.3235472543350607, 0.3241339827857564, 0.32343558357656976, 0.3231134969991966, 0.3225224712292107, 0.3260619846537327, 0.31920074752949784, 0.32148551655593627, 0.32527718521885535], "mi_tw": [1.9929770673227802, 2.0234637021387045, 2.0357339475098164, 2.0162250146198493, 2.03414948106459, 2.0311148094855547, 2.009190112097811, 2.0177788754993116, 2.0191093776198845, 2.0323773597120804], "nmi_tw": [0.31214453143779086, 0.3157597540678717, 0.31706049366250033, 0.3149124288244691, 0.3172418627397188, 0.31691126424104477, 0.313800094824686, 0.31516380663623633, 0.3153347204052188, 0.316723909499828], "coh": [-2.175887601259403, -2.2840373697845235, -2.34219411833604, -2.3881817455817087, -2.290693868161327, -2.3688189602098078, -2.249705112620125, -2.4348133744796985, -2.2292874259209996, -2.3885634536659603]}