{"p": 0.6000000000000001, "p-emp": 0.5984856714436259, "t": [33.0254340171814, 31.942190408706665, 34.73760151863098, 31.398167371749878, 29.96153974533081, 31.333815336227417, 33.42219138145447, 31.997151613235474, 34.62012434005737, 32.622007608413696], "nmi_acc": [0.09427395416176032, 0.10358347767073071, 0.13642846521756813, 0.15069505805110425, 0.1047512459221904, 0.13843638602444353, 0.14802998683911142, 0.10812140385094986, 0.1356972999615184, 0.13609359469549606], "nmi_repr": [0.1396100559806632, 0.20169082538208036, 0.18285259982946128, 0.17812143384267923, 0.21110094220614412, 0.19201364995442602, 0.16918884590131794, 0.12947571828303564, 0.1422633795416034, 0.15543393928259905], "mi_td": [0.772269932827339, 0.627637624202644, 0.7198931014375307, 0.5964467967977835, 0.7747546130080327, 0.6970684558166989, 0.676304355095573, 0.6023733710524466, 0.7092533570837413, 0.6825888858951443], "nmi_td": [0.15103843831872482, 0.12423777046888475, 0.13904414880338636, 0.11766587688056576, 0.15410870497627455, 0.13416176608470395, 0.1316891852849489, 0.11690361742526462, 0.1370652417056231, 0.13169516209533824], "mi_tw": [1.4657047695877867, 1.426901262167981, 1.572195002018882, 1.4346565386992187, 1.3392540552808925, 1.5675504360782069, 1.5215740909065025, 1.4935382885320139, 1.5186246847325962, 1.5146038338822836], "nmi_tw": [0.3188979046664996, 0.31464232597538966, 0.3373424936748475, 0.3151654057589729, 0.2969249024951511, 0.33503121871627134, 0.32943785508225454, 0.32217327495779946, 0.326049162135018, 0.3245914249180198], "coh": [-2.209426757251065, -1.8428862652487126, -1.8547628335997695, -2.025077928429165, -2.0197670853322722, -1.9327046161893864, -1.926419317522372, -1.8761782527503092, -2.0774318561856706, -1.8549215489719255]}