{"p": 0.8, "p-emp": 0.7985783405336292, "t": [21.26237440109253, 23.312373876571655, 20.75229024887085, 22.831791877746582, 22.972885131835938, 21.92427682876587, 28.332136869430542, 23.259800910949707, 23.099913835525513, 20.698389291763306], "nmi_acc": [0.16511520988061773, 0.19749000616296317, 0.18469893469835202, 0.18215129371121053, 0.17566470126611766, 0.2004003610451773, 0.1869798606759913, 0.21161840374021001, 0.1932969486540732, 0.18440548033398357], "nmi_repr": [0.18443085862006464, 0.18581633196128924, 0.18038899072330083, 0.16424798409971017, 0.16890062428093358, 0.1724357529380515, 0.15366246830042743, 0.17156628776185465, 0.1764135175857367, 0.19756435880933773], "mi_td": [0.518442621519833, 0.6579699363590574, 0.544966560253021, 0.6535376352408676, 0.6208813797755904, 0.5744312796021227, 0.859261171381142, 0.5717542027381706, 0.6247341272857707, 0.5554888005003634], "nmi_td": [0.1055209611027569, 0.12875150991553036, 0.10931860020136609, 0.12869671961671128, 0.12441906095730483, 0.11418157141448267, 0.1651748117972593, 0.11392821449021574, 0.12366817841621866, 0.1128418198680313], "mi_tw": [1.155587787780076, 1.3959617414758443, 1.2949236825891188, 1.2670375945884602, 1.219496536165776, 1.2994619150893634, 1.3138161020252968, 1.2561076714416681, 1.3435551397010297, 1.1378997043714394], "nmi_tw": [0.30227568415103906, 0.3472391290852003, 0.33246563201773804, 0.3177197201205247, 0.3126889223633839, 0.32975860538013774, 0.319514032901632, 0.31975567649673015, 0.3391544541360598, 0.29690725473765295], "coh": [-1.5601443482602917, -1.4016611493091604, -1.5321126935723568, -1.4192429448922634, -1.4522575298032268, -1.6235071453737098, -1.410490641216909, -1.5333387508005893, -1.4509875468969038, -1.4529195456040727]}