{"p": 0.8, "p-emp": 0.7993218391452019, "t": [32.49862885475159, 23.474170684814453, 24.872557401657104, 26.800230741500854, 22.356385469436646, 30.3802011013031, 27.593294858932495, 21.930130004882812, 22.58668327331543, 20.724817752838135], "nmi_acc": [0.01926451169032799, 0.018007769660394895, 0.019191526472516988, 0.024670416087707744, 0.04761300561852234, 0.030453184167409383, 0.0206960861562679, 0.010410134762577709, 0.02313763073059976, 0.03984447082071497], "nmi_repr": [0.1788165184998568, 0.07203775206018267, 0.09262677534883883, 0.0746929971182895, 0.16901662556020863, 0.283886917641427, 0.26743112745527253, 0.16740611450167406, 0.16632306472895048, 0.13454481036809193], "mi_td": [0.4220597959533176, 0.23393732179215693, 0.43492215900172304, 0.5913664499031597, 0.2733359447541474, 0.5020918094701308, 0.4908344608683803, 0.03169649931192732, 0.4302516916049566, 0.130314480724291], "nmi_td": [0.08995807604986326, 0.05020488268111948, 0.09169039952502245, 0.12070239299594569, 0.05600166061543219, 0.10341956468641543, 0.10240326541687382, 0.006940256070570942, 0.09084639767740021, 0.028137915269711874], "mi_tw": [0.3336444670776805, 0.5275275707934453, 0.6623962154659392, 0.5677851919944045, 1.3495722250391953, 0.8307609612116462, 0.7286243055701896, 0.9708671523546404, 0.4632996036050262, 0.9090695251986922], "nmi_tw": [0.21241696048112285, 0.3428577422400079, 0.40829581148120037, 0.31927766891559545, 0.7668804497047371, 0.4791373210910571, 0.43574906526632934, 0.6714078384512001, 0.2868725891568453, 0.6019356787218306], "coh": [-0.012822050117586107, -0.01297713754963136, -0.01248198326741168, -0.010595933792401755, -0.011408334512443321, -0.012513692750247583, -0.012027506167379005, -0.010578988204958525, -0.01230971121548743, -0.012341716438129532]}