{"p": 0.0, "p-emp": 0.0, "t": [111.01964449882507, 110.56461453437805, 116.33381175994873, 113.67754411697388, 111.01503086090088, 112.17977857589722, 108.79225420951843, 111.26956295967102, 108.85038924217224, 118.54560923576355], "nmi_acc": [0.13038912762692698, 0.016818080557937928, 0.03738940820995639, 0.055381842186368574, 0.03660781666461844, 0.033327327767499346, 0.09641381483113025, 0.03558763081387174, 0.04016182643941382, 0.018452472524211425], "nmi_repr": [0.20657023009343828, 0.20422165102364823, 0.2557368551107951, 0.25463726933588166, 0.2535943951172472, 0.2488732802765282, 0.2089014509500679, 0.19929717712384376, 0.2349414638858236, 0.24589796958172988], "mi_td": [0.4987438707627578, 0.5099026178930498, 0.5804116271595823, 0.5470032693162188, 0.5364704635877121, 0.5354944427866449, 0.49499619268595263, 0.5129572242453808, 0.5070730891233498, 0.5880401895246343], "nmi_td": [0.09969576913407585, 0.10528925136252994, 0.11883959032282626, 0.11087902643850711, 0.10868410598728707, 0.10982733873332663, 0.09812892965780315, 0.10332134725768886, 0.10263807458179464, 0.1183625795700978], "mi_tw": [1.5647629442636581, 1.2613058539980562, 1.311617336096295, 1.4035547877200367, 1.418129757414844, 1.3086889547626432, 1.6682903086677892, 1.4786496772561852, 1.4368980556467303, 1.4402129186681354], "nmi_tw": [0.3355799434004336, 0.28009860379525436, 0.2886357470039735, 0.3055498649704125, 0.30854018960679136, 0.2885124274366204, 0.3546121828497087, 0.3197162202224774, 0.31232819594558897, 0.3111733811851724], "coh": [-2.0746252738512574, -2.0612464429127875, -2.1583561466254344, -2.1568793192146916, -2.095921044050967, -2.0685200631200598, -1.9514937658036902, -1.928857560976779, -2.0849127038038575, -2.0108318725370284]}