{"p": 0.5, "p-emp": 0.49945081217590725, "t": [39.63128852844238, 38.755290031433105, 42.21553874015808, 39.579413175582886, 39.639501094818115, 47.4972870349884, 40.2125780582428, 39.29076147079468, 40.55888319015503, 39.61586904525757], "nmi_acc": [0.09653903144703196, 0.10870844124774752, 0.10809493618096272, 0.1509957987983231, 0.1269917437541681, 0.055072928206831843, 0.12394746001679645, 0.08433339356820652, 0.11694648288106183, 0.09514845207576106], "nmi_repr": [0.12261567566239077, 0.18025811018990218, 0.1402570166626064, 0.1186536951325779, 0.14347695225638724, 0.13651985497240662, 0.1462072261036571, 0.17866684243329048, 0.191240223127559, 0.20171757447501343], "mi_td": [0.5636260941439625, 0.6300375450581659, 0.5629991797576851, 0.5970409900716804, 0.541453240972568, 0.476233679336039, 0.5875738117640331, 0.5407827407554584, 0.6377656434027021, 0.6159191454794355], "nmi_td": [0.11010305304477759, 0.12395312340269891, 0.10833542251019125, 0.11578601993068642, 0.10567532483411747, 0.0950341960781971, 0.11567463967518862, 0.10754564879688558, 0.12480564525780287, 0.12093079596965567], "mi_tw": [1.5461968793274339, 1.451635560135734, 1.577262684609206, 1.5535324650157842, 1.5319339188526087, 1.3304067980430465, 1.4215836521789775, 1.4080388477247379, 1.4788034581342668, 1.4724096871485426], "nmi_tw": [0.33716563678087935, 0.31906469524118475, 0.33820676164324126, 0.33602922260427237, 0.3337159242437427, 0.29710030630133166, 0.31268829931166575, 0.313232234789837, 0.32310436704433076, 0.3229008722407247], "coh": [-2.036294006119113, -1.8949725525992673, -1.9700314948484965, -1.9420298634260837, -2.076371828937824, -2.013617555899315, -1.8982347427916686, -2.1386668021884288, -2.240381983011725, -2.0430141554876555]}