{"p": 0.0, "p-emp": 0.0, "t": [62.87563419342041, 61.91517972946167, 64.53481149673462, 62.680415630340576, 63.50372290611267, 64.23872303962708, 64.36762928962708, 63.78119874000549, 63.37760305404663, 63.19769906997681], "nmi_acc": [0.15357119749982603, 0.1334349870053865, 0.1702915713577748, 0.1383883319545038, 0.16181406100980836, 0.14618489143920252, 0.17424716371111387, 0.17304756657452872, 0.15499178398479427, 0.14434973623803327], "nmi_repr": [0.12243722763477219, 0.12363024873503675, 0.1117168786379555, 0.1140515597252475, 0.09064540942884357, 0.10421422579870794, 0.09934512923463804, 0.11246444667782694, 0.11611600900660204, 0.10967343365089013], "mi_td": [1.219955422327902, 0.8332104432955888, 1.2980338405635645, 1.1086116001283317, 1.2034401144790108, 1.111963534485051, 1.2238091232060557, 1.2124853337376982, 1.3824828685371375, 1.2233996776747509], "nmi_td": [0.24369471388832079, 0.1762532512660161, 0.257336732311932, 0.22447150672778618, 0.24068030377663888, 0.22531218097553068, 0.24420235643331886, 0.24214729264386406, 0.27014115397762717, 0.24417240934821866], "mi_tw": [0.3121045643580387, 0.25484818781746627, 0.3174994872663927, 0.2950441273198787, 0.28949353521947446, 0.28409370445121457, 0.3093080857928333, 0.31961708993647553, 0.3401224528067893, 0.3034505565577358], "nmi_tw": [0.0668850287408963, 0.058084374853375684, 0.06749119258095056, 0.06415443840970896, 0.06211822464589124, 0.06182110320456914, 0.06620947968805459, 0.0684782349302173, 0.07118756689844152, 0.06497040888808633], "coh": [-0.4069741474986551, -0.5766006393028602, -0.7498462150629791, -0.5002547993486571, -0.7128204836043274, -0.7706107353360445, -0.5903108738621272, -0.43758715071096477, -0.2737954948034679, -0.6489950692507406]}