{"p": 0.30000000000000004, "p-emp": 0.29812589074736895, "t": [71.86048150062561, 78.70697212219238, 78.08281373977661, 72.2064962387085, 77.38694357872009, 80.40717339515686, 72.14873433113098, 71.19290518760681, 73.58505415916443, 72.49323391914368], "nmi_acc": [0.049344282441513475, 0.0387069233696749, 0.030711313758958667, 0.029285529883783423, 0.05498523515437593, 0.028005649786844895, 0.0321207785220087, 0.07485262293201125, 0.037050873161025115, 0.03710873075202684], "nmi_repr": [0.14006489364263183, 0.14471980342584054, 0.1776288499080145, 0.20293174311937454, 0.17045864167334757, 0.1632521720687696, 0.17003150631473235, 0.12807807552254707, 0.15139175834564206, 0.17788728254052902], "mi_td": [0.6601431822045658, 0.6597966038799041, 0.7345051776934947, 0.6986839337349571, 0.6754982185631396, 0.7205456928123147, 0.6287129662763091, 0.6430932586015817, 0.6964460404647961, 0.660877804694781], "nmi_td": [0.12656078120771003, 0.12745116430932638, 0.143207837890259, 0.1368961889097627, 0.12988914816719319, 0.1415335722038809, 0.12256565296630488, 0.12218156358793097, 0.13580169480734203, 0.12858050196893636], "mi_tw": [1.7971994309988277, 1.74576567451303, 1.6478011510430215, 1.614525944940716, 1.7323318734073538, 1.5929830801255862, 1.679857031887376, 1.8549825517419907, 1.6496900547508122, 1.6778148799091859], "nmi_tw": [0.35013533699727284, 0.3427295619625801, 0.3265689138202047, 0.32158003126510415, 0.33851608793644783, 0.3180977363413438, 0.3328786073332477, 0.3580856021749016, 0.32697830688778506, 0.3318035246547123], "coh": [-2.340425567667946, -2.3901425991155616, -2.239832498220595, -2.3749160816329624, -2.3289219366410956, -2.512128701314472, -2.2717713667581254, -2.358785005781535, -2.440730177992236, -2.3892902477919336]}