{"p": 0.0, "p-emp": 0.0, "t": [136.0733711719513, 137.13508081436157, 137.86644339561462, 136.7916340827942, 135.1402289867401, 138.31875848770142, 138.6384346485138, 135.10292673110962, 136.54971289634705, 135.09502911567688], "nmi_acc": [0.10971585565914801, 0.11668289263254737, 0.13473650833656603, 0.09576113474557722, 0.11706524029517769, 0.07949020768736008, 0.10293064517493648, 0.11215946360473895, 0.11814350149788636, 0.09979385036058022], "nmi_repr": [0.2950629390583973, 0.2797408166551275, 0.27931050978231503, 0.2519840754770604, 0.26726359506540315, 0.2931033078483064, 0.2909972753609229, 0.28428582584884216, 0.2899848589609559, 0.2725990784111575], "mi_td": [0.7617906602965806, 0.7313718330049804, 0.7575244769953773, 0.7614629393967888, 0.7647328003875702, 0.7601891518855584, 0.7469212517499122, 0.7515586237891452, 0.7748335631903841, 0.7373033840404214], "nmi_td": [0.1429892060891646, 0.1368273279112034, 0.14055035638714505, 0.14273445818701377, 0.1434564857656167, 0.1421971527567007, 0.13962260893800785, 0.14094723218074337, 0.14409735455019132, 0.1382622976780875], "mi_tw": [1.5228187211708237, 1.5923194201228905, 1.5636263605048766, 1.536903429915673, 1.5128785062694277, 1.5669386125160916, 1.5772412388031776, 1.5356980779941822, 1.549473454007881, 1.5604201956251063], "nmi_tw": [0.2927286547780049, 0.30505610792216353, 0.2970277581155936, 0.295027091859601, 0.2906415772550687, 0.3001473835362564, 0.30191554655488434, 0.2949442507639103, 0.2950425483476454, 0.2996668060818854], "coh": [-1.601836566178082, -1.5028739148996717, -1.5461217031046188, -1.5601876494203142, -1.6263559475165408, -1.5542497822117156, -1.4832257263231579, -1.5998231801498946, -1.4491967898062796, -1.6521611359755872]}