{"p": 0.0, "p-emp": 0.0, "t": [62.57014346122742, 62.96429419517517, 64.73421216011047, 66.50767612457275, 64.01718497276306, 61.16523861885071, 63.359588623046875, 64.75576853752136, 63.54597878456116, 64.15224194526672], "nmi_acc": [0.1555442647877365, 0.17815836899938223, 0.1730568533346801, 0.21889107240097888, 0.18642336672264587, 0.11220326634791727, 0.16432802876875433, 0.2028685045564829, 0.20114079560369225, 0.18051206394537658], "nmi_repr": [0.10181033684612022, 0.10192576690594467, 0.12353174885459593, 0.12451663956177071, 0.13233780845580703, 0.093208170196066, 0.09058026915355268, 0.09532360395094056, 0.12996325513554302, 0.1148586135839187], "mi_td": [1.5481249643891708, 1.1015885394760447, 1.23930371624271, 1.1546647740655456, 1.2020943187399606, 0.6678305912015259, 1.0542649522201155, 1.133698562780452, 1.2048415163649628, 1.322658783163834], "nmi_td": [0.2948834060725483, 0.2229261422546536, 0.24623543272616757, 0.23518313095760218, 0.24163630060198293, 0.14546069765148775, 0.21494115065608008, 0.22967246222584375, 0.24177854695446535, 0.2609461246056812], "mi_tw": [0.36674068372819396, 0.2995727769111516, 0.30687937255046616, 0.2951535059084222, 0.2946631721776471, 0.2297429985137678, 0.28067983716397804, 0.28465337210800884, 0.30577183864412955, 0.31440685860980344], "nmi_tw": [0.0746901728902102, 0.06510046995563278, 0.06538799312963606, 0.0645872066168779, 0.06357333420633252, 0.05404007755213325, 0.061483776202944394, 0.06193021055903951, 0.0658501740427557, 0.06648614341065925], "coh": [-0.2849083352667143, -0.8321338648723333, -0.7091371329609026, -0.8804077591173309, -0.6238195118111954, -0.9139535454025637, -0.6488698034979753, -0.5635093542629186, -0.6440891053421317, -0.8253470302404123]}