{"p": 0.1, "p-emp": 0.08460742123123921, "t": [67.27810764312744, 62.550264835357666, 65.69545841217041, 65.90602922439575, 67.28213143348694, 63.172648906707764, 66.5725748538971, 65.66165447235107, 65.48383808135986, 64.33397316932678], "nmi_acc": [0.04320975036971872, 0.029491364525501364, 0.02872379081941292, 0.026749919930632284, 0.06093663552533949, 0.06473469969520478, 0.036403716857256095, 0.032125546042230876, 0.03089605715598746, 0.033405247271120674], "nmi_repr": [0.16457520850025104, 0.16475004642091987, 0.20618732743021942, 0.21079292625635038, 0.1439820503276429, 0.13579667550939692, 0.17993687369711017, 0.16865301441531905, 0.14766297266519388, 0.15237232985844845], "mi_td": [0.4295173417150294, 0.4083451952009566, 0.47475515945031826, 0.4114766250479973, 0.47452598873362684, 0.390374440930368, 0.4800979620255272, 0.40584548208485316, 0.35614779028427757, 0.4482028504076181], "nmi_td": [0.08451377439381409, 0.08248415346160505, 0.09616712127405208, 0.08383893191089617, 0.09250591074892177, 0.07726700723948428, 0.09582199964010603, 0.08037824117067453, 0.07200674355552687, 0.08943459510403168], "mi_tw": [1.5429731176552521, 1.301615876645455, 1.2547432286614084, 1.2197611255123013, 1.5699078742237733, 1.5147211961346325, 1.393040940091023, 1.5063222010220567, 1.3127995322296204, 1.4089346303198302], "nmi_tw": [0.318438268218159, 0.2761281219170699, 0.2669669964791471, 0.26112574248964154, 0.32085397025866846, 0.3145511620387547, 0.29182603216131753, 0.31300737680286533, 0.27877007642740764, 0.2950810894264919], "coh": [-2.2411676871214485, -1.8360101320725852, -2.241442165780291, -2.099196921383216, -2.0529272907399134, -1.9721804499952142, -2.2533893860927576, -2.1539191937318187, -2.030783836326463, -1.9830249585096063]}