{"p": 0.7000000000000001, "p-emp": 0.6996111429376668, "t": [80.26909518241882, 77.7843873500824, 73.34024596214294, 77.79064130783081, 78.37632393836975, 79.47166609764099, 78.00474166870117, 75.07264399528503, 78.86531734466553, 78.95630741119385], "nmi_acc": [0.5159436658380796, 0.5031586656539351, 0.50011780951104, 0.49708487994387396, 0.515873309155716, 0.5147421246876743, 0.5073177042122442, 0.49750457005956267, 0.5311777557117873, 0.5140573671835923], "nmi_repr": [0.4956081863857655, 0.5059974587338795, 0.5172785842634932, 0.49748446522575024, 0.4981384025002093, 0.507757997781207, 0.503989028532955, 0.4819183758220613, 0.5106152247861253, 0.5330059678430158], "mi_td": [2.458976761292858, 2.4616570310956924, 2.457195928747681, 2.459198654705932, 2.4721379091721447, 2.468806622667242, 2.4496093129080005, 2.4410612341182016, 2.460206064447236, 2.4695056511931908], "nmi_td": [0.41005447344865265, 0.4105192845241108, 0.40993687464574285, 0.4098769064956787, 0.41184999563790087, 0.4116542637124783, 0.40861225800726103, 0.4073037299223014, 0.41040096818406746, 0.412256275961401], "mi_tw": [2.460946373262883, 2.4529511002057944, 2.4495281902988078, 2.451910735961793, 2.464199677636227, 2.454737909151935, 2.453600835658439, 2.447036655152133, 2.4625352072031608, 2.4430472185916154], "nmi_tw": [0.37569109005910933, 0.37448543205222884, 0.3740978268922454, 0.37413239810966425, 0.37585422500823945, 0.37471044981851076, 0.3746703436444045, 0.37376656210707976, 0.3760523385590204, 0.37332834628892403], "coh": [-2.4986796807808735, -2.6405547487357226, -2.665361308628408, -2.7043864656134877, -2.633527652292431, -2.542233426473753, -2.5018739305049538, -2.541848810748699, -2.577496032793282, -2.48975390874244]}