{"p": 0.0, "p-emp": 0.0, "t": [166.3866217136383, 164.03750157356262, 158.6517550945282, 159.8969006538391, 166.69886708259583, 165.88649344444275, 171.0195288658142, 166.14867568016052, 165.97786569595337, 166.70957827568054], "nmi_acc": [0.07664490316454321, 0.13186957688569131, 0.09383734786057496, 0.10052989034019705, 0.06172168599524432, 0.13709496259213513, 0.08751106630719728, 0.09426885056705939, 0.08096231814678084, 0.11974930235360838], "nmi_repr": [0.2908452002476077, 0.2749066770880605, 0.2706937243109748, 0.2845798348804844, 0.2801991655462861, 0.2737469698995689, 0.264893099168556, 0.27839745697283547, 0.3074515951295624, 0.2847143436101591], "mi_td": [0.7375225426920289, 0.7703797117440632, 0.7398671600385278, 0.7391542322768276, 0.7420719704074814, 0.7560467328447288, 0.781264934933127, 0.7413745469950381, 0.7256810903837471, 0.7612301031579338], "nmi_td": [0.13875512622735126, 0.14323978311641034, 0.1385922005197556, 0.13843286987524403, 0.14090359474886735, 0.13990271379372898, 0.14646293908971117, 0.13911693327772043, 0.13696397526399162, 0.14239085176746769], "mi_tw": [1.5838463883795053, 1.53970981104952, 1.5774216637886074, 1.5711548158119526, 1.5389671296370502, 1.595960307885391, 1.5269749621494455, 1.5769926806559116, 1.5692446625984526, 1.5338697583822694], "nmi_tw": [0.3051831195691992, 0.29312205841298306, 0.302594476672362, 0.3013348385219999, 0.29934796536203484, 0.30234361545804117, 0.293155317154598, 0.303052868392366, 0.30336012704644416, 0.2938108913621673], "coh": [-1.6891914331630482, -1.6058882201067686, -1.5854778676651717, -1.598903348602496, -1.6263369435251545, -1.5956986416065775, -1.5582684565931368, -1.616413282821798, -1.6462839390459822, -1.5375502350183152]}