{"p": 0.4, "p-emp": 0.3954198756783607, "t": [83.32401943206787, 88.44377708435059, 87.3583242893219, 89.57599258422852, 85.32135057449341, 85.30173945426941, 84.11093330383301, 85.4768898487091, 84.74001169204712, 85.60318994522095], "nmi_acc": [0.18945500135046203, 0.20775773970239228, 0.18088599083259077, 0.17889185722228612, 0.18074780030815812, 0.1831304528477379, 0.1919421552215917, 0.18369761479791594, 0.19305560973168406, 0.19434250891439636], "nmi_repr": [0.2654094830556328, 0.2593809445421409, 0.25506411485641367, 0.2554278056052436, 0.24859533340154855, 0.25791319273895386, 0.2588113733407704, 0.25270311978761384, 0.2492934393181021, 0.24200891461992313], "mi_td": [1.014059788893771, 1.0642366138265826, 1.0152919210632245, 1.009300546538169, 0.9977871118529114, 0.9954004265636403, 1.0280191810894967, 1.0343840312132833, 1.0419353553806392, 1.0248524154968155], "nmi_td": [0.18295446441276822, 0.19162642668488994, 0.18342037543353829, 0.18231206391556712, 0.1799070673580335, 0.18022819837252277, 0.18654587936596698, 0.18657948765826549, 0.18829315684975512, 0.1852766581956264], "mi_tw": [1.3503142234001242, 1.3240000410071504, 1.3384447484388498, 1.3424539487719398, 1.3614006009306494, 1.3395672510954209, 1.297568958199366, 1.336216282237942, 1.309495569834519, 1.322360530684343], "nmi_tw": [0.26675062027176893, 0.26098441582371307, 0.26479091590679266, 0.26554272731837564, 0.26875829446711214, 0.26566087741376315, 0.2579553963101066, 0.26390082733021475, 0.25915334601818285, 0.26180867870146757], "coh": [-1.077047583040478, -0.9496676606595198, -1.1315287981065547, -1.1857783968972189, -1.15165009786579, -1.1540775243469985, -1.1660314454902727, -1.0947082176867045, -1.117717143585414, -1.13933879170634]}