{"p": 0.9, "p-emp": 0.8999606415005597, "t": [20.04596519470215, 19.811206579208374, 18.546010494232178, 19.838350772857666, 19.531339168548584, 20.38121795654297, 19.52032780647278, 18.808757781982422, 19.56160569190979, 19.963549613952637], "nmi_acc": [0.06769361308549723, 0.06482223302530013, 0.07114689930509922, 0.06921838705843285, 0.07466427249613439, 0.07435348896675704, 0.082115337732492, 0.07074125312989188, 0.06708715878570665, 0.06926830850340916], "nmi_repr": [0.09138799711877105, 0.08757054809537675, 0.08868377462670454, 0.08694860082132175, 0.07659052621989536, 0.08977073992545166, 0.08871961315808602, 0.08929304900419635, 0.09249750267991186, 0.08261330748517395], "mi_td": [2.227188745665189, 2.222788326058176, 2.2327066372033713, 2.227669415760772, 2.228432649552542, 2.2227148515117063, 2.2217681164104124, 2.2225784408751306, 2.2115514001024685, 2.222911312671008], "nmi_td": [0.37420634135395314, 0.3736804478411633, 0.375304935863238, 0.37422444756972273, 0.3745084253699264, 0.3735680610958476, 0.3732747761011884, 0.37347157895414396, 0.37185121056488907, 0.3734501425236616], "mi_tw": [2.7187876675719163, 2.7021211380900194, 2.71771608277075, 2.7045308032860262, 2.7245866645163392, 2.7050827714116013, 2.736781249409273, 2.709629573000897, 2.7143653529030853, 2.707563936496432], "nmi_tw": [0.4666295427196484, 0.4640398116718578, 0.46666345056723657, 0.4641032419296807, 0.467743594768463, 0.4644213777209794, 0.4696910650656376, 0.46510841917369844, 0.466219172556412, 0.4646555149480058], "coh": [-3.6274516804461427, -3.5347463944626263, -3.557909722775887, -3.641248033455367, -3.5571763563890393, -3.568700722397685, -3.5033977872779403, -3.57004148043044, -3.5562445355551318, -3.6160338410195636]}