{"p": 0.5, "p-emp": 0.4988492669216341, "t": [42.42086410522461, 44.2682831287384, 41.21872568130493, 43.091188192367554, 45.883493423461914, 41.68423533439636, 41.92276191711426, 41.833149433135986, 41.66429424285889, 45.00583004951477], "nmi_acc": [0.10547723128817729, 0.10565352061766914, 0.09771586300560865, 0.0894363830902497, 0.11941164499234816, 0.09393388815632217, 0.10152685085754026, 0.12156351977118948, 0.1335181963123188, 0.16566227212151452], "nmi_repr": [0.09078527365057809, 0.07025657644572278, 0.06444957237203625, 0.051227304821054774, 0.05712560952914075, 0.07492848916089129, 0.0568783515297728, 0.0525860300371977, 0.06906433691723354, 0.09994571545491387], "mi_td": [0.9895353379851447, 1.3260717599950893, 1.100097387685999, 1.1459158470824597, 1.3577776000096358, 1.3279195949572393, 1.28944026880638, 1.5039383646603266, 1.494040489398596, 1.410267378459178], "nmi_td": [0.20462971540233688, 0.26136700722216105, 0.22354112489548916, 0.2310268697452714, 0.2673868604064756, 0.26097080526235095, 0.25472708944952926, 0.2882398010935036, 0.2883048986399103, 0.2767078129511985], "mi_tw": [0.3328186966014775, 0.3552445662668005, 0.3461280137221209, 0.32447115865982246, 0.3789262586818029, 0.36837455394329616, 0.35599113520305586, 0.4114458718191084, 0.40607686699885315, 0.40136697312012815], "nmi_tw": [0.07704322257953114, 0.07794279798658299, 0.07856921040280623, 0.07300908542136766, 0.08305940500239373, 0.08056228925843763, 0.07830511022587232, 0.08750772701114937, 0.08702304928520346, 0.08762029389373005], "coh": [-0.8804617207599635, -0.912960762239123, -0.8817003079650796, -0.8607218904804077, -0.8517074134803346, -0.6595293754660793, -0.4738182894500552, -0.4558315531045774, -0.6753446238245199, -0.9965329868019218]}