{"p": 0.30000000000000004, "p-emp": 0.29343249353555334, "t": [55.212878465652466, 54.68753790855408, 51.9809045791626, 51.07474946975708, 55.93415093421936, 53.423009157180786, 51.10196232795715, 53.36238408088684, 52.64634299278259, 48.334673166275024], "nmi_acc": [0.03408888033754695, 0.05165796580058366, 0.03335055136071047, 0.02917940172897291, 0.030965835296862976, 0.029776401739083663, 0.027287862996435767, 0.03748487794775109, 0.03420229837760828, 0.038039277100766385], "nmi_repr": [0.17424454384476754, 0.16429065301787332, 0.15224873186662172, 0.1540454527912122, 0.16344901760175565, 0.15024160272933546, 0.1858757601758634, 0.18458715863239789, 0.14021419599267565, 0.13604115572477382], "mi_td": [0.43829552483297796, 0.42981200956984605, 0.322319324718461, 0.39664708616043887, 0.3396356510727601, 0.3832098030236583, 0.44047329835622273, 0.4506378952817141, 0.3647302062414728, 0.3119506531122438], "nmi_td": [0.08772038984078387, 0.08610347363886203, 0.06609226565060708, 0.080742264070186, 0.07005958163798714, 0.07853120214738653, 0.09152005233786394, 0.08933560000179175, 0.07364881454100118, 0.06407072602874933], "mi_tw": [1.3314917362038452, 1.3250051515034724, 1.2057235177955257, 1.2380662883519071, 1.1042629649838358, 1.1485175919986945, 1.0246876754519514, 1.4029846784070283, 1.270601362463322, 1.17981175107058], "nmi_tw": [0.3062113664832071, 0.30504924602984607, 0.28513684991352306, 0.29033428116445953, 0.26294595878479554, 0.27142195155269183, 0.2460452539112339, 0.3191433278823941, 0.2952100421152017, 0.27953528992316407], "coh": [-1.8886348357312823, -2.074483542135184, -2.092294525703463, -2.3026701062790367, -1.80176539268596, -2.386022813942479, -2.0980804399904627, -1.97148982875556, -1.78066272192766, -2.1067778116744114]}