{"p": 0.1, "p-emp": 0.049999416683705666, "t": [106.52478981018066, 102.87477922439575, 115.19481992721558, 104.08912253379822, 112.48775911331177, 112.75282073020935, 108.35858273506165, 119.60750031471252, 109.33555793762207, 118.47749876976013], "nmi_acc": [0.4133152785565233, 0.31998120252570683, 0.334999932255658, 0.3505599272388627, 0.3474860887054462, 0.40108633931614807, 0.41400550846633055, 0.38034563595764787, 0.40582273104704886, 0.37953712219144226], "nmi_repr": [0.2953990603199522, 0.2253609188145023, 0.17972821907877612, 0.26351903831167695, 0.26535406848413917, 0.29718376499132826, 0.2781168808814196, 0.28132004802204386, 0.28841917038771414, 0.30113631202269636], "mi_td": [1.0048153763946719, 0.7133185540997188, 0.8436042671716748, 0.7964003116094518, 1.0201492966867363, 0.9425736773022797, 0.9596007530204329, 1.0650411643170201, 0.904882124395877, 1.0403243163517006], "nmi_td": [0.17884036410756204, 0.12979947377180984, 0.1531895021779749, 0.14426416145884055, 0.18105946362731493, 0.1683604803471933, 0.17050059366057588, 0.18719812786694512, 0.16081778049766354, 0.18323911447851202], "mi_tw": [1.5632862575820843, 1.426040337137812, 1.4286913610080418, 1.4773766969598743, 1.5968565956043355, 1.5625380254281571, 1.6080120446886046, 1.6443703246600272, 1.6612444278716376, 1.6639019523974299], "nmi_tw": [0.2992454910135284, 0.27955374360464413, 0.2794494771741007, 0.28821130426305436, 0.3047481938500884, 0.3002494276774421, 0.30724040496775284, 0.310553408927367, 0.3174953383934692, 0.3149538432923819], "coh": [-1.827970720822805, -2.2398951715657827, -2.0577297828845036, -2.0321808979064304, -2.1942503931958037, -2.0589789866195267, -2.0446523242370085, -2.431800848279972, -2.1286714253892214, -2.198198470280702]}