{"p": 0.1, "p-emp": 0.09881869240135355, "t": [127.07956743240356, 122.79293441772461, 122.84539008140564, 120.80583190917969, 119.91247129440308, 122.87017369270325, 125.11405372619629, 119.19907712936401, 113.2641704082489, 123.38764905929565], "nmi_acc": [0.31104536105794484, 0.3232266696966342, 0.23846538661839808, 0.2943312172887687, 0.2704763035294896, 0.28600632093610123, 0.2869849201040323, 0.25651953706882047, 0.26515378634889863, 0.248188275063913], "nmi_repr": [0.21084983583547423, 0.2236549900454258, 0.1662807563945469, 0.1721952944323379, 0.20204138017198883, 0.17457871735678626, 0.18755256905039225, 0.1750950927418479, 0.16563322848398868, 0.12953655637886546], "mi_td": [1.4118582492920653, 1.313988333276708, 1.4881608278200045, 1.3287403218578886, 1.4782861825597984, 1.3468948863066024, 1.4628050846978367, 1.4523518846565586, 1.3411531570766342, 1.5205533932641748], "nmi_td": [0.24840932763121068, 0.23378893335828152, 0.255984725156206, 0.23623093669780346, 0.25607811042938494, 0.23702641563878457, 0.25300016319028323, 0.2517600407125183, 0.23676381402735172, 0.26027409718360206], "mi_tw": [1.0389724807570353, 0.9846006716347074, 1.0357672974621512, 0.9924426309914092, 1.0527492759824428, 0.998650077691351, 1.0718681321334107, 1.0456281301127224, 0.982233052298374, 1.021120551551211], "nmi_tw": [0.19251878823961785, 0.1846054278613228, 0.1874145108814524, 0.185924197108382, 0.19189984005851424, 0.1850858599234694, 0.1950634558062479, 0.190740832580971, 0.182650774525228, 0.1838114662060939], "coh": [-1.8217715749778507, -1.8858360630219946, -1.7635279481007617, -1.7750489859281946, -1.6626897390726376, -1.8768492056536872, -1.8426223661031038, -1.648259601347723, -2.0377904790849444, -1.6221651132345034]}