{"p": 0.1, "p-emp": 0.07168966941956934, "t": [153.40159606933594, 156.35939931869507, 153.8462073802948, 154.6868486404419, 159.03542852401733, 153.6121985912323, 154.80345058441162, 148.9382519721985, 154.48062372207642, 157.9326720237732], "nmi_acc": [0.13527375435990036, 0.134227072495649, 0.10221968825684191, 0.10289389238636433, 0.1266364598532659, 0.1263447514235607, 0.11101053708051653, 0.1225282126217063, 0.0899938138944124, 0.07058087276654218], "nmi_repr": [0.27250320269776623, 0.3060444248877066, 0.2924075662823804, 0.28617365599953726, 0.2709493875030996, 0.29501353614846, 0.28430699216128896, 0.29227004198273365, 0.2813877410272952, 0.29671402790105134], "mi_td": [0.8082338311571663, 0.8006672743081946, 0.7979166824794109, 0.7645876244928953, 0.8195727295309608, 0.8032645103483127, 0.7786692485814974, 0.7998569510449098, 0.8034650149603021, 0.7883356451662711], "nmi_td": [0.15098051209116134, 0.1502236147395364, 0.14971431021252168, 0.14312149864546225, 0.1529966887091682, 0.14988716663900134, 0.14527242595123355, 0.14926041343294222, 0.14994645699997697, 0.1485759971163203], "mi_tw": [1.5991610854446412, 1.574140889925415, 1.6212146117544732, 1.6696207147501412, 1.5626099097198087, 1.5942192787978398, 1.6424653569983365, 1.610410304107761, 1.612174030500525, 1.6273536151480326], "nmi_tw": [0.3014327472640295, 0.2980309321787748, 0.30695737148709845, 0.31536818983421067, 0.29434511844851924, 0.30016769615235367, 0.3091973217495783, 0.30323485643600284, 0.303593001724793, 0.30950581960290796], "coh": [-1.6140613502264742, -1.7713796379503197, -1.59564456137486, -1.6678356831512882, -1.6281212934394742, -1.6171357082819309, -1.656649426619666, -1.6430158569406892, -1.6332753556313129, -1.6012477461099945]}