{"p": 0.0, "p-emp": 0.0, "t": [78.78595519065857, 78.51056694984436, 80.07367300987244, 79.37052702903748, 85.30507898330688, 78.33251452445984, 78.75912022590637, 79.90828323364258, 79.41704082489014, 80.73796486854553], "nmi_acc": [0.1356146863374991, 0.14789518314416997, 0.17002954102067985, 0.1765787248912391, 0.15800909926984752, 0.12022531156588559, 0.17699054393720134, 0.1559811988173341, 0.2156785444983583, 0.11994425193104648], "nmi_repr": [0.07856644217249989, 0.07422461326320932, 0.09323251777002939, 0.10716549929028261, 0.11178518877340549, 0.07937534381265919, 0.09185887025604264, 0.11556888378163457, 0.13962040903537073, 0.10715715496978209], "mi_td": [1.1183146130726742, 1.1224587870600922, 1.1885096842967682, 1.2551360288365976, 1.1182391573370234, 1.2186795617916082, 1.0336032594516444, 1.2815012886072872, 1.1140243282810802, 1.1468958656305468], "nmi_td": [0.2262317772213093, 0.22623558525203014, 0.2373151413386728, 0.2503556668415044, 0.22669515080524488, 0.24189614178357768, 0.21258664862104626, 0.2537827690197764, 0.22711857562745008, 0.23011875805736723], "mi_tw": [0.2692376969906684, 0.2750221374200327, 0.2807068763216203, 0.3126204431656566, 0.2854196542561348, 0.29069755371472983, 0.28050595290798663, 0.3195340367951232, 0.294079239960857, 0.29407308305689683], "nmi_tw": [0.058486339474695934, 0.05950717460496791, 0.06012974514091867, 0.06689049556824005, 0.062142426758154366, 0.061873822305506705, 0.062028148908278506, 0.0678444607818416, 0.06441707266612047, 0.06332140406372795], "coh": [-0.8790284768741708, -0.6058001186600693, -0.9027782949836523, -0.4365280988960233, -0.7169083823972126, -0.7495604488553794, -0.42484738501157204, -0.4109400227710892, -0.7038493996381394, -0.7788655965073729]}