{"p": 0.8, "p-emp": 0.7971978886676044, "t": [24.819818258285522, 24.934255838394165, 24.531595468521118, 24.37304925918579, 24.736710786819458, 24.712040662765503, 24.3248393535614, 24.270668268203735, 24.57862424850464, 24.395803928375244], "nmi_acc": [0.03350567536572166, 0.027295516054337308, 0.030948845702453823, 0.026200414060063723, 0.026858893599793033, 0.029379190643119505, 0.029655089308190906, 0.026394064615806262, 0.029853825270382075, 0.025856640784926888], "nmi_repr": [0.14886677426045375, 0.1327546100746739, 0.1336839580777424, 0.13368586741577299, 0.13326595961143997, 0.13676568517825524, 0.13317491152185207, 0.13049826830052086, 0.12813003010193694, 0.13765211542400038], "mi_td": [1.9799423164241123, 1.8712659629268165, 2.0273940226189158, 1.8813403264548463, 1.9772439867946119, 1.8943923982128958, 1.6880545621914431, 1.9333807790858235, 1.847605372588277, 1.98090448277302], "nmi_td": [0.353367488810624, 0.33763660351990055, 0.360302774157744, 0.3392411249584321, 0.3528283325998347, 0.3422713202852567, 0.31129482620287396, 0.3454663644992851, 0.3331037341474533, 0.3545176911887241], "mi_tw": [0.16472522943530987, 0.16913937779815139, 0.17841631215587456, 0.1619644300638807, 0.1782855518914976, 0.14210918022031838, 0.1610191410468333, 0.18392947458065279, 0.17278979504198116, 0.15236420060357875], "nmi_tw": [0.06093695423856938, 0.06401006377239846, 0.06542450475663449, 0.06121403921031598, 0.06593103636828349, 0.053933283265372244, 0.06382490290039475, 0.06820852963785519, 0.06528313499814659, 0.05668853456953037], "coh": [-0.16310692110698888, -0.1652639951806725, -0.16545223763672673, -0.15901509989095444, -0.16284419181672977, -0.16022657439161797, -0.1632086212631017, -0.1611624170067534, -0.15837303551539922, -0.16285472765778652]}