{"p": 0.9, "p-emp": 0.8783579945814722, "t": [17.19245934486389, 16.954711437225342, 17.06136417388916, 16.848973035812378, 17.010939836502075, 16.575674295425415, 16.879241466522217, 17.044025659561157, 16.97538924217224, 17.437044620513916], "nmi_acc": [0.042022349021784595, 0.036035045743500624, 0.045168820234723746, 0.046424309026694054, 0.042637503655607624, 0.05042180852380447, 0.04552851987288126, 0.0450328826029164, 0.0468986426225981, 0.04362218658725231], "nmi_repr": [0.14288276792275068, 0.13633761384663007, 0.12186415836720674, 0.13767342413402867, 0.13819531397772422, 0.15172135581342722, 0.16237738077352717, 0.13932602251521703, 0.16075196014531504, 0.1758041225027951], "mi_td": [1.506655911256028, 1.4543809892466695, 1.3539586224422058, 1.4176340865818275, 1.5852202259072525, 1.224291615833921, 1.3629489974458662, 1.3837706868453683, 1.3089660037643316, 1.4990106660315807], "nmi_td": [0.2830234157044282, 0.2730388877300541, 0.2571384836185184, 0.27036373939601716, 0.29501551889355554, 0.24280143361036993, 0.26160316524391225, 0.26339073068974145, 0.25565711364685084, 0.2814916776328294], "mi_tw": [0.055755365708811414, 0.09704443948578607, 0.06737378110119349, 0.05701668804626067, 0.07003926116866895, 0.04715008362981474, 0.06869349553818653, 0.06314803663716856, 0.0489197219864838, 0.05383115742245269], "nmi_tw": [0.03084613546842186, 0.05359368995779003, 0.03850846138829943, 0.0330047000985644, 0.03770731695690021, 0.030888575024711238, 0.040548994906447915, 0.03633833986105891, 0.03049656801151804, 0.029751830263112344], "coh": [-0.004416064145158651, -0.0045557654807350835, -0.003983530143520391, -0.004222420896782253, -0.004159340709739548, -0.0037177794004406065, -0.003807830543883295, -0.004348470304285605, -0.003753777664501269, -0.004461200683462055]}