{"p": 0.7000000000000001, "p-emp": 0.6996111429376668, "t": [88.93123292922974, 90.5309648513794, 93.02533555030823, 91.81578421592712, 84.16988801956177, 78.65799355506897, 71.02279424667358, 89.30524682998657, 89.6404025554657, 92.92841601371765], "nmi_acc": [0.15083621111938833, 0.14160532762024522, 0.13763852315762962, 0.1441640095482908, 0.1576571158956926, 0.1318108783934347, 0.1362189855684064, 0.11219891461576864, 0.1430836162969032, 0.11696068260722851], "nmi_repr": [0.06624352214911854, 0.07214303754086385, 0.07121158297420924, 0.0689731326203529, 0.0709309853792782, 0.0752818860979288, 0.06970821844876048, 0.0651437716623474, 0.06664960837023795, 0.0678716847811467], "mi_td": [1.817958747042117, 1.8168138719260736, 1.805551163450394, 1.8130719204541677, 1.820344402833825, 1.8120898147448739, 1.8121347812855126, 1.8060614562225545, 1.8134191999898726, 1.8054715346376957], "nmi_td": [0.3025487923290484, 0.30271007369473396, 0.3007023178602344, 0.3020211561488134, 0.3034133454982802, 0.30204631057667475, 0.3018096601040422, 0.3006719432283886, 0.30204891400143064, 0.3006431741938844], "mi_tw": [2.4085378451111397, 2.3958444226074445, 2.3932790301071005, 2.3894030345793595, 2.3979808242412237, 2.396869356133461, 2.3890482634679486, 2.3758287631249324, 2.3982494636449716, 2.3720392623558633], "nmi_tw": [0.36701215841126067, 0.3654668498060466, 0.36492973541600854, 0.36441196896853745, 0.36591974910154146, 0.3657599363231472, 0.3642966531987691, 0.36214168713487693, 0.36572779422823465, 0.36164054207748814], "coh": [-3.008335670926331, -3.2188532072658385, -3.2295198184211613, -3.168378192032711, -3.102137564365103, -3.2126032369392745, -3.3597509295944974, -3.2893966025529067, -3.1796381921220243, -3.4356492866794914]}