{"p": 0.9, "p-emp": 0.8990697026130728, "t": [18.236217498779297, 18.767228841781616, 16.089372873306274, 19.284583806991577, 16.43763828277588, 14.341015338897705, 16.861671924591064, 14.001978397369385, 20.08485770225525, 16.612730979919434], "nmi_acc": [0.28644281568839264, 0.29328466596254854, 0.29488041284462224, 0.2948938768241214, 0.300724590649119, 0.2672348212910129, 0.3139103098880749, 0.2750675111074822, 0.26804458881882604, 0.28289898157791055], "nmi_repr": [0.299950830810421, 0.2976996387473707, 0.31007159942741735, 0.310655935603553, 0.29122189479496424, 0.2677366458973161, 0.28229405473675256, 0.26209025277806935, 0.25169804748213276, 0.29215244173847665], "mi_td": [1.6655947077481428, 1.8551660890076151, 1.6109746439874402, 1.7520177670252597, 1.4406361720862952, 1.5110703440514963, 1.7890954570774242, 1.2237344906242913, 1.8526503396430658, 1.7138544284252086], "nmi_td": [0.28763404309771806, 0.314884551246398, 0.28023533530963235, 0.29965312657134285, 0.25528664381287636, 0.2646612617426742, 0.3057988211783066, 0.22061548673855894, 0.31373221444394483, 0.2950833360288377], "mi_tw": [1.4806523440143122, 1.6118672129129297, 1.4780644260262368, 1.5685162529028633, 1.3840746229679841, 1.426718993205133, 1.5806939131863658, 1.2722400682766781, 1.6341799075553067, 1.5279968601766347], "nmi_tw": [0.33425768840256337, 0.35577536824559636, 0.33686930880224636, 0.34966100618356166, 0.3232150042029612, 0.3280982427307851, 0.35208184628114836, 0.30393383494150594, 0.3596191054038762, 0.34359898152055307], "coh": [-2.87973636038239, -2.794064422942866, -2.8805172070616885, -2.925242678736745, -3.0018381585786424, -2.896638253898616, -2.8025009940001326, -3.010213377574981, -2.8683759271945375, -2.8547800834606134]}