{"p": 0.6000000000000001, "p-emp": 0.5988081534370323, "t": [24.766093015670776, 25.76916766166687, 25.487574100494385, 31.30077838897705, 29.109583139419556, 30.81314468383789, 27.740766525268555, 28.209201335906982, 24.57132840156555, 27.63536810874939], "nmi_acc": [0.2848906875686283, 0.3251016097895743, 0.2708479364986539, 0.28831032633756803, 0.3135248975646934, 0.29767587910455556, 0.3187022060763843, 0.2788677000985528, 0.3551130390452113, 0.28799222144821657], "nmi_repr": [0.30014984639468667, 0.3486118494861193, 0.3153295793926651, 0.33302626344006525, 0.29465538928296675, 0.27395818152072, 0.30306380245169295, 0.290538998904268, 0.32827807266124887, 0.3183005649425465], "mi_td": [0.615024579779503, 0.6109528725171489, 0.7319952718263883, 0.6712072162049862, 0.7689693963951366, 0.928601603269468, 0.7689835524726245, 0.7623227151413317, 0.5468642188959907, 0.7083288100460629], "nmi_td": [0.12400676162211716, 0.12492494646408694, 0.14358161044124476, 0.1338419664822627, 0.14930948164896876, 0.17704188426075146, 0.14921059100125678, 0.1514904883155934, 0.11257117428520008, 0.13916159042471446], "mi_tw": [0.9831464045409745, 0.7339388828228841, 1.0035894782043964, 0.9494672284593426, 1.0932042765821128, 1.065076066978382, 1.013326541628381, 0.8579938104471576, 0.8454516586055087, 1.1273742972126557], "nmi_tw": [0.42225171256441035, 0.3248528783516354, 0.4068303952577917, 0.39832321808287474, 0.4339992793710485, 0.40747680336620845, 0.4017285193999754, 0.3573655149317132, 0.3796918118352548, 0.4585226167190773], "coh": [-0.9939284785052832, -0.9346377284011121, -0.7619190848284151, -0.9354582760990081, -0.7675425905232183, -0.7938347373117267, -0.8817873695166771, -0.9923007660162649, -0.9109367523969409, -0.9493039290866194]}