{"p": 0.2, "p-emp": 0.19909096885549993, "t": [49.81381273269653, 55.70771861076355, 58.18537497520447, 57.13211917877197, 60.037225008010864, 64.33601355552673, 65.35555410385132, 63.745408058166504, 62.90456247329712, 61.687631130218506], "nmi_acc": [0.4321802658824586, 0.5042536413310689, 0.5268634496677228, 0.47001094982998276, 0.4115605565342474, 0.41875199234629973, 0.41440600662747157, 0.4805475379890585, 0.43598690190681, 0.47887222407062696], "nmi_repr": [0.2522945853948455, 0.21951171333220432, 0.20725220196811978, 0.2314750548649674, 0.27707454145543314, 0.31101438713544943, 0.32748809911787713, 0.2937239203136946, 0.2967478796176536, 0.2187283459075547], "mi_td": [1.0585547990628874, 1.2322271654380648, 1.1990812211815018, 1.2031775200656276, 1.1583900658556727, 1.167895817489676, 1.1647798831532312, 1.1455480818110844, 1.1531250975396414, 1.1968546764189838], "nmi_td": [0.19592631410993938, 0.22439561091536636, 0.2191965315409051, 0.2194470258880663, 0.21685984811957537, 0.2180826767959783, 0.21874344011701266, 0.2119760572060125, 0.21270385551873447, 0.21872666198712903], "mi_tw": [1.6760770725858667, 1.704656708366108, 1.655043133247589, 1.7411557543508203, 1.603571156742358, 1.634562187710062, 1.590156188267759, 1.6846766551211427, 1.7450326322418352, 1.63371770700273], "nmi_tw": [0.35539678182326045, 0.3547991955362345, 0.34598280642644713, 0.3630416882803316, 0.3444906452495737, 0.3501226998504051, 0.3428450247759861, 0.357120436637306, 0.3685763007687792, 0.3414125919893356], "coh": [-2.0018206699459635, -1.989665109637896, -2.3157638437404815, -2.106203970305194, -1.848299113283884, -2.1080874363694138, -2.110001470166148, -1.9716096693129814, -2.0237213697836283, -1.821898520193357]}