{"p": 0.0, "p-emp": 0.0, "t": [57.31329894065857, 55.903913259506226, 55.0216748714447, 53.585596799850464, 57.02508521080017, 53.62669801712036, 58.22744941711426, 60.39556622505188, 57.65120720863342, 57.64760422706604], "nmi_acc": [0.48315807232752594, 0.4556601484575286, 0.40380723161532034, 0.4486025674218719, 0.4298961647097079, 0.4379081693166866, 0.4304459367157894, 0.43382209333235355, 0.4507084817852785, 0.42895023793895304], "nmi_repr": [0.29619447773468793, 0.29762845772461133, 0.2788473740575371, 0.2904917902384549, 0.3051599798522955, 0.3184893293675788, 0.30381681782040043, 0.2974932949038669, 0.28376950204979245, 0.2695255882193755], "mi_td": [1.6127963405906227, 1.5763227292466317, 1.5985873491532494, 1.5152340661336074, 1.5446178864568179, 1.6676556082498952, 1.6144346450036677, 1.508521621708982, 1.570186087431359, 1.6776982435867422], "nmi_td": [0.29828772627510936, 0.29103171088324165, 0.2962031220378262, 0.2827640762808183, 0.28877444280726206, 0.3059173671493701, 0.29922244302093814, 0.2814460449441014, 0.2899247495869121, 0.30461353112249434], "mi_tw": [0.7869773063797777, 0.7965696809480892, 0.7996826512287943, 0.7667703820453354, 0.7868026105405702, 0.819531039462363, 0.7970202194283312, 0.7693238465956227, 0.801656484182582, 0.8272587072127908], "nmi_tw": [0.17382442051937952, 0.17557556369651175, 0.17701852661863227, 0.17118352427805922, 0.17604006185398977, 0.1792537015420643, 0.17648763000512216, 0.17170586297938897, 0.17671570933246983, 0.17874278504562738], "coh": [-1.2369082904451383, -1.1055666470829406, -1.1449887467034214, -1.3151090603373952, -0.9890162681707491, -1.059557142303445, -1.014807194881089, -0.9801752456338007, -1.0241594455429892, -0.927129320869768]}