{"p": 0.8, "p-emp": 0.7998094798593915, "t": [17.979366540908813, 20.53110361099243, 17.68822145462036, 18.443499326705933, 18.814107656478882, 17.63840341567993, 17.751280069351196, 19.28401517868042, 17.87826442718506, 18.30080556869507], "nmi_acc": [0.18135023779666493, 0.2048952077535156, 0.1971126350931291, 0.21570936713647518, 0.21370010878328802, 0.16000788012335074, 0.19770542515061781, 0.17943340013777423, 0.2085680369233736, 0.21835847170767572], "nmi_repr": [0.24053537596225005, 0.25811580246736254, 0.2752657248632155, 0.24876165447122864, 0.26004935216215, 0.22814114414862946, 0.2152249207424385, 0.23542023695870212, 0.26059642545578543, 0.25935196955335965], "mi_td": [2.3513291071608187, 2.4043714670056278, 2.360158270875449, 2.422644570517981, 2.46648530288891, 2.242662737735166, 2.4057873399560727, 2.467980265687167, 2.387917128350024, 2.3756496689564934], "nmi_td": [0.4094892313354481, 0.4182921615812211, 0.4114765784272119, 0.42073564184202983, 0.4253881063903066, 0.39348893448848965, 0.4174805279049835, 0.425171939095462, 0.4147386883658332, 0.41404704130277553], "mi_tw": [2.7006417141291146, 2.7150493254151264, 2.6839723547051526, 2.7374940744751264, 2.7851725278767168, 2.6198485112058156, 2.7168084309416933, 2.7822502975732175, 2.7328692688958256, 2.6941909686148398], "nmi_tw": [0.45669191888502475, 0.45866567114203766, 0.4543552484400839, 0.461673646265118, 0.4665605320044507, 0.44624955774907765, 0.4578362142040177, 0.4655668798868687, 0.46093047160189077, 0.45594572589857596], "coh": [-2.3290973183325367, -2.5137387456224496, -2.33754434836603, -2.311801924248472, -2.2868359963788616, -2.250505053237099, -2.4566127269327076, -2.4118419313333783, -2.3210368866570557, -2.3252661439862776]}