{"p": 0.4, "p-emp": 0.3996630448934029, "t": [76.18036413192749, 77.31156992912292, 76.71765661239624, 77.22135710716248, 77.86094784736633, 77.82485842704773, 78.17789936065674, 76.63120198249817, 76.63839268684387, 78.84862875938416], "nmi_acc": [0.5328092328090998, 0.5263307983423899, 0.49550187406015983, 0.49541679204878386, 0.49516308221205374, 0.5124121726605623, 0.5148321412939273, 0.5319859629458015, 0.48975799045053336, 0.5142304703899203], "nmi_repr": [0.45093270658102175, 0.4512552600813773, 0.4284355976051354, 0.433473746528171, 0.44335905624038363, 0.43583530780349256, 0.4260058514402868, 0.42236098831412333, 0.436664344635078, 0.43537210062753107], "mi_td": [2.1011342311417156, 2.0649451959386744, 2.061128600845705, 2.091885638599943, 2.0778554503526623, 2.152888589027344, 2.0747411062155985, 2.0548654979755416, 2.1529041388811883, 2.0750983609061], "nmi_td": [0.37163061371140815, 0.3661955658439652, 0.3650932766559366, 0.36941073804095365, 0.36765869407979684, 0.38010275115398307, 0.3665894194651112, 0.3649352462130913, 0.37995606101344614, 0.36759752914472216], "mi_tw": [1.2129851718425368, 1.2107907183608788, 1.208293612575349, 1.2100843371558123, 1.2071146448079408, 1.177150511454957, 1.2194899237003567, 1.196707795541721, 1.1881632152917638, 1.2038481393421203], "nmi_tw": [0.2719863010796458, 0.27240500216943236, 0.2714418991478249, 0.2707930721663957, 0.27080576124678446, 0.2633523347971382, 0.2730925824267781, 0.2697309627492384, 0.26568369191991087, 0.27047099066167285], "coh": [-1.347664044335111, -1.4254643931895614, -1.3735917474489647, -1.2584375126948881, -1.2785174072309196, -1.4001066787001932, -1.2680684111981126, -1.291103017490705, -1.2835463418603017, -1.2497771397316784]}