{"p": 0.9, "p-emp": 0.8999859494618901, "t": [12.55598497390747, 12.597758531570435, 12.551389694213867, 12.529322862625122, 12.534242153167725, 12.504971027374268, 12.662670373916626, 12.569876432418823, 12.204532146453857, 12.522920370101929], "nmi_acc": [0.015795935204491785, 0.015574698827501019, 0.017757171874698583, 0.016909583646558334, 0.018083950422113214, 0.015484641791262285, 0.02054883937327565, 0.019998532735276835, 0.0195736640701022, 0.018065678284290315], "nmi_repr": [0.028523734636522774, 0.02654300478466851, 0.027981454974974743, 0.032581152701121996, 0.032296278923452826, 0.030604091916666794, 0.028479166132058375, 0.030315123100352646, 0.03124197396358908, 0.0332132047185058], "mi_td": [2.0923595865155846, 2.098901799659818, 2.086385023650248, 2.0984809488758422, 2.0926154770497982, 2.1022853612842964, 2.0994567140190306, 2.099229295766621, 2.106464054116965, 2.100591853790059], "nmi_td": [0.37749826787569407, 0.3785735170699001, 0.37654164313805516, 0.37854716919498654, 0.3774285605747026, 0.37927538236155073, 0.3788552025845706, 0.3786897109313745, 0.3801749088939957, 0.3789102213607224], "mi_tw": [2.3492307235248067, 2.365464815033228, 2.355273980021645, 2.3530561013713753, 2.3644688121031567, 2.3574623566939774, 2.349830244265863, 2.3549127165971067, 2.3491543741088137, 2.3584984707906553], "nmi_tw": [0.3833984760397482, 0.3859510016933795, 0.38449678092133105, 0.3839718611679622, 0.3857782218885851, 0.3847293502767782, 0.3835663693127963, 0.3842817512180027, 0.3835064192192614, 0.3848436521786818], "coh": [-2.1361869701923633, -2.137350596403937, -2.1337395379980975, -2.0530225121813968, -2.1244516226161725, -2.1025047457829977, -2.1497651956945156, -2.1561215092579205, -2.0940668866039167, -2.141394049853779]}