{"p": 0.8, "p-emp": 0.7997733867339718, "t": [15.293946027755737, 13.766668319702148, 13.58216905593872, 13.844871282577515, 13.381925106048584, 14.450716733932495, 12.103404760360718, 12.953205347061157, 17.37167263031006, 14.80203890800476], "nmi_acc": [0.3120729860884617, 0.3051203951067425, 0.3397339077520744, 0.2678735466478786, 0.3392788929144859, 0.331433645182859, 0.34459219666093377, 0.3407078790589365, 0.32909185039923977, 0.2977167706646237], "nmi_repr": [0.3656871086912645, 0.3099521794430963, 0.374480454690911, 0.3521015814018687, 0.382248593827012, 0.43725646781906635, 0.4333283746374993, 0.5232198029038501, 0.42088160233753824, 0.3426877658196302], "mi_td": [0.9006957535942912, 0.8347316912689488, 0.763626194514777, 0.8433844040046659, 0.7541351272785801, 0.8200174704340419, 0.7480155205746513, 0.772274187908458, 0.8079704489261099, 0.9630911214598226], "nmi_td": [0.18088760009184685, 0.1676329555814835, 0.16136149809183997, 0.17085082295759313, 0.1579534486614734, 0.16775676739276005, 0.15761237293434177, 0.16135646699519016, 0.16599865282559162, 0.19355564833640287], "mi_tw": [0.9093153527545992, 1.067307530047274, 0.8317702024271851, 1.0349904023235044, 0.9229233335545621, 1.026124860056637, 0.8994093380441442, 0.9421734406594535, 1.022773361313239, 0.9641438505095872], "nmi_tw": [0.34206865340091647, 0.4014710852488731, 0.34493742404215816, 0.39573680505527475, 0.37618361502204695, 0.39972065585274025, 0.37090723993564345, 0.3822036192217727, 0.40166996673516675, 0.36317613009737765], "coh": [-2.305477056589215, -2.211064722662151, -2.4294731365012727, -2.2393295489980805, -2.36430654746391, -2.1751518686983573, -2.4331986932961533, -2.5603627834028124, -2.357101799444667, -2.427938173101906]}