{"p": 0.30000000000000004, "p-emp": 0.2941473708091692, "t": [43.47203016281128, 47.05136442184448, 47.59621739387512, 47.928030014038086, 44.249064207077026, 47.14667344093323, 44.31350111961365, 47.152724266052246, 49.40844225883484, 46.049339294433594], "nmi_acc": [0.4291594440133213, 0.4343236158426433, 0.3862533417481406, 0.3962071869677401, 0.3995435786828363, 0.3975983636923338, 0.4434231498601687, 0.4461105520344641, 0.3763295591456072, 0.4709119180003178], "nmi_repr": [0.3045112273481115, 0.3129769935517176, 0.26694595481171196, 0.2607885084420894, 0.2759259543357284, 0.2891848928711832, 0.2854702591927359, 0.30268722621223004, 0.2841579980408463, 0.29258567601163527], "mi_td": [1.5954545549032872, 1.5604302066450886, 1.6641364644948002, 1.7685174093304223, 1.6550776252510149, 1.7124647117267462, 1.687479852139603, 1.7199791884200444, 1.7877347212926509, 1.7330602219288724], "nmi_td": [0.29465573714043686, 0.28845775706647603, 0.3019598506472089, 0.31736296952492926, 0.3007857918155728, 0.31038989319046517, 0.3064527108336711, 0.3117961220892028, 0.31946239031429574, 0.3154106931710231], "mi_tw": [1.0712881743775542, 1.014755158215446, 1.0641109179778312, 1.1014067132451681, 1.0776071325790335, 1.060417258094619, 1.1035397370102071, 1.0781001773849725, 1.0969268297501287, 1.0808520954414595], "nmi_tw": [0.23063750263201324, 0.2187055708702011, 0.22443067555911494, 0.22932598554254005, 0.22769041115296434, 0.2233679328546674, 0.23297382006692433, 0.22713011303016611, 0.2272795402276176, 0.2287577954127566], "coh": [-1.7146434712718346, -1.8366635875443826, -1.6013815608852298, -1.691686807279035, -1.7650849689028167, -1.6931914922888924, -1.711376009306727, -1.6882005751120872, -1.494251756644133, -1.8594318221618296]}