{"p": 0.4, "p-emp": 0.3996514435316607, "t": [42.896870613098145, 42.477795362472534, 42.6359441280365, 43.698561668395996, 43.89194965362549, 42.24726390838623, 42.15699911117554, 42.085102558135986, 43.97802925109863, 44.14584970474243], "nmi_acc": [0.4053980993865279, 0.38610294031430875, 0.38728292095824973, 0.3855545774303182, 0.41125777764516064, 0.43275482537165194, 0.4112503795786706, 0.40281466408428157, 0.3901125889626228, 0.3765136720618498], "nmi_repr": [0.34306427526348665, 0.36609335969339674, 0.35307569101316716, 0.33435562229993654, 0.3469141509612091, 0.36182979971882556, 0.36006262436391945, 0.34769281188338896, 0.3389290194116472, 0.33620012588386955], "mi_td": [1.761424472322108, 1.7654315380695083, 1.9997331011815287, 1.9132647175734103, 1.722503167179056, 1.8922484373790978, 1.7972903546483434, 1.8266898670254685, 1.8616441064582532, 1.6518753525708028], "nmi_td": [0.32099680106385886, 0.3202709975160683, 0.3527621827331285, 0.34029337925974856, 0.3136495414936396, 0.3390700769235327, 0.32218477279151225, 0.3296661229657774, 0.3322047647136835, 0.3034791386297041], "mi_tw": [0.6462372722256922, 0.6371633870356135, 0.6365568832779724, 0.6423183048653334, 0.6270151056278048, 0.6150988318656776, 0.6696849049576945, 0.6213624444762658, 0.6259610750427518, 0.6333013965014042], "nmi_tw": [0.1878716915226903, 0.18390002912494025, 0.1757858335566922, 0.1796785379267206, 0.1820479816232982, 0.1740949997956029, 0.1896658230153427, 0.1778649095361966, 0.17601335902144652, 0.1865093275225109], "coh": [-0.9420781092357184, -0.8638654151509471, -0.7093159817970935, -0.8144692692849335, -0.744605360386151, -0.8536945173200161, -0.8717925743722672, -0.7989112778779689, -0.7445624190613203, -0.9177980286084854]}