{"p": 0.0, "p-emp": 0.0, "t": [46.548733949661255, 48.13890743255615, 45.028181314468384, 48.254141092300415, 46.219913959503174, 46.93628764152527, 49.20228052139282, 46.550026416778564, 46.82946753501892, 48.82002234458923], "nmi_acc": [0.4631390525746933, 0.410300685488025, 0.4289234660686632, 0.434989647947616, 0.40382155330314223, 0.39910793680735884, 0.3729197580835899, 0.4361704714852107, 0.390210896375785, 0.4106271390737119], "nmi_repr": [0.2743995268489834, 0.283720731786887, 0.2875156548601702, 0.27086286604399773, 0.2661012976653239, 0.27080172866494906, 0.27580346861019456, 0.2756911055592608, 0.27039844561426246, 0.25229292868159514], "mi_td": [1.6677265402487504, 1.7924078530288274, 1.7368791948380045, 1.688425595875942, 1.7296896429725144, 1.6198728841894776, 1.6103159462923298, 1.6820184453728433, 1.4823868191340437, 1.651825314665507], "nmi_td": [0.3039916468194202, 0.322724491356518, 0.3148337717259942, 0.3071735717856963, 0.31322064883921147, 0.29753983919901295, 0.2961436529961281, 0.30842113757110096, 0.27704303404046193, 0.3016762408387799], "mi_tw": [0.8228128150599731, 0.8407072010055513, 0.8339805772118383, 0.8142135706274122, 0.823534806767416, 0.8077082188141871, 0.7917805818112967, 0.8105528175658857, 0.7758118658196601, 0.8005075970660742], "nmi_tw": [0.17861328012804678, 0.17984709460453902, 0.17983826439601935, 0.17634248097619337, 0.17737696725256744, 0.1769427161524383, 0.17370479671918262, 0.17720019825544076, 0.1735082903183533, 0.174172230641872], "coh": [-1.1380979228701738, -0.822758803750078, -0.9636495511577483, -0.9226402578555314, -0.8883605294782788, -1.1321308548043476, -0.9564099357887914, -1.0170641268528542, -1.1542988564710475, -0.9151190950225381]}