{"p": 0.4, "p-emp": 0.3985016196790032, "t": [40.04280495643616, 39.15947723388672, 41.679314374923706, 39.575660943984985, 39.51891565322876, 41.35667133331299, 40.50974631309509, 42.535441398620605, 40.244354248046875, 39.917749881744385], "nmi_acc": [0.3883140594471159, 0.4192665493580685, 0.41177837205069084, 0.4130007270242545, 0.42460662199458926, 0.4516941252130716, 0.4086006882257837, 0.44583933485228217, 0.42144853137897637, 0.43473022432870984], "nmi_repr": [0.26054953456280167, 0.2647591799483481, 0.2569249539110627, 0.26603480289327996, 0.27934623827448946, 0.285576684388077, 0.27680377635978054, 0.28769411462947087, 0.29461940475224657, 0.2865528339740642], "mi_td": [1.8363049209652207, 1.8473892451035883, 1.8649619787063172, 1.7968120776692231, 1.7710821615680943, 1.8651560382354444, 1.906247059956228, 1.857659794996273, 1.851215037388278, 1.8177531633672221], "nmi_td": [0.32449987515410683, 0.3269164276051013, 0.32882756664348634, 0.3210960466461187, 0.3165350159139078, 0.3307728176650213, 0.3359996872760911, 0.32980084800568416, 0.32801267596131123, 0.3228018410792557], "mi_tw": [1.2957095961882361, 1.3076293915778132, 1.2986095256469916, 1.2651073263765764, 1.2785944089606158, 1.298516982109991, 1.3086313084920163, 1.2939432637491968, 1.3104774073329053, 1.2967487310180834], "nmi_tw": [0.25495327353096475, 0.2577005273469177, 0.25488829459657975, 0.252056627652693, 0.25477694990871025, 0.2565199366466147, 0.25676414769439443, 0.2559253797632049, 0.25862992274423674, 0.2565562740776334], "coh": [-1.6371459485478788, -1.5089022869302873, -1.6123958976907478, -1.6811568535398433, -1.9282281890073534, -1.7500273745061043, -1.4906059915161944, -1.6046772448162394, -1.5610478989431444, -1.610872742840688]}