{"p": 0.4, "p-emp": 0.39854673608577784, "t": [46.80225110054016, 54.40033149719238, 55.11531901359558, 53.10042595863342, 48.6288046836853, 43.42899703979492, 40.99955654144287, 42.07280135154724, 41.27026057243347, 42.61020636558533], "nmi_acc": [0.44848165244431265, 0.4283832744627377, 0.4451604223105466, 0.4461224887638612, 0.4333446912786211, 0.46796369995116666, 0.4488353401473308, 0.4284237478434879, 0.4489639492812945, 0.43740944021421546], "nmi_repr": [0.2837819934230831, 0.2872797329825167, 0.281764456860485, 0.2803643028115516, 0.2721588357076776, 0.2626836975547555, 0.27163526939434557, 0.2822571907353254, 0.2763457356824541, 0.3006193626900428], "mi_td": [1.2301409739303777, 1.3190995231902762, 1.3404887324698693, 1.2966403221074607, 1.3068700867227583, 1.3188329725322, 1.3167909447025274, 1.2085069435507143, 1.2828781133181326, 1.3784714278184158], "nmi_td": [0.22737422599620424, 0.24267576551132367, 0.2446768707879876, 0.238441817395598, 0.23842120426829827, 0.24089164527598556, 0.2410161117309995, 0.22277528951573972, 0.23544349390914443, 0.25176966420762525], "mi_tw": [1.815952869927914, 1.8342123910565815, 1.8745001469719833, 1.8055425087598382, 1.8833889857520427, 1.8722466452613773, 1.9086407989421375, 1.7944466709902351, 1.883801017218728, 1.9005801559436906], "nmi_tw": [0.36642965155796264, 0.3682237632563257, 0.3730937808186432, 0.36229889049397057, 0.3746585262696867, 0.37292811408360477, 0.38103500693002057, 0.36102820171243427, 0.37718484529594587, 0.3785467864502955], "coh": [-2.165980370905418, -2.125198572339772, -2.0066636375339066, -2.2151804596724776, -2.1000279587400392, -2.4049914811342865, -2.3049355154236135, -2.1299259227621965, -2.147356732336062, -2.161730622615915]}