{"p": 0.7000000000000001, "p-emp": 0.6997928512408945, "t": [24.687517166137695, 24.558637142181396, 24.994956016540527, 24.45298480987549, 24.558447122573853, 24.46711754798889, 24.600979566574097, 24.748614072799683, 24.593146800994873, 24.33165740966797], "nmi_acc": [0.09372602067063611, 0.09584786666924008, 0.0931369420113184, 0.11825182547890213, 0.09006668514615035, 0.08591679016978403, 0.08928275324472104, 0.09237737859727317, 0.08413283050975677, 0.09223828970815598], "nmi_repr": [0.06658174874959186, 0.05615763645601315, 0.051090403635389976, 0.06215682717552817, 0.05583875433922872, 0.039797559220140354, 0.05033978596937035, 0.044334524741241006, 0.04716310916666602, 0.05022459608390385], "mi_td": [1.7820618472242136, 1.7995281994927428, 1.784506194716888, 1.7711276893972465, 1.7839590698222882, 1.7742459918856446, 1.7858182029740841, 1.8032420806358798, 1.7793740323043203, 1.7878217495784592], "nmi_td": [0.32089464651405175, 0.32303126683252037, 0.3212505843818623, 0.3202818297502822, 0.3212805704531227, 0.3196006476377346, 0.3212298919171537, 0.32386196558708125, 0.3207953661911244, 0.3222195306913213], "mi_tw": [1.5489102777071475, 1.5572441948265712, 1.533173676404746, 1.5515038819305604, 1.5163154466396562, 1.5341825330632068, 1.5366566230701049, 1.5422640080111223, 1.523452881042575, 1.525528746611638], "nmi_tw": [0.26764600360091045, 0.2682823022266697, 0.2648601494169346, 0.2691878894177164, 0.26204840394645695, 0.2651913950572016, 0.2652582806592111, 0.2658307249047852, 0.26355035509244, 0.2638318157912129], "coh": [-2.8460334210311347, -2.9028928832329073, -3.0632007275025557, -2.9239924997072118, -2.9990883014396275, -3.012597649149691, -3.032129852522465, -2.943666659245332, -2.9726144319619143, -2.9127316990254393]}