{"p": 0.5, "p-emp": 0.49861105919143667, "t": [40.72136664390564, 42.12339496612549, 41.43094086647034, 43.540756940841675, 43.267377853393555, 40.641510248184204, 42.398157596588135, 39.931633949279785, 43.94450497627258, 40.49027991294861], "nmi_acc": [0.43878716531336076, 0.43169959966136756, 0.3800969395000717, 0.3721831103024037, 0.44099046713412265, 0.36048145478988414, 0.4121319369427793, 0.4150831153893949, 0.4079870001563306, 0.3555429523503547], "nmi_repr": [0.23096149531554552, 0.23918988553618217, 0.23083265480585352, 0.19826331606674066, 0.19797033061926994, 0.18977817033822092, 0.21140351324577247, 0.2107656576219316, 0.2200743558984906, 0.21759545374770134], "mi_td": [1.3665943912080383, 1.454847960977377, 1.4159034478759889, 1.30356712328058, 1.329340912781276, 1.2774372588655114, 1.4050518817385507, 1.269777760830849, 1.4754116076994401, 1.372679484390439], "nmi_td": [0.250629011413881, 0.26291672797172566, 0.25825630462906185, 0.23870112668530852, 0.24279970349564797, 0.23426032941664998, 0.2546067087249472, 0.23325503336419964, 0.26706947790577257, 0.2498729953050568], "mi_tw": [1.8804675546906626, 1.971817556122215, 1.9285563197467719, 1.8817594617362896, 1.8664079354369763, 1.8946954728619247, 1.9284180980392722, 1.8853614804647036, 1.963638525274738, 1.9127165121395273], "nmi_tw": [0.35029012006995996, 0.3618578580148133, 0.35725865078498187, 0.34998141819820017, 0.34622688043358824, 0.3529136151223514, 0.35486861511988693, 0.3517867384486942, 0.3609560133214034, 0.35360662008000365], "coh": [-2.064849325947708, -2.1649017069989824, -2.1665125230933406, -2.237004864813555, -2.1550638954435852, -2.106837297650562, -2.0910900723337282, -2.1244661262937243, -2.2301849984351403, -2.239566807729095]}