{"p": 0.0, "p-emp": 0.0, "t": [64.05961990356445, 68.04017281532288, 67.9679684638977, 75.37290573120117, 65.38250589370728, 65.02242088317871, 65.51269006729126, 65.02032971382141, 67.79437136650085, 67.1338107585907], "nmi_acc": [0.4007290465716944, 0.5034716703073382, 0.46155689022024105, 0.5259786011218182, 0.40748861960286525, 0.40020313473580094, 0.37434118228963265, 0.49037729671775604, 0.33728145509108287, 0.41885698335369376], "nmi_repr": [0.1965066332255107, 0.18025851768885134, 0.1964219930359486, 0.17972529663133638, 0.18291200545284586, 0.20447610098669286, 0.3025890725427692, 0.2733204779554408, 0.18785309862853794, 0.18749107055682496], "mi_td": [0.8975682782873402, 1.085657336172686, 0.973200527904648, 1.0374753866230708, 0.9936471577482349, 0.9349248694083181, 0.9691376162425324, 0.9783190026046181, 0.980075093623705, 0.9602626421626268], "nmi_td": [0.16951698895266218, 0.20069316955331637, 0.17973918786607293, 0.19065621421842713, 0.18399148146169342, 0.1776406361841933, 0.1828888304570252, 0.18135586766487288, 0.18478010702946915, 0.17917371634525883], "mi_tw": [1.3775443697590413, 1.5117998674799267, 1.5529646741379386, 1.6338936674755278, 1.5598078833237197, 1.5162069395205025, 1.5692460019285441, 1.6211974754352352, 1.3420799207187408, 1.476673779324056], "nmi_tw": [0.31198375852311033, 0.3337220476292898, 0.34243275807951923, 0.35813867526591864, 0.34500741426797654, 0.34588237718590115, 0.3550626058499528, 0.35906523353800984, 0.3033232484911661, 0.3296166428019347], "coh": [-1.8206451932607914, -1.9599822514594196, -1.7588023328782736, -1.8785589913688454, -1.7050463473540791, -1.9802839312532847, -2.1508012209636567, -1.9396839713426939, -2.0170332368106156, -2.0880580459129954]}