{"p": 0.9, "p-emp": 0.8999795042609223, "t": [10.187494277954102, 9.302770376205444, 9.944538593292236, 9.70193362236023, 11.363765478134155, 9.645760536193848, 9.774436712265015, 9.595853567123413, 9.44522762298584, 11.968201160430908], "nmi_acc": [0.21755494527393815, 0.27037186802348134, 0.24223634267959368, 0.24685033766752607, 0.23429453163171982, 0.21548384627096168, 0.23330580018451524, 0.242752809349936, 0.239749930994705, 0.21138742339120592], "nmi_repr": [0.31601616608928684, 0.35118838126732566, 0.3916298147972235, 0.3783923517461574, 0.37447780616777615, 0.3372604630589713, 0.38682712877327324, 0.40297459032299526, 0.3939628128530299, 0.35055671128078575], "mi_td": [2.287739936224156, 2.2314740984202324, 2.3817264667439515, 2.2371850545367473, 2.260004041151016, 2.1996317244326438, 2.3755475868748595, 2.230044104260654, 2.3108947619669085, 2.1883489653283075], "nmi_td": [0.4121166052639418, 0.40887015478533545, 0.4272279302854939, 0.4058313308769061, 0.4103380590952693, 0.4018949610040447, 0.42558233214839153, 0.40621174905080976, 0.4184501257375729, 0.3993613917262776], "mi_tw": [2.2807795693993747, 2.1670070634566097, 2.3621487479736136, 2.3509956867906627, 2.230096892977529, 2.1765962404828625, 2.3759083849199847, 2.2438537297519265, 2.292475863549215, 2.180524250851257], "nmi_tw": [0.5230433408518496, 0.5078457431553054, 0.5387822936110547, 0.5439605977382087, 0.5165774726888827, 0.5082478418170036, 0.5410522323153822, 0.5219169523701671, 0.5292070163973375, 0.50839698386544], "coh": [-2.4534654397223052, -2.4486284430058145, -2.3780702221977514, -2.4226786291325566, -2.3831436581863357, -2.483204570664323, -2.205322425325888, -2.5232163022779965, -2.3529321223816417, -2.6536403640124115]}