{"p": 0.5, "p-emp": 0.4465557490548113, "t": [77.80119299888611, 79.30302357673645, 76.8843297958374, 79.19331741333008, 76.81551265716553, 79.14881420135498, 78.04825758934021, 78.99999022483826, 76.26894640922546, 76.55452013015747], "nmi_acc": [0.5373197300335584, 0.5272960414095293, 0.49708478966002395, 0.54588313338902, 0.5405661943561926, 0.540495503812825, 0.5305659202804187, 0.5225530268912337, 0.5311414520313115, 0.5307405888223546], "nmi_repr": [0.4661224336439512, 0.48224676528969257, 0.4837770949412729, 0.4542815446901099, 0.4795082376270784, 0.459964112431712, 0.47809307082309693, 0.4785284142364806, 0.4837351643753324, 0.46607084880321586], "mi_td": [1.9894594749957168, 1.9996762590648367, 1.9836530004755444, 2.043706143432538, 1.9937893776734619, 1.991110106345389, 1.9843141052325861, 2.035597184288619, 1.9992746296039403, 1.9679598803548197], "nmi_td": [0.3497333864145567, 0.35133858750276725, 0.3471209206627676, 0.3589907283456901, 0.35085908787131076, 0.3497510127142059, 0.3490950069932985, 0.3570080899956201, 0.35180516859267386, 0.3460762730463764], "mi_tw": [1.7079930719724712, 1.6966124642184397, 1.7315832777808498, 1.6612384696929061, 1.6872693956690543, 1.6997159164413833, 1.704598457593283, 1.685590415550262, 1.6891611405926945, 1.7011107087374293], "nmi_tw": [0.3287919317562107, 0.3264069938410074, 0.33166767046829765, 0.3195197991685533, 0.3251725424262184, 0.326919597846986, 0.32841263315604047, 0.323649467055208, 0.3255176740227807, 0.3275939067400119], "coh": [-1.6747493211282003, -1.5983040783610472, -1.6081526774745474, -1.6531439406915627, -1.7107263364529512, -1.6519113103884293, -1.6825711713305562, -1.6866577597398131, -1.7267973837076522, -1.7009317473803705]}