{"p": 0.7000000000000001, "p-emp": 0.6985321699315906, "t": [19.69996213912964, 16.70194149017334, 15.765969276428223, 16.72256302833557, 19.441670656204224, 17.97466778755188, 17.43977451324463, 21.04929256439209, 18.755501985549927, 20.51117444038391], "nmi_acc": [0.45085604526686224, 0.4395837372231381, 0.4433486867943775, 0.3899035748113148, 0.39300633737530055, 0.3708996679249954, 0.396729056937299, 0.42430219988220624, 0.4554468817076457, 0.41631766739960985], "nmi_repr": [0.31967497510946424, 0.3238389605656645, 0.3265068611407851, 0.3006401250894979, 0.31008022054285683, 0.2899645076883846, 0.265240775461709, 0.28870950031472664, 0.2986147486931883, 0.28759198369135136], "mi_td": [1.245990094894315, 0.9694164818643001, 0.8973758759712933, 1.0183822387455832, 1.2311763743133237, 0.9608560078672121, 1.0907692836881897, 1.2118890579251165, 1.1135509031829982, 1.1963212749898888], "nmi_td": [0.2292473455935005, 0.18585352074899453, 0.1740673771413446, 0.19340954586496378, 0.22931901484178976, 0.18353396856497042, 0.20439600595240315, 0.2258557913122214, 0.20994132709898614, 0.22292167245564565], "mi_tw": [1.407018769446625, 1.2672406452560359, 1.1926664666367484, 1.2732892883914444, 1.3560729575651287, 1.254379397165359, 1.3426294992002625, 1.2793219231156554, 1.2899984296643379, 1.2711732635443402], "nmi_tw": [0.36603560103446126, 0.34960004502078906, 0.3346293543096637, 0.3465464378371221, 0.3589733637347853, 0.3442211671706006, 0.3584786297204593, 0.3389318081187726, 0.3474358857340342, 0.3367025465172738], "coh": [-1.3526336308828621, -1.5155194993551997, -1.6116552390789631, -1.6400737145420365, -1.6220185702833088, -1.7541979810838348, -1.5960356355847538, -1.6195197200805074, -1.458703800696532, -1.7000272106494323]}