{"p": 0.1, "p-emp": 0.08329262114722003, "t": [43.06147289276123, 43.152432680130005, 43.46386408805847, 41.39406061172485, 42.02632713317871, 41.52209830284119, 41.704527616500854, 42.61716818809509, 44.53692579269409, 42.37596154212952], "nmi_acc": [0.4165787657141685, 0.4032060445141523, 0.3751475542655851, 0.4513487261734206, 0.4019584275047192, 0.4113693323125326, 0.4401653727450321, 0.454628279054798, 0.43636681393744897, 0.4731411331095623], "nmi_repr": [0.2676075825765053, 0.2770507022417995, 0.26362139457233186, 0.2716878814751143, 0.2741883435446084, 0.2567325345499245, 0.2736575422575102, 0.28000526948248416, 0.28099509411372775, 0.29068860910782585], "mi_td": [1.882144963530548, 1.6425306356400826, 1.7476469867344298, 1.7458601284796191, 1.8750970740062431, 1.8652818287554083, 1.8131334461015474, 1.712411425218452, 1.6312722846523844, 1.7739799421709161], "nmi_td": [0.3368068496494864, 0.3043561133537731, 0.31783483863535883, 0.31900540099846936, 0.3337990131467763, 0.3340959228563693, 0.32801343353351536, 0.31200375294483434, 0.3026918216424362, 0.32294002156768686], "mi_tw": [0.770494513121734, 0.7115799584028641, 0.7421882194916907, 0.7366316034338256, 0.7779337280011779, 0.787060207489561, 0.7664426793033323, 0.7675084446752637, 0.7101477171827414, 0.7489532853984581], "nmi_tw": [0.16956366874182535, 0.16348688345501702, 0.16661980221720868, 0.1663349506579139, 0.17010618699943209, 0.17340507127191032, 0.17095120650609247, 0.17269839760079472, 0.16344024926099274, 0.16834198567574254], "coh": [-0.8096944491429301, -1.1198978450293486, -1.0283820416008287, -1.027155277159579, -0.6528126627326881, -0.8340841542687324, -0.846186495430681, -0.9278936687725121, -0.9270106896314754, -1.101080419303729]}