{"p": 0.1, "p-emp": 0.0999792464528837, "t": [50.450424671173096, 49.500120878219604, 49.326836347579956, 49.169718742370605, 48.47162222862244, 52.20651578903198, 49.423227310180664, 49.96506333351135, 49.9220666885376, 49.70859336853027], "nmi_acc": [0.44970262687764023, 0.42662249736260327, 0.4746083104450987, 0.48186559556012853, 0.4545471306928098, 0.48049240948776667, 0.4652389341365609, 0.4332208225016539, 0.4344451317215198, 0.44745892901795836], "nmi_repr": [0.3311456817339079, 0.33192674485547535, 0.3157431165891041, 0.3230386688588381, 0.32399555856938017, 0.3285223285955861, 0.3353659693128285, 0.32949918831010316, 0.3108729045541454, 0.3310753475977453], "mi_td": [2.0103552402252216, 1.73563554169588, 1.858562250392543, 1.903252792138698, 1.8944761805435772, 1.8499810314867136, 1.803546534924567, 1.8689871114346452, 1.8673622855698553, 1.8333857641718432], "nmi_td": [0.35662926711368165, 0.31829804695412434, 0.33368401762873223, 0.3415379657216517, 0.33888966596507264, 0.33442381216760964, 0.32759547656303395, 0.3361642792530821, 0.3353365759687246, 0.33318586291373303], "mi_tw": [0.7330064029208682, 0.7059524908231497, 0.7496389004434533, 0.7189111419612545, 0.740554835550168, 0.720570253284139, 0.7234148312650592, 0.7173727560295449, 0.732884039068651, 0.7170929081102644], "nmi_tw": [0.16561586267591477, 0.16643131205161893, 0.17198802771032834, 0.16483354252880075, 0.16911170293985162, 0.16677210572028134, 0.16846129826705664, 0.16496692264099502, 0.16819053431537526, 0.16709867671012507], "coh": [-0.8062094902449768, -0.9069947649403256, -0.8578891804011815, -0.921449057588594, -0.7772289267580763, -0.9458192548691361, -0.9395927273875179, -0.893005949017817, -0.9936589727452052, -0.9042801764192193]}