{"p": 0.30000000000000004, "p-emp": 0.2826465542022065, "t": [78.72662734985352, 79.33890128135681, 76.75784611701965, 77.1068263053894, 77.86886501312256, 73.92361044883728, 76.71927237510681, 77.12677526473999, 77.18138885498047, 79.33378028869629], "nmi_acc": [0.5185944038277313, 0.5264936287270159, 0.49970406423468305, 0.4808052516194612, 0.48845594265323594, 0.5138270427030247, 0.5080286187326968, 0.5036181239650026, 0.48219965092081807, 0.524910932623503], "nmi_repr": [0.4216935520753979, 0.4544678812729895, 0.4519523797062155, 0.4763436329507679, 0.43881634987345014, 0.4407850166396677, 0.46121412165192904, 0.4526628001622569, 0.4537367162458826, 0.48010508588236606], "mi_td": [2.025191909449749, 2.0958848905545233, 2.0670938583902294, 2.038229165366734, 2.017224111527247, 2.0408570749574526, 2.0798768940621413, 2.0527048024252115, 2.081512708654153, 2.0342849538346024], "nmi_td": [0.3566589387360326, 0.369308539404091, 0.3636680852890172, 0.3580161618367856, 0.3560855905281699, 0.3600570387958313, 0.3658968429006012, 0.3616229053612676, 0.3660145275382627, 0.35955257196716933], "mi_tw": [1.0424343305792314, 0.9981791115351875, 1.0323003834251903, 1.0660672796373505, 1.0308280157636887, 1.0230502137542208, 1.0198362076581344, 1.031072704521916, 1.0270726121951135, 1.025384046684641], "nmi_tw": [0.23348183522972224, 0.22372357791962547, 0.230913065478441, 0.23798144444819982, 0.2315686433764148, 0.22965882226606205, 0.22810897847516712, 0.23103348335962529, 0.2295919068687758, 0.2307175388875972], "coh": [-1.079606219503301, -1.0675321032571445, -1.041915950511333, -1.0865239325746654, -1.1792100304811581, -1.0570322162660362, -1.0559040680686045, -1.0835254270236143, -1.0951931736738305, -0.9823562739138543]}