{"p": 0.4, "p-emp": 0.3996630448934029, "t": [33.59849238395691, 33.44361853599548, 31.575419902801514, 32.793423891067505, 31.245428562164307, 33.48900532722473, 34.037307262420654, 34.13164758682251, 34.23023343086243, 34.127742528915405], "nmi_acc": [0.4024936095726942, 0.40609698403407124, 0.39774946659663896, 0.3810705492505072, 0.40584650117971316, 0.37897243862883506, 0.33626856437379116, 0.37561071608346225, 0.3726841425209041, 0.3714332093337782], "nmi_repr": [0.26361957779701994, 0.270299968453521, 0.2655293175402361, 0.2570223321049988, 0.26295150016374685, 0.28075632999828704, 0.2380295350587636, 0.24106494893382144, 0.2616563151470799, 0.25935510347063945], "mi_td": [1.8134570883711498, 1.7863071373068946, 1.676323436717979, 1.7644176432065197, 1.72658802473835, 1.8427523110570374, 1.779982770736508, 1.8204399587094129, 1.8056009079391973, 1.8669820370930794], "nmi_td": [0.3291005370900634, 0.3244188172103065, 0.30983015764460303, 0.3197313147700194, 0.3177375669597329, 0.3322634518911142, 0.32149071468072615, 0.3291553474774944, 0.32703241613851675, 0.3367217970423063], "mi_tw": [0.927090038970249, 0.9349920889868493, 0.9112048483071713, 0.9289203814675209, 0.9025673296646831, 0.9251228778779383, 0.9312143381266241, 0.9191770100039071, 0.9260743895573011, 0.9234380420212643], "nmi_tw": [0.21479071197858696, 0.2168308462044443, 0.21611153648554918, 0.21481190244529996, 0.2128741174248396, 0.2125760309983989, 0.21443911190003073, 0.21196066582044237, 0.21401868993795808, 0.2122608062561821], "coh": [-1.377087945601638, -1.5481716805651395, -1.594475489294534, -1.5224216514942455, -1.781563325148504, -1.4163657021650402, -1.5199161293690102, -1.513377079957092, -1.4483790146888849, -1.4893826428394463]}