{"p": 0.4, "p-emp": 0.39854673608577784, "t": [79.89098167419434, 79.96506071090698, 79.61067390441895, 81.68911266326904, 79.4614245891571, 82.39835786819458, 83.4025092124939, 81.36011385917664, 80.0779504776001, 79.36978650093079], "nmi_acc": [0.4898641443050728, 0.5166297596181255, 0.5174723555300558, 0.5210257871507386, 0.5310619902196211, 0.486548691762758, 0.5171260252236409, 0.5244797036218883, 0.5156475123482953, 0.5188451480291724], "nmi_repr": [0.41069658065463055, 0.4365508353061303, 0.42901558086458186, 0.41790045499414397, 0.4180631501297426, 0.4174835424433765, 0.3992932027794519, 0.4284881918073593, 0.4529209961931761, 0.4277926680813019], "mi_td": [1.8192755364883424, 1.81695209945853, 1.8364113637294182, 1.7670180662928816, 1.820459408397797, 1.8025049412921752, 1.8254684572171551, 1.802134091389985, 1.8470898939045017, 1.7692331080196237], "nmi_td": [0.3252064874853265, 0.32518946521777736, 0.32694548505413634, 0.31851006290167483, 0.3249354205739017, 0.32171860015916964, 0.32557140822177516, 0.3232989339743439, 0.33035360349884607, 0.3185231635781169], "mi_tw": [1.6100401504462274, 1.6181578149182354, 1.623509072121534, 1.5962182311273907, 1.6134953212788226, 1.6266691002492788, 1.6142949412131935, 1.6159722743274108, 1.59996997525667, 1.6089958179035246], "nmi_tw": [0.31324867676722257, 0.31524831268966735, 0.3144829204532756, 0.31339197827851684, 0.3134141760743537, 0.31596017840463386, 0.313299223844118, 0.3156318092527996, 0.3114691464610935, 0.3154840481324461], "coh": [-2.0258362359084705, -1.9960743050348912, -1.8527819080408474, -2.0916135284951602, -1.9253369800925029, -1.8611978107849527, -1.9010435389126292, -1.9300196032555668, -1.9371724093926321, -1.922587432213413]}