{"p": 0.6000000000000001, "p-emp": 0.5999837580935612, "t": [30.963141918182373, 32.222527503967285, 30.235823154449463, 29.951464414596558, 31.52305293083191, 29.487605810165405, 29.740062713623047, 30.491971015930176, 31.81880259513855, 31.054945945739746], "nmi_acc": [0.425075583088919, 0.4283778441738954, 0.44743193111554536, 0.44584262448104783, 0.44251793043258886, 0.4158970673503791, 0.4303758577460953, 0.40369448870380953, 0.447768154377053, 0.4540293192410303], "nmi_repr": [0.27718361839466377, 0.2826832888400954, 0.28893879109939563, 0.29774273836935433, 0.3044557463978515, 0.28868359781893715, 0.27928431582899577, 0.28602841831852804, 0.29139823871869236, 0.2987878521465156], "mi_td": [1.65352182058241, 1.692614040612245, 1.6997727952220958, 1.7156124611021957, 1.7257611698488036, 1.6583926786261427, 1.799833911874145, 1.7126047979862449, 1.7829848536792192, 1.7218176249304313], "nmi_td": [0.29727342818534647, 0.30387087534854684, 0.3044120041371332, 0.30628028717309935, 0.30842446222115155, 0.2979778401598876, 0.31778339221383683, 0.30381885026428973, 0.3156581742360519, 0.3077586728105241], "mi_tw": [2.1001548139329467, 2.0813383132785788, 2.1249212049918915, 2.1532108218158035, 2.119012757971062, 2.0765972012385285, 2.2244303353090773, 2.1862336497462485, 2.2059113948893465, 2.1387460045866664], "nmi_tw": [0.3893620148054169, 0.38531040055629073, 0.3923897220584881, 0.3963215792098965, 0.390460884995515, 0.3847664336169734, 0.40479101939821993, 0.39978886522474716, 0.4025378096162896, 0.3941485294045716], "coh": [-2.20506123467109, -2.205167853054457, -2.342972952644515, -2.2833599536351743, -2.1855111624011063, -2.4533537889709174, -2.196234132226066, -2.2211023132752126, -2.312609836551993, -2.208991585140872]}