{"p": 0.8, "p-emp": 0.7999564304414576, "t": [34.21310639381409, 34.49442172050476, 31.532090663909912, 32.73470735549927, 31.20055365562439, 31.50752282142639, 32.729055643081665, 32.89625930786133, 31.80765652656555, 31.066793203353882], "nmi_acc": [0.19231891353634248, 0.19969988180456846, 0.1906059145292061, 0.18996651653349644, 0.20605058443913774, 0.19413694664682954, 0.20023956783020894, 0.20615746086162184, 0.21162860240317355, 0.20104528051665832], "nmi_repr": [0.28245449957196767, 0.29322207552642504, 0.2988607494138513, 0.2755497057999221, 0.27154777162057975, 0.2985264219801472, 0.28339660047390197, 0.27907765730910455, 0.2988324131919947, 0.30310416691406844], "mi_td": [1.9484795887862627, 1.9667428046366757, 1.955674194890404, 1.942380901902815, 1.9804500310945694, 1.944376715138036, 1.9466287053340126, 1.9618372298846019, 1.9875242717537294, 1.9637339868289225], "nmi_td": [0.35678556294273, 0.3599482455304076, 0.35808408674183384, 0.3553339163794441, 0.36137245863957357, 0.3563185008842687, 0.35625880105804725, 0.3601901363029229, 0.3624863389836217, 0.3585659316093466], "mi_tw": [2.0649898951931878, 2.052942972925253, 2.0616425290515323, 2.0680067788294108, 2.0716763952003645, 2.058461085030088, 2.0623916475792274, 2.020115329386275, 2.070337778223722, 2.0768920350762445], "nmi_tw": [0.3519186112063508, 0.34970145171177974, 0.3513309091192344, 0.35212385874421137, 0.3519096231091377, 0.35106658284015724, 0.35130341524220626, 0.3451259368966581, 0.35152248521354207, 0.35301889893080457], "coh": [-2.520716105117011, -2.6658819335037363, -2.6186988749710496, -2.546888528160215, -2.570477024803886, -2.5879624708755715, -2.6450647989501563, -2.601188516978553, -2.646839229437366, -2.616162131193471]}