{"p": 0.0, "p-emp": 0.0, "t": [68.61430191993713, 75.59902715682983, 64.96652626991272, 70.80303716659546, 73.92506432533264, 67.44291687011719, 72.58467268943787, 64.59065246582031, 70.3628716468811, 72.22711253166199], "nmi_acc": [0.4204281212712769, 0.4555766338704146, 0.3818040673203779, 0.4584712385827249, 0.4325086316746004, 0.40512718552890553, 0.4856555094573994, 0.37342934085052837, 0.41710563032765596, 0.4008179481654103], "nmi_repr": [0.2997540696725572, 0.21058100693537757, 0.20579964032228854, 0.2921791204030442, 0.25298270149492735, 0.2390823638356154, 0.1953536139483633, 0.2155679797878833, 0.28572829414065143, 0.23375208504199826], "mi_td": [0.9829105951109809, 1.0489902273597163, 0.8468557514390904, 0.9145720121729349, 1.0766007573212169, 0.8797823371528601, 1.040703475240107, 0.9126090538290395, 1.0397726563350527, 1.0177400319831318], "nmi_td": [0.18606362214904848, 0.19366020193998384, 0.1645472502554953, 0.17349089476608187, 0.19881225181405562, 0.16584503992524072, 0.19285756288223516, 0.1735631443255451, 0.19668148053969137, 0.18877334057200892], "mi_tw": [1.4567179503453833, 1.5578255969266332, 1.3554265097201794, 1.540345476698154, 1.6233767374790191, 1.593247024537329, 1.4577589303066387, 1.535220027157777, 1.4495736463379585, 1.5827436340927616], "nmi_tw": [0.3308288465228777, 0.3433426958472096, 0.31764137646098795, 0.3507030979458001, 0.35790765836996974, 0.3600212924441173, 0.3227410068672817, 0.35061414570878324, 0.3289133100259033, 0.3507921999925382], "coh": [-2.2584911731090833, -2.1010917040437307, -2.078926184160103, -2.095828198415576, -1.8639655566453384, -2.188301930257771, -1.8305572842032205, -1.8866786615042868, -1.8103230221490947, -1.875512754906697]}