{"p": 0.9, "p-emp": 0.8886333724771872, "t": [9.261856079101562, 8.627909660339355, 11.588870525360107, 9.398758888244629, 9.739854574203491, 7.631712198257446, 12.298298597335815, 9.702670335769653, 8.362056016921997, 9.600021362304688], "nmi_acc": [0.09615929272519892, 0.14536641116912521, 0.0863738806065472, 0.08019260755281002, 0.10697791734770006, 0.15487440048311277, 0.08065406010879267, 0.11010732617249311, 0.11665061286478279, 0.05003059533317219], "nmi_repr": [0.08416044611842925, 0.04222056404801201, 0.04168917601842143, 0.047240949287232804, 0.07517101002941652, 0.2838776936553138, 0.04889507813131133, 0.03347533681308247, 0.04393465460120525, 0.26224196962372137], "mi_td": [0.39344604499474695, 0.14183727292657103, 0.5427848790612483, 0.6626811906839817, 0.2618305966690609, 0.26859885729121186, 0.64018245218715, 0.42083249545941964, 0.2852567543019987, 0.7824370854649042], "nmi_td": [0.08514710190059709, 0.03374277527799295, 0.11903600852801818, 0.13630946891537202, 0.05754658709602559, 0.05931766800526652, 0.13338918066766475, 0.09367404089411681, 0.06252436109224306, 0.15869857250935632], "mi_tw": [0.5729211369635967, 0.04927153733764607, 0.10632396810392652, 0.6207368822002508, 0.3667192281899992, 0.5785316447905461, 0.37704721747227654, 0.09540686037111594, 0.5190413460863695, 0.6237482357757742], "nmi_tw": [0.5466373759373212, 0.07811107799455747, 0.10770909676264125, 0.4816036850848083, 0.37527872607829527, 0.6055101734401953, 0.30737698062104757, 0.10372314048338006, 0.5244790538218, 0.45943663261084056], "coh": [-0.14951222642014672, -0.1398709584676458, -0.12064591952413325, -0.12428592809947307, -0.14310586126070488, -0.15721960163310958, -0.1366264434887267, -0.13771797644934577, -0.11750514065807217, -0.14405823361804346]}