{"p": 0.0, "p-emp": 0.0, "t": [136.261545419693, 136.62603950500488, 137.0009093284607, 136.76109313964844, 138.0382924079895, 135.11032629013062, 137.45787954330444, 135.57556176185608, 136.89258289337158, 135.39720273017883], "nmi_acc": [0.4932079821955067, 0.4805578938420789, 0.48401201729806714, 0.4810389628688286, 0.48624645656881865, 0.4879704990086432, 0.5127033986055314, 0.49856028378169803, 0.5001235170863491, 0.4863775395217627], "nmi_repr": [0.4013617899893578, 0.4045895944332565, 0.40476523880932774, 0.3989505391632386, 0.4121716013175438, 0.38891570243114615, 0.3702152104727171, 0.3917529941005681, 0.40201783110211065, 0.40313347453978604], "mi_td": [1.7254003905734292, 1.752221903649345, 1.745404281768912, 1.7258734048151394, 1.7627140843844784, 1.725613413848392, 1.7383145720552515, 1.7657383677139484, 1.7534215757835776, 1.7508102290417433], "nmi_td": [0.30709286259390384, 0.31261242563167696, 0.3111197049178745, 0.3082385104566393, 0.3137409351335945, 0.3066021164055768, 0.30923287091150525, 0.31360782631062367, 0.3128288737619809, 0.3103504357223976], "mi_tw": [1.2708932404754425, 1.2273806060037356, 1.2303864392924833, 1.2385176434762708, 1.236873876536106, 1.2653042845177143, 1.234542674235463, 1.2279370400225056, 1.2324347707631946, 1.2482390201382196], "nmi_tw": [0.2681732136272461, 0.2597261312122373, 0.26008813832836836, 0.26241292908609976, 0.26100148864680484, 0.2664491972637918, 0.260344614738686, 0.2584596527641572, 0.26079803214733194, 0.2621262465894171], "coh": [-0.8894311189532264, -0.8146184295355179, -0.7764782862134836, -0.8103985203597002, -0.7927237377277716, -0.9429752937967436, -0.8321019673484141, -0.8300982160018489, -0.8609916311930123, -0.8639361430488066]}