{"p": 0.1, "p-emp": 0.09847751462738363, "t": [55.66640543937683, 55.650697469711304, 52.2065954208374, 55.458120346069336, 54.12737154960632, 52.0945611000061, 52.34032392501831, 52.87565612792969, 51.19295787811279, 57.36461353302002], "nmi_acc": [0.400076783831799, 0.3988547231137487, 0.4222435439198421, 0.4018421047705142, 0.40841191771465135, 0.38068065231257936, 0.4216765211261598, 0.4108869466275872, 0.4394826541091067, 0.4114923030372974], "nmi_repr": [0.2691216858654418, 0.27434252959348965, 0.27780460768076476, 0.28973421634555047, 0.28751468979227857, 0.2720027605001669, 0.28505819603907623, 0.27593611858705985, 0.25898877388491814, 0.28970690424983564], "mi_td": [1.6846753756244257, 1.6533674359398707, 1.622395669132414, 1.6851682372257355, 1.6844182068133866, 1.52983933920539, 1.6444477501536352, 1.7202068810692026, 1.514973526494595, 1.5958840214647831], "nmi_td": [0.3059653095033747, 0.3031303576921846, 0.29706594155267335, 0.3062719867892234, 0.3068500123644393, 0.28358080329250945, 0.303467495599896, 0.3105554363632947, 0.28110238378823793, 0.29399211123554914], "mi_tw": [0.8822897962438594, 0.8553283426993401, 0.8825368261117639, 0.8992893973239201, 0.890036914027998, 0.8664149296854656, 0.8726786426136519, 0.9014883476171973, 0.861472875832961, 0.8788643105142974], "nmi_tw": [0.190300079023057, 0.1865687712411472, 0.19220648719117434, 0.19413017733853805, 0.1926655746766287, 0.19147587973345861, 0.19183678238466156, 0.19306553247013203, 0.1906077903886546, 0.1927954936698485], "coh": [-1.0495917597594175, -1.1297211565903291, -1.1486892848378751, -1.2002336525480894, -1.1439734503153614, -1.215259303762563, -1.1367581136669542, -1.2402559228537107, -1.383325591538731, -1.1441930740272859]}