{"p": 0.9, "p-emp": 0.8778737539815229, "t": [15.87387990951538, 16.430269718170166, 15.871946811676025, 16.95128893852234, 15.751705169677734, 16.58393692970276, 14.30980658531189, 14.023709297180176, 15.156834602355957, 15.431209802627563], "nmi_acc": [0.26217723364074447, 0.26648325340495044, 0.2736341936100395, 0.2699042494773985, 0.2830149790720406, 0.2661704464331292, 0.2706690343968997, 0.2862712297503345, 0.28704132332204074, 0.2759751215732163], "nmi_repr": [0.2943999036062652, 0.29105058922405, 0.273405922202477, 0.2809564661197904, 0.2939329338094495, 0.2995676054464489, 0.27634917489134586, 0.29010812721308277, 0.28645973032370314, 0.28958000231176706], "mi_td": [1.8675238994758159, 1.9840747630604565, 1.9018488162824125, 1.9348928668592165, 1.6771200518322482, 2.09641929067586, 1.9566017221006597, 1.9295274850072508, 1.9692210336340588, 1.9396863787372136], "nmi_td": [0.3427083260829822, 0.3607984998509985, 0.3481578417768442, 0.3519168514467719, 0.3152178360901762, 0.3767322966475743, 0.3560195365426998, 0.3508452444447478, 0.35815354096234997, 0.35405407914765713], "mi_tw": [1.0376889484831313, 0.9828699500108047, 1.0191316922087557, 1.057656520942241, 0.9757741445543404, 1.0317167928852973, 1.0498297144697872, 1.0769231332481277, 1.013681090668574, 1.0176045204017516], "nmi_tw": [0.32516729157663093, 0.3032559100421814, 0.3180272969210009, 0.326428138338965, 0.31862556984373913, 0.3120097025623979, 0.3242509862168729, 0.33222059563383455, 0.31284563644676744, 0.3159831149388444], "coh": [-2.296625083340309, -2.1865039740124206, -2.3421120339486707, -2.4002986173732395, -2.379548065730197, -2.011532227600563, -2.089607517040209, -2.1768553904509305, -2.210998883692141, -2.345396738890367]}