{"p": 0.6000000000000001, "p-emp": 0.5998832129584633, "t": [53.80693864822388, 53.17091226577759, 52.26056718826294, 53.808979749679565, 53.56457281112671, 54.617382526397705, 54.130903482437134, 53.416234493255615, 55.67749500274658, 52.54070568084717], "nmi_acc": [0.514074366512826, 0.5094578965950963, 0.4802928315300025, 0.5301379896201787, 0.4940048168722535, 0.481627710257389, 0.5155945426346553, 0.4940289804062626, 0.4940455209763361, 0.5169401506283836], "nmi_repr": [0.4937289924050811, 0.45357620534933735, 0.45355559165676707, 0.45556046371213943, 0.5036080875022241, 0.4647584127095945, 0.47689663376178065, 0.4536915972685718, 0.4297836621559496, 0.44881818930101547], "mi_td": [2.2600738376527953, 2.226593428298987, 2.26316778999982, 2.3214251983515646, 2.263366027485442, 2.245228385355777, 2.225477253213103, 2.216198597431343, 2.240207251633935, 2.194284435373804], "nmi_td": [0.4007316022480045, 0.39447265120308855, 0.3988293132399361, 0.4106949100242017, 0.40020128025408513, 0.39664888398946796, 0.39398543698627836, 0.3924338816296495, 0.39530298220633764, 0.3889736422942979], "mi_tw": [1.359156805617582, 1.3731875079835643, 1.380453168028122, 1.3383421221383185, 1.3756563575992375, 1.3858558809084456, 1.3863745992164582, 1.3837641818165767, 1.3780049104984093, 1.3869821455260383], "nmi_tw": [0.3069071500272945, 0.3097528069293945, 0.3092954679791725, 0.30135216057087444, 0.30953551274485996, 0.31148537725592607, 0.31243517330631243, 0.3119390510332062, 0.3092640741733803, 0.31309507425586774], "coh": [-1.6594798010530543, -1.658110620309489, -1.5165292396889805, -1.5584299671137072, -1.684123573178186, -1.6429521598703105, -1.5998526732664322, -1.6586652282428431, -1.6212823424357008, -1.6864165345800264]}