{"p": 0.4, "p-emp": 0.3996514435316607, "t": [91.49792671203613, 88.85217094421387, 90.74074149131775, 94.46253180503845, 90.07320189476013, 90.66377186775208, 90.74104046821594, 94.4120135307312, 90.62821316719055, 91.72698497772217], "nmi_acc": [0.43381361959465525, 0.4426848164107605, 0.4236244418110048, 0.42875979826564997, 0.41305277586855466, 0.44084683466854324, 0.4288647283103766, 0.45678716288374754, 0.43336071112625113, 0.43137247551393126], "nmi_repr": [0.39381307904535684, 0.406218615229859, 0.4043153268492127, 0.43543362896912, 0.42500139559820643, 0.4186765491879026, 0.4404965749615069, 0.4239589298414853, 0.4239320216841308, 0.41023773908542555], "mi_td": [2.2282449317363278, 2.215052827595371, 2.2312225142542146, 2.2400714666263846, 2.1844373000897845, 2.245727784320094, 2.2422840619266298, 2.2231849414266085, 2.2541575402105627, 2.2125511469814283], "nmi_td": [0.3895446694419997, 0.3883145038602912, 0.3906203323058252, 0.39242959273411215, 0.38331011695666933, 0.3926822237051159, 0.3923126826679804, 0.39015472553885605, 0.39330324194098776, 0.3885808809961826], "mi_tw": [0.698854111568737, 0.7020835555712517, 0.6902249612502022, 0.6839079877687081, 0.7106599219940053, 0.6986283046711108, 0.6896614477575259, 0.6805981953820164, 0.713060287102236, 0.6891317536986166], "nmi_tw": [0.19029132487901912, 0.19199938644833434, 0.1883586106612556, 0.18682774378051392, 0.19463209033751183, 0.19029111161339124, 0.18802240005253112, 0.18643281823074417, 0.19356813002439033, 0.1889922888405323], "coh": [-0.7668448492172611, -0.7305955791948783, -0.6879860369424012, -0.7178802155455489, -0.7579291974259817, -0.7575241747585992, -0.7144085181567825, -0.7072386978608345, -0.761369181037926, -0.7343317322466946]}