{"p": 0.7000000000000001, "p-emp": 0.6985321699315906, "t": [35.66037583351135, 36.7306592464447, 36.999672174453735, 42.78881788253784, 37.13525605201721, 37.419227838516235, 37.01635718345642, 38.52847862243652, 36.73271155357361, 37.76240515708923], "nmi_acc": [0.4445462090049734, 0.46868395211516634, 0.4487992729254254, 0.44366694121346306, 0.4641807498398748, 0.46464006859003243, 0.44096578023524285, 0.4512977065419183, 0.4919411565664624, 0.49775368995997143], "nmi_repr": [0.462915500177326, 0.4821163825121634, 0.48873289156375543, 0.4660966827635701, 0.48166536939004684, 0.4762253620649691, 0.4494007749513871, 0.45360886784568877, 0.48381875711351946, 0.48092378935773683], "mi_td": [2.230864996824974, 2.2293209329378003, 2.2913522402214794, 2.1884602512116222, 2.263766198465298, 2.250505071155798, 2.2659954787915786, 2.232076472954816, 2.235714482714542, 2.2689813905792513], "nmi_td": [0.39321181609263806, 0.3935140134735534, 0.4040893884170451, 0.38728741980473, 0.39888444859324496, 0.3970367614781458, 0.3993696588910589, 0.39338193403550265, 0.3956750522274516, 0.40045258439738424], "mi_tw": [0.9862577258996941, 0.9832556663358818, 0.9407487072997226, 0.9820138421281237, 0.9724355869066674, 0.9617757951960745, 0.9667906571170132, 0.9843187722130442, 0.955046046819313, 0.9444693797125099], "nmi_tw": [0.24159666750719355, 0.2413508445617629, 0.23062004764887756, 0.24190245423664966, 0.23810578777688263, 0.2358994003154093, 0.23679973282717726, 0.24108471629693198, 0.23528020858786122, 0.2317802715048818], "coh": [-1.2139758708903166, -1.2404655018820683, -1.27700920302574, -1.1902294183060262, -1.2035687262377492, -1.1923731515029552, -1.2313317493531342, -1.219990587881538, -1.2029827565884843, -1.119356865048932]}