{"p": 0.6000000000000001, "p-emp": 0.5998832129584633, "t": [30.948131561279297, 29.57668662071228, 28.037596940994263, 32.75797915458679, 28.70905089378357, 34.64630961418152, 31.695372343063354, 31.973949670791626, 30.8870849609375, 33.53135013580322], "nmi_acc": [0.42385384456337055, 0.4159072634102095, 0.43036722860264304, 0.4694056492041061, 0.3886036554101247, 0.4451073334668202, 0.43365912184552, 0.42090822170636516, 0.3922948288585548, 0.4431984301571113], "nmi_repr": [0.2647417819885662, 0.26577988738973457, 0.30360022674149545, 0.310095969898567, 0.20215898112195932, 0.21431023598399887, 0.25534928028828935, 0.27149809430486477, 0.31463542881751894, 0.2772146364744762], "mi_td": [1.533404566200447, 1.3981464944071325, 1.2796348173602918, 1.3280247765850544, 1.1943720512074303, 1.5395284264747053, 1.3347031392866588, 1.4434287374462973, 1.3824357231509612, 1.6541874475535847], "nmi_td": [0.2782362942090668, 0.2589643307253245, 0.2410888350798107, 0.2473658104372638, 0.22428527004665783, 0.28034290420499425, 0.24974158417961786, 0.26855769771714244, 0.255925791047855, 0.29749799373267444], "mi_tw": [1.6543212860648577, 1.5813593725409336, 1.5038918240831087, 1.6140932425087258, 1.4399303507614911, 1.7176658217433858, 1.4253426914961813, 1.5985670634826719, 1.6684213057213442, 1.6615904641903858], "nmi_tw": [0.38473926557003363, 0.3776215052352521, 0.3671232155271878, 0.3882497155444574, 0.3500135657244113, 0.40129739642681117, 0.3448664650449576, 0.383953935976505, 0.3981535752583451, 0.38206067768744023], "coh": [-1.924323460333763, -1.8957073614470266, -2.204392606983716, -2.2978948875311227, -2.2633454294247892, -2.0550119409974807, -1.9731228715568876, -2.063910687043613, -2.0382585398575883, -1.9555377112645114]}