{"p": 0.1, "p-emp": 0.095546237227223, "t": [51.39390754699707, 50.4429452419281, 53.2907509803772, 51.96374273300171, 52.83831477165222, 51.81709170341492, 55.152506589889526, 52.172314405441284, 54.346181869506836, 52.48983097076416], "nmi_acc": [0.38241293985983127, 0.4410683897742586, 0.3852812291288095, 0.4083705299493929, 0.38975420839620184, 0.42840209307463495, 0.4020610950655464, 0.4012581881449364, 0.40508066538369714, 0.41078814674718267], "nmi_repr": [0.2622455314482732, 0.27318801741579474, 0.28351919978042944, 0.2756892136706735, 0.2795034622705208, 0.2762218957219838, 0.2911161350912367, 0.2900274652409624, 0.28776174850632263, 0.268022487314138], "mi_td": [1.6043605940856214, 1.7535289200559867, 1.5719858873908743, 1.5976962901436182, 1.6839000562784718, 1.7279195722391196, 1.625944810178845, 1.5736993351171669, 1.6157217573857263, 1.7689222315126136], "nmi_td": [0.2956362595290579, 0.31756681340034976, 0.29080985474484367, 0.29433787920265214, 0.3063056483857122, 0.31440910662466354, 0.29967177900770314, 0.29263869104187373, 0.29614640253036006, 0.31848255960012123], "mi_tw": [0.8480216397381051, 0.920349307063197, 0.8700194530361309, 0.8871253266702133, 0.9021452835393551, 0.907500714471509, 0.8673208778015866, 0.868566841794597, 0.864848445577413, 0.9045354465072782], "nmi_tw": [0.18263770205881227, 0.19424240008678662, 0.18823726123312146, 0.19100607583458723, 0.19138245568800255, 0.19258728504580674, 0.18683656235026933, 0.18906534497194863, 0.18510496408672372, 0.18960603660394437], "coh": [-1.4682172617414433, -1.1503785207680077, -1.472632981180001, -1.2305037500376246, -1.174563888355475, -1.2695666479042556, -1.314429163360529, -1.3394567521898566, -1.3793602954378714, -1.1601091481350185]}