{"p": 0.8, "p-emp": 0.7998210812211335, "t": [14.68401837348938, 14.54469895362854, 14.753335952758789, 14.225196838378906, 14.726575136184692, 15.235292196273804, 14.50487995147705, 14.761815071105957, 15.003008127212524, 15.044466972351074], "nmi_acc": [0.2194385302444125, 0.22656681782547317, 0.2381236079125889, 0.2408146519218675, 0.2510931491416818, 0.21447239022323125, 0.23433561291706384, 0.24059908068990776, 0.21247979800293798, 0.23289460803288178], "nmi_repr": [0.2477390533313641, 0.22514252108881122, 0.23812510628461853, 0.25205053154855034, 0.24827293924892976, 0.23840175738347424, 0.22679965332437546, 0.2400175975101098, 0.22724002850321984, 0.20812724587461473], "mi_td": [2.1765619004669743, 2.1344182309703297, 2.1450183511243575, 2.136662593429887, 2.123711533506324, 2.1602703799564376, 2.1252567064543184, 2.088633664781822, 2.124482356930694, 2.1244857117761584], "nmi_td": [0.3889268124728327, 0.3823699939892748, 0.38463078120524236, 0.3840641680261315, 0.3809786312196557, 0.38642515077301254, 0.38208628424576063, 0.3787172277059077, 0.3820205064353814, 0.38103317946994136], "mi_tw": [1.630974463020801, 1.6314411007705623, 1.6351834988919465, 1.647885903764278, 1.6523880220625762, 1.6070989121910433, 1.633005489320948, 1.5876878246119455, 1.6011687369901455, 1.6293447183255827], "nmi_tw": [0.34715845702719644, 0.34831442975502064, 0.3495052774616975, 0.3532417376708407, 0.35336882478646386, 0.3425087677942862, 0.3501309954223127, 0.3438963211765764, 0.34338363412050077, 0.34834902517694555], "coh": [-2.238348024350612, -2.2163528742979786, -2.2874547194199275, -2.192182197845428, -2.324154863668452, -2.2179283399464316, -2.4056149958909487, -2.3841724571307994, -2.222102754777806, -2.18215942546312]}