{"p": 0.7000000000000001, "p-emp": 0.4465557490548113, "t": [38.46383738517761, 37.78797197341919, 37.73277020454407, 37.67704367637634, 38.46410655975342, 39.744656801223755, 39.123101234436035, 39.48180174827576, 37.28774619102478, 37.323591232299805], "nmi_acc": [0.389966715049177, 0.39017664654595396, 0.4315945627627643, 0.43023372681306427, 0.4008537146278981, 0.447318779413662, 0.4132543352450054, 0.38277174644549905, 0.4312443848483674, 0.45558813889852856], "nmi_repr": [0.23159863752215235, 0.23927445931539643, 0.25296330226335834, 0.2690241424012616, 0.23992726814645143, 0.2249977167050377, 0.23560354995076574, 0.24434485686853044, 0.2523663448208954, 0.2778583572344742], "mi_td": [1.8494451366682347, 1.8148946933502816, 1.8502141754139882, 1.8657739882173514, 1.8568622287342094, 1.8540883150726803, 1.8418421333887376, 1.8065265140571642, 1.8486673981520965, 1.806610912813886], "nmi_td": [0.32688637448179914, 0.3215540645239587, 0.32732148293086794, 0.3295950244396323, 0.32810154859329876, 0.3272748349471531, 0.32608494426415285, 0.32066311582611223, 0.32707729054263196, 0.3219511172381726], "mi_tw": [1.3354807764620733, 1.3387756279420964, 1.3528618816029931, 1.3642376308284545, 1.2955381845914193, 1.3399556056313209, 1.3261366630675242, 1.3065028283191016, 1.355144702890694, 1.3517144432647765], "nmi_tw": [0.258613031564915, 0.25993695576450104, 0.26224146107591045, 0.26402599804290244, 0.2507980155012569, 0.2591046701345084, 0.25727240949444197, 0.2541848444293273, 0.26270988433393955, 0.2641256245677152], "coh": [-1.739281335979299, -1.7650225367277919, -1.6885772478171046, -1.6919113619892614, -1.7410348010772485, -1.7413547705340924, -1.9131506136617191, -1.8027362883048987, -1.9387281031676966, -1.8271203418373105]}