{"p": 0.9, "p-emp": 0.8886333724771872, "t": [19.033844470977783, 19.164742469787598, 18.865877628326416, 18.97284173965454, 18.91268754005432, 19.10436511039734, 19.128474235534668, 18.943821907043457, 18.825405836105347, 19.120710849761963], "nmi_acc": [0.060867753601145456, 0.06906926096912824, 0.07631419081677208, 0.05166568767201699, 0.0643851287499304, 0.04633060511498284, 0.060313718240513944, 0.065048776264217, 0.07408572802025039, 0.0634867633324933], "nmi_repr": [0.1962412867696057, 0.19934385356837567, 0.21574906140170913, 0.22515552188048274, 0.19992796990657458, 0.190347757976271, 0.1778822504541812, 0.17963381073549686, 0.22453180520438273, 0.2108259369153464], "mi_td": [2.1524360725932006, 1.9962408581805333, 1.7912421838794592, 2.2060014057086974, 1.8554436189194292, 2.228173358361808, 2.064616419801438, 2.028139030113162, 1.8123363820036182, 1.9543663978724268], "nmi_td": [0.3975605889821383, 0.37389747438491266, 0.3439725067188584, 0.40614675312393983, 0.35127521793176253, 0.40845675575119395, 0.38267117423927527, 0.37982891286017373, 0.3479161981889234, 0.36870128298618127], "mi_tw": [0.08977481446534419, 0.09694752624845314, 0.08801253737500514, 0.08417761245147896, 0.1099978441222183, 0.08424087352208824, 0.11413054726633012, 0.08312326610159093, 0.08823490360708743, 0.08702089983998962], "nmi_tw": [0.04875328248004937, 0.05488708907456067, 0.05383629196945722, 0.04528502050419845, 0.06435162890944365, 0.04475173527811453, 0.06262039385249242, 0.047044307897762705, 0.053919473695348066, 0.05035991844955816], "coh": [-0.1342688614075785, -0.14098054177002764, -0.1337851118549164, -0.13297490029035486, -0.14587221784480692, -0.1342688614075785, -0.1275994746629135, -0.14328429561035966, -0.15076389391958617, -0.1275994746629135]}