{"p": 0.5, "p-emp": 0.49999291027893544, "t": [32.659982204437256, 32.236958503723145, 31.437177658081055, 29.73201084136963, 30.168671369552612, 35.68779921531677, 32.96909260749817, 35.51865220069885, 37.48406267166138, 32.86930537223816], "nmi_acc": [0.3391301992921886, 0.29441283830919285, 0.31037430871503285, 0.2930044803516584, 0.32896466740184477, 0.3225507080463673, 0.30135399572025084, 0.30126139454824874, 0.30793757185128456, 0.3064945723513424], "nmi_repr": [0.30509344488966006, 0.2909348517124114, 0.30755536269854006, 0.30095852982708016, 0.35750460755590874, 0.320760770232096, 0.3065283562222359, 0.2957189367507641, 0.24297055335993378, 0.25305232190918187], "mi_td": [0.8340818085762891, 0.6871856358050418, 0.7244588321915619, 0.5414408152808747, 0.6807391773224942, 0.8298668347631835, 0.7828195663572339, 0.9105605777738393, 0.9444578472681254, 0.7249122551973194], "nmi_td": [0.1612390108363099, 0.1341441930821107, 0.1410308159900546, 0.10924877874121883, 0.1385715120737821, 0.15946725879348314, 0.15091776505612028, 0.17142005822334938, 0.17786332740465527, 0.1415447868164997], "mi_tw": [1.0242923253126115, 1.1396520896582445, 1.0636210613540587, 1.0286224209204413, 0.8339433222192569, 1.0924814590371763, 1.1837714128703192, 1.143754840475706, 1.1131678544689037, 1.0979187631952372], "nmi_tw": [0.361694321589982, 0.4096942235761077, 0.38042736368335645, 0.39335305393703285, 0.32429937807071996, 0.3815902115171837, 0.41593695751483006, 0.38499344244783945, 0.3749308170163919, 0.39487670697958077], "coh": [-1.1474162426352246, -1.006353476682109, -1.103678935011965, -1.147189748916941, -1.1961285017839838, -0.8717995165035747, -1.0148440432790444, -1.050313972951193, -0.9344911294116974, -1.2280518274034122]}