{"p": 0.1, "p-emp": 0.04999800198769999, "t": [43.87356400489807, 45.600184202194214, 44.94413995742798, 46.2986855506897, 46.145198822021484, 46.158201694488525, 45.148497581481934, 46.739598989486694, 46.13431906700134, 45.23052525520325], "nmi_acc": [0.5157969886565447, 0.4319299208425349, 0.4477123216597424, 0.46702748827828044, 0.4201564978798141, 0.4246631906813276, 0.440708623056714, 0.4425379299773694, 0.47341164553907983, 0.44262830968666017], "nmi_repr": [0.3148774084916999, 0.32155520991562964, 0.3055764941553268, 0.31485242716556455, 0.3053362519258567, 0.3158808896969739, 0.2914347992028088, 0.29449354891295876, 0.29976584546165064, 0.30125191060859846], "mi_td": [1.6653704721352436, 1.7706189500054959, 1.6727593560503653, 1.5672364401312482, 1.7414765036818174, 1.6610570667008564, 1.8480793456304718, 1.7375081322973718, 1.7518809693597226, 1.6645004208504612], "nmi_td": [0.3082930305787615, 0.32073562097469377, 0.30829140428059265, 0.2910371109751502, 0.31654927585470116, 0.3061439204835015, 0.3303828109636046, 0.3166986043512043, 0.31764636700495036, 0.3046727156628068], "mi_tw": [0.7280142324691765, 0.7697064064444821, 0.7180734643154258, 0.7319379346479917, 0.7571436971973643, 0.7234273567743404, 0.7820517970118869, 0.7663789598692132, 0.7642268417914226, 0.7610527579833335], "nmi_tw": [0.16755551037194102, 0.17244459694131306, 0.16435988895749643, 0.16911644610945079, 0.17035731103449453, 0.1655915630073924, 0.1723812179139936, 0.17302404594994275, 0.1714205346003136, 0.17272131446449485], "coh": [-1.0659110995642296, -1.0229970656284846, -1.0184035923162837, -0.9887985049873184, -1.0711069244261047, -1.1322570785984574, -0.7568855395780968, -0.926280795477042, -1.0506004763283188, -1.02285591122059]}