{"p": 0.5, "p-emp": 0.4946614400383619, "t": [28.1994366645813, 28.835633277893066, 25.906343460083008, 25.475805282592773, 29.370529651641846, 29.51760768890381, 27.509925842285156, 26.75890326499939, 31.534406185150146, 29.01128602027893], "nmi_acc": [0.42014210613012726, 0.41164909055802923, 0.4513534006324974, 0.45130288426602405, 0.40582177492953236, 0.41359793956128843, 0.3672681257942437, 0.4219006740958029, 0.3958952014644871, 0.41921870547126044], "nmi_repr": [0.30382203356027426, 0.34133142891182394, 0.3167344783158023, 0.27258514865465905, 0.28730304878513807, 0.31588776237624366, 0.2952321685526466, 0.297446532032889, 0.273728551243838, 0.28072840134029936], "mi_td": [1.0128006748263256, 1.0468072091495255, 0.8948056472898244, 0.8767736500884059, 1.0338220545595809, 1.057328468165645, 0.9824873771753607, 0.8938547056631378, 1.0111492544191645, 1.0794744245726549], "nmi_td": [0.18949913576943647, 0.1981100831370632, 0.17228513558267716, 0.1662390015828775, 0.1950025175456011, 0.19785806014602345, 0.1845172278709689, 0.17034582787808664, 0.1898975388355042, 0.19911642147331216], "mi_tw": [1.4307128027758123, 1.2919631297020526, 1.2544830129835645, 1.3658186511070256, 1.3222310854876067, 1.3583771874104724, 1.4060585661675244, 1.341722360617306, 1.3439838487093294, 1.4509191181145358], "nmi_tw": [0.3591281100157955, 0.3293136740972125, 0.3272865866924962, 0.3490101029244713, 0.3355222478432169, 0.3410347046800171, 0.35471868578256477, 0.3452240615166011, 0.3390523963529768, 0.3573204160508452], "coh": [-1.5619739701514743, -1.7506937448518192, -1.6157365301680473, -1.7466504474388058, -1.68257918653562, -1.5357410123055435, -1.666322117809343, -1.8136582554052296, -1.7391079016341213, -1.647527645639185]}