{"p": 0.6000000000000001, "p-emp": 0.5988081534370323, "t": [63.33643984794617, 63.10594153404236, 63.791118144989014, 65.89621019363403, 64.52416777610779, 63.44732213020325, 63.78765296936035, 61.93670916557312, 64.46475887298584, 65.31252884864807], "nmi_acc": [0.2872222921665201, 0.27791209870125944, 0.2796127670900801, 0.2867651691486968, 0.29285877027671625, 0.2900647138526143, 0.2917239622838188, 0.2774041225024058, 0.28681140213049827, 0.28167702293624686], "nmi_repr": [0.3440158813868654, 0.34175814587910686, 0.32980781362222683, 0.32326915841843706, 0.33685652782727715, 0.34471419349519655, 0.3438497075614196, 0.3365537814744505, 0.3331052202232877, 0.33230970979052776], "mi_td": [2.242748704989275, 2.2045471189071333, 2.244017233196548, 2.2624589691447072, 2.3296243873547238, 2.2224393405003653, 2.3104534629843885, 2.2775169872870933, 2.315691183764824, 2.293654877297218], "nmi_td": [0.3962540605174298, 0.39070151140943504, 0.39618981512240015, 0.3988263728980225, 0.40889920021044435, 0.3937412160333828, 0.40646456713550044, 0.40142637045345597, 0.4075031297011006, 0.4035385872253419], "mi_tw": [0.5782003269992377, 0.5837659982095965, 0.5816568939998614, 0.5799027644378889, 0.5705799143577643, 0.574412232618323, 0.5718057044459618, 0.5765626409233696, 0.5635375393882969, 0.5767123912713128], "nmi_tw": [0.19091261583443792, 0.19386025274900387, 0.19179303673193152, 0.19066161835414677, 0.18609644786346782, 0.19063492919205316, 0.18729277232907462, 0.18951551797827818, 0.18468339416754379, 0.1889254762135724], "coh": [-0.544687819190121, -0.577972221099422, -0.5601961586404249, -0.5668617594741084, -0.5584633797348599, -0.5581661556437832, -0.5250985384820676, -0.5593641008265681, -0.5517294353903621, -0.5822245978961467]}