{"p": 0.6000000000000001, "p-emp": 0.5973992325054688, "t": [24.622201681137085, 28.188538789749146, 28.62618613243103, 24.340118885040283, 25.717929124832153, 24.678388595581055, 21.914188623428345, 23.59716248512268, 23.777880430221558, 24.004804611206055], "nmi_acc": [0.4608554934225635, 0.44769131614113306, 0.41722463803354626, 0.3932576262521758, 0.45174299632014076, 0.45253166855433824, 0.43547744748257744, 0.3645574222728834, 0.46336243134796856, 0.4151522055141538], "nmi_repr": [0.31957474009760145, 0.31031016269052863, 0.30183934851984856, 0.30103603018690284, 0.31774755154529744, 0.3027894478875149, 0.2914762409442998, 0.3323785485831462, 0.3408423587970049, 0.319590104661081], "mi_td": [1.2226183620618283, 1.0754988024011214, 1.2999939759778145, 1.1019272478502942, 1.0893708181831627, 1.2341195422511788, 0.9966178844341559, 1.0046574756821678, 0.9759772952675678, 1.1594129987895943], "nmi_td": [0.22461856830873503, 0.20066114093455306, 0.23624963884891143, 0.2049609105689476, 0.20371421689037778, 0.22800264429517228, 0.18862170080499877, 0.19198064549619331, 0.18451767083157597, 0.215099399088759], "mi_tw": [1.399057697475486, 1.4469754511094712, 1.4207602768136034, 1.382609066144647, 1.3141080515293568, 1.3668255273121268, 1.3154588728346275, 1.3142201958150341, 1.380279236413804, 1.359583585705804], "nmi_tw": [0.3506522864697738, 0.370396200944295, 0.35085581526403803, 0.3524308234554006, 0.3374414151672056, 0.3451991653526438, 0.34341958492155156, 0.34768616447637835, 0.35981049564933, 0.34534266528719954], "coh": [-1.662580395558302, -1.7103564032543723, -1.5301955044099758, -1.6470474814783007, -1.6578936342101551, -1.6390057983979587, -1.633510046161602, -1.679490867607589, -1.5470836714033431, -1.5932759645357173]}