{"p": 0.0, "p-emp": 0.0, "t": [55.35350847244263, 46.81750822067261, 48.763611793518066, 47.920546531677246, 48.97391200065613, 49.25088453292847, 49.67339277267456, 51.4737811088562, 51.2728157043457, 50.0601441860199], "nmi_acc": [0.44246971969243465, 0.42181140437565373, 0.4290469233432341, 0.41365678795210636, 0.41383589351510247, 0.4096402431466513, 0.4566185853857587, 0.46383850207868826, 0.3846000893802732, 0.42326810792902086], "nmi_repr": [0.28893799345460836, 0.28715034607857404, 0.2747395474691684, 0.27542115340940215, 0.281175729703628, 0.2958622660614107, 0.2998424916147407, 0.2944548567312055, 0.2807613778268819, 0.27412820267173216], "mi_td": [1.6593770930919134, 1.6525516152917277, 1.6330278070878599, 1.6696713821387206, 1.670388630219118, 1.6161023602227491, 1.7034031798600022, 1.4905551707725941, 1.729082364312998, 1.701488576546321], "nmi_td": [0.30345200787128096, 0.30500012484834643, 0.29948965381476444, 0.3055983475829491, 0.3047656005156386, 0.3001506852503262, 0.30991194133974387, 0.2792668914428166, 0.31326961729440644, 0.3109192012147668], "mi_tw": [0.8214601995238191, 0.7932911779304447, 0.8048304834113658, 0.8011414511945535, 0.8202755266454583, 0.7916987843432467, 0.8197074628607037, 0.7519831781937979, 0.8021420342979166, 0.8213554211162392], "nmi_tw": [0.17900974402527586, 0.17478076132137246, 0.1759853671317072, 0.17476173087956776, 0.17826360522937748, 0.17574239399813785, 0.1775415644410691, 0.16868307146310454, 0.17287360746682925, 0.17882668534871174], "coh": [-1.09034533827993, -0.9900324969021991, -0.9964572340103001, -0.8771920593499081, -1.002324034377406, -1.1050680929460142, -1.0277896599445058, -1.226098999742616, -0.9245507291872478, -0.9589598962706889]}