{"p": 0.7000000000000001, "p-emp": 0.6986855657146245, "t": [23.54486584663391, 23.66941785812378, 20.152015209197998, 21.533835411071777, 20.217026233673096, 23.29362177848816, 22.09060835838318, 21.464858770370483, 23.6757595539093, 20.617338180541992], "nmi_acc": [0.35588482034365904, 0.3684324438169066, 0.3529694846427774, 0.354006509893949, 0.3023695894308787, 0.3271073953694101, 0.35047918545114126, 0.3603169577087314, 0.35816167212523614, 0.3403762006552631], "nmi_repr": [0.3965839657498694, 0.34991169923143206, 0.349515793381835, 0.2965958079574818, 0.2186549238095882, 0.18134098701889037, 0.19678965849198973, 0.30164605129690203, 0.28924325610990215, 0.28947840381320805], "mi_td": [1.0368837288499557, 1.0611479262964183, 0.956307598203046, 1.2408320806398971, 0.9558358137974614, 0.9920647646391173, 0.9461429241675757, 1.0680620770821312, 1.0672466604353454, 1.0733493725538026], "nmi_td": [0.20114826950045683, 0.20489051264090238, 0.1882117630151863, 0.23097567838756505, 0.1827475664817215, 0.18936447240240276, 0.18679908130622963, 0.2031806013475371, 0.20314359982228392, 0.20450834470050805], "mi_tw": [1.376534984485984, 1.3659125626470217, 1.3009416921332084, 1.5129307814025101, 1.2458403572807366, 1.2478131527024843, 1.2127626083766234, 1.4710313342729489, 1.4247111065697577, 1.4018731989419637], "nmi_tw": [0.4146906282357976, 0.40850323468260585, 0.40082962690377344, 0.42777595539898616, 0.3669671040233153, 0.3666242656522432, 0.3755109476469333, 0.42996065569120073, 0.4167942921558807, 0.4107401771385553], "coh": [-2.396331166258767, -2.2436316409864214, -2.3080113969961897, -2.296310991692639, -2.3948182511095317, -2.234925436417005, -2.4346634823357274, -2.2523895923719808, -2.3515703351749653, -2.270082171257419]}