{"p": 0.30000000000000004, "p-emp": 0.2983818678450213, "t": [44.81106877326965, 47.14305377006531, 42.91710090637207, 45.22547173500061, 49.15331697463989, 43.72682285308838, 42.83548617362976, 47.59526801109314, 44.65624976158142, 47.67241072654724], "nmi_acc": [0.4265470514450428, 0.4107185518184484, 0.3904234296842701, 0.4103919909048116, 0.393155466821983, 0.39026104444309423, 0.3974338315302601, 0.3907783466102856, 0.41323189687508227, 0.37799442073447004], "nmi_repr": [0.2882484534266552, 0.2459627079237128, 0.24358843209354814, 0.3020710971917107, 0.3244253651776252, 0.3003540352189856, 0.22396991020685342, 0.22243455419384683, 0.24411893512543156, 0.25433794453541947], "mi_td": [0.9826280021043765, 1.1177190688043654, 0.951925684656069, 1.0448858734015452, 1.0873768915098916, 0.9641387797647815, 0.9290344181721998, 1.0004342461223896, 0.9242619100943739, 0.9806322105002132], "nmi_td": [0.18399292497290537, 0.20461706562301313, 0.1807338841613974, 0.19712601719809916, 0.20406929214037683, 0.18299616192334275, 0.1748674013619408, 0.1865101781856955, 0.17492423253328382, 0.18338167343446918], "mi_tw": [1.5845068443506145, 1.5590131650738512, 1.5377623653808268, 1.4807783228860258, 1.5470895546867114, 1.512720809051942, 1.4963092251869297, 1.5550465529766622, 1.5409862392763163, 1.5761427144024465], "nmi_tw": [0.3804888274866033, 0.3637187726387663, 0.3759052265586531, 0.3590269221871425, 0.37258690007903666, 0.3696368490733365, 0.3617229715075511, 0.3713287868989262, 0.3751542380186926, 0.377852640276538], "coh": [-2.0379243332700376, -2.1899678834355845, -2.0264189355417592, -1.9539035835446952, -2.0721077439844815, -2.0674478041871756, -2.2626888679805335, -2.0696465284349777, -2.1406971250998894, -1.8763575366804335]}