{"p": 0.5, "p-emp": 0.4946614400383619, "t": [57.94872760772705, 56.3685359954834, 57.39111113548279, 66.7874231338501, 55.78676152229309, 56.81695055961609, 54.87419390678406, 56.20172643661499, 56.62044930458069, 56.268784284591675], "nmi_acc": [0.4839376435477547, 0.5027110587997667, 0.49221835848628875, 0.5284149532873669, 0.4988728319138807, 0.49329380118871086, 0.46361752005116874, 0.5233082276010593, 0.4790990277970042, 0.4970885147715166], "nmi_repr": [0.48041672255322343, 0.45046239560708157, 0.4574195220721884, 0.5119467628351645, 0.5165934565354093, 0.5124338294201262, 0.49454107010163006, 0.4852628255669107, 0.47207041375104036, 0.4583075172173722], "mi_td": [2.2279591185617345, 2.160734679700492, 2.2568908019132237, 2.2148493525469117, 2.22892072680322, 2.252485432341688, 2.207073217854307, 2.170467033102585, 2.1897328675293473, 2.189409278968272], "nmi_td": [0.39086564064371765, 0.3795795389712003, 0.3972835057424326, 0.39026600061317934, 0.3917016182262817, 0.395486771017739, 0.38746668184534944, 0.38333903710241934, 0.384121747950391, 0.3846634299499245], "mi_tw": [0.9796708531040366, 1.0016794956162607, 0.9398958160433784, 0.9528467229906563, 0.9710295664143578, 0.9687142616646898, 0.9844113825174161, 0.9616321672805584, 1.0050637947329397, 0.9915185956750533], "nmi_tw": [0.22576724930356978, 0.23124534162061808, 0.2175665358962237, 0.22084949209771354, 0.22427772283387915, 0.2234785574565276, 0.22706385845884997, 0.22357115081311596, 0.23158932264993876, 0.2289360523417747], "coh": [-1.0974908230141815, -1.0951735204960653, -1.0998660632991375, -1.1419041710954216, -1.100337288712828, -1.0557290062130054, -1.088687881717615, -1.1438295525493891, -1.1029037655010068, -1.080158429316254]}