{"p": 0.6000000000000001, "p-emp": 0.5988081534370323, "t": [37.71264982223511, 37.53309369087219, 37.72200059890747, 38.11255598068237, 39.290295362472534, 38.808574199676514, 38.43003749847412, 38.27698588371277, 39.18173336982727, 38.69424343109131], "nmi_acc": [0.2956366881885896, 0.2685540308482576, 0.2910964480120046, 0.2585571504028789, 0.30267908665484605, 0.2659607137374301, 0.28568170113064806, 0.2751803186946346, 0.28453386240374984, 0.2860806535809723], "nmi_repr": [0.2914789442641664, 0.2957809288012784, 0.29468000673744044, 0.2842543167746504, 0.3053960070898228, 0.29135120248565316, 0.27148706574937054, 0.28087882251005863, 0.30978257296575795, 0.30898297736222685], "mi_td": [1.8605873312983272, 1.8617630002450436, 1.8400524071196807, 1.762978170111565, 1.7907374216620608, 1.6840678458153626, 1.8069099257536592, 1.9171473295527892, 1.6625505011433326, 1.8420270992052945], "nmi_td": [0.3318674120512685, 0.3329013255021012, 0.3292659837760051, 0.3178779273249803, 0.3234878671200995, 0.303336940308765, 0.32377852384536715, 0.33943290856804775, 0.30475089394492205, 0.3297543701348589], "mi_tw": [0.5700605913967431, 0.5457517544186212, 0.5447487454939955, 0.5774792438739964, 0.5570972328709904, 0.636652835824532, 0.5419354378780389, 0.5762321028099664, 0.569081255153254, 0.5543637271789026], "nmi_tw": [0.19160705399338637, 0.18429627818199068, 0.18421826083676793, 0.19811816184974393, 0.1918078877940747, 0.2179912691167471, 0.18374217588116246, 0.19100607992360286, 0.20150334198662967, 0.18761495336281142], "coh": [-0.5546496762438992, -0.6426135552722869, -0.5631489486823217, -0.6295633889855149, -0.6099529439594299, -0.5829139204907259, -0.5781068841085041, -0.5765874252813068, -0.6120507675370043, -0.6045601415654434]}