{"p": 0.2, "p-emp": 0.19984247928834664, "t": [49.80878520011902, 52.25645112991333, 48.96198391914368, 49.00572633743286, 49.18680477142334, 50.48523283004761, 49.79952931404114, 47.05399465560913, 49.03705286979675, 50.74260997772217], "nmi_acc": [0.3887668459226358, 0.3676209142393764, 0.4563838255546185, 0.4190960118522349, 0.38953803448035396, 0.4360845783236821, 0.4025603502655469, 0.4491459577916499, 0.39295585325180465, 0.395985408362062], "nmi_repr": [0.2695340158141099, 0.2456212474164562, 0.3153299379697833, 0.33338953386121767, 0.2888865120403525, 0.27521765378582386, 0.2784720588087367, 0.2743400099432676, 0.27428933199460115, 0.29264971041605636], "mi_td": [1.749368090256557, 1.6285611432659106, 1.3298865392875674, 1.6643026339681677, 1.5778275425655712, 1.6549657714575952, 1.6879875185123143, 1.7242324822159625, 1.7204166100739562, 1.5020887734294233], "nmi_td": [0.3136467563647156, 0.29763667714302877, 0.2567981107455842, 0.3044569663592857, 0.29242634752187935, 0.3021581934287133, 0.30615893621111995, 0.31199862482904495, 0.3126440218034129, 0.28157782948329757], "mi_tw": [0.9944819362005196, 0.9477796437876285, 0.8404083642492564, 0.9364287738273342, 0.9181220268546259, 0.9542747264852957, 0.9909696693482292, 0.9865575878970306, 0.9648994077759551, 0.9028745882513112], "nmi_tw": [0.20987318345548156, 0.20458823018377814, 0.1936557218435921, 0.20236424273331854, 0.20149189762577263, 0.20574560585859614, 0.21199866588607647, 0.21047056844386489, 0.20689229948772014, 0.20083868545116917], "coh": [-1.433571795322983, -1.4710585239284828, -1.7825339518179253, -1.4381323119413352, -1.5399938688853019, -1.416341847692928, -1.5774955918534812, -1.3820514160670636, -1.4076439072865221, -1.5623427882653034]}