{"p": 0.5, "p-emp": 0.4465557490548113, "t": [38.53768730163574, 38.31578207015991, 40.3222177028656, 39.911521911621094, 39.05957770347595, 39.132628440856934, 40.6483154296875, 38.92297148704529, 40.88063621520996, 37.99205422401428], "nmi_acc": [0.4243273706054276, 0.4333277367451917, 0.423442700081794, 0.4249908652422672, 0.36918563343248084, 0.41742830385743723, 0.40069027332068885, 0.4070381572200465, 0.4021421767866534, 0.46058933837310934], "nmi_repr": [0.2532947392306271, 0.259234769957416, 0.257118342064069, 0.26163514736405286, 0.2343679007797638, 0.23864442558174273, 0.24906129294357224, 0.23695110933606087, 0.24576188023504753, 0.2500891729350707], "mi_td": [1.8965448283571227, 1.8406762714849336, 1.90491526314739, 1.8805494935025855, 1.8079101285072634, 1.869779528542023, 1.8675742423762245, 1.8086963418926731, 1.8781429370271678, 1.8580543841179953], "nmi_td": [0.3332856640981922, 0.3258033538275175, 0.334195822042714, 0.32998832098379444, 0.3209301211444559, 0.32965691335496144, 0.3285696656792121, 0.3207356433791121, 0.33124449561861585, 0.32869113162246494], "mi_tw": [1.3892053320556423, 1.3480653218842937, 1.3891607152083354, 1.3827449654704687, 1.2986484893958636, 1.3714437096393528, 1.3655933215355873, 1.3271702454659722, 1.3526392294614242, 1.3460197131133094], "nmi_tw": [0.2673245865696267, 0.2614604862134783, 0.26682570652426885, 0.26565261587219063, 0.25267523039077733, 0.2648522760446191, 0.2631098324869577, 0.25793020911733483, 0.26131845428699285, 0.2609000603659574], "coh": [-1.7689184438514853, -1.7257279503355913, -1.7657806071441737, -1.685868356379575, -2.0240833955049538, -1.7674770587682471, -1.8163313316551524, -1.859485199274556, -1.7697307868206145, -1.7261109333837292]}