{"p": 0.30000000000000004, "p-emp": 0.29610026670241607, "t": [88.3772623538971, 89.95067596435547, 90.54691314697266, 90.59599447250366, 91.42390513420105, 89.74612212181091, 89.13982653617859, 91.75142788887024, 91.64234447479248, 88.7125039100647], "nmi_acc": [0.5121845772834355, 0.5053148858295093, 0.5107564033661388, 0.5052906229386631, 0.5051365450973767, 0.5192905798857238, 0.4984474519794157, 0.5173153086128159, 0.5141911179804561, 0.4993727741318206], "nmi_repr": [0.43041732084091633, 0.4311472012738039, 0.4300605069466049, 0.4245553302059934, 0.427242338387046, 0.40688783879167256, 0.42077732169502186, 0.42112975549115284, 0.42895189720845583, 0.411024332630566], "mi_td": [2.0101861121724216, 2.045073187327591, 2.0065592834516153, 1.933692196861213, 1.9248457538078483, 1.9999174072961077, 1.9758462327685231, 1.9949737397512983, 1.9739159351277635, 2.025799195519004], "nmi_td": [0.3556849668464091, 0.3621868328896204, 0.35517925933324046, 0.34345548257356384, 0.3420498608405007, 0.35500663474302785, 0.3490094459644801, 0.35375037666272907, 0.35009483597568836, 0.3586313714529111], "mi_tw": [1.1892995327343534, 1.157442947915687, 1.1854288533087236, 1.2108777396202692, 1.2121662583579735, 1.1654537352964485, 1.2198910665187586, 1.1811077889569448, 1.1945017106690885, 1.1499128959843594], "nmi_tw": [0.26352462545117167, 0.25675783594520846, 0.2627929979621221, 0.26958911291259924, 0.2700399161638466, 0.25928228243810264, 0.2697230159353798, 0.26241281019989554, 0.26546313628801915, 0.2549609844596363], "coh": [-1.1996985289522646, -1.1590190419809907, -1.253733968777153, -1.1533933814042214, -1.1992582075889984, -1.2478214157829848, -1.1701628087541251, -1.2571315643289738, -1.1802445998790072, -1.2898011267197818]}