{"p": 0.6000000000000001, "p-emp": 0.4465557490548113, "t": [43.47887587547302, 44.61187505722046, 42.64449763298035, 39.14215874671936, 43.03873157501221, 47.51217436790466, 52.73587894439697, 43.45315432548523, 42.40365433692932, 41.9941840171814], "nmi_acc": [0.5058462512432519, 0.4766849483513654, 0.5314895301265512, 0.5067237597463088, 0.4600140225253009, 0.5476453234650525, 0.5274300936265709, 0.4821944196577609, 0.5137230600233992, 0.46252545694068836], "nmi_repr": [0.3114549733549542, 0.2932157944886568, 0.296486805985492, 0.3222227829131826, 0.283484686005027, 0.2805084442987583, 0.32681419916221854, 0.2992388416613226, 0.31137641123145154, 0.29798249787527753], "mi_td": [1.5861108172493839, 1.5652673845800198, 1.537101780745759, 1.4606088456649637, 1.506216562579838, 1.6181304403977932, 1.6784664331353458, 1.515704318463789, 1.5026046901146246, 1.4765051025587135], "nmi_td": [0.2825502318599385, 0.2770424222556925, 0.2745100179497436, 0.26486093317190057, 0.26785968043719177, 0.2880118953850737, 0.29517132348677017, 0.27052875839137325, 0.2694273173042326, 0.2645858714644696], "mi_tw": [1.873178485239149, 1.9880990700974568, 1.8885575060208866, 1.763988678598204, 1.9243730515775435, 1.9127243939014986, 1.960610380222002, 1.8917688514834166, 1.9424671445205477, 1.8910383824051238], "nmi_tw": [0.3658691896924415, 0.3855767153831712, 0.3698928341196652, 0.35133086611880604, 0.37516491700385335, 0.3732489743295933, 0.3775730729623986, 0.3702817818027442, 0.3821285324025824, 0.37176216573162923], "coh": [-2.1348312171902317, -2.0703278204516073, -2.0903330579367014, -2.1716958324911446, -2.1043129197878696, -2.1303795516469575, -2.0962629482172566, -2.123223028310943, -1.9698178561821622, -2.0736266213223367]}