{"p": 0.9, "p-emp": 0.4465557490548113, "t": [38.040605545043945, 39.238224506378174, 41.52706575393677, 40.37003779411316, 40.35676431655884, 37.45439267158508, 39.37056922912598, 37.957924604415894, 39.52429485321045, 40.70863318443298], "nmi_acc": [0.446256330029263, 0.44378187426859894, 0.4265742802813196, 0.39839649883157036, 0.41366065817866515, 0.4163271031741604, 0.4382905963837391, 0.42118683296815607, 0.389972510276984, 0.38860520543270854], "nmi_repr": [0.258161451290485, 0.2730689653221106, 0.25825828941936596, 0.24464370124201584, 0.2265431058770002, 0.24647651339056964, 0.2534854735084963, 0.2389894191280834, 0.2323820531566961, 0.23961109445606754], "mi_td": [1.797547735398744, 1.8208577113323625, 1.9206813192045038, 1.8446502416128008, 1.8099491064171216, 1.827192873028008, 1.813960193206047, 1.799000860973966, 1.8331410679439304, 1.8759570946593622], "nmi_td": [0.3207299452386212, 0.32360165873826147, 0.33814027955302955, 0.32649214850761527, 0.32078914236084904, 0.32406627800267956, 0.3230554058970485, 0.3197016669554291, 0.32471173221629024, 0.33003336826053326], "mi_tw": [1.3431216768952823, 1.336671548190514, 1.3577133151457488, 1.3258839154234399, 1.301136652017268, 1.3523943206666973, 1.3178179766740372, 1.3229325671681842, 1.3236698539918883, 1.324099243785713], "nmi_tw": [0.26280053433794753, 0.2604024197659124, 0.2617842804651367, 0.2571457442153948, 0.25272506582168086, 0.26287743562548405, 0.2573228423956089, 0.2577120825392486, 0.2569388631913365, 0.2551057213532228], "coh": [-1.8698188107061047, -1.815795588624228, -1.6675539169096674, -1.8753529836054674, -1.874139918847319, -1.9051653874546477, -1.8556976075936344, -1.8662738585690755, -1.8395390476746187, -1.815524605369801]}