{"p": 0.4, "p-emp": 0.3974819888858955, "t": [81.09373021125793, 81.86198401451111, 83.53023171424866, 83.57644701004028, 86.41159749031067, 87.04677963256836, 81.64022707939148, 84.45239639282227, 82.44251418113708, 83.10091280937195], "nmi_acc": [0.49349047331810436, 0.4707190496119412, 0.49918469758775375, 0.5073731639330797, 0.4902381146434745, 0.4781446898599795, 0.5049962995306515, 0.5063959072270517, 0.4984883208483181, 0.4953588700777954], "nmi_repr": [0.45523027940898253, 0.43310691237843185, 0.45097680878539853, 0.43501111073115306, 0.44683118460262566, 0.3888905058473502, 0.38776972679389954, 0.4274396466441566, 0.42004467593320294, 0.4388047623046475], "mi_td": [1.767452505910416, 1.7649869786534875, 1.7832064968353867, 1.7605029950071862, 1.7335492812594318, 1.7685611718402217, 1.7184022248018072, 1.793395493820428, 1.7594851731805508, 1.7624198980242383], "nmi_td": [0.3180416233358267, 0.3170322844207263, 0.32062334397946, 0.3170781070824332, 0.31304990894454093, 0.3158430909764079, 0.3104930682099316, 0.3210976088905887, 0.3152189837989013, 0.31710771900891754], "mi_tw": [1.6208473900545164, 1.6263913669117713, 1.6092492704857593, 1.6047952485891055, 1.614277905050346, 1.6348757623626942, 1.6171324795716873, 1.622236007552041, 1.6445777980860237, 1.6307479094339836], "nmi_tw": [0.3057551725114368, 0.3062281734166239, 0.30331629758091144, 0.3030146388074089, 0.3056509741954574, 0.30596617418958627, 0.3063761042584051, 0.3044147366912542, 0.30880519218511554, 0.3075940004809822], "coh": [-1.6233773031963636, -1.6371426529923823, -1.636235130553868, -1.5998063187886244, -1.6105229329920328, -1.7779886042136126, -1.5947627292375919, -1.679339856272184, -1.6746312454642123, -1.5948592927163423]}