{"p": 0.2, "p-emp": 0.19984247928834664, "t": [56.16575789451599, 66.00824356079102, 58.236185789108276, 62.95664381980896, 60.11045598983765, 57.559051752090454, 66.32238245010376, 52.895172119140625, 57.96941900253296, 59.62918305397034], "nmi_acc": [0.4464429801776379, 0.4695342999942372, 0.5055747373444313, 0.4772825646973435, 0.49087498463882573, 0.451756916365926, 0.4979225477883643, 0.4436490229953393, 0.44847596455647665, 0.4811239410331825], "nmi_repr": [0.2634125866515514, 0.26476279756698123, 0.24867684593680447, 0.24923474249776484, 0.266597735102025, 0.28096121120231926, 0.28506606745840235, 0.25650893193357593, 0.2917802738878293, 0.3052311500823855], "mi_td": [1.2053971365971927, 1.162292216122402, 1.2363580163748855, 1.261734961109363, 1.275278002570047, 1.1658503749713571, 1.2470242911909781, 1.0352165987848048, 1.169175400544347, 1.2419816797231515], "nmi_td": [0.21851996238650948, 0.21227176326535027, 0.22304200589257, 0.23008390962170908, 0.22999037527595234, 0.21663343843990426, 0.22605295437525877, 0.1933564493564586, 0.21678403647764422, 0.22689766452333485], "mi_tw": [1.7600804715701075, 1.7967318703505235, 1.7095249347018133, 1.6972990148197316, 1.7579507215256194, 1.6660712787396084, 1.736957146782282, 1.6190391373110637, 1.6803398566956216, 1.6902706727576182], "nmi_tw": [0.3763133707236747, 0.3875214586634293, 0.36340848902796097, 0.36542053505279576, 0.3735632665784339, 0.36676177426645856, 0.3713435916041553, 0.35859850090332074, 0.368960681215929, 0.36469654168067617], "coh": [-2.0556011727376706, -1.8832911057398167, -2.0026768619914983, -2.1719473265081652, -2.1868252324923416, -2.141865182943587, -2.2256869021045063, -2.235006485678073, -2.0952784003352014, -2.14668749347772]}