{"p": 0.4, "p-emp": 0.3974819888858955, "t": [35.388280630111694, 35.650742053985596, 36.996333360672, 35.6433424949646, 36.335248947143555, 35.971076011657715, 35.699787616729736, 36.07105350494385, 37.49133110046387, 35.57704758644104], "nmi_acc": [0.382475078937294, 0.4028294511297175, 0.33837156911776173, 0.41345854540723165, 0.3928753123413262, 0.4156800407668444, 0.40013868199251706, 0.39060305481357827, 0.34823179999218695, 0.41761300472960533], "nmi_repr": [0.2147374059912419, 0.214714909749907, 0.19410797161642027, 0.18638797306088575, 0.20858506841160376, 0.22120401375043613, 0.22812740395005118, 0.20767872057920597, 0.19194983930236512, 0.18250588171697169], "mi_td": [1.7781032643273254, 1.8229869526225837, 1.7487374764255033, 1.797991141571675, 1.7931225567112747, 1.826150130329882, 1.7973410562886278, 1.7952682621910379, 1.8298816535148639, 1.7680969763835128], "nmi_td": [0.31894860229112415, 0.3262295053216161, 0.3145263777722924, 0.3218358826640867, 0.3214037944211429, 0.32704266757826356, 0.32263761132098934, 0.32158801262072456, 0.32588361789763093, 0.3172091619128911], "mi_tw": [1.1575014147059395, 1.1887589022195244, 1.1315821185625532, 1.162000211231849, 1.1813373915810808, 1.174564143915617, 1.1559712044388086, 1.1663730547299245, 1.1508995146294294, 1.1648616992832213], "nmi_tw": [0.21762787338377154, 0.22295307254960717, 0.2133556588738382, 0.21799085670402515, 0.22193648504246244, 0.22046540818833021, 0.21750850034000732, 0.21898213651582946, 0.2147614307495241, 0.21905185103701172], "coh": [-1.7707874374639292, -1.7355323232049162, -1.7667581063562294, -1.6103056083435052, -1.7121779656939815, -1.7067386288567346, -1.7860388209120477, -1.741270280457877, -1.6669750045604477, -1.6052374113013108]}