{"p": 0.8, "p-emp": 0.4465557490548113, "t": [38.1437611579895, 39.51328682899475, 38.1091423034668, 37.99124836921692, 38.07579278945923, 38.06608867645264, 40.27169132232666, 39.6030855178833, 39.41770553588867, 38.90319204330444], "nmi_acc": [0.3995413832121185, 0.421087062741154, 0.45904609534980106, 0.42249899195721097, 0.44891535859215975, 0.40002327753166816, 0.39034291781151986, 0.3866112830008031, 0.41846155474653407, 0.4179023468336691], "nmi_repr": [0.2627430887008562, 0.260362703836725, 0.26256272632175726, 0.2481685593252257, 0.2456480504804247, 0.23869465620647645, 0.23834504549896687, 0.24259950137810535, 0.24990332942215202, 0.24340823599917882], "mi_td": [1.855795922439069, 1.9184361260551088, 1.833201211071672, 1.7978484052302215, 1.827732571242267, 1.886694411143015, 1.8756856442094778, 1.8897052649455723, 1.8617536734646627, 1.836022416560533], "nmi_td": [0.327694474102508, 0.337164303151241, 0.32550571484896146, 0.31960605709580603, 0.32402183740911467, 0.3312287330003762, 0.3301504240138774, 0.3324397150425506, 0.32800700008884814, 0.3247361338433502], "mi_tw": [1.356672593349085, 1.3690124524368033, 1.3366460172295958, 1.3255633119089416, 1.317519539093445, 1.3507676585694448, 1.3555121646798234, 1.3693430636747084, 1.354543257115128, 1.3431523039503732], "nmi_tw": [0.26244092113204165, 0.26346592435678995, 0.26014371533821906, 0.2583213058308117, 0.2559771472951585, 0.259648297680148, 0.2613006978583632, 0.2638118331920277, 0.26138344267005303, 0.2602937440041185], "coh": [-1.939294984637836, -1.5703097625621678, -1.82447046610787, -2.070921460670671, -1.8025345054219517, -1.880110268293448, -1.7405324613091628, -1.8544266240483673, -1.7634534135235325, -2.0210530300059313]}