{"p": 0.5, "p-emp": 0.4946614400383619, "t": [33.72099828720093, 32.31274962425232, 32.69154953956604, 33.78304934501648, 33.21875596046448, 33.47241950035095, 33.34805464744568, 33.4648973941803, 35.23361158370972, 32.98609685897827], "nmi_acc": [0.446603393933736, 0.4754164583687692, 0.46790034671818465, 0.4689634250701221, 0.49205310140833564, 0.47047912544574205, 0.4523320482581519, 0.4576267835846591, 0.43827292978195803, 0.4837227305006997], "nmi_repr": [0.3667728207976749, 0.383979029104331, 0.3904814362562569, 0.3894879550112641, 0.3908062809002896, 0.38725161733166735, 0.36652432091260745, 0.3679380185275303, 0.3708317601477572, 0.37918007424894634], "mi_td": [2.0292646955407485, 2.110802640902574, 2.0946308142339145, 2.150312906461183, 2.0545423861142966, 2.0629541633643864, 2.103439376222359, 2.0443792759798525, 2.0690419231630797, 2.1020883707457108], "nmi_td": [0.36147868683903606, 0.37343203120092566, 0.3714595012489534, 0.37815286236491774, 0.364683233703561, 0.36619176712329193, 0.3721150540962323, 0.362706519640569, 0.3665035029788634, 0.3715640789270603], "mi_tw": [0.8197043414007469, 0.810593205184767, 0.8105272546740729, 0.8432268108978961, 0.8370070931042671, 0.8214179807021381, 0.80496252313294, 0.8315361966494905, 0.8264838447108286, 0.8335859475840512], "nmi_tw": [0.19273466530328398, 0.18887580205947666, 0.18945728975114748, 0.19493910990704905, 0.19588257431433126, 0.1922449788212054, 0.18755430279212534, 0.19448010833307008, 0.19289703337703384, 0.1940089513124202], "coh": [-1.285492023442994, -1.0964786821015209, -1.2612943672971093, -1.0657448048754496, -1.1706969042857371, -1.1400623987499876, -1.189984387491724, -1.1708270925962116, -1.1438778975989465, -1.1343355180870125]}