{"p": 0.5, "p-emp": 0.49841512508201513, "t": [66.23361945152283, 66.72824454307556, 65.07094836235046, 66.41034436225891, 65.75339126586914, 64.81394577026367, 68.34836769104004, 66.43641114234924, 64.53325486183167, 64.6337947845459], "nmi_acc": [0.5109355590681838, 0.5290858551481583, 0.517623425713354, 0.5168423680194582, 0.5248777481886843, 0.4900746360378513, 0.533010399956587, 0.5298292024240269, 0.4887492149166672, 0.5006777362361537], "nmi_repr": [0.4316997855517659, 0.4646648792463125, 0.44518002749449326, 0.4585793754483925, 0.4562228975035915, 0.4670115459040004, 0.44836469422976033, 0.4603313444752397, 0.45819250112951176, 0.47519975945213516], "mi_td": [2.1066563151738995, 2.1703550803022087, 2.19904163051459, 2.1735844295610773, 2.142949231984801, 2.2047264821128154, 2.1478555661617653, 2.1921195058223817, 2.1659555546407416, 2.182061767474757], "nmi_td": [0.3734185392341021, 0.3835418677905436, 0.38909754331973134, 0.3842820153440906, 0.37985818783777686, 0.3895681142014021, 0.38105858961130884, 0.38711406980533064, 0.38223165239822643, 0.38468663823559673], "mi_tw": [1.2975927085817358, 1.276094436898986, 1.2481685795368849, 1.2783757644861016, 1.28069208433944, 1.25852359663637, 1.2631029169072865, 1.2752518119222613, 1.2837207189892372, 1.2851520662469897], "nmi_tw": [0.29599386064951255, 0.28995386855788047, 0.28406498409086917, 0.29063702354962945, 0.29214508571734804, 0.2859163042678846, 0.28845489449904627, 0.28949896729816427, 0.29116492732991756, 0.2911128602687546], "coh": [-1.5416347070887055, -1.540972710443652, -1.5037333820127023, -1.5875237025908908, -1.609115231907427, -1.5980139821168455, -1.530870680722257, -1.4695227233938692, -1.4925733143771818, -1.5137551205604283]}