{"p": 0.9, "p-emp": 0.8999859494618901, "t": [15.165153741836548, 16.062477827072144, 13.17275857925415, 13.682657241821289, 13.701752185821533, 16.052761793136597, 13.865130186080933, 14.426418781280518, 14.465871810913086, 11.782433986663818], "nmi_acc": [0.06966987942935098, 0.07523697110435829, 0.0708383769582851, 0.0813568219215264, 0.0700635792347705, 0.06322940495973753, 0.07821370356234061, 0.07136079586628663, 0.06858190455506036, 0.0670692380832912], "nmi_repr": [0.11302329296204758, 0.10611174664376405, 0.10413246153865155, 0.112925178433182, 0.10812601892069545, 0.11612586893482191, 0.1160010611670535, 0.11032285434227339, 0.11195848061513525, 0.09863284873435128], "mi_td": [2.682126664816447, 2.649600059877509, 2.59688885713677, 2.656845214121098, 2.635460109952573, 2.732207372884947, 2.6195881380917294, 2.61595503170628, 2.751310025979036, 2.4447801366011124], "nmi_td": [0.45600942541365164, 0.4507089269606204, 0.4447521270797515, 0.4532799299442171, 0.44902306183898166, 0.4623776677076536, 0.4477480606482449, 0.44675420241312597, 0.46491215923512513, 0.42324999235995836], "mi_tw": [3.1368208865045606, 3.1368443839138735, 3.076180020486321, 3.1227962228551402, 3.1262712889238458, 3.2006630522617763, 3.099244802302412, 3.1104056334489787, 3.2008341971344123, 2.9737649003919544], "nmi_tw": [0.48509374723283283, 0.4853222642707658, 0.4788839089270806, 0.48444998115066273, 0.4843922968227886, 0.4928855075302439, 0.4816027685071209, 0.48297061076606945, 0.4922390933702754, 0.4675072929482227], "coh": [-1.7227667967372886, -1.7052362035715771, -1.6413010462397362, -1.6974892800440493, -1.7089140198747357, -1.7393895818464926, -1.7394372385928354, -1.6442941224095347, -1.7255548259317939, -1.7752853599566316]}