{"p": 0.9, "p-emp": 0.8999588796178254, "t": [12.23457932472229, 12.114599704742432, 10.876755714416504, 11.193931102752686, 10.766462802886963, 11.273219108581543, 10.99746823310852, 11.837828636169434, 11.255321025848389, 11.704937219619751], "nmi_acc": [0.147460651655173, 0.145130980756002, 0.15104620182174724, 0.14106469173684277, 0.14854008968927934, 0.1492834627961596, 0.14367378135902015, 0.14728919608343632, 0.14479634200102248, 0.1602732082273558], "nmi_repr": [0.3272065748729386, 0.2929224118460642, 0.27636281829772624, 0.29724222065274214, 0.2912768060720224, 0.30421992629987066, 0.28047778051820904, 0.27424909297943423, 0.28571081014769195, 0.31022463895848207], "mi_td": [3.166473867006977, 3.111990885167517, 3.121848462449316, 3.111256196093202, 3.098560714013165, 3.1042141813913475, 3.010895610565145, 3.0281625976521687, 3.209579827922341, 3.2197196015420597], "nmi_td": [0.5321108744413049, 0.5252323565395821, 0.5259412226429648, 0.524381838841562, 0.523555751107998, 0.5244108452256326, 0.5124145853938831, 0.5143172559828255, 0.5373276453286495, 0.5386159682332131], "mi_tw": [3.342941934008807, 3.2840755905532695, 3.3196489625729266, 3.3250694096553715, 3.2666278648649216, 3.304007484192166, 3.213195421316743, 3.237318485974597, 3.347367769118363, 3.3855913626773724], "nmi_tw": [0.5631172853057745, 0.5556158813184128, 0.560614081857722, 0.5617712127097897, 0.5532891077646558, 0.5595132063555689, 0.5481760298291408, 0.5511785673205244, 0.5617386489907091, 0.5677207822220404], "coh": [-2.0074816556997352, -2.1417125851462617, -1.9004150567085696, -2.115571530828337, -2.0928113183158574, -2.1909687312317025, -2.056827036757398, -2.1565985304952786, -2.1773435999871227, -1.9904826870494012]}