{"p": 0.4, "p-emp": 0.3985016196790032, "t": [44.64052176475525, 47.819114446640015, 42.621121883392334, 47.77809000015259, 48.62828087806702, 47.518375396728516, 44.951007604599, 44.8226273059845, 45.24050807952881, 45.900840759277344], "nmi_acc": [0.4910763990919609, 0.4903948054245665, 0.46111654566708316, 0.5381207045207604, 0.4927959721314211, 0.49721019496811586, 0.5231802287296557, 0.5372089659981902, 0.47086601195334715, 0.5154787524658032], "nmi_repr": [0.3098172188088886, 0.3357623765024513, 0.3219699961831411, 0.32068299078452617, 0.3282388132717009, 0.3343720748822397, 0.3349734415364962, 0.31508269947159034, 0.30221780500799145, 0.3017239958673115], "mi_td": [1.4021909801249197, 1.3947670971344839, 1.4012861248653607, 1.414946818449835, 1.4422278259078851, 1.5795869169996684, 1.493986808711791, 1.3694483953454566, 1.559825915816384, 1.481394434133422], "nmi_td": [0.2547585143954251, 0.25299144817970487, 0.25380264051466406, 0.2566870893078571, 0.2607300063283306, 0.28218400699796303, 0.26751517153381266, 0.2491292646852003, 0.276563575445183, 0.265466281115531], "mi_tw": [1.7801730910039322, 1.832305607923714, 1.8273137316279984, 1.7929942138628658, 1.8152047656032009, 1.8682502458299926, 1.8822837412014009, 1.7912410512012804, 1.871668696223742, 1.8468864363676254], "nmi_tw": [0.36129003752711986, 0.3711849689706037, 0.36956994575954827, 0.36327716708493835, 0.3663551888992898, 0.3720881919652123, 0.3758592140955696, 0.3640580427820362, 0.369654299408453, 0.3691102729182441], "coh": [-2.115710517144564, -2.083137772266179, -2.150041374804136, -2.300500183179163, -2.085067766655198, -1.9661968023330285, -2.1863970020127588, -2.2681985286057618, -1.9196815540001582, -2.031393937847991]}