{"p": 0.30000000000000004, "p-emp": 0.2975182109153346, "t": [39.25689196586609, 39.30106472969055, 39.662357807159424, 40.018805265426636, 40.415924310684204, 39.30292558670044, 40.01755118370056, 38.61753797531128, 38.26266956329346, 39.09319543838501], "nmi_acc": [0.3917498288996022, 0.37519375051716986, 0.38851457916447607, 0.3986759960598205, 0.41308819738115476, 0.37539871129025415, 0.3804683519403278, 0.41562147097283253, 0.4048083605418432, 0.39173274256558177], "nmi_repr": [0.21365814936326535, 0.22464341851112193, 0.22304831973952338, 0.22294336059084527, 0.22512792509673252, 0.23090830843213186, 0.22623551109212506, 0.2265510721122259, 0.24662094021604972, 0.251462125237689], "mi_td": [1.8793178371788393, 1.7504581513593396, 1.8203698928714234, 1.785161969016884, 1.8232894364031451, 1.8134252065871355, 1.8252936101451822, 1.7733094714993514, 1.7589518439697325, 1.7239028348375363], "nmi_td": [0.3344495926204791, 0.31738596694721677, 0.32517846333484934, 0.3204444741171082, 0.326887317876525, 0.32632252684630786, 0.32695408204695503, 0.32111777541306974, 0.31827112511782774, 0.3149909753737749], "mi_tw": [1.0617959471601974, 1.0185354880249304, 1.0697703616859433, 1.0595024147778043, 1.0478921583086278, 1.0655369583619305, 1.0501323352068184, 1.0332339799959729, 1.0510636933104551, 1.0168109289310405], "nmi_tw": [0.20383712358222167, 0.19951177753916075, 0.20620215288306312, 0.20529817269209236, 0.20277981195999176, 0.2070185275939292, 0.20301724101407617, 0.20211113030847966, 0.2054267890175954, 0.20084086969775036], "coh": [-1.2508626174256323, -1.4704567379142535, -1.2485862518234956, -1.35495755050689, -1.1740576103688636, -1.2003799387357623, -1.3313395646203174, -1.3858133790313278, -1.2789161196623848, -1.2748880622083827]}