{"p": 0.9, "p-emp": 0.8999588796178254, "t": [11.725652933120728, 11.579798936843872, 11.7340726852417, 11.788075685501099, 11.696575164794922, 11.699145078659058, 11.74807596206665, 11.742615461349487, 11.660539150238037, 11.694376230239868], "nmi_acc": [0.09438637921313162, 0.09251670128213266, 0.09064074630402176, 0.07969779717027037, 0.09305022298404021, 0.09693936414948066, 0.0968833476410578, 0.09149266549074492, 0.09679836495540105, 0.09190999623723323], "nmi_repr": [0.1218562510759848, 0.1326874083974966, 0.13155077087230804, 0.13493572720776031, 0.12342618551817074, 0.13112886309603725, 0.12987606506935626, 0.13018352032998692, 0.13722231693543951, 0.13904390406264458], "mi_td": [2.3425630807528237, 2.342365145141456, 2.3418381055981996, 2.336197459074772, 2.351134935994496, 2.344423856591888, 2.35150571843677, 2.3294867312564627, 2.346069144623458, 2.319841934877535], "nmi_td": [0.42312829070775254, 0.4229174239103121, 0.42290732826093225, 0.42143815259163514, 0.4241385569790206, 0.42296310604256493, 0.4239359251652656, 0.421569038659233, 0.42316609578366093, 0.4191513419615185], "mi_tw": [2.417444114149921, 2.4345926112555616, 2.4280496128875475, 2.4216083709327374, 2.4346012354480946, 2.43461134082435, 2.4304599609238506, 2.4019259299252904, 2.4607090478035714, 2.4420920492648723], "nmi_tw": [0.4377833678344658, 0.440705896803889, 0.4396101444421907, 0.43797449311328945, 0.4403303902437215, 0.4403689717582954, 0.4393013747650728, 0.4358050576404305, 0.4449905518492662, 0.4423814241937321], "coh": [-2.9836807638537395, -2.9304472328442044, -2.9985808113924772, -3.0125759071870246, -2.9522774589911913, -2.8859184327886527, -2.923530739103812, -3.0136027874578364, -2.975091127926678, -3.0056198949549517]}