{"p": 0.2, "p-emp": 0.19984247928834664, "t": [111.93322825431824, 112.80553936958313, 114.52841448783875, 114.00224947929382, 112.74968123435974, 114.00983452796936, 109.0386095046997, 110.28182864189148, 109.6218593120575, 110.61820101737976], "nmi_acc": [0.5240631170974622, 0.5200681058408555, 0.5078952925697595, 0.5029127035315887, 0.521662701069439, 0.5251885907321823, 0.5160588998750621, 0.5004775916591959, 0.5155658134189268, 0.5218110941091711], "nmi_repr": [0.41996343597489366, 0.43883039897121773, 0.41968228063229307, 0.4133558970979375, 0.4200978718443185, 0.4245569197871237, 0.414572641493759, 0.4183139973392558, 0.42302694767308713, 0.4308468145065987], "mi_td": [1.8678378594042182, 1.8429212887492596, 1.8166812201525413, 1.8228035205994166, 1.8668945708765963, 1.8424436187121602, 1.833254363951963, 1.853027035126323, 1.8287902260922355, 1.837949065826597], "nmi_td": [0.3308624064873154, 0.32703303479865187, 0.32231775123251166, 0.32376153509848593, 0.33127088756576173, 0.3259741215278752, 0.32368760813973996, 0.32794650658062485, 0.3249360717976539, 0.3256987977885804], "mi_tw": [1.3574745134633572, 1.3638666393597045, 1.3821280854634361, 1.3762716745689108, 1.3508851902137977, 1.3765003153308362, 1.403660393894616, 1.3806638782009253, 1.3676631476371395, 1.386039617725438], "nmi_tw": [0.28243410385539974, 0.28436075175768877, 0.28810634415508846, 0.2872582966453898, 0.28163789670456013, 0.28599065331071183, 0.29093623288681114, 0.2869583700972642, 0.2855763456615231, 0.2885133986372084], "coh": [-1.302062018160854, -1.3670403070895427, -1.3313937895382768, -1.3358461675410458, -1.277417279766437, -1.267076708336677, -1.3960705164752039, -1.2977628117908628, -1.3958836175676006, -1.4073331751857305]}