{"p": 0.30000000000000004, "p-emp": 0.2998810215901342, "t": [102.09158420562744, 102.12690925598145, 101.49756360054016, 101.34376740455627, 100.76658296585083, 105.07943105697632, 104.96653819084167, 104.18631935119629, 102.3750696182251, 105.52797436714172], "nmi_acc": [0.4551837222000108, 0.4870529698320528, 0.4809743890571251, 0.4760398749944912, 0.47428032631377615, 0.4755677790655268, 0.46386347688355173, 0.47459173649541575, 0.4840180490838688, 0.4776400437920686], "nmi_repr": [0.4157868492360378, 0.4406107033855588, 0.4498591040388998, 0.4534355688846325, 0.46662516486962025, 0.4661082605705078, 0.45927872612031356, 0.45941193724452234, 0.47292653398899104, 0.469132923959636], "mi_td": [2.1276891996399065, 2.1879888143628947, 2.206494193487622, 2.189621411991646, 2.1610246773802335, 2.200112257823193, 2.1888771348963667, 2.1778524571570226, 2.186896788250973, 2.2330041009786803], "nmi_td": [0.37397547832199446, 0.3849921374078804, 0.3874531598020131, 0.38459297116579927, 0.3807040041613656, 0.3859632132604045, 0.3838270344513592, 0.3830372073509647, 0.3845747050528595, 0.391439489042721], "mi_tw": [0.7841952596613033, 0.7471596269558396, 0.7452695188434872, 0.7528481597266485, 0.7572873889678748, 0.7512499586040169, 0.758016417920973, 0.7488827067521899, 0.7469724140360372, 0.748421072117871], "nmi_tw": [0.1999972604343492, 0.19085257030078814, 0.18980430446422014, 0.19180864998692465, 0.1937768176669211, 0.1910622500049605, 0.19266290921768234, 0.19116855039088884, 0.19064262602639312, 0.1901358280504164], "coh": [-0.868722934322907, -0.7193559486534424, -0.8064837509290911, -0.7653110266799892, -0.8142035840693005, -0.8087129130302142, -0.7662946228259011, -0.7335977656076094, -0.7625869758369264, -0.8617215023449232]}