{"p": 0.8, "p-emp": 0.7857473403878206, "t": [27.160834074020386, 26.645448684692383, 26.827041149139404, 27.592275619506836, 27.24145531654358, 28.136744499206543, 26.990605354309082, 27.176642656326294, 27.38044834136963, 27.64006280899048], "nmi_acc": [0.14048239218830388, 0.14659727054198568, 0.14486123869097883, 0.13858308033447975, 0.14492312540214725, 0.15351355723270807, 0.14620943650034385, 0.14448039270349272, 0.15057655622490645, 0.1455273965694253], "nmi_repr": [0.23334989140245535, 0.23728952996516298, 0.24146669349500072, 0.2338707313353713, 0.23331892804499021, 0.23279817399678102, 0.24070976020966614, 0.24791627830442256, 0.24662107736935074, 0.24355022284513708], "mi_td": [2.059305658838097, 1.92288467035675, 1.9706304166442172, 1.9738393947988342, 1.9206705072205585, 1.8896353954492118, 2.007969874599824, 1.9576956817780506, 1.7656514351857195, 1.857171820796264], "nmi_td": [0.36789740015932165, 0.3487196793082762, 0.3546323181887133, 0.3553404234282076, 0.3480970602063158, 0.3451053474932927, 0.3607393332758608, 0.3543229164259728, 0.3250255440301433, 0.3395945722086742], "mi_tw": [0.29560682978166997, 0.28378006135414324, 0.28581078642628266, 0.3073954649449809, 0.30757576453425617, 0.2785375020288373, 0.2817097459349116, 0.2899536146813354, 0.3027388718871179, 0.291018310766611], "nmi_tw": [0.12221396512752948, 0.12151281463289838, 0.12018492685232676, 0.1293725212727274, 0.13150478694271928, 0.12127215116031005, 0.11799225232400297, 0.12357178807562316, 0.13433498554469062, 0.1270791195087284], "coh": [-0.29011262727207054, -0.28688624498170834, -0.2865277551489721, -0.28816977784294184, -0.2852299823412444, -0.28640773163667593, -0.28708386149426524, -0.2915165619681546, -0.28460323611135935, -0.2885954122611132]}