{"p": 0.8, "p-emp": 0.7998210812211335, "t": [22.353227138519287, 18.75655722618103, 17.482057094573975, 19.401386260986328, 18.00445008277893, 17.61138081550598, 15.216292142868042, 16.107163190841675, 16.85433793067932, 17.900271892547607], "nmi_acc": [0.2889893829945363, 0.3107639097743291, 0.27776858036652124, 0.273704349422863, 0.3141887721833713, 0.2808795266715937, 0.2887081261917229, 0.2659310492009573, 0.26761945437465634, 0.27859826436500806], "nmi_repr": [0.29469142191348124, 0.3001159365754744, 0.3101075360298428, 0.32846694901994117, 0.3060425719025394, 0.3207342748201005, 0.2935986151152015, 0.29233919824767496, 0.27331216936030395, 0.29629788834258114], "mi_td": [1.764415299213737, 1.8691783807131275, 1.9201741630150448, 2.0132711622887385, 1.9187475794699869, 1.7803994093645172, 1.7548457014969625, 1.6551779083937688, 1.836770546024151, 1.7712389300553248], "nmi_td": [0.3274359227126155, 0.34377750531700974, 0.34799820724436326, 0.36216906650977604, 0.3488205057903747, 0.32799839259881247, 0.3248914031017207, 0.31140497710139964, 0.3351681135692091, 0.3290174556545765], "mi_tw": [1.7747058435724519, 1.842435153457145, 1.9820615362816931, 2.0694122863036557, 1.9351701444985903, 1.8674667120045827, 1.8294760726843553, 1.6766305310537464, 1.94744554960013, 1.7865554639874197], "nmi_tw": [0.395228955047573, 0.4059196156048237, 0.4290629898396435, 0.44401625586900045, 0.4204684500507764, 0.41226113551076354, 0.406272928499257, 0.37959134251824034, 0.42503119152946334, 0.39832584145075506], "coh": [-2.346794203000678, -2.2592050518561657, -2.1321641656877834, -2.1599396814169367, -2.262619026547842, -2.092982173217996, -2.4773350947669748, -2.2654578931892013, -2.045199713805479, -2.102953534470971]}