{"p": 0.5, "p-emp": 0.49861105919143667, "t": [71.3498375415802, 70.88448762893677, 71.7371826171875, 71.01904153823853, 71.69013214111328, 70.254891872406, 71.8114926815033, 70.04942059516907, 70.71521520614624, 70.43911838531494], "nmi_acc": [0.469456693835396, 0.4461404241208957, 0.46477007723548563, 0.46882060926238867, 0.4630150880315912, 0.4516558911417501, 0.46404842082228914, 0.46734115705435236, 0.4492436641516237, 0.4708910004367432], "nmi_repr": [0.40886301437569655, 0.397394161751963, 0.43275463646163015, 0.40897369453363025, 0.40632454252198447, 0.4184966220272945, 0.4278464074654895, 0.4499999725073512, 0.44843929534495425, 0.4225482584068435], "mi_td": [1.842392242321703, 1.747752819864497, 1.7773742308643905, 1.7840878387728567, 1.761179550402579, 1.8190237494940655, 1.7922888328050228, 1.8133551650545683, 1.7921616541132934, 1.7822450633440114], "nmi_td": [0.32988803359301017, 0.31602092887922556, 0.32063219347494465, 0.32173608526401676, 0.31709282520814297, 0.3270687550181674, 0.32294183479739996, 0.3269784449845513, 0.32346024155383724, 0.3217270994334016], "mi_tw": [1.706435223804249, 1.7126299174861424, 1.7009466887063913, 1.7075606625257858, 1.7200318140371018, 1.7084306293708211, 1.7056556489738417, 1.69824277820302, 1.6959112946636923, 1.7087016702293518], "nmi_tw": [0.3102294840995256, 0.31446598222531963, 0.31158581259065243, 0.3126915693245327, 0.3144596575158953, 0.31191391065686774, 0.3120746466273816, 0.3109508776801732, 0.3108199700794715, 0.31322015895093175], "coh": [-1.9198884415751536, -1.9912931494654944, -1.8985982644576977, -1.9162261239863951, -1.843475700272186, -1.9054729212568495, -1.9533095333366348, -1.8450633631156088, -1.890124258311512, -1.8563464412594357]}