{"p": 0.4, "p-emp": 0.3996630448934029, "t": [44.742390632629395, 39.197513580322266, 42.228020906448364, 41.407312870025635, 38.84469819068909, 37.90612578392029, 43.50845432281494, 40.64564323425293, 46.26592206954956, 41.45389723777771], "nmi_acc": [0.44936771714997314, 0.38147006113726206, 0.4165229742863573, 0.44420140492206095, 0.377931599375985, 0.39371194622315264, 0.46828787626014096, 0.41820110968480995, 0.4113881125571512, 0.4064877060050457], "nmi_repr": [0.3218209847924179, 0.3400437715449774, 0.2718443190843371, 0.2738758409064056, 0.24891430426829475, 0.306418362249472, 0.2669237945420839, 0.27685615627314447, 0.26314410310271086, 0.2669878057814651], "mi_td": [1.1205938169937608, 1.0982908550519555, 1.197020057483909, 1.0142123295974959, 1.0194292457506586, 1.0285909970695548, 1.1830434662970055, 1.154653373185174, 1.1050527022131937, 1.1190796324267887], "nmi_td": [0.2107475443331458, 0.20985177688055043, 0.22169812746568734, 0.19395070181469853, 0.19284613844720147, 0.1961832566495108, 0.21877009075129233, 0.21568138291246494, 0.20757589825365383, 0.21079792011346843], "mi_tw": [1.558111594669173, 1.4305206155850851, 1.4963764553152084, 1.3427404021464786, 1.5122551933870465, 1.4481182181072825, 1.5204928729170741, 1.4292678220961863, 1.5135706170552508, 1.4360518522508958], "nmi_tw": [0.3778946379558795, 0.35412826723848834, 0.35583711787112476, 0.33276245243114433, 0.3695515866383496, 0.35765581355935966, 0.36085307245658604, 0.3436220000705565, 0.3665252566216716, 0.3490066113799722], "coh": [-2.047204552416792, -1.8796948171381946, -1.8459989621932384, -1.8829366326256192, -1.949187139257717, -1.9366181581529618, -1.8580005662278283, -1.6327468367662568, -1.9044565281518566, -1.8425317052875159]}