{"p": 0.8, "p-emp": 0.4465557490548113, "t": [38.5388720035553, 39.97122240066528, 41.735275983810425, 40.92887496948242, 39.46721076965332, 40.91678833961487, 53.78300738334656, 41.53518033027649, 42.48857879638672, 44.831271171569824], "nmi_acc": [0.5180390081304301, 0.47826722771267693, 0.5117758681514906, 0.46789286809424663, 0.4980763175939253, 0.506003820713356, 0.4835517969402471, 0.47618102958633296, 0.5070074661770992, 0.459047272272273], "nmi_repr": [0.3084112400540231, 0.28272730776442273, 0.2931445388240999, 0.2857411033951151, 0.28844412632471605, 0.31407078134785654, 0.3216790473052246, 0.2959720381614099, 0.2873957787030503, 0.2866458657512362], "mi_td": [1.4040492268274551, 1.4266192888507117, 1.4438741314137216, 1.4624126766534915, 1.4418390110268167, 1.4957219934014456, 1.5624099644845042, 1.4747883222650529, 1.527228822930014, 1.5736244566743607], "nmi_td": [0.253456692819039, 0.25713850259714965, 0.2611823275067733, 0.2601710853512822, 0.26074085563666105, 0.268788601145332, 0.2781200357794341, 0.2649860213304913, 0.27334385032644803, 0.2785333727913315], "mi_tw": [1.8131093892796308, 1.8497034370083518, 1.8003483301052103, 1.9674751268297017, 1.8224049632624018, 1.8347887460338115, 1.8881758821761219, 1.8529945935052403, 1.8861877935686069, 1.9333050689617888], "nmi_tw": [0.3593266700976368, 0.3659656929959879, 0.3576041024968097, 0.38373167369391503, 0.36187345554661143, 0.3618250183891396, 0.36849613945676657, 0.3653536841088913, 0.37031576572715236, 0.3749672440260945], "coh": [-2.104075368967306, -2.1421492729796965, -2.110339995721419, -2.1928129953699607, -2.116786799142664, -2.050516982905995, -2.200570298038222, -2.2033419224976303, -2.1523436323229035, -2.090041350243816]}