{"p": 0.2, "p-emp": 0.19998298466944497, "t": [51.368295431137085, 50.64837121963501, 53.76324439048767, 53.18702507019043, 49.376044511795044, 51.79502725601196, 49.51302766799927, 49.8274290561676, 55.23265767097473, 58.636282205581665], "nmi_acc": [0.4275800994020412, 0.44628671263066366, 0.4423684201428778, 0.40674587053123784, 0.4023065598349922, 0.5066406787693102, 0.46265845062835037, 0.39199258920886515, 0.5006329424697629, 0.4310286977372721], "nmi_repr": [0.2642507407498601, 0.29275399496556476, 0.3011532772488447, 0.32418508431983095, 0.334646088758134, 0.25383626614723337, 0.21747157802639766, 0.19239925196411925, 0.23355407435802397, 0.23355903403794173], "mi_td": [0.9555333931558951, 1.0509700973752958, 1.1056206760518072, 1.022912175064264, 1.0472107493562361, 1.0925873864573403, 0.975450482447447, 0.9860453714579608, 1.084608678006091, 0.9948802555184083], "nmi_td": [0.18201293693640686, 0.19492723946689175, 0.20448024839978532, 0.19339379082907981, 0.19805405090804298, 0.20125956516521615, 0.18057573866384768, 0.18316495321422616, 0.19971646227781414, 0.1830653832321387], "mi_tw": [1.4540565950463669, 1.6582817376002483, 1.6138705370400013, 1.5398497227347203, 1.4586163137923813, 1.5425480274647747, 1.5528490565391373, 1.5994237395697424, 1.5963922764360619, 1.6705959047358296], "nmi_tw": [0.34529952214865517, 0.38096961926440454, 0.36946140152858814, 0.3622782334929593, 0.3433096302433982, 0.3513826290706638, 0.35590648019846216, 0.3681436567998104, 0.363482833395065, 0.38004771839696305], "coh": [-2.1885882719455134, -2.0052135661498243, -1.9333667182747418, -2.0439700997008026, -1.981046214238076, -2.0122188642483243, -2.0141647463826686, -1.7606423187223297, -2.0910835047162157, -2.1087177850282464]}