{"p": 0.2, "p-emp": 0.19972388759053894, "t": [50.66200256347656, 48.67180371284485, 56.10292291641235, 50.39082407951355, 48.581702709198, 49.06225228309631, 56.087857484817505, 53.45242118835449, 56.24043416976929, 48.714345932006836], "nmi_acc": [0.3522372052627531, 0.41910853716458635, 0.3804902485613231, 0.3435358131587176, 0.3675323640052913, 0.3854460826822065, 0.4891136153870488, 0.48676722570921965, 0.4016728223180092, 0.4123309508686774], "nmi_repr": [0.17292176194559405, 0.17372702029190448, 0.24952862147722452, 0.2005374870218274, 0.22140260289266672, 0.2939010289404735, 0.22031994481063766, 0.2078015264173718, 0.19449480376517436, 0.2645331348192282], "mi_td": [0.7549125281943269, 0.8521252186201737, 0.8065392827724005, 0.9031434531569273, 0.7560903515007167, 0.8109047280659141, 0.9194549239091685, 0.8677334108851809, 0.816633388865987, 0.8451869562252499], "nmi_td": [0.1471324217805131, 0.16393781340710542, 0.15778856097561236, 0.17167455436901938, 0.15028462285066146, 0.15864719538523447, 0.17481616648334805, 0.164781966487493, 0.15707511483281297, 0.16248729843956375], "mi_tw": [1.183208273398137, 1.3323557896685, 1.2286607273518297, 1.3977138191873777, 1.1758089336208948, 1.273366074834493, 1.3584493063592995, 1.3308287087966, 1.4046849324375401, 1.4022881340416995], "nmi_tw": [0.2902691402096866, 0.32157149807044566, 0.3028549898496812, 0.33229876732201147, 0.29569207786509044, 0.3138859499946587, 0.3230586944672852, 0.31600947423137593, 0.33893506136745344, 0.33814803597955134], "coh": [-1.8085595143865567, -1.9268364620383502, -1.8494680119737852, -1.9878975786750923, -2.054479499790062, -1.9351444555645143, -1.6784543503033857, -1.6380788949115281, -1.995117650436878, -1.8928169824016057]}