{"p": 0.30000000000000004, "p-emp": 0.2826465542022065, "t": [35.41875076293945, 43.929550886154175, 42.2010338306427, 53.076478481292725, 41.990792989730835, 39.99321985244751, 47.06193518638611, 41.54038715362549, 42.397441148757935, 44.43209791183472], "nmi_acc": [0.44121009920361365, 0.4703555383369616, 0.5026481366026276, 0.4988363836917422, 0.41074608759192743, 0.5102096253649198, 0.4922120687297515, 0.5644930480592503, 0.45450814867184947, 0.5035069425776294], "nmi_repr": [0.2774558638971509, 0.266322100942283, 0.28720508428276165, 0.3029438073051894, 0.3215391454994166, 0.29448072381491386, 0.29401110205917885, 0.2760777913128793, 0.29492324038739287, 0.31497730430492926], "mi_td": [0.843913419072579, 1.0868964230185159, 1.0748682626253119, 1.171905633537586, 1.062086972741338, 1.03138620407506, 1.1353675298540227, 1.113414929109305, 0.9884836215216721, 1.1098394030677592], "nmi_td": [0.1591915066084298, 0.200725551639558, 0.19951081768514667, 0.21438964050135026, 0.19706990083619486, 0.1918912928979992, 0.20556227480426506, 0.2051823617982902, 0.18453807369325734, 0.2036484107718963], "mi_tw": [1.444180342623576, 1.365989222821813, 1.3425170074822916, 1.449331795865155, 1.4715652876531768, 1.3968354931642448, 1.5370123427160252, 1.4339985692464399, 1.4663227817716113, 1.5107845378781346], "nmi_tw": [0.353294726299075, 0.32513168958086575, 0.32163632668794856, 0.3407991393200454, 0.35239517369595275, 0.3356688894181777, 0.35663756436421024, 0.34037726639759186, 0.35392500807754085, 0.35662959661062515], "coh": [-1.8307999466704226, -1.4405203880339101, -1.6881330184237178, -1.6521593014560716, -1.8684383717534445, -1.8976103936739328, -1.8883212006988108, -1.6130373562331615, -1.7007074013600032, -1.76825592459493]}