{"p": 0.1, "p-emp": 0.04999800198769999, "t": [100.50051665306091, 99.50945591926575, 99.80041980743408, 99.57492089271545, 98.71093797683716, 98.07791233062744, 98.16011762619019, 99.68664216995239, 101.76077222824097, 99.7836582660675], "nmi_acc": [0.49717413770750507, 0.48213758583998084, 0.4861339245924141, 0.4905276208778944, 0.49891614705765486, 0.4922214319713684, 0.4957048660062679, 0.4731437719860153, 0.5164073281164362, 0.4968979054591545], "nmi_repr": [0.44576038177395305, 0.4157490356330977, 0.38394404360020284, 0.38947100778384053, 0.40504858926641446, 0.4143389179119943, 0.44775988163823377, 0.43091868292772256, 0.4158961794264462, 0.4254477419123489], "mi_td": [1.8865552780174293, 1.914775935104348, 1.8131515496085662, 1.9386782341263153, 1.8458261996034142, 1.9077378861613619, 1.904150818618858, 1.8809077796394285, 1.877449998019994, 1.8357894651691382], "nmi_td": [0.33418660284555674, 0.33904282009291153, 0.32258816192869444, 0.342061819923639, 0.327278251516686, 0.338110527472807, 0.33804264803789136, 0.33332478823302675, 0.33233233329689776, 0.326749830071426], "mi_tw": [1.0810273454011616, 1.0543278001085103, 1.094695573847583, 1.0664816214251098, 1.1083163536642502, 1.0687206529685065, 1.0692009409278016, 1.091531084466749, 1.096733344622906, 1.0880477544453033], "nmi_tw": [0.23560924567087488, 0.22967105817821448, 0.23987308301020127, 0.23130923469443315, 0.24183547507401504, 0.2330725615746516, 0.23366029986747577, 0.2380202917448108, 0.23881896612557046, 0.23853689769616085], "coh": [-0.750405631620849, -0.8234805635674786, -0.816559476997629, -0.8169671441003012, -0.7889164713436803, -0.8031566606571221, -0.8104162177355642, -0.7529855342843479, -0.7908705188003851, -0.7163582910371157]}