{"p": 0.30000000000000004, "p-emp": 0.2983818678450213, "t": [84.09302067756653, 83.48144364356995, 84.47275424003601, 86.90086054801941, 82.11776947975159, 82.70316052436829, 84.80250310897827, 83.89915490150452, 81.24217104911804, 82.08441042900085], "nmi_acc": [0.4581527898355988, 0.4783763543284422, 0.47122692552892426, 0.4813412712543859, 0.48212674692057494, 0.503297598825645, 0.4791209816158238, 0.4843427545627665, 0.4723168235466757, 0.4904489566513075], "nmi_repr": [0.3898691661759919, 0.3998778607128813, 0.369642247752503, 0.3819583961097089, 0.38025454324214236, 0.37842124616837874, 0.38840086016676245, 0.3718392907125171, 0.3627643197576329, 0.37515365230579056], "mi_td": [1.7813494197464421, 1.796098198072428, 1.8012920359226443, 1.7955749406792663, 1.7758246896293035, 1.8168211177143134, 1.8273951634084917, 1.8069199045866218, 1.856699469302798, 1.8403686598756122], "nmi_td": [0.3177738704910209, 0.31975944959495567, 0.3209292603141759, 0.3195028415968865, 0.31550469062795083, 0.3240548564220654, 0.3245551700670678, 0.31958583918143485, 0.3305214358993009, 0.32589264271761775], "mi_tw": [1.1852036204694214, 1.191508320059683, 1.1570224192474599, 1.1840034435022324, 1.2075346023371667, 1.1511639539236782, 1.179672158466593, 1.1995167951910806, 1.1480341458685366, 1.1759199294571423], "nmi_tw": [0.2675682947365408, 0.2683062321303514, 0.2607926048552325, 0.26644385883647753, 0.27121325445773975, 0.2598361148099958, 0.2648399246545114, 0.2678829136992942, 0.2584900595408614, 0.2630113648910417], "coh": [-1.0256762318018984, -1.007183108617606, -1.0818283562233895, -1.034096055671721, -1.187747845397123, -0.9748803616685638, -1.0569854931875349, -1.1109335031320346, -0.9567372067769103, -0.9930836158592855]}