{"p": 0.7000000000000001, "p-emp": 0.6997928512408945, "t": [28.98218011856079, 26.158249139785767, 30.568074703216553, 31.03238010406494, 28.606586456298828, 26.495787382125854, 32.14729642868042, 26.405224323272705, 28.366975784301758, 27.955799102783203], "nmi_acc": [0.2187042351556824, 0.200049967507827, 0.20167941947683418, 0.2211424654686302, 0.23161986458281664, 0.21938616974149733, 0.20058022795753086, 0.19642320454260512, 0.24680008394497122, 0.21885837253354878], "nmi_repr": [0.19868601316752207, 0.1845359930995716, 0.20070765043647898, 0.2148272334165741, 0.192105658975862, 0.1926668285807068, 0.18847006836506716, 0.18883555850001868, 0.1825315242146242, 0.21031927336754516], "mi_td": [1.6903722361726945, 1.6436783050360724, 1.7150149881411343, 1.7635479502561335, 1.721725739072295, 1.690840238046456, 1.6969040894108958, 1.667767104076707, 1.6073027329182423, 1.6576664440111548], "nmi_td": [0.30421538802269876, 0.29710266108721683, 0.30731530245450184, 0.3154602800360797, 0.30911007132862606, 0.30405047112221306, 0.3037805869563945, 0.2992708867136552, 0.29211361067666025, 0.29939520416946913], "mi_tw": [2.2328779148973945, 2.183036067598315, 2.2532106612289233, 2.256737381092159, 2.251976347655505, 2.19121540017553, 2.2715261836236014, 2.256433853025503, 2.1458998851225584, 2.167193415070359], "nmi_tw": [0.38562779891922766, 0.3785983057360599, 0.38752384460004297, 0.38747999207226325, 0.38802513597969573, 0.3781351592883815, 0.3903169860459683, 0.3886041090795203, 0.3741067165626347, 0.375566858553242], "coh": [-2.3532236968799483, -2.1459717543390404, -2.2917675768089034, -2.2498070348596, -2.296913886548569, -2.2224196484924197, -2.3003590331414796, -2.292371584875175, -2.400506202348993, -2.3796009544299923]}