{"p": 0.5, "p-emp": 0.49601106512102155, "t": [40.816930532455444, 35.05193519592285, 36.70906639099121, 31.703580379486084, 30.429713249206543, 33.2009334564209, 36.28458285331726, 34.81911253929138, 34.69103288650513, 34.75400471687317], "nmi_acc": [0.39466365302352263, 0.37567301258000074, 0.39677173044412406, 0.39891507077598354, 0.44462421445101075, 0.37345090658450736, 0.39333843444917505, 0.37349159519260916, 0.37262494697420556, 0.3734202696684746], "nmi_repr": [0.2914990415923427, 0.3235344330659788, 0.30426403732438506, 0.31447211298093064, 0.3027156652567595, 0.2867428640012016, 0.2524467217291842, 0.2613406841671949, 0.2979131588989999, 0.29417840038194937], "mi_td": [1.0219688889286347, 0.9967884887319874, 1.0084610102613187, 0.9851142983616112, 1.0033023836002646, 0.9821183271113805, 1.217913287259119, 1.0689717411094135, 1.0943328003856332, 1.0736509583769478], "nmi_td": [0.19490527156559675, 0.18897414476799074, 0.18956933970863946, 0.18835963996189753, 0.18963783825951627, 0.1850893485872758, 0.22286761145403303, 0.2001860608556847, 0.20355168259790887, 0.20021483860189535], "mi_tw": [1.3566629336200458, 1.425577557041005, 1.5235883995237427, 1.3829933192008839, 1.4761206950079075, 1.4658465736020982, 1.5949468064380548, 1.5459336922932845, 1.5410391988845509, 1.516168877042221], "nmi_tw": [0.35726882356337947, 0.3723458383808101, 0.3933210252145346, 0.3654971977428211, 0.3839537860596803, 0.3797442809281458, 0.39688696861140643, 0.39702497393724523, 0.3921124575374282, 0.3871334993470707], "coh": [-2.234494410298953, -2.0503643011390014, -2.3949733491730743, -2.3573518756220775, -2.291999639157823, -2.1541755313070228, -2.1537177386477047, -2.1883128884182894, -2.230277911657119, -2.307672846156308]}