{"p": 0.8, "p-emp": 0.7971334324175562, "t": [26.58444380760193, 27.723047494888306, 27.307459831237793, 26.65969157218933, 29.766664028167725, 27.437904834747314, 29.58042001724243, 27.795586585998535, 28.26616597175598, 27.382181406021118], "nmi_acc": [0.4260640190258895, 0.4311401961736021, 0.4269543118622539, 0.4196731138749739, 0.42099573082340563, 0.4357813782331145, 0.42206346918907345, 0.44083431186376676, 0.42362879033198775, 0.410839208229748], "nmi_repr": [0.4877230884261531, 0.4772354011405103, 0.4999957251910135, 0.5184631463146098, 0.47503259301211176, 0.4952063950552894, 0.49297488695339337, 0.4888965495506837, 0.48984142801821046, 0.4928709648780353], "mi_td": [2.3547551646056815, 2.353575557672995, 2.387978686755062, 2.3803537128539993, 2.3540009015296097, 2.3988760983236155, 2.401346623797897, 2.4123903318799105, 2.4050023909613607, 2.3733273909620785], "nmi_td": [0.4132371099997173, 0.4149539597404892, 0.4193501948739792, 0.41760066332432405, 0.4131776454875764, 0.42097972692787344, 0.42072066635411404, 0.4234887331381271, 0.4215909642360503, 0.41686546870229785], "mi_tw": [1.0117244967120027, 0.9866959120258472, 0.9911829002277136, 0.9956429921466973, 1.0201614239315762, 0.9817061331805844, 0.9971311537457307, 0.9726040305406972, 0.9846192975882703, 0.9935428719721241], "nmi_tw": [0.2599759239170267, 0.25527751869139803, 0.25494912965692734, 0.25572812455299443, 0.262211647078374, 0.25226214643085615, 0.25560964811561143, 0.2500420211660545, 0.25260375378345135, 0.25563535080294186], "coh": [-1.306333152928168, -1.3614382561496032, -1.382746409495662, -1.3289704233990691, -1.3889734656490638, -1.3609254252202203, -1.3246782903385097, -1.375660269950105, -1.3460616275441397, -1.3716969651076318]}