{"p": 0.0, "p-emp": 0.0, "t": [114.0862238407135, 116.52081370353699, 113.96247410774231, 112.57750201225281, 114.23855471611023, 114.22240996360779, 114.3525288105011, 114.76068615913391, 114.83321905136108, 114.65608048439026], "nmi_acc": [0.48216056052102546, 0.5021801993340925, 0.48977063721487624, 0.488972179700018, 0.48563456370555574, 0.4864166180610382, 0.4915898459542796, 0.49124421977546207, 0.5167823463011428, 0.4952484874549897], "nmi_repr": [0.38599530455465153, 0.41224255182579395, 0.41650516563022866, 0.40458513631182613, 0.3922994013784406, 0.38642940383990193, 0.39257336949229305, 0.38407739448489275, 0.3876317076096555, 0.40189125772480716], "mi_td": [1.759336342639585, 1.759912706613058, 1.7774975700239528, 1.7240825505963577, 1.7360979639465959, 1.7387164836336895, 1.7454006997727078, 1.7588450688102064, 1.7751150950958974, 1.7806394236003233], "nmi_td": [0.3119707973230876, 0.3141956942913014, 0.3164322665525694, 0.3073600442851205, 0.30792473545887017, 0.30872139270232996, 0.3098119692716639, 0.3114529908501767, 0.3151107829941258, 0.3170278290117114], "mi_tw": [1.2510109906051659, 1.2149688468600606, 1.2284457760409342, 1.2467817808673316, 1.2659505853183899, 1.2528317236092943, 1.2383216034785873, 1.247900634303087, 1.2319922593039208, 1.2343721181758436], "nmi_tw": [0.2628171496373278, 0.25730478276326507, 0.25928135773802646, 0.2635955591007599, 0.266032112795382, 0.2636113628922582, 0.26046235841685667, 0.26173490526214954, 0.2591549052317799, 0.260567518851774], "coh": [-0.6875913976619259, -0.7542851711665531, -0.7639178960482316, -0.7377321440107765, -0.7344278580233584, -0.798317878947518, -0.8840879055138504, -0.7538632239926139, -0.8947043745686578, -0.8039203752558723]}