{"p": 0.2, "p-emp": 0.18389318497340068, "t": [43.217872619628906, 43.32688498497009, 40.72766399383545, 42.67067623138428, 41.31230854988098, 42.636314153671265, 43.77893543243408, 42.508965492248535, 42.45929789543152, 41.0564911365509], "nmi_acc": [0.4820282598787731, 0.4874300000739555, 0.45999782992922394, 0.45722766604467036, 0.4945526280918514, 0.47212816021704046, 0.45664313040694615, 0.46716630888671307, 0.4445298649443112, 0.49258901008381417], "nmi_repr": [0.34765253392331136, 0.366363432364453, 0.33802169027006296, 0.32831318812114424, 0.35122766880346273, 0.33289529858019584, 0.3169813160133577, 0.3205837149720022, 0.3226469330826575, 0.33182551146612815], "mi_td": [1.9790013915500306, 1.9543974319808457, 1.8879788128097537, 1.8964497492067296, 1.9402214433935063, 1.8868834725989412, 1.95297614878218, 1.8719716269955462, 1.945436419528107, 1.9190191135003247], "nmi_td": [0.35320561031125247, 0.348690001838911, 0.33828632460038194, 0.33884245978885097, 0.34702480505414957, 0.33688712569064766, 0.3479500807828648, 0.33598609313129546, 0.3454757759275389, 0.34428766605684963], "mi_tw": [0.8145731043256634, 0.8045609708060968, 0.7970409664389346, 0.8144924288931756, 0.8118337323888016, 0.7787598118680796, 0.803704729128798, 0.7780987835027322, 0.7860674822073205, 0.8051801143823453], "nmi_tw": [0.1813559983730592, 0.17904723605387193, 0.1783246844075844, 0.1815856461051299, 0.1812285185028772, 0.1734611794970678, 0.17854540237235705, 0.1744548938179975, 0.17391730043777934, 0.18043333438884612], "coh": [-1.0337905726087313, -1.0662209713967927, -1.1182336067199667, -0.9511909543030803, -0.9945084164039859, -1.124084929606285, -1.0005364722074352, -1.1243235350889125, -1.022431506744988, -1.0845318450242487]}