{"p": 0.9, "p-emp": 0.8999795042609223, "t": [8.793322086334229, 8.178262710571289, 7.949167490005493, 8.566346645355225, 8.222140312194824, 8.265056133270264, 8.301981925964355, 8.655661344528198, 8.719671964645386, 8.671426057815552], "nmi_acc": [0.20725232412950803, 0.22201384445426284, 0.19802425593195516, 0.2086331334741719, 0.20724504385095666, 0.20312342512132378, 0.18684638464983933, 0.19197612642322653, 0.18737993264387698, 0.18630947695402691], "nmi_repr": [0.28672077062408874, 0.30087092720051617, 0.29904896429306793, 0.3016982764066983, 0.29767698210476007, 0.2904760057274902, 0.28909469307186686, 0.2732794133978039, 0.2589005982113085, 0.2629851479522839], "mi_td": [2.397762178892678, 2.3925775342788747, 2.2981208409003293, 2.3650985117523025, 2.4180747999191627, 2.370910959930639, 2.37616042583977, 2.4043184374444784, 2.3869425534876574, 2.4021353550950097], "nmi_td": [0.43111255262017656, 0.4307289011407806, 0.41568876278782235, 0.42512846589892583, 0.43526586786649557, 0.42627431156110857, 0.42763805348665124, 0.4313779334118623, 0.42887442218054966, 0.4320318076151655], "mi_tw": [2.006666035592709, 2.059124133537755, 2.049546262943312, 2.0768886496205927, 1.993208950253651, 2.062619450426846, 2.011449521641114, 1.9711486473612776, 1.9978708175665925, 1.9891322350906484], "nmi_tw": [0.4590653577398312, 0.47183075085344056, 0.47247829961846977, 0.474972080717309, 0.4566557624635033, 0.4718511144048872, 0.4607209541842217, 0.44972838595898085, 0.45665660998471547, 0.45523241638111506], "coh": [-2.865613488611262, -2.8953273727436364, -2.9029780655971797, -2.9381737351187693, -2.85074960943196, -2.9780327670503963, -2.947601816486374, -2.8833870302799083, -2.9440179847628425, -2.8422338369182354]}