{"p": 0.7000000000000001, "p-emp": 0.6997992964418623, "t": [45.954694986343384, 45.76463985443115, 45.03092575073242, 44.640947103500366, 47.58495354652405, 44.74175786972046, 45.64904832839966, 46.462674140930176, 46.39211869239807, 45.147247552871704], "nmi_acc": [0.32671505828350667, 0.32584514285276744, 0.3406945996377162, 0.32883565353085775, 0.3253391829071576, 0.3298890852055346, 0.3462543775624161, 0.3379819907186271, 0.3325334233922183, 0.3405361635432784], "nmi_repr": [0.4285921361926347, 0.40164696354373686, 0.4252234232568161, 0.4357323975889149, 0.4624921554585187, 0.46743642660709006, 0.45583319765224983, 0.4370405435327471, 0.46654769240342225, 0.4696136431422825], "mi_td": [2.0138275151184057, 2.0447849078194364, 2.0820580064399494, 2.0252992186938417, 2.0171087966067067, 2.018099359728459, 2.048589262492605, 2.0294561461082075, 2.0361521907051974, 2.0624378421176575], "nmi_td": [0.3626868913038896, 0.3665552358924941, 0.37412999037296807, 0.36527818779260934, 0.36331747804260806, 0.3636585519915365, 0.3697081719315762, 0.3656035989837109, 0.36706136278826534, 0.37151384575991525], "mi_tw": [2.059852046094862, 2.0873401848518216, 2.046844122290123, 2.0643457889033145, 2.0781750738728233, 2.0811919588307775, 2.041845809670579, 2.0606380063284226, 2.0538909348905254, 2.0547633812929122], "nmi_tw": [0.3710619701239959, 0.3742703240391524, 0.36788753328779383, 0.37240711131904314, 0.3744035347206733, 0.37511487487099476, 0.36857692245497503, 0.3713071866389404, 0.37034521892832817, 0.37021737956396067], "coh": [-2.3854728056105983, -2.4027812615636615, -2.215164770865936, -2.3208216239098687, -2.3489033458887234, -2.2936741026956224, -2.3114188945239342, -2.306956409826905, -2.2530710553773514, -2.219036511094344]}