{"p": 0.0, "p-emp": 0.0, "t": [64.46112942695618, 67.4956431388855, 72.35110831260681, 70.92229747772217, 64.55035185813904, 64.88737440109253, 66.62141466140747, 65.21877431869507, 69.90866184234619, 68.85381054878235], "nmi_acc": [0.4196154365721031, 0.37742217783590104, 0.39300406423163997, 0.49241824211968005, 0.42863868576933944, 0.3945171182986772, 0.39796197838086367, 0.3926646667345027, 0.3974331091896834, 0.3231095067596025], "nmi_repr": [0.23374593674538577, 0.207887891478372, 0.19309091784667048, 0.19134407996062527, 0.2177838890491588, 0.32011102464372954, 0.3338249510631071, 0.32929953095634984, 0.3146831277395036, 0.18677198003955944], "mi_td": [0.8720820744784412, 0.9824987887638774, 1.0664292846718837, 1.0516606874736618, 0.9297202948204978, 0.9431071553038672, 0.9343090036896762, 0.9832571261152044, 1.0332296733615394, 0.8760912724225169], "nmi_td": [0.16507305371294273, 0.18696813445266278, 0.19754410460528574, 0.1938501653629828, 0.1774168524809491, 0.18036409931662334, 0.17790097874074473, 0.18762608088255475, 0.1941272295113692, 0.16565826850339063], "mi_tw": [1.4551629474161734, 1.4982632570929881, 1.4447683394321271, 1.5346797503227347, 1.4724995155276985, 1.457787542071146, 1.4961381408211625, 1.4821930962739147, 1.5344480544431471, 1.3935911707476993], "nmi_tw": [0.3304495616365186, 0.3424227243473766, 0.3197086705800624, 0.3376112970261648, 0.3376599825843016, 0.3351631689977001, 0.3421756408786042, 0.3398673510888308, 0.34536193798877174, 0.3160698389009078], "coh": [-1.7958223829835251, -2.015922293696603, -1.8893510121823058, -1.9350020404061417, -2.1004095461175964, -2.0711820450603122, -2.0464660533747328, -1.967639969377639, -1.9659524534706694, -1.8441013370342698]}