{"p": 0.8, "p-emp": 0.7998094798593915, "t": [18.449465036392212, 18.528948307037354, 18.41767978668213, 18.71974205970764, 18.860002279281616, 18.730225324630737, 18.476352214813232, 18.35005474090576, 18.24171233177185, 18.437718868255615], "nmi_acc": [0.11028003897485318, 0.11947128853761077, 0.1190280815409917, 0.09891140015711403, 0.10218447657599936, 0.10390735663258183, 0.12907662985263615, 0.13768208146044397, 0.14510375884616264, 0.12582524313601157], "nmi_repr": [0.09943650634321391, 0.10682377669477018, 0.100147925203166, 0.09109805558684471, 0.07559640912147259, 0.08061013614874082, 0.10861244829010798, 0.11901793699837544, 0.12985351531993966, 0.1243319501840438], "mi_td": [2.0001794449318866, 2.041574370617944, 2.021056756833416, 2.0167349287246115, 2.012320186244605, 1.998277766568453, 2.0334120369818294, 2.0074478429029394, 2.0353582502681276, 2.0198316330850723], "nmi_td": [0.3622803521004482, 0.3683868269153444, 0.36529522535428116, 0.36398770808460396, 0.36376847614525454, 0.3616770979845978, 0.36737885525679354, 0.3644379108573849, 0.3683797543078059, 0.36531363575703335], "mi_tw": [1.9274747797189034, 1.9455465869149768, 1.9432521849219067, 1.9014771523632334, 1.892034431746066, 1.8867235548287749, 1.9631308887823637, 1.9397721783680537, 1.9721535993659909, 1.9394076553300554], "nmi_tw": [0.3386009987236152, 0.34052846790193597, 0.3406792948914533, 0.3328886144604346, 0.3317464039917093, 0.33121232089795055, 0.34402849917076894, 0.3415257613701825, 0.34620154099754646, 0.3402219547892769], "coh": [-2.942605925363784, -2.613902165724493, -2.879231589745144, -3.0163505116767695, -2.939747270439418, -2.918188703338096, -2.70196297817986, -2.851233807917628, -2.851489000367212, -2.803175086194631]}