{"p": 0.4, "p-emp": 0.3996514435316607, "t": [41.514551639556885, 42.055288553237915, 34.46266150474548, 39.084771156311035, 39.580955028533936, 40.81247067451477, 39.31595063209534, 46.57029914855957, 39.72985863685608, 40.17646408081055], "nmi_acc": [0.31847316895772804, 0.35153961160877, 0.3176947649352535, 0.32454971026836876, 0.2896021647567187, 0.321257990980963, 0.29182415127725253, 0.30816510983393613, 0.3421608582295133, 0.33065349483530093], "nmi_repr": [0.3169220522728581, 0.2984772314897215, 0.2869904207399422, 0.3146965145758672, 0.34647177430618076, 0.333336295262415, 0.2947019208295499, 0.30692489320267824, 0.2773088890230542, 0.3047555819706321], "mi_td": [0.8171780485016649, 0.9123826159585955, 0.7309752061776232, 0.8088418845937128, 0.7245423798196473, 0.7869324998381918, 0.7039985148166759, 0.8173411582408138, 0.7224390544201172, 0.8189605782165236], "nmi_td": [0.1574808507041568, 0.1737202503535946, 0.14154444482667325, 0.1558825977539772, 0.14533298731212071, 0.15190256323458873, 0.13648960967981497, 0.15598674390690911, 0.13921884859392258, 0.15632140232338915], "mi_tw": [1.0671447895970663, 1.178617744917786, 1.2532457345576271, 1.2023522616531708, 0.8798146678874035, 1.186713447853175, 1.2327809670519443, 1.2150062215588766, 1.2038708045130428, 1.2113962384178536], "nmi_tw": [0.3396944266989997, 0.36780727472247343, 0.4021063705658503, 0.382767181017381, 0.2994790782890432, 0.3787870990276628, 0.39635277027951843, 0.3806132358307495, 0.38319641503053903, 0.3795843975861278], "coh": [-1.1502492396621027, -1.4028731495980797, -1.2705284293920491, -1.3502715926007665, -1.5197717580123256, -1.4748583540034013, -1.4226425061875971, -1.3385951756927132, -1.3671508539758372, -1.0714991547378965]}