{"p": 0.8, "p-emp": 0.7998210812211335, "t": [27.64828324317932, 29.373594045639038, 28.051259756088257, 29.57205820083618, 28.434356212615967, 28.51811957359314, 29.859092473983765, 30.60860276222229, 28.9147686958313, 29.435776233673096], "nmi_acc": [0.3279013042903377, 0.3245603940140303, 0.34106469431128456, 0.3412585771541368, 0.32826705514478377, 0.32973181491334386, 0.3447279499801925, 0.3265015971344198, 0.326408605024044, 0.3362018917617311], "nmi_repr": [0.4841937124794948, 0.49521458679177716, 0.47384004112173217, 0.5058722176632384, 0.5076097850082307, 0.49144546312806203, 0.4798239590530038, 0.46439969396677727, 0.4685261216091952, 0.4890414638537678], "mi_td": [2.405560483180488, 2.4017132320027192, 2.370261135375205, 2.3996292506273385, 2.375178054095936, 2.4021581427079064, 2.3679766398534046, 2.3374335302577984, 2.349136481009423, 2.3692157460973324], "nmi_td": [0.4307312543655634, 0.42944785656458995, 0.42589024255738106, 0.4296116578186323, 0.4256945823685807, 0.4295584571730209, 0.4238053883918879, 0.4197750139474395, 0.421394622398221, 0.4249032020974711], "mi_tw": [1.7892129039243891, 1.798237845741611, 1.7769213980409118, 1.8043572418405032, 1.805116662064245, 1.8075688088837614, 1.8163005724537582, 1.822381936866661, 1.8131186290183587, 1.8054431445358308], "nmi_tw": [0.3817744399144615, 0.38306818401490617, 0.3807279131243233, 0.38494440044235784, 0.3856034670256416, 0.38508906331457216, 0.38734056297064057, 0.3902281459974047, 0.38771569745623385, 0.3859733532562847], "coh": [-2.046775920833276, -1.9705071973251862, -2.136430857693632, -2.035436360301781, -1.9722786257248832, -1.9133775395859804, -2.0622327928288304, -2.1287916775445512, -2.1204351687239003, -2.080573575774479]}