{"p": 0.5, "p-emp": 0.49861105919143667, "t": [33.03082513809204, 33.10224723815918, 32.62775373458862, 32.74885272979736, 33.0492308139801, 32.868687868118286, 32.33763909339905, 33.25841045379639, 32.59652090072632, 32.39056062698364], "nmi_acc": [0.2742373138968299, 0.2731059065999015, 0.29671730763682397, 0.29572517367310375, 0.30783217294591536, 0.325184233059841, 0.327068741281235, 0.28032823270734036, 0.28523905908726344, 0.28602920545104726], "nmi_repr": [0.14413905883101358, 0.12275844737268678, 0.1381835616146154, 0.13671543460076813, 0.1435220202282662, 0.15931363480564964, 0.14956970489841295, 0.13238154623020804, 0.132796428288806, 0.14627783349628445], "mi_td": [1.8173880406948189, 1.787547064637155, 1.8192239102194279, 1.7511726823820482, 1.817751133365912, 1.8287728753187307, 1.8072403519599511, 1.8497072302801922, 1.8229408774210802, 1.7780580591986472], "nmi_td": [0.3255082848103944, 0.3210830080443266, 0.3268050335641795, 0.31528384283194544, 0.3258674307695788, 0.3278260347324793, 0.3246796075278512, 0.32948806408823117, 0.32606660962218315, 0.32045595766098456], "mi_tw": [1.203276290391688, 1.2059947617512818, 1.2254623029791847, 1.2102752938092252, 1.2322884069416997, 1.2316105676853566, 1.2250168229587428, 1.2214308352796692, 1.232311740266457, 1.2196787509583584], "nmi_tw": [0.21882177179256304, 0.21995567943193897, 0.22352860956112477, 0.22125975667909042, 0.22430332058193955, 0.22416795631799127, 0.22346642987178106, 0.2208920030889023, 0.22379800987663423, 0.22321343369898108], "coh": [-2.187774758225403, -2.3308391005425806, -2.07683960954797, -2.1312859653299276, -2.141085713342341, -2.0052156003976256, -2.145089920162811, -2.0847291301860618, -2.057146004293202, -2.366848029489659]}