{"p": 0.1, "p-emp": 0.09999987109598063, "t": [102.52752685546875, 102.26492261886597, 102.8593680858612, 100.79349970817566, 104.72813510894775, 103.6809070110321, 103.32157945632935, 103.33717513084412, 102.43808031082153, 104.50218367576599], "nmi_acc": [0.47187030112894185, 0.5001014770184677, 0.5119778598619252, 0.48207991745580125, 0.5172553005100698, 0.4914239270195012, 0.4754814885560459, 0.5004897317255158, 0.5023589922142742, 0.48123422141708755], "nmi_repr": [0.405025815636905, 0.40642828890016675, 0.40837459599790765, 0.3987148940407231, 0.3955956545368301, 0.4021140959797429, 0.41332300474032874, 0.3958704535959477, 0.3902365330895465, 0.36936191518393], "mi_td": [1.7804330729504874, 1.7602634349610597, 1.7807357773275623, 1.8008043919587657, 1.815324424880308, 1.7787615458942188, 1.8108599216763002, 1.7673992762126978, 1.7506652901281141, 1.7802650923298153], "nmi_td": [0.31630814966907633, 0.3132269979644852, 0.31720140246893197, 0.3203390397736754, 0.32172503251302187, 0.31694712525857127, 0.3220790002908609, 0.31364893635681734, 0.30993071399594774, 0.31582654104046504], "mi_tw": [1.290634468097101, 1.2857342671697858, 1.2677632017121507, 1.2573619410977284, 1.2665004413564256, 1.2774631811704213, 1.2569208164734242, 1.288438641789833, 1.3046661296412945, 1.2925171253533478], "nmi_tw": [0.27315349710570913, 0.27263708869536163, 0.2691615609642526, 0.2665197237038544, 0.2672719416413429, 0.2713203547827332, 0.2663781425917146, 0.27233329974517795, 0.2749722603189454, 0.27308659377944533], "coh": [-1.0400905180341222, -1.0607373152560773, -1.1340719249093187, -0.9190743380423317, -0.9522037537213672, -1.0329819530565925, -1.1286577786347767, -1.0619132074569002, -0.9170957845239911, -1.062069859664846]}