{"p": 0.4, "p-emp": 0.3995869915219826, "t": [37.22553992271423, 38.47272801399231, 36.88720750808716, 37.75811290740967, 35.71679210662842, 34.976359844207764, 37.95640730857849, 37.354499101638794, 36.66430687904358, 38.68849301338196], "nmi_acc": [0.390595346372408, 0.3739547793431253, 0.4042929848518752, 0.4069120027923986, 0.3997157502620734, 0.34540583615356235, 0.3449569117056259, 0.392624732990085, 0.4039709162879742, 0.3587674431008483], "nmi_repr": [0.301810919121463, 0.28608785800124, 0.2795450927536409, 0.29664214324951754, 0.29042837802357807, 0.29197147469918655, 0.2696593338956975, 0.2705774253683831, 0.28322685442327666, 0.2627104167447973], "mi_td": [1.4749531224451085, 1.7246451572049943, 1.5981556757163444, 1.6747014594138014, 1.410707465368791, 1.4167058896748064, 1.5966756474239818, 1.7178935170320717, 1.5621444517562137, 1.6869133224194852], "nmi_td": [0.2778954032051731, 0.3134269517338139, 0.2960748150333391, 0.3072460150793979, 0.2667776793734989, 0.26757785042520404, 0.2947695522400933, 0.31182627544532576, 0.28999046249058796, 0.30600406932814594], "mi_tw": [0.7995161411255485, 0.8608343085811453, 0.8328743928997564, 0.8480955044616038, 0.831240016662604, 0.8220031502052318, 0.8265489722466937, 0.875297448909417, 0.8144577942909763, 0.8617625206277019], "nmi_tw": [0.19808532009073343, 0.2034501773618497, 0.20183811245458472, 0.20292652662676663, 0.20695172571629722, 0.20431609959997252, 0.19939287363091843, 0.2065465227574469, 0.1978991461737768, 0.20318105839018086], "coh": [-1.5482928281514121, -1.3639181694650027, -1.387045386112236, -1.1709558317500004, -1.6353137693508448, -1.5485199873619278, -1.3923167571876598, -1.3852227267771768, -1.414605998636136, -1.4386894233043137]}