{"p": 0.30000000000000004, "p-emp": 0.2941473708091692, "t": [54.64999294281006, 54.51512598991394, 56.847174406051636, 49.91671872138977, 48.59677720069885, 52.23207497596741, 49.42966914176941, 57.502171993255615, 53.047701835632324, 48.916704177856445], "nmi_acc": [0.46037253464976136, 0.5024008693815073, 0.4545404728706725, 0.4159391477228303, 0.4070318976394353, 0.42922757038511355, 0.4145949036787048, 0.4935466382868074, 0.49318315899425164, 0.4159857538936568], "nmi_repr": [0.3207207159266905, 0.2722814885558146, 0.2653405916387366, 0.2848999476426315, 0.3335866700168827, 0.32262696743692576, 0.3069565447769327, 0.3007597563368764, 0.26907401771736117, 0.27015276219224804], "mi_td": [1.353201690731677, 1.4860977896588872, 1.385926413313321, 1.2315088402015701, 1.1728389236279337, 1.2820145591503331, 1.1737530530014806, 1.3396754975148986, 1.487952665288512, 1.2788134572038397], "nmi_td": [0.24529027252185348, 0.26354104672969697, 0.24927144391847197, 0.22767938612204233, 0.21982749259164103, 0.23688226502151274, 0.21830370980357705, 0.2452248573438431, 0.26355624282326906, 0.23568160387198023], "mi_tw": [1.7679412444579838, 1.817888846469738, 1.7566283328212975, 1.681842822952985, 1.6212286543421703, 1.6409172192162105, 1.6633389299576606, 1.6678836126565193, 1.812754200266187, 1.689102942077269], "nmi_tw": [0.3724336247072272, 0.3733427585194049, 0.3667152941133059, 0.36252695469845364, 0.35510193504347926, 0.3534712374797188, 0.36104925484349953, 0.3553746845143177, 0.3717757153865501, 0.3627578447889644], "coh": [-2.145014206356465, -2.184035441883447, -2.148995815081413, -2.0482499038795723, -2.0714299883570293, -2.131566461319267, -2.168777430078334, -2.147133298327174, -2.0137902393201412, -2.1102186987395797]}