{"p": 0.0, "p-emp": 0.0, "t": [60.05418252944946, 52.098588943481445, 49.52905321121216, 46.62072038650513, 49.54880094528198, 49.818827867507935, 51.705379009246826, 49.88079357147217, 48.900179862976074, 51.20327186584473], "nmi_acc": [0.40974228593957734, 0.4019963160447643, 0.4531010551919432, 0.45564058385144024, 0.3752834226375768, 0.39309369315811105, 0.44683446667001364, 0.4032465031087576, 0.4281858363641103, 0.3854842556592436], "nmi_repr": [0.2924305243571269, 0.28542410997775547, 0.2967683613490177, 0.27456127692926535, 0.27779427845658483, 0.2825582850165113, 0.26900160720826455, 0.27984087386039685, 0.27341789885614737, 0.2712937381391205], "mi_td": [1.7312633117518597, 1.5737231189890042, 1.5172565955121091, 1.7254240531119343, 1.545381729338871, 1.529835711865237, 1.7272356191634721, 1.4198415713974688, 1.659084044277115, 1.6671542020637617], "nmi_td": [0.31370445895080484, 0.29412916348139023, 0.2846170732213687, 0.31341701478616835, 0.28806337916207325, 0.2842939244692929, 0.3136705869822552, 0.26787717777770736, 0.3033820244087686, 0.3050824865972325], "mi_tw": [0.8212808436824791, 0.7705661523665653, 0.748670760666401, 0.8314494394971058, 0.7888610159465638, 0.7856313637102564, 0.8165799547226651, 0.7925256976097588, 0.8190750986168663, 0.8278303131745286], "nmi_tw": [0.17702495914066982, 0.1723465319785415, 0.16818586671099922, 0.1797424981367281, 0.17587670580768797, 0.17451668464332232, 0.1764774690332397, 0.1792669722430509, 0.17847849881292113, 0.18054476971411687], "coh": [-0.9495038836854107, -0.9855987888557726, -1.108515560758834, -0.8440606885387727, -1.017271445536888, -1.1701010439687116, -0.9929839621058895, -1.0041505837940723, -0.936793881860263, -0.9808530631636645]}