{"p": 0.30000000000000004, "p-emp": 0.2983818678450213, "t": [42.17088985443115, 42.243799686431885, 42.027350664138794, 40.008702754974365, 39.689244985580444, 39.90874528884888, 41.87480115890503, 41.65685033798218, 40.23561668395996, 40.19470191001892], "nmi_acc": [0.37463217909446406, 0.39585886322409924, 0.3838232699979192, 0.3475550115589694, 0.384817179780838, 0.38472866930965827, 0.3675793249065187, 0.3955830628045178, 0.3985771675795857, 0.4086678367174396], "nmi_repr": [0.2843891593381609, 0.2670876809486229, 0.2804778056864926, 0.2770377541761415, 0.27518350708776385, 0.2769473102254516, 0.2726911732504691, 0.2836399035779896, 0.2987556324018618, 0.28251393158139537], "mi_td": [1.6499895843105028, 1.5871021621946417, 1.7146496769474755, 1.4689160952166842, 1.5762690861056001, 1.6604882041326727, 1.5978404011715384, 1.5843470467822383, 1.7428377044523535, 1.7216593866365772], "nmi_td": [0.30339695693921376, 0.2938432561065333, 0.3121612272253411, 0.2766055167736453, 0.29233156904163426, 0.3043166303818437, 0.2945359872714469, 0.29365031467584435, 0.317099724414125, 0.31470620317365994], "mi_tw": [0.7853838779012702, 0.7776822475356856, 0.818164101578598, 0.7779766544160264, 0.782619673456263, 0.8086362150381837, 0.8112788614460784, 0.7904076980790388, 0.824292668465846, 0.8207573479388947], "nmi_tw": [0.1842668921501842, 0.18406640467781163, 0.18953653208105914, 0.18817469627758088, 0.1856360499796277, 0.18892168913487872, 0.1909446725682367, 0.18733699565898532, 0.1908082849050565, 0.19111777949591355], "coh": [-1.4359401241603118, -1.28720051735394, -1.1989281298833396, -1.4407034751002536, -1.2795703220818733, -1.43011993403938, -1.1715533540147054, -1.4277653310572922, -1.203524971600268, -1.2277623582883375]}