{"p": 0.4, "p-emp": 0.3974819888858955, "t": [49.39280867576599, 46.67111277580261, 56.49434542655945, 50.723511695861816, 44.71280360221863, 48.597710609436035, 47.4149603843689, 47.60812282562256, 46.77568817138672, 48.320417404174805], "nmi_acc": [0.4921082371594464, 0.46246040119190485, 0.4477445885236263, 0.4859742135900271, 0.4696177851796663, 0.36982042772403906, 0.4645405841478248, 0.47800361830510374, 0.46503365005994457, 0.5446135471204674], "nmi_repr": [0.2271709439950289, 0.23972074460649312, 0.232675633783472, 0.2363073032513741, 0.2355572142140227, 0.19373890003199634, 0.21186922420434504, 0.22451607901825046, 0.21469382314679625, 0.23651767792452377], "mi_td": [1.342746085652351, 1.230676341187147, 1.2620315175832904, 1.3310585550549074, 1.2615932239150993, 1.2652957844430859, 1.2744594886036773, 1.2761363551693081, 1.2393642843617934, 1.2656960179096426], "nmi_td": [0.2442738355175134, 0.22574189899552619, 0.23052073635588943, 0.2419372042015526, 0.23004553172133205, 0.23210999976066723, 0.23282329519928366, 0.23329571257272302, 0.22714780027649045, 0.2323160254320702], "mi_tw": [1.8287958556984576, 1.79563150880981, 1.8202860235135172, 1.853021583179361, 1.8409711222753282, 1.7807208537976684, 1.8420598276577285, 1.8083712765802233, 1.7934801445652147, 1.7816100146890101], "nmi_tw": [0.34895905230666624, 0.34561114226185896, 0.34881220175179184, 0.35325938671035134, 0.35214142098810103, 0.34276895490482934, 0.35303628121119535, 0.3468388027520381, 0.3448979758973021, 0.3431456335545303], "coh": [-2.2665714224982563, -1.950017775421721, -2.211629849047642, -2.0770235504904164, -2.0294129138864454, -2.1565286799860424, -2.1923110226054883, -2.1559877354583854, -2.0511680954539475, -2.0067482472237312]}