{"p": 0.7000000000000001, "p-emp": 0.6990645435315319, "t": [39.779048919677734, 38.13650941848755, 44.15489721298218, 39.628273487091064, 40.337568283081055, 40.87360978126526, 40.492512226104736, 40.05542206764221, 40.72459363937378, 41.0910222530365], "nmi_acc": [0.4879315482153024, 0.48031394751753365, 0.4803682489550225, 0.48531706407762154, 0.49665153611705287, 0.4797923183425369, 0.4869033449668032, 0.4796676891471576, 0.47650511617462793, 0.5024615821711111], "nmi_repr": [0.4995625234762641, 0.4889876962124572, 0.5115230406683783, 0.5104056297584586, 0.5138816851100824, 0.5026243160556061, 0.5181160793511709, 0.5257602708792367, 0.5002362269016024, 0.4700228305609875], "mi_td": [2.33123854333612, 2.3019748350969027, 2.3295663300419376, 2.3836697243429716, 2.3400064169671357, 2.345201103063842, 2.316043132343612, 2.3723051806008475, 2.3380657438287615, 2.3040682092386415], "nmi_td": [0.411655416570449, 0.4075263397537357, 0.4116858112414436, 0.4202427015330293, 0.412756025101649, 0.413297946544127, 0.4089798304609127, 0.41778678758484455, 0.41195895517699105, 0.4077475201740745], "mi_tw": [1.6392721831212675, 1.6345006881351143, 1.6337750666221957, 1.6108549977999758, 1.6471221106527716, 1.638735675839646, 1.6570773004496189, 1.6251289609001254, 1.6482030391098053, 1.6346367510600266], "nmi_tw": [0.3519488483975017, 0.3520149558878876, 0.35110633601108837, 0.34517748636599344, 0.3531685192806401, 0.3509838729611416, 0.3557796715222968, 0.3477784833257086, 0.35292671547396287, 0.3518873919073315], "coh": [-1.794799273067893, -1.8066433226612286, -1.669646895437482, -1.6753325453703234, -1.7053037788963423, -1.6949647078924293, -1.7305493693833227, -1.6962587327650407, -1.7142206795056165, -1.7089511109282014]}