{"p": 0.8, "p-emp": 0.7857473403878206, "t": [42.09527063369751, 41.64729595184326, 42.88543486595154, 42.560505390167236, 41.52041506767273, 42.537946462631226, 41.27882695198059, 41.96216893196106, 43.235716581344604, 42.886937618255615], "nmi_acc": [0.10109266445513393, 0.10028775312521132, 0.10639602676145303, 0.10536884112781517, 0.10346915669294503, 0.10625911755105237, 0.10174905644881861, 0.10406942027749798, 0.1034403355991931, 0.09951808835566087], "nmi_repr": [0.10452117617713398, 0.10465302429595646, 0.1044528100111608, 0.10367620496780709, 0.1031477290867009, 0.10427921549432027, 0.10465461216557792, 0.10304372755890924, 0.10403451441901636, 0.10421918242803224], "mi_td": [1.7033644761403812, 1.6757214954373525, 1.6216601803359576, 1.6701878016460228, 1.720009847858245, 1.6850560964603263, 1.6621166702317913, 1.6632570547763774, 1.6356003762693163, 1.702588988617248], "nmi_td": [0.3014437317707224, 0.2964023029335836, 0.28756244722864366, 0.29546787621830795, 0.3041340647311935, 0.29818877573507235, 0.2941355970442091, 0.29456429850101257, 0.28936796721693037, 0.3010107343946755], "mi_tw": [0.3839550869302084, 0.3945390827283806, 0.4014398292103323, 0.3829963691866354, 0.37552546513156143, 0.38752795826401043, 0.3968328732167673, 0.3851053435879622, 0.40955592965708315, 0.3774119476047895], "nmi_tw": [0.15532460028157755, 0.15942247041760466, 0.16314732348987807, 0.15481148966408909, 0.15162344281648601, 0.15675202404882724, 0.16052352245519974, 0.15605436642400494, 0.1655718073878233, 0.15233549666114646], "coh": [-0.29435578482007557, -0.29297824152230084, -0.2925204830966954, -0.29499657761015013, -0.2940119507939443, -0.29488590528515446, -0.29405030869096044, -0.2931373885881516, -0.29368777148578185, -0.2924037364290904]}