{"p": 0.0, "p-emp": 0.0, "t": [138.24657106399536, 131.81586980819702, 130.39116883277893, 129.6328740119934, 130.44481682777405, 131.4947452545166, 132.0874891281128, 129.30888319015503, 131.12595510482788, 130.45860815048218], "nmi_acc": [0.49459917303737344, 0.5027444473851751, 0.48772021974965635, 0.5219878104080228, 0.4934813177990677, 0.518893594569738, 0.48893738828237915, 0.49118958392333084, 0.5022214478595117, 0.48285409710692295], "nmi_repr": [0.4156106299191304, 0.40689895398541365, 0.37816781853702147, 0.37967511623387534, 0.40130301196308044, 0.3833096812271022, 0.37758137951370496, 0.35984161509298707, 0.392670775929133, 0.406365748788207], "mi_td": [1.7290508719739046, 1.7629329062085728, 1.7177983190745816, 1.7565538729410985, 1.745291710597298, 1.8036730859158665, 1.7443103911834936, 1.6898399239165762, 1.7380123148003936, 1.7194260502497603], "nmi_td": [0.308800587945309, 0.3142275755576936, 0.30492546741504234, 0.3120709236708385, 0.3096601394888759, 0.3183882310917605, 0.31053693615806915, 0.3014023308084582, 0.30877180034363905, 0.3066678623715642], "mi_tw": [1.2470641341672517, 1.2167647940816333, 1.263711552248917, 1.2583782630061524, 1.2673007900979385, 1.252601920391201, 1.2310285857457766, 1.249602547978354, 1.2550528055355177, 1.246443788129304], "nmi_tw": [0.2642182355414854, 0.2571925619507965, 0.2658161545801486, 0.26496192219021125, 0.2664226256357211, 0.26174447983161414, 0.2598390877599121, 0.26434469553049594, 0.2642566343570195, 0.2636647618867316], "coh": [-0.8495245618067628, -0.7093903334535036, -0.8108837394355127, -0.7657348537118678, -0.7516886213734058, -0.7480329701050251, -0.8215173103831634, -0.6897924050156032, -0.8339931316183101, -0.862682302647273]}