{"p": 0.6000000000000001, "p-emp": 0.5996834117284611, "t": [28.491389989852905, 28.83675980567932, 28.551544904708862, 28.937830209732056, 29.372403383255005, 29.148931980133057, 28.866364240646362, 28.461669206619263, 28.878385305404663, 29.183117389678955], "nmi_acc": [0.18007339725606125, 0.1597009935869711, 0.1730269340983167, 0.17522697453323546, 0.15835049633014522, 0.16715046731281427, 0.16168764786571402, 0.1809949060239724, 0.18899856932212056, 0.15313934962172043], "nmi_repr": [0.09251643615363628, 0.09792067625238485, 0.07838108737777036, 0.07912467513723284, 0.08642163054006562, 0.07687534515279415, 0.07661288141414083, 0.0903018572406144, 0.0969199692741638, 0.08745643874716506], "mi_td": [1.786009229156562, 1.7770584020586246, 1.7814863748179022, 1.7858655366251734, 1.782688719058344, 1.7901409875889283, 1.7777404851370848, 1.7137430856308882, 1.7872877461066219, 1.779583929194437], "nmi_td": [0.3215335863658818, 0.3203451953485892, 0.31938700868142356, 0.3214436482367056, 0.3203018815284401, 0.32173794128670136, 0.31957574028047087, 0.3120037869872477, 0.32182763360890815, 0.3205638283400592], "mi_tw": [1.3426781656620035, 1.3323408099934213, 1.3299133993580945, 1.3257227004216252, 1.3202270014122364, 1.329564046686403, 1.3177099522959885, 1.3094400472766752, 1.3353632829387576, 1.3065378140209114], "nmi_tw": [0.23833433614709468, 0.23680771142517795, 0.23510151308413035, 0.23527838988191638, 0.23389268824188414, 0.2356169516279802, 0.23356417526561318, 0.23501910985695948, 0.23708229291649996, 0.23205264082518692], "coh": [-2.5568644478195073, -2.6315854583188147, -2.5304741742370647, -2.7165430893885536, -2.5050114939328214, -2.5763138789663906, -2.7614795477859473, -2.7802198454437024, -2.6302662977977307, -2.5823161477023318]}