{"p": 0.7000000000000001, "p-emp": 0.4465557490548113, "t": [76.54261088371277, 76.12675213813782, 76.95410585403442, 75.14030313491821, 76.87811231613159, 74.34243559837341, 78.98258757591248, 79.18944382667542, 78.86945700645447, 78.05304074287415], "nmi_acc": [0.5452717048949689, 0.5546335444844273, 0.5217029948178799, 0.5478612558673495, 0.5383630886106966, 0.556336316267365, 0.5161344611335213, 0.5188011894628385, 0.5199292880246231, 0.5617631214540134], "nmi_repr": [0.4754904794538271, 0.5006300147568462, 0.5179883847228519, 0.5053390035553547, 0.520341702220977, 0.4914415304080947, 0.4986940167380934, 0.4930592746499344, 0.5064455762121478, 0.47271147355435], "mi_td": [1.9802796057318555, 2.015837965297693, 2.01980292387052, 2.0278887097440235, 2.01031595772328, 2.0100717651194353, 2.0489235237313608, 2.0526135234532124, 2.025679514735152, 2.0483926857401435], "nmi_td": [0.3478231168720455, 0.3546343084601409, 0.3542232927071399, 0.3561118062299948, 0.3529973476293166, 0.35380650989843815, 0.3583715214483061, 0.3592823816535703, 0.35491621832842324, 0.3601536406836765], "mi_tw": [1.7118857761069926, 1.6827307860681773, 1.7014502623234726, 1.6893181551721266, 1.7044897377937032, 1.6889266713737463, 1.6893701870664808, 1.6984210314285935, 1.693710545128505, 1.6484325393364374], "nmi_tw": [0.3292339438435707, 0.3241929340539059, 0.32667980570582594, 0.3248202402843265, 0.32770838719358586, 0.3255746849892745, 0.3234131210696785, 0.3254089665912033, 0.32485539145704295, 0.3173845072713263], "coh": [-1.6844566739130542, -1.6621936090998095, -1.6497097454152994, -1.6207740205528072, -1.6605408924982428, -1.660033375428424, -1.6196834216604739, -1.5838562942758683, -1.7107139966955696, -1.6929769640642671]}