{"p": 0.6000000000000001, "p-emp": 0.5998832129584633, "t": [26.456028699874878, 25.01835608482361, 25.294857025146484, 25.69064235687256, 25.810564279556274, 23.981720209121704, 23.918870449066162, 24.820953845977783, 25.055638551712036, 25.5346417427063], "nmi_acc": [0.3556826499146527, 0.3791700306512673, 0.3447602712527402, 0.3646525271958901, 0.35738959996709374, 0.41701413815960536, 0.38130755248800224, 0.3782753146547174, 0.3859339178366905, 0.3894802610352113], "nmi_repr": [0.22849519500054424, 0.2398412821015781, 0.23823514317575822, 0.2335084784724023, 0.2530870233240412, 0.276490802061191, 0.27218686363521816, 0.24784291946548762, 0.24717729130589103, 0.264317774410734], "mi_td": [1.8967193117713883, 1.8998622689748834, 1.938990409774239, 2.044908513511838, 1.7786068298338393, 1.967061727205821, 1.972691061134651, 1.8951035558794957, 1.9715408214628143, 2.006111013833815], "nmi_td": [0.34304140834399155, 0.34351539788847507, 0.3479972638731961, 0.3636718551584602, 0.32601459054693477, 0.3526372896373033, 0.3536836242091163, 0.341758451931393, 0.35282999840081153, 0.35989326653789194], "mi_tw": [1.0983230972654774, 1.1229858690919974, 1.1268638600788325, 1.1601889754382035, 1.1250214297979755, 1.1840362250757908, 1.1612842074533876, 1.1495559333819338, 1.1860849112619962, 1.124612584559524], "nmi_tw": [0.2543699720243898, 0.25999029694261694, 0.2584226314719125, 0.2629835648911912, 0.26506667476253715, 0.27114285521676695, 0.2659683642337198, 0.26525076248579466, 0.27101322476561757, 0.25776873697183356], "coh": [-1.7851741480008196, -1.7344016738312487, -1.7403618564187788, -1.6379293718186918, -2.041685270852514, -1.7517600334988626, -1.6268594729797887, -1.7665845693416309, -1.709114565007144, -1.6762039839387686]}