{"p": 0.6000000000000001, "p-emp": 0.5973992325054688, "t": [46.687323331832886, 46.83107829093933, 48.12113356590271, 50.504454374313354, 46.76160264015198, 46.60859441757202, 45.91986846923828, 48.34812545776367, 46.781144857406616, 46.72131323814392], "nmi_acc": [0.49432637081861036, 0.47916094141283117, 0.4698614011760842, 0.48219747599403695, 0.4937360778889953, 0.4729385212921895, 0.4709256276235058, 0.4814977980374628, 0.47564402805628764, 0.47015092792440044], "nmi_repr": [0.47653153469930154, 0.4867933112123597, 0.4847715951056204, 0.46915831831776716, 0.46422347481523807, 0.4642083247386407, 0.4699010728444225, 0.46821905130802216, 0.45384953237332004, 0.444381387742089], "mi_td": [2.2096454258551406, 2.171453892974159, 2.2102185085638295, 2.2211931184583573, 2.178460375259402, 2.1994067241328765, 2.262451421752049, 2.258067757358661, 2.1994665611500177, 2.2030872666208854], "nmi_td": [0.38945342639656927, 0.38310063198259786, 0.38981881520378314, 0.3910222849898255, 0.3839130990495837, 0.38827056585056574, 0.3975025777299011, 0.39684298142545577, 0.387777738553016, 0.3868781375081477], "mi_tw": [0.9809069129254514, 0.9946829604758719, 0.9744917727254317, 0.9804795169829883, 1.0063632543583423, 0.9831831285517206, 0.9666415822143866, 0.9658513939815091, 0.988358447587641, 0.9962673728419611], "nmi_tw": [0.23241518241597187, 0.2359927256877472, 0.2311058944467914, 0.23194197168324895, 0.2384101241211635, 0.23345705266225525, 0.2280648850127662, 0.22796376377898145, 0.23427686553745608, 0.23489613518691654], "coh": [-1.1368036815465397, -1.180891416974393, -1.1096466882628302, -1.0994875270349325, -1.129503107906358, -1.161274135919432, -1.1170103712549324, -1.149600741668341, -1.1426610981821275, -1.1032311901732366]}