{"p": 0.8, "p-emp": 0.7971334324175562, "t": [20.786017179489136, 21.09415578842163, 21.40586280822754, 21.879147052764893, 20.76136541366577, 21.15695834159851, 21.48465919494629, 21.38800573348999, 20.668893575668335, 21.406689643859863], "nmi_acc": [0.4202262562824295, 0.423296222788765, 0.39740611456207564, 0.39942896700088437, 0.4244175050359598, 0.4010995185774922, 0.3989543136779311, 0.41115656296557657, 0.3856984903103098, 0.41301307437710166], "nmi_repr": [0.40689568852036745, 0.39692456901843787, 0.37519055042438354, 0.37287908041264567, 0.3836248905938849, 0.4085218987825636, 0.39294694344094333, 0.3906081391680686, 0.4005264842663513, 0.40292159864279464], "mi_td": [2.1805515741895776, 2.2189939954046682, 2.2491536669717553, 2.2576751297339586, 2.1734671215743404, 2.2482029409184294, 2.198826716151607, 2.25406377324099, 2.187210131236575, 2.21429945036203], "nmi_td": [0.38639115248543365, 0.39050425959541896, 0.3947755466322366, 0.39587283831926084, 0.38495465641826015, 0.39570765490691784, 0.38775692135968615, 0.3971532010194193, 0.38728429719231205, 0.39045747215928206], "mi_tw": [0.9509834327897049, 0.954225044429858, 0.9394558587022437, 0.9563786396613354, 0.9616647741141306, 0.9719948490574883, 0.95336651090475, 0.9401307312140837, 0.9475107241156164, 0.9673483073507985], "nmi_tw": [0.24786674041304316, 0.24620876213931756, 0.24146868270357866, 0.24545660537005276, 0.2504773893335079, 0.2508523963624038, 0.24673523117553794, 0.24300030479680418, 0.2466929434238706, 0.25032741247349616], "coh": [-1.4667529432514388, -1.3986188470420422, -1.4117130359505359, -1.4313281782894733, -1.4166318758515681, -1.3974396913282034, -1.4154100058859138, -1.3862796015119585, -1.5108101480370215, -1.4379183052178448]}