{"p": 0.2, "p-emp": 0.19527412084236195, "t": [110.03932476043701, 109.22071599960327, 110.1145281791687, 113.66747403144836, 110.08577227592468, 109.41663122177124, 109.27296423912048, 110.9247772693634, 109.65934586524963, 109.63249015808105], "nmi_acc": [0.5215147910724632, 0.5008874664631617, 0.5169386087293242, 0.5012853483362367, 0.5097061823488886, 0.4808057331199769, 0.4947318471785994, 0.4997692801787344, 0.5071890307770364, 0.5041589716226703], "nmi_repr": [0.45169619652891674, 0.4649261565841901, 0.4623393735853878, 0.46031672561949977, 0.45157180775853745, 0.44387031638337143, 0.4422384764863607, 0.4510154767667848, 0.4445871657468549, 0.47628566853236337], "mi_td": [1.8078384056532462, 1.8265892540955708, 1.7859546835555253, 1.7473163934851297, 1.7734267728470285, 1.844706089142169, 1.8369982593173098, 1.8527720664078209, 1.8056922850636683, 1.8124959063693487], "nmi_td": [0.32233541922179954, 0.32487265927494224, 0.3182480110428065, 0.3111395125465868, 0.3163842715497591, 0.32547506900265705, 0.3249185532350801, 0.3275246961490961, 0.3213356214089474, 0.3226381439525428], "mi_tw": [1.4407383218465715, 1.4498621084731187, 1.4659830366459032, 1.4896325794865959, 1.4698438111987877, 1.4713638525635655, 1.4670307027975036, 1.460914724728946, 1.4484695110384702, 1.449171056346301], "nmi_tw": [0.2885696129569187, 0.28958993778086256, 0.29343374566782227, 0.2979272474571827, 0.2945921190408844, 0.2912518944589205, 0.2912020055836743, 0.289805439906701, 0.2894935383631528, 0.2897263030677601], "coh": [-1.2018488151288955, -1.1156867318813153, -1.1085283043602403, -1.187247045582378, -1.3243217970100134, -1.2597287931864822, -1.1964862419275981, -1.2639572102415646, -1.280057392453553, -1.2589156236070793]}