{"p": 0.5, "p-emp": 0.49841512508201513, "t": [34.44514274597168, 34.32760810852051, 36.24549579620361, 35.648761510849, 37.987141609191895, 35.928616523742676, 36.13686227798462, 36.02412128448486, 38.283859729766846, 34.13280248641968], "nmi_acc": [0.45203406693735537, 0.43387241250181, 0.4498107303025952, 0.4309037805676736, 0.3881823056136901, 0.4426243708644582, 0.3967686545609711, 0.4483459313458845, 0.47223015458043816, 0.39924125935141297], "nmi_repr": [0.27398007508141387, 0.25595163627475903, 0.2660716087176077, 0.28221559525517614, 0.27143378143930613, 0.2924794126574696, 0.3433965078000172, 0.3115091039493051, 0.27345644439575234, 0.28413115235087544], "mi_td": [1.2297695621891114, 1.1860806330501652, 1.1921690276356551, 1.2017032138794155, 1.1865733401778726, 1.2114015213407636, 1.2050499101091745, 1.144318187127071, 1.1573205733093999, 1.130536956428663], "nmi_td": [0.22927105590138527, 0.22027509807279652, 0.22249485045743647, 0.22515393872335998, 0.22185626734283478, 0.2261846889819278, 0.22883746415037604, 0.2150469543971828, 0.21965205832500975, 0.2133586446026659], "mi_tw": [1.5602232864907981, 1.5249774821780924, 1.532181825835045, 1.4847646292927488, 1.5315286545962772, 1.555150815830292, 1.4932802440550448, 1.4509578799790144, 1.3433906663602897, 1.5252156751242327], "nmi_tw": [0.37997396300529157, 0.36952571637785336, 0.37365774597246226, 0.36395216652920837, 0.37439317562240526, 0.3794795316085661, 0.37254958178441655, 0.35706602278479527, 0.3349108117216222, 0.37742852669867466], "coh": [-1.9816199819614622, -1.964814024984693, -1.9017785541343744, -1.8929923218070854, -1.9276501691191859, -2.011055097488115, -1.9967821977337266, -2.06074938791168, -2.1209458544503343, -1.9768871980307312]}