{"p": 0.2, "p-emp": 0.19972388759053894, "t": [103.38165235519409, 102.64518547058105, 102.89278101921082, 102.5240867137909, 101.53300142288208, 102.50912189483643, 105.4710066318512, 104.91039109230042, 102.3161952495575, 101.84292411804199], "nmi_acc": [0.5121462261816272, 0.5089829307244492, 0.4935779379428202, 0.5094596347819359, 0.4948721588057654, 0.4992786477915687, 0.5020239446536551, 0.49673947918356176, 0.49669171262895145, 0.4958653946548697], "nmi_repr": [0.4151244286838289, 0.4187606444472815, 0.4020672792487755, 0.3961724317296416, 0.38441590994569946, 0.4126259035967689, 0.40568423047791036, 0.4160874118150221, 0.41038584027043984, 0.41990435051853475], "mi_td": [1.937555408014159, 1.9596896523022531, 1.9238858081868777, 1.8776572265184952, 1.9256534227224762, 1.8778352950970223, 1.8766306556949592, 1.882677118704238, 1.9690550992682203, 1.9306599841483532], "nmi_td": [0.3440685713779608, 0.3470257373524621, 0.3417054002596388, 0.3328964360327761, 0.3419405803071674, 0.3337860271028868, 0.3333222468288579, 0.33526240522196576, 0.34840277281115484, 0.34297143925115453], "mi_tw": [1.1466045465191097, 1.1400003987795648, 1.1577921793594885, 1.1874624047920672, 1.1464204570048135, 1.1865659344011315, 1.1893448321391946, 1.1786896422792115, 1.1431440102628663, 1.1418734551003993], "nmi_tw": [0.25053007873038263, 0.24823036400820686, 0.2530330951438797, 0.2589448963614472, 0.2504768299903342, 0.2595700964220361, 0.2599383943441756, 0.25843123108871585, 0.2486678915933619, 0.24961038662359666], "coh": [-1.0856689575035314, -1.064099167016185, -1.0312280421903, -1.0966308382325551, -1.0262840180907922, -1.1354707646980864, -1.0985484215912922, -1.1094618461606511, -1.1055303192103096, -1.0721075317618833]}