{"p": 0.4, "p-emp": 0.3995869915219826, "t": [41.78834056854248, 38.85114884376526, 43.86230421066284, 38.28431749343872, 39.083847761154175, 39.374682903289795, 40.333110332489014, 39.10919761657715, 43.71687412261963, 41.696314096450806], "nmi_acc": [0.4216489845930119, 0.4468743171309572, 0.3995039157619199, 0.35983941602646446, 0.40692484197515805, 0.43411421267830935, 0.39481907855796783, 0.360666597815915, 0.38021671470682594, 0.410353608366647], "nmi_repr": [0.21985845691121594, 0.20220552794561744, 0.214886953444181, 0.2701119653188243, 0.25334593537147987, 0.23750657178950957, 0.236786918124274, 0.25723576423251127, 0.23619122307479815, 0.2460859659575796], "mi_td": [1.0208690180834823, 1.0052106820564926, 1.0372530803382913, 1.0094014685607924, 1.053784626636833, 1.0855528238952414, 1.124602099106298, 1.0537274417267704, 1.1955291597749997, 1.133976776857582], "nmi_td": [0.19132484345957704, 0.1882592739227405, 0.1953222647543133, 0.18848671501347672, 0.19402022576377675, 0.2003795165426066, 0.2099296055690198, 0.19693858136000686, 0.2184559412515106, 0.20924823625221733], "mi_tw": [1.4248338833456222, 1.4011698731041289, 1.5038753809269454, 1.5792705957996274, 1.598877064110239, 1.5231168039316139, 1.4875296978794166, 1.5617877400277433, 1.4814448876858353, 1.4958929976370237], "nmi_tw": [0.3505621032298324, 0.34442528167403746, 0.3723286257046373, 0.3867036676868471, 0.38435001270601593, 0.36735943928016596, 0.3640836471363682, 0.3828684629932878, 0.3526183336255923, 0.360636300452848], "coh": [-2.1072321724359333, -2.0395973406516186, -1.9511371532155213, -2.1471256586761163, -2.2520740390780496, -2.1095760269313444, -2.1604240352518156, -2.1144619530578987, -2.1742020467862884, -2.1332583357564645]}