{"p": 0.9, "p-emp": 0.8999795042609223, "t": [20.26030135154724, 21.35536766052246, 18.642476081848145, 18.563275814056396, 17.556731700897217, 18.733558893203735, 16.790945053100586, 19.12685990333557, 17.225961685180664, 17.31562829017639], "nmi_acc": [0.26897334515216137, 0.2770043238837571, 0.2764785063380648, 0.262550367585935, 0.27335307533351416, 0.27427662725277924, 0.2717223390319119, 0.27474214873040836, 0.27130426123015955, 0.2818156406090232], "nmi_repr": [0.5147708348594952, 0.5136796566556306, 0.5417231377911984, 0.5247007597051622, 0.5263015785373811, 0.5239721393357331, 0.5477293723274043, 0.5477059033196336, 0.5231094265433255, 0.5207545515938795], "mi_td": [2.5730117370502112, 2.601674536511322, 2.5690275380493106, 2.5993368412954574, 2.5695090563180543, 2.6457621509304077, 2.601507812391634, 2.6117730867097158, 2.5921500983387324, 2.5465504242962025], "nmi_td": [0.4638048076881645, 0.46711403425417486, 0.46295337670863806, 0.46648657078401845, 0.4622899134696806, 0.4745528148898513, 0.46690858346833136, 0.4686388656075171, 0.46525758917920973, 0.4590530800028556], "mi_tw": [2.1175223600726483, 2.1743151895881194, 2.1402158673225644, 2.1669812810059077, 2.1560383294932626, 2.123938827849635, 2.1661132879476104, 2.1668334967318716, 2.149602891514444, 2.1727743947338793], "nmi_tw": [0.48600291436353593, 0.4965237802482773, 0.4910314615614687, 0.4945688841307214, 0.49364167327068526, 0.4844007915189739, 0.494414416969753, 0.49442840910560126, 0.4906841413927015, 0.49870914902369845], "coh": [-2.6907927189338454, -2.4892887928813616, -2.669918809732919, -2.66332993069947, -2.6385731286685323, -2.6918939250994685, -2.5713378764724837, -2.667479875512133, -2.7322184606569655, -2.7003034624986526]}