{"p": 0.30000000000000004, "p-emp": 0.2941473708091692, "t": [97.51501154899597, 97.68059468269348, 97.84691143035889, 99.02489590644836, 99.94538688659668, 99.31633853912354, 98.70436072349548, 97.17993545532227, 99.51124262809753, 100.43247056007385], "nmi_acc": [0.5251507672244898, 0.5304112588836875, 0.5080478839982763, 0.5150568290576555, 0.5298677388805189, 0.4954009727776691, 0.5291338167789086, 0.5102233764212603, 0.498330576433933, 0.5398977563221423], "nmi_repr": [0.466152202340103, 0.45731281325283557, 0.4400616130069002, 0.4397136217952875, 0.46082780716961846, 0.4377362518563459, 0.46029635270478136, 0.45670236028914085, 0.4478033783995675, 0.45853283275274964], "mi_td": [1.9102245977307186, 1.9321348122576145, 1.9172482006333345, 1.8998390293900185, 1.9163221723386263, 1.9156126296128924, 1.8786905469270776, 1.936893922535875, 1.90670372608527, 1.911960190758969], "nmi_td": [0.3381971722783857, 0.34189775783202975, 0.33829151208782116, 0.33503275682070527, 0.33870863257453504, 0.3380993465215373, 0.3327763837513029, 0.34148121792579356, 0.337265820323315, 0.3387876749337479], "mi_tw": [1.4657948071888627, 1.4452401059635576, 1.4744844997367423, 1.4980978220122738, 1.4751932188262094, 1.4798061246574137, 1.484502630274275, 1.4709502883510235, 1.473464222518481, 1.4609979320699817], "nmi_tw": [0.30045903737439494, 0.2960667427921746, 0.3010562213951604, 0.3056801254448597, 0.3017994753550819, 0.3022425222816785, 0.30446556855993284, 0.300053262339797, 0.3017121147457068, 0.2997659142252383], "coh": [-1.4812180143716411, -1.5388109502623049, -1.480438452956538, -1.4963852975517773, -1.5508450789524615, -1.5725710980468288, -1.5512483559113472, -1.5836031417342833, -1.5342267818960533, -1.5964515569542743]}