{"p": 0.2, "p-emp": 0.18389318497340068, "t": [86.99686622619629, 88.58323168754578, 89.29412317276001, 87.21989297866821, 85.88062691688538, 90.20051789283752, 85.95688843727112, 91.60308694839478, 84.0017921924591, 87.52001881599426], "nmi_acc": [0.5061357122666622, 0.49999360074198124, 0.504463927747876, 0.5140774533218017, 0.5262236523500385, 0.49185778941222674, 0.512049323988055, 0.5065248811970293, 0.49324664285861836, 0.5033168141560094], "nmi_repr": [0.43148565043614634, 0.41676202340999624, 0.4449156045353127, 0.44525099455455536, 0.44553965407102325, 0.4473907369432715, 0.42474740578307246, 0.43052801028872023, 0.4514782326624609, 0.4513947571011486], "mi_td": [1.9557682729706594, 2.0003080325880798, 1.9804066523657493, 2.023577119905062, 1.963620389911339, 1.992120342186738, 1.932283470678263, 1.9645516897796858, 1.9387969768264681, 1.9803798599640823], "nmi_td": [0.34505964150880397, 0.35390489566704014, 0.3503759947542898, 0.3571644581329689, 0.3481714918006555, 0.35084075026089384, 0.34246121977778793, 0.3483512026910213, 0.34392401150925633, 0.35028621142546795], "mi_tw": [1.0765791830745814, 1.0380962875569122, 1.053305643086222, 1.0383740274283904, 1.0468232199244505, 1.0669722387304024, 1.0688976763792493, 1.041700877052872, 1.0555493225955606, 1.053537278421672], "nmi_tw": [0.23627272159310617, 0.22862016291691092, 0.2319632573042742, 0.22800009033603705, 0.2311681942335123, 0.2336403309239845, 0.23591082964301707, 0.23004902859585472, 0.23322521374879268, 0.2319441743491577], "coh": [-0.8833900280418441, -0.966873187940908, -0.9707445370623653, -0.9236579373220806, -0.9841569636783861, -0.9271900359588494, -1.0000651081067393, -0.9613386574313415, -0.9865008900263748, -0.9236021555229262]}