{"p": 0.2, "p-emp": 0.19909096885549993, "t": [112.86431384086609, 106.59470415115356, 104.87707209587097, 103.54059338569641, 104.88453555107117, 103.82274031639099, 105.57820510864258, 105.18999171257019, 106.01788210868835, 105.049391746521], "nmi_acc": [0.48571696200754955, 0.508313756934225, 0.4817371338208347, 0.4969148161731915, 0.49065905520322545, 0.5082972560296994, 0.5091739031991719, 0.5070666282342255, 0.5263152171871779, 0.4809610759206037], "nmi_repr": [0.41466773508395965, 0.4350828446302446, 0.4443871891190627, 0.43343282837476815, 0.43385791430774595, 0.42014166866429953, 0.4217992681603103, 0.4157758803290686, 0.43115196766634517, 0.4160944524216269], "mi_td": [1.8036841347102217, 1.7909492964695013, 1.8255970740900747, 1.7586504547145299, 1.7421808867455078, 1.760416950889007, 1.7796434102304806, 1.775262863443229, 1.791779008804741, 1.8169027278294794], "nmi_td": [0.3207502206335717, 0.3195003025980033, 0.3244375297903755, 0.3151470819761294, 0.311728071514256, 0.31495226586455644, 0.3164152320548085, 0.31694111735353114, 0.3190906362845978, 0.32214854043320423], "mi_tw": [1.4233670227496484, 1.4190196560990165, 1.4196532452179234, 1.4142475949913602, 1.42375327468515, 1.4144813326861259, 1.432571060420823, 1.4221422595973041, 1.4182511013392218, 1.4200743617681897], "nmi_tw": [0.28833052394458075, 0.2884935931483698, 0.2873668681789016, 0.28899568069553827, 0.2904412202796965, 0.28850927133344756, 0.29013250621646985, 0.28937735469041365, 0.28776418845386004, 0.2866980754051507], "coh": [-1.448325634052745, -1.5237980754937985, -1.478855824079256, -1.4541834949123378, -1.5435014940856169, -1.5498930088562624, -1.4533328819883402, -1.4873371739571133, -1.4926463309788813, -1.4967355759115972]}