{"p": 0.6000000000000001, "p-emp": 0.5999837580935612, "t": [31.411800146102905, 30.811013221740723, 31.271149396896362, 31.888606309890747, 30.921814441680908, 29.892411708831787, 30.861414432525635, 29.99560785293579, 30.63217544555664, 31.506154775619507], "nmi_acc": [0.3410803933612198, 0.34486760850329723, 0.3188393257606055, 0.31897020631477757, 0.3399579810468731, 0.3336739538059235, 0.31161727674521633, 0.3491854793927211, 0.3163368429958216, 0.32426837943063164], "nmi_repr": [0.17749304854965317, 0.18779610040724007, 0.17816011835062082, 0.16668026798218386, 0.16345136198413546, 0.17274105542543325, 0.17830243099568402, 0.17457677822720652, 0.17954988636158078, 0.1787592611081762], "mi_td": [1.790048867141796, 1.831124357006483, 1.8272288283882028, 1.8168482360413207, 1.8617600005921697, 1.838453266030239, 1.8328582332400067, 1.8115999202061248, 1.8244952274394994, 1.8333307429331316], "nmi_td": [0.32248980474699196, 0.3270724374785977, 0.32598540220476213, 0.32417487160219466, 0.33198521079686166, 0.32795967470633947, 0.327202179275369, 0.3241283892161747, 0.3270546142507503, 0.3281097479011814], "mi_tw": [1.506409874099166, 1.5349554311001528, 1.5406033184544783, 1.517177970674493, 1.5468530014186455, 1.5384522937031195, 1.539501990133616, 1.546159059767966, 1.5181094097763992, 1.5085240731244607], "nmi_tw": [0.27988437774376757, 0.28267682668939437, 0.2833663152302733, 0.2790944003678304, 0.284373914067922, 0.2829455763002821, 0.2833534409484308, 0.2852330869686256, 0.28060614005781465, 0.2783718727624769], "coh": [-2.644174904385746, -2.3742054863465705, -2.393546542403805, -2.485038310812612, -2.428319259078189, -2.418406794995853, -2.467783489161771, -2.5368950308968086, -2.5105741660948, -2.5082763822781975]}