{"p": 0.8, "p-emp": 0.7999564304414576, "t": [19.196460485458374, 21.438830852508545, 21.662147283554077, 20.23080086708069, 20.439854621887207, 20.97249484062195, 23.20323133468628, 20.506428480148315, 20.72464656829834, 21.205453872680664], "nmi_acc": [0.14179200017000262, 0.14969072626865382, 0.1375758980339709, 0.15072216026963114, 0.14129686234716898, 0.14022236985956388, 0.1549123268483406, 0.11774904829185139, 0.12106539955758336, 0.1438465939617659], "nmi_repr": [0.16434937991525214, 0.1523174680540589, 0.1538149923477231, 0.16443126173686048, 0.15965568907751304, 0.14919953424027152, 0.16167761126316849, 0.14940118554616189, 0.13852215109813215, 0.1615794557267977], "mi_td": [1.842512448103295, 1.9685766316511057, 1.9729616756658646, 1.9824406968722916, 1.954745515281533, 1.863555004558488, 2.0612411799380874, 1.8696270530638608, 1.9363949132243516, 2.0439456127546434], "nmi_td": [0.3294884153149473, 0.3482390350130075, 0.3488958225004733, 0.3508958481473321, 0.3462927667492597, 0.33413111503094256, 0.3620164824410631, 0.3337098395454859, 0.34421800690126236, 0.3596481191999454], "mi_tw": [2.4462837054301465, 2.5226542353027606, 2.5250221323198008, 2.5390930389133013, 2.4958832023715574, 2.412914830905833, 2.581958467800661, 2.4521130658029957, 2.4923884937393432, 2.5998879716640686], "nmi_tw": [0.40780644874971556, 0.4163108047165346, 0.4165691150603918, 0.4192513736306333, 0.41244886179426743, 0.40323343916910914, 0.4232457843182765, 0.4080630847917693, 0.413188295052108, 0.4269263741228686], "coh": [-2.165933329306857, -2.193553697405464, -2.146090360892178, -2.266516730578616, -2.2703818978023977, -2.183962618235823, -2.1979231944173203, -2.3428649357037945, -2.156959729155624, -2.243820761700061]}