{"p": 0.2, "p-emp": 0.19998298466944497, "t": [41.73671579360962, 43.82779002189636, 44.821067810058594, 43.341421604156494, 43.43881320953369, 43.783669233322144, 43.04736542701721, 48.1900634765625, 44.49702787399292, 44.27304935455322], "nmi_acc": [0.4160864381756706, 0.4324747711362223, 0.4223912104129005, 0.4349446106449095, 0.37567709171117414, 0.4094107166470558, 0.4377468465264725, 0.3601126693976133, 0.4199783407432283, 0.43341122622511885], "nmi_repr": [0.28417066503232263, 0.28701777960606606, 0.2963832609762269, 0.28293945035283274, 0.2601012769049528, 0.2753920984685272, 0.2908198912613692, 0.27415949883926005, 0.27858103114109944, 0.30103801369648553], "mi_td": [1.6365754593740196, 1.6673402548560463, 1.6966715602934523, 1.6955162661512875, 1.7018174905728816, 1.5770439272301808, 1.6243814367130622, 1.4956508770198518, 1.7950303794132254, 1.62557781266902], "nmi_td": [0.300432048215567, 0.3045051942880671, 0.3097232010436568, 0.3085854421097452, 0.30873784798274356, 0.2915652965685774, 0.299536373096765, 0.2797676780944304, 0.32227872280890024, 0.3002485002503064], "mi_tw": [0.8304054547711057, 0.8577223120169691, 0.8440116809629413, 0.8523351370052143, 0.8540105603877068, 0.8206342443547662, 0.8366679505698277, 0.7892090830005665, 0.9013564189911278, 0.8111530014130399], "nmi_tw": [0.188360483079629, 0.19332164129049598, 0.19012629398882425, 0.1912922626901658, 0.19091001423053267, 0.18778479569398424, 0.19083812267899064, 0.18322863586341717, 0.19893110642696582, 0.18539374707799908], "coh": [-1.1629126398399638, -1.0948988428253308, -1.1490242370108985, -1.2647264804844398, -1.2566156172018754, -1.5425576905319196, -0.989013245536554, -1.3298938782958003, -1.072337087827153, -1.317995780697601]}