{"p": 0.4, "p-emp": 0.39518363022077396, "t": [37.54194164276123, 36.19844675064087, 37.254868030548096, 37.788039684295654, 37.90123915672302, 37.92609095573425, 38.308024883270264, 37.138404846191406, 36.046000480651855, 36.379897356033325], "nmi_acc": [0.4648479542385812, 0.49159086950727454, 0.43271472463720423, 0.46470858723667713, 0.46576161302611935, 0.4901375489569429, 0.4538711579779189, 0.4870402359001405, 0.4924497999178532, 0.5025612206611548], "nmi_repr": [0.39148908653501396, 0.3991712963874979, 0.35563961206274725, 0.3553741333047046, 0.38326841231988873, 0.3728733814126991, 0.37309814273260117, 0.378134367864201, 0.40671926485805143, 0.3864491702787402], "mi_td": [1.9579356477878065, 2.0291912105403154, 2.0753206328863647, 2.1546538870267007, 2.0681330143716776, 2.0411125443990414, 2.0004375723636163, 2.1181812518968655, 2.049038266907492, 1.9973688321703056], "nmi_td": [0.3519997806505824, 0.36077689806346486, 0.36395806169795913, 0.3774638582048584, 0.36655643165547097, 0.36082550793604434, 0.35541265529340305, 0.37373606016696637, 0.36244931301689287, 0.35497215600945614], "mi_tw": [0.799378670049995, 0.8497074035542995, 0.8716705833970653, 0.8477666177286133, 0.8470675320806863, 0.8517237701749794, 0.8370861534778749, 0.855582119615727, 0.868428103049059, 0.8432450453220588], "nmi_tw": [0.1874653325303772, 0.19640397140067173, 0.1979311543068376, 0.19223473062572816, 0.19500253145227417, 0.1954119536372502, 0.193308442609027, 0.19581196937060089, 0.19940346253759525, 0.1948054116737736], "coh": [-1.1091352052839742, -1.1390363772391188, -1.083606846277911, -0.9935339735869381, -1.1813469679505757, -1.0772593742657244, -1.2216532673235603, -1.1001331165831014, -1.1757701537453997, -1.0905396753835486]}