{"p": 0.30000000000000004, "p-emp": 0.2914055823174623, "t": [44.67791223526001, 45.78208136558533, 44.57312870025635, 43.53675651550293, 44.303839921951294, 44.87330484390259, 43.03620481491089, 45.12786293029785, 45.66982555389404, 44.446147441864014], "nmi_acc": [0.36976981788147084, 0.371413370530735, 0.40489013115622935, 0.4143626308784617, 0.388391012881463, 0.4194728652402127, 0.389970097150384, 0.3907040315213316, 0.3770973547427121, 0.40807019383727583], "nmi_repr": [0.24074496871143952, 0.23491580542741222, 0.24514828440317005, 0.26592518256592207, 0.25852290182731186, 0.24786316640564066, 0.2409829126639969, 0.25695840232404915, 0.25743220253654386, 0.244659111928151], "mi_td": [1.6977586169095908, 1.6515072894370144, 1.5910746104009463, 1.7521461467421668, 1.624183408811733, 1.6890695412281955, 1.6606768909650944, 1.7188428201509054, 1.60947253101029, 1.6658622049769276], "nmi_td": [0.3068337638707666, 0.3032441303541352, 0.29333739055839425, 0.31822939070784334, 0.2973089072663156, 0.3083274635135267, 0.3051478566617687, 0.31274354936822657, 0.29804879113962246, 0.3038770875695707], "mi_tw": [1.0393563260338, 1.0096393836489297, 1.0245407436410856, 1.0702387756446496, 1.0372183956543815, 1.029555506205454, 1.031412707202068, 1.058686027145416, 0.9791890369894617, 1.056449922453003], "nmi_tw": [0.20870627493459776, 0.20634480312679093, 0.21033979279074638, 0.21608924036410124, 0.21125513890648873, 0.20904643157326247, 0.21096403993225438, 0.2141851379262405, 0.20202496393939326, 0.21433928430929658], "coh": [-1.6712194413988495, -1.886450885170095, -1.8990455566639965, -1.8279315449464826, -1.870421436071841, -1.7200315851407886, -1.822167710188682, -1.7216599902907102, -1.992801020456478, -1.9032272706407487]}