{"p": 0.1, "p-emp": 0.09999987109598063, "t": [46.20483946800232, 46.67502188682556, 47.17932462692261, 49.330970764160156, 48.44054579734802, 47.80036377906799, 47.459288120269775, 47.282007932662964, 46.710349798202515, 48.64105439186096], "nmi_acc": [0.42386372184851756, 0.44996181521915707, 0.41977108920219475, 0.3894112755142101, 0.36579520441347146, 0.4287210869071943, 0.38948355604106893, 0.42018746650888045, 0.4366568782560375, 0.3848662449759711], "nmi_repr": [0.27852317955602235, 0.28624438170547867, 0.30426154125949134, 0.284452940010237, 0.27015954756049915, 0.2839928328728863, 0.2720651875514981, 0.2712747799146572, 0.28223661106605924, 0.2642156704760973], "mi_td": [1.630790745768296, 1.675595498608649, 1.4909235887698689, 1.6350789355319622, 1.7514123796104477, 1.7342105218706954, 1.7667299697148944, 1.5753878300038338, 1.591916021039607, 1.6598704661520545], "nmi_td": [0.2994328184247571, 0.305050402643612, 0.2803085973322343, 0.2981279473846132, 0.31634109485575174, 0.3134425224196404, 0.3181655427632976, 0.2910515531378024, 0.2928645772251756, 0.3032446454759803], "mi_tw": [0.8549285527906749, 0.8720612447065917, 0.8191656920097832, 0.8466152832092101, 0.8684670669581513, 0.8814100322565613, 0.8731941547604113, 0.8675254083383657, 0.8341920461327492, 0.8793659950866748], "nmi_tw": [0.1882101332185253, 0.1900330727041289, 0.18554089541868432, 0.1848248127725382, 0.18746790591516593, 0.19041311159334914, 0.18782354985205366, 0.19240314197439162, 0.18407431714249803, 0.19242775734137088], "coh": [-1.0441697475069245, -1.2004638564845422, -1.3940438751272963, -1.3928503823702052, -1.000475349829063, -0.9988576079594969, -1.2384574990796264, -1.1388472914142063, -1.286411282300322, -1.0927399280209162]}