{"p": 0.7000000000000001, "p-emp": 0.6997928512408945, "t": [44.526920795440674, 44.15282988548279, 44.47947669029236, 46.22820448875427, 43.436585426330566, 43.72940492630005, 45.74957466125488, 44.77046203613281, 46.213813066482544, 45.34147930145264], "nmi_acc": [0.273075473035615, 0.2916902522075449, 0.28745517900267875, 0.29305406576110016, 0.28284333334853845, 0.2932971021038987, 0.2850493611354608, 0.2837791976902866, 0.29833422836269885, 0.2809969542565803], "nmi_repr": [0.3540392957040178, 0.35620751458201616, 0.35935508127361443, 0.34289401193764024, 0.3545076847812221, 0.3718982969986994, 0.3864939197892681, 0.36166944868013373, 0.335988647337973, 0.35903132416916406], "mi_td": [1.8096006528252508, 1.8015294445492973, 1.8197230917572673, 1.8119997277635882, 1.8274213944201523, 1.823638532346741, 1.8280338301691783, 1.8295666438359381, 1.8105142171116322, 1.8177806020721536], "nmi_td": [0.3305926621492294, 0.32892034607914683, 0.33202575526812933, 0.3316963992784904, 0.332906667787726, 0.3329745592708954, 0.3335808062182027, 0.3330915338976392, 0.33062692920540404, 0.3309223876941343], "mi_tw": [1.9013280527124519, 1.9257369656999166, 1.9242648841039671, 1.889742667486058, 1.9331203447322933, 1.9105683717813953, 1.9231603582913472, 1.9147105205906652, 1.921155174956194, 1.93163292694549], "nmi_tw": [0.333125045177153, 0.33720716517548444, 0.3367389478356409, 0.3317334835957583, 0.33777897420359476, 0.33456799368899964, 0.3365830896772956, 0.3343638957477784, 0.3364694395647434, 0.3372961847887075], "coh": [-2.509915288166053, -2.5613029900276136, -2.4123871893206883, -2.5226191067992745, -2.476804034829466, -2.3854948625684793, -2.4762147314123006, -2.46713103584449, -2.5504274809692147, -2.4241928808502164]}