{"p": 0.7000000000000001, "p-emp": 0.4465557490548113, "t": [40.29079866409302, 42.720505714416504, 41.71642327308655, 43.91890501976013, 41.52285575866699, 40.63062930107117, 41.34690308570862, 41.60506272315979, 41.67776846885681, 42.8507776260376], "nmi_acc": [0.5224630545782281, 0.5042279191473231, 0.49679165879250375, 0.49308953387305354, 0.46414580375874676, 0.5316843969722137, 0.5118622984868281, 0.47383259157583973, 0.43502875049715395, 0.4757869177721897], "nmi_repr": [0.3025671931984775, 0.30306937558281166, 0.2948279547072062, 0.3102686945655282, 0.2748131857315167, 0.2813427783878867, 0.30138206334263784, 0.2975651738758517, 0.2921121475129707, 0.26242037399865525], "mi_td": [1.4431194959208185, 1.5941271826005812, 1.4900213976349688, 1.5219784990805165, 1.4804648201698964, 1.5335863675998234, 1.4947100076433484, 1.5274281729238162, 1.4664033784412336, 1.6598762156643196], "nmi_td": [0.26164146452193254, 0.283156140005662, 0.2680518936835217, 0.2716566731581174, 0.2650831610160194, 0.27445872972743884, 0.26799833876188534, 0.27260847708520747, 0.2634928818215352, 0.290139976262059], "mi_tw": [1.780632239978572, 1.9131838563650956, 1.868338145849077, 1.9165495002411002, 1.8900977613855063, 1.8679963549282323, 1.876511310928731, 1.8957514459585674, 1.8461758017117524, 2.019619022669491], "nmi_tw": [0.35457426189103564, 0.3724972098625233, 0.36887553580657045, 0.3751444035421916, 0.3712510873854734, 0.3667105320130006, 0.3691332222285028, 0.37104220166130886, 0.36402961052972416, 0.38636726385273934], "coh": [-2.357405671817463, -2.302320308268743, -2.1786258749992276, -2.0456250903186186, -2.131819174420174, -2.003197317711394, -2.211462990030697, -2.155000723007603, -2.1062094586452944, -2.0522077803710843]}