{"p": 0.0, "p-emp": 0.0, "t": [68.91218733787537, 70.32827305793762, 68.53734469413757, 68.34432125091553, 65.6369264125824, 66.68304967880249, 69.48922657966614, 68.67360329627991, 67.69530606269836, 70.94978380203247], "nmi_acc": [0.4685869957856812, 0.3782534962982414, 0.5006418623706012, 0.44187493339545264, 0.38136574774792303, 0.3991992058495361, 0.40121269230028855, 0.3800415244401267, 0.3558653116349846, 0.39892145434414583], "nmi_repr": [0.20716678595338653, 0.2023312961531697, 0.2561062336301382, 0.24918623452986785, 0.29126392676736274, 0.2920258926570493, 0.28911185793081096, 0.3084714582446427, 0.29785138053626176, 0.27855074109554284], "mi_td": [0.9078075551962264, 1.004106841064463, 0.9517814801622532, 0.9454478682914298, 1.013635082746064, 0.9240980555996632, 0.971184403388405, 0.976054747201089, 0.9279475298112901, 0.9949898319392265], "nmi_td": [0.1695254242491274, 0.1896264784189065, 0.17699923753200933, 0.17777098481321865, 0.19170468098024465, 0.17571246989508565, 0.1832999333649557, 0.18605173481038997, 0.17720330040931617, 0.18687058316863805], "mi_tw": [1.4963228679637623, 1.5500799823227869, 1.6446626170163963, 1.5969776896806964, 1.4899853611787754, 1.5236821078796507, 1.5396073768649887, 1.4599791843172882, 1.477954676536031, 1.533476136003657], "nmi_tw": [0.3343310641953457, 0.3510334508449505, 0.3656513443510193, 0.35976666269160446, 0.3380137827660547, 0.3478942503127556, 0.34841310378399504, 0.33434185226609053, 0.33919783844835216, 0.3449839666017194], "coh": [-1.932836143123122, -1.992499491073646, -1.865704669440302, -2.067739334882532, -2.0553548342241785, -2.1522472701523627, -1.9920798243142648, -1.9574738200752049, -2.069858353645424, -1.9139501151716274]}