{"p": 0.2, "p-emp": 0.1999095093784119, "t": [116.60961413383484, 116.3828067779541, 115.72423076629639, 115.95624780654907, 116.03091025352478, 118.20957207679749, 114.96695733070374, 116.03077483177185, 116.89537692070007, 116.38089346885681], "nmi_acc": [0.49450584616158266, 0.48574227759588945, 0.49301693394403245, 0.4887760604115737, 0.47811803433536676, 0.4671482248861247, 0.49751711950667, 0.4960423602662773, 0.47578573902954224, 0.48315225038946275], "nmi_repr": [0.44094842253427274, 0.4523734012800035, 0.44254441395064636, 0.44023745229165107, 0.4247012190669294, 0.43441494135072256, 0.4344730308252385, 0.4567956592931594, 0.43867566310836165, 0.4161945557471826], "mi_td": [2.148024522646587, 2.1038653856242533, 2.083544314843442, 2.1109256553087876, 2.1024970037376542, 2.087340735985037, 2.1348314235657027, 2.0803366379696486, 2.0385313009491943, 2.0559259234823273], "nmi_td": [0.377547704350873, 0.3698693042248158, 0.36733911093631355, 0.3716287111898663, 0.3692262098726285, 0.36679368758135383, 0.3755416029255001, 0.36746182858201437, 0.35869040712708544, 0.36232401196186853], "mi_tw": [0.8257870800092572, 0.8468652788754967, 0.8499358186215362, 0.8431405276273176, 0.8572936687756998, 0.8641427642851223, 0.8269326413498542, 0.8416592398632667, 0.8867414816407975, 0.8638535237066245], "nmi_tw": [0.19690165433489432, 0.20198922896088442, 0.20350503100113068, 0.20148196849910438, 0.20417455980585938, 0.20598024549352678, 0.19739784117525885, 0.20203723316292901, 0.21174624957647153, 0.2067244222200778], "coh": [-0.9050560243360805, -0.8141821845739041, -0.8816485679726064, -0.8279883498921944, -0.8333468798556828, -0.8301457001193387, -0.7490689415106122, -0.8772321986415278, -0.7926206772369089, -0.781141806105187]}