{"p": 0.2, "p-emp": 0.1999095093784119, "t": [46.97443914413452, 47.01873445510864, 44.09259748458862, 46.765448331832886, 48.05059576034546, 45.79729342460632, 49.24621534347534, 47.64601945877075, 46.62636470794678, 45.23732089996338], "nmi_acc": [0.4309128929161772, 0.44564385449778626, 0.469118349456827, 0.47725743281093436, 0.4218678504393176, 0.4683812807289314, 0.39668683398363, 0.46837553781391555, 0.42734590920693116, 0.5138025572849849], "nmi_repr": [0.3679639935165229, 0.37091039412139737, 0.3585793166352236, 0.3559344348110348, 0.34495041298462936, 0.34791701958159255, 0.3638901076507561, 0.3655369688466946, 0.3635087976934536, 0.344678046481588], "mi_td": [2.0113435326395668, 1.8662538577783676, 1.978076849245828, 2.0230345297762664, 1.873350084931505, 1.9623121069091027, 1.8939662271558682, 1.8867932557835232, 1.8091870543415303, 1.8866226866508562], "nmi_td": [0.3570919408346248, 0.3382861049659336, 0.35309936368549866, 0.3595274713335521, 0.3342797367775053, 0.35174670169399636, 0.34036545820462166, 0.3411775290351441, 0.32839027436335, 0.3398659200795781], "mi_tw": [0.6947132854277508, 0.6715651343329385, 0.6862524458797514, 0.6685179088976378, 0.721390418414547, 0.679835732245069, 0.6892892964005822, 0.672368504617487, 0.6835598199188355, 0.6755446453754549], "nmi_tw": [0.16792443515142952, 0.167002604817377, 0.16711231349726266, 0.161813100296397, 0.1755791829113834, 0.16649342220184093, 0.16940009711303577, 0.16664510609739527, 0.17030440690950605, 0.16657192040575672], "coh": [-0.7403205979574384, -0.8391667358126706, -0.7609172372915837, -0.9383667102090489, -0.7954423760629614, -0.8693439608395555, -0.9504520069602732, -1.0666456695655326, -0.9675132763207918, -0.8776606447189547]}