{"p": 0.0, "p-emp": 0.0, "t": [59.567944049835205, 56.152467012405396, 59.4303503036499, 64.01383185386658, 62.57393550872803, 60.74575686454773, 59.08510494232178, 58.09014010429382, 58.373006105422974, 63.51871347427368], "nmi_acc": [0.3814139321436195, 0.3812443815801708, 0.36031626551253226, 0.3406716242975814, 0.3719695247817161, 0.40645247954220187, 0.4056394421155786, 0.37987358533074056, 0.3736240942931154, 0.4519390112789088], "nmi_repr": [0.2051068773816599, 0.3162161148265696, 0.29926499509216226, 0.28426541421194196, 0.28554227424675127, 0.30390748826983116, 0.31823304204126235, 0.3163879005460566, 0.3126874827932611, 0.3062468736125417], "mi_td": [0.9120185795132435, 0.9074472022724809, 0.9466490846582849, 0.9262159053053302, 1.0145322269841648, 0.9830510058775821, 0.9432590749605193, 0.9032191956328999, 0.9890701085532669, 1.0036328878235685], "nmi_td": [0.17522457557830382, 0.17475269642219393, 0.18262194440614374, 0.17748158465584665, 0.19294135371734752, 0.18669190795192836, 0.1813783801509529, 0.17379733780958628, 0.18918374827345516, 0.1913145448021564], "mi_tw": [1.4090986493312878, 1.3767699856200548, 1.353680974374308, 1.4183455204285291, 1.4482135534923302, 1.4726015699158814, 1.3723647718656227, 1.3999020097181454, 1.4174307642100945, 1.3817047453831957], "nmi_tw": [0.32577045084491635, 0.3191896096125725, 0.314499899607276, 0.32686511347807257, 0.33073144524829173, 0.33573428667179706, 0.31759739197814535, 0.3242355185948292, 0.32594572340705064, 0.31642851920528614], "coh": [-1.9201723687153982, -2.095541407470339, -1.9244499833361803, -2.0994394921689836, -2.144577090514126, -2.093269248678821, -2.140983103613956, -2.0161399671522875, -2.059706144711076, -2.0778945015207517]}