{"p": 0.9, "p-emp": 0.4465557490548113, "t": [74.77359318733215, 74.8956880569458, 74.67226076126099, 76.18269419670105, 73.87781286239624, 74.25577402114868, 76.85634875297546, 77.2579391002655, 75.83710598945618, 76.74115872383118], "nmi_acc": [0.5434994480135004, 0.5194006205254297, 0.5431989526598181, 0.5402964471032901, 0.5469004933174808, 0.535611392984303, 0.5221715934636503, 0.5467037394303716, 0.5254846544255581, 0.5059952257491072], "nmi_repr": [0.5114573638255792, 0.4879676367573668, 0.49849323371641835, 0.5154443079815376, 0.47327739207397285, 0.45684562782796023, 0.448731173808306, 0.4486909294672401, 0.49335123923081925, 0.47085469812744674], "mi_td": [2.044737375467518, 2.032036231878024, 1.986994356628638, 1.9925930288541187, 1.9945133931764945, 1.9803150244704084, 2.0993598056208835, 1.9901311953354108, 2.0417342089225046, 2.015775250042481], "nmi_td": [0.35909280056745857, 0.35606198029828373, 0.3497679701861637, 0.3505960652904872, 0.35022074728348285, 0.3488548940764129, 0.3667867548190749, 0.3505426698960656, 0.35763979667252377, 0.3534025863044172], "mi_tw": [1.672553389341125, 1.6951046885233123, 1.6956133101142856, 1.7024828116056083, 1.707224503810435, 1.6952608821236672, 1.661107779416989, 1.68735446469465, 1.6907194150768399, 1.6878697734339057], "nmi_tw": [0.3216185472682407, 0.32515479052789825, 0.3268876951543043, 0.32805069771154627, 0.3282323506689472, 0.3270894852209766, 0.3176173445630174, 0.32552183165008636, 0.32419303530591875, 0.3239575788894835], "coh": [-1.6410482511142799, -1.637264693329985, -1.609849568653391, -1.741714818567105, -1.675675769321798, -1.7153279971644781, -1.738508465428609, -1.7272775070256325, -1.616625275955992, -1.697099337586715]}