{"p": 0.1, "p-emp": 0.095546237227223, "t": [117.42413592338562, 126.3467435836792, 132.8819122314453, 126.75598454475403, 127.68944764137268, 126.65817737579346, 129.1059765815735, 124.53188967704773, 127.00591349601746, 129.22058367729187], "nmi_acc": [0.5062765131037681, 0.4955418336208477, 0.48237845131323137, 0.49479977832759614, 0.5109478493908232, 0.48718071538876717, 0.5149823267353866, 0.4703028842791618, 0.5001786221119173, 0.520093001070504], "nmi_repr": [0.38933816840436813, 0.4002597000796707, 0.40951733936077644, 0.41222944305190407, 0.3886599967880754, 0.387681346164462, 0.40521085171520554, 0.401614952246753, 0.4211014835504539, 0.39433288618854806], "mi_td": [1.7521424779860881, 1.7654271402555821, 1.7508184680387868, 1.7542260230723925, 1.8003262442113364, 1.7660381835807675, 1.746178986005021, 1.8187432057028916, 1.7545122338294492, 1.7810619773398393], "nmi_td": [0.31053615853989897, 0.3157247065652602, 0.3121192642042169, 0.31341593767497783, 0.3181304206044269, 0.3143566439959483, 0.31079623616444957, 0.3236285929674397, 0.31143949916259794, 0.31705679864588054], "mi_tw": [1.3575674241740914, 1.299238547036115, 1.332736430383024, 1.3158574213535223, 1.3305981087594774, 1.3349690052298193, 1.32835036305183, 1.30568538524481, 1.3542041516924241, 1.3064708661055255], "nmi_tw": [0.27940968788260173, 0.2702214740774178, 0.27616684027853505, 0.27336796103568073, 0.27291706165308155, 0.2761435921579903, 0.2747483551073349, 0.26997990821939244, 0.27922070175025454, 0.27027430071015535], "coh": [-1.1300452083342516, -1.159856863092523, -1.1543825880655736, -1.1516210735623564, -1.0918968135270755, -1.2788502720584574, -1.1659182356484106, -1.2053317508354064, -1.1908508266408298, -1.1849788953955713]}