{"p": 0.5, "p-emp": 0.4465557490548113, "t": [45.36608910560608, 43.36289119720459, 44.09464502334595, 40.96731114387512, 42.06177520751953, 42.31085419654846, 43.32443428039551, 48.55779433250427, 44.91251873970032, 41.941981077194214], "nmi_acc": [0.497882955474645, 0.508375548556914, 0.48646353310132473, 0.5082918611314238, 0.5245397692018845, 0.5038582692079152, 0.5502780777049928, 0.5146382608865504, 0.5129548138481661, 0.4895276301935775], "nmi_repr": [0.29162464982749037, 0.30304171326509716, 0.31359898770652656, 0.3125174593608542, 0.32501599607358733, 0.2952589845648892, 0.30505645737931386, 0.32204125532643363, 0.29434760513019775, 0.2972697038827042], "mi_td": [1.453658078332396, 1.563228202794444, 1.510725782112492, 1.4771379567886158, 1.4662059707541069, 1.4256719728944132, 1.5204806909561022, 1.4780971980709727, 1.4881691792309606, 1.436211375168323], "nmi_td": [0.2594365818540812, 0.2798463108062952, 0.271263194919262, 0.2657789724008168, 0.264596170562364, 0.25702466567778615, 0.273602821907637, 0.26605088223584256, 0.26796297312142375, 0.2575344977957061], "mi_tw": [1.9461470331095765, 1.8692428379282184, 1.824905670691201, 1.8487582941565899, 1.8251713693920695, 1.8270870453641275, 1.8452855142538551, 1.874540687863126, 1.8418021711311436, 1.927613045092409], "nmi_tw": [0.38089653311731, 0.3670742548847619, 0.35955363634641785, 0.36507729864889704, 0.3615956828817599, 0.3615788989002991, 0.36442845416030123, 0.37032030647094183, 0.3640005951624487, 0.37922570191880944], "coh": [-1.9779390921175104, -2.2010461528187757, -2.106980761600811, -2.2728528690753684, -2.1369675795165355, -2.0777917139333, -2.268925812121406, -2.12107858561213, -2.216677896992132, -2.261768224485138]}