{"p": 0.2, "p-emp": 0.19998298466944497, "t": [93.56088876724243, 94.4514434337616, 93.1162497997284, 91.71409749984741, 94.07810258865356, 92.6114718914032, 92.64881372451782, 91.33621978759766, 93.08096742630005, 92.16786599159241], "nmi_acc": [0.49624462688611354, 0.4738291187648192, 0.4880756196274699, 0.48165654823657406, 0.5035249788922234, 0.4879558562779611, 0.4847202085156755, 0.48360204571340154, 0.47394668346068647, 0.48620544357334633], "nmi_repr": [0.3954905311368353, 0.3993954349278356, 0.4214600962061156, 0.3779752292804162, 0.3924590828145076, 0.40396617260772666, 0.40729891477974767, 0.4101527289968073, 0.3913077600724647, 0.42202814789484705], "mi_td": [1.790808896021981, 1.8087217026347044, 1.7893703374284342, 1.7993566100610232, 1.8076992289277865, 1.747615578808947, 1.810519136715093, 1.7754817406093764, 1.7688505324105424, 1.7767915890785053], "nmi_td": [0.31817684987303363, 0.31906284141250196, 0.31764688870560603, 0.3178288580471751, 0.3227600832933588, 0.31044281668698026, 0.3202314119513475, 0.31499210962818736, 0.31475608502574354, 0.3171462057426694], "mi_tw": [1.244818243275335, 1.2769344914372056, 1.2648368090960325, 1.2715417201888755, 1.2025263620742472, 1.284685927206994, 1.26220286291768, 1.2603260253163118, 1.2551614230179937, 1.2417989734584878], "nmi_tw": [0.27122970955031944, 0.2757929373518149, 0.27529988030093994, 0.27507118089690485, 0.2635996186068903, 0.2798502686286597, 0.2735016030693588, 0.27411610577033735, 0.2739964382877321, 0.2721078777008036], "coh": [-1.05413779943922, -0.9755006538042986, -1.0605619229313261, -0.9806270232865979, -1.1164128914872873, -1.0970963863089769, -0.9675717315838497, -1.0940126867246316, -0.9717763403274935, -1.065693439125972]}