{"p": 0.30000000000000004, "p-emp": 0.2998810215901342, "t": [45.29305076599121, 45.68420219421387, 44.76927900314331, 44.59641122817993, 45.94334650039673, 45.03571653366089, 45.42009258270264, 45.93868112564087, 44.55119299888611, 46.153374671936035], "nmi_acc": [0.4272553725376659, 0.4129880009957846, 0.4608941586498035, 0.416419894575204, 0.42903484424434724, 0.46514524797255125, 0.44430112161379304, 0.4321392385191133, 0.41039517990041413, 0.4330728283383413], "nmi_repr": [0.3354234540456403, 0.3518442773049814, 0.36664188278460913, 0.37475609793819903, 0.3752106194021753, 0.3974780713263183, 0.39703079881270814, 0.3535854614678692, 0.3369534055816733, 0.34201544076633794], "mi_td": [1.8920977756486597, 1.9353462285769618, 2.025436748172463, 1.852336155629331, 1.951359553098428, 1.9587024721795487, 2.0094983227764116, 1.8978660706207264, 1.9038439443958324, 1.7868146554715358], "nmi_td": [0.33757327339592047, 0.34589936228918705, 0.3590731376870378, 0.33489149459230777, 0.34829959367686314, 0.3526667750796133, 0.3565909997688666, 0.3383393755858633, 0.3393879698116483, 0.3223590226097124], "mi_tw": [0.6600779133427526, 0.6650143108975288, 0.6653232143753786, 0.6680043904702475, 0.6597921404350527, 0.6487652152317456, 0.6747185125994106, 0.6770287394723051, 0.6651806731409542, 0.6917670889793047], "nmi_tw": [0.17204550835487134, 0.17377989687536127, 0.17181228779812727, 0.17752846437077027, 0.1720816707394916, 0.17137605435755407, 0.1744833184431618, 0.17626345391204268, 0.17316608313880186, 0.18326985241215618], "coh": [-0.9003748024420369, -0.8284149109858916, -0.8232820563642621, -0.8224057847965585, -0.8525075102598407, -0.9668043600891358, -0.8571490324483738, -0.749575825019434, -0.7403232144280179, -0.8298805823915847]}