{"p": 0.2, "p-emp": 0.19972388759053894, "t": [42.571587324142456, 36.20652174949646, 37.5204074382782, 37.59957218170166, 38.10495138168335, 39.423712491989136, 38.5475378036499, 37.35590887069702, 38.245908975601196, 38.920504570007324], "nmi_acc": [0.3498701037230535, 0.4304391347525256, 0.39095376592287295, 0.47686828398111697, 0.4181658063881583, 0.3730956269207332, 0.4146115802406483, 0.3944520021739372, 0.4410816308868086, 0.4361800843803735], "nmi_repr": [0.2600461438481072, 0.26632879751682803, 0.2652665923416396, 0.2690538702788763, 0.26907873631240586, 0.2696436803329598, 0.28031993459654514, 0.25149593373813806, 0.2613271605826595, 0.2735537971285256], "mi_td": [1.6346094951698351, 1.8816205696228994, 1.7474828037009837, 1.8728613149490883, 1.7680613122964717, 1.7121979902103317, 1.6639944500790675, 1.9255226384248876, 1.7496404286681704, 1.743830626393697], "nmi_td": [0.3032952419573705, 0.3372797174456755, 0.31825647534780777, 0.33769250246179416, 0.32130471794803184, 0.313781687841507, 0.3059408044073973, 0.34236268508145806, 0.31964574211699714, 0.3178285504066016], "mi_tw": [0.763966864059988, 0.844217871245925, 0.8082984183482818, 0.842879307598683, 0.7945455195695166, 0.8260693377971848, 0.8094948665468465, 0.8474098254453274, 0.8135101154944577, 0.8181624440067632], "nmi_tw": [0.17623602764113053, 0.1865995925991128, 0.18220478202454574, 0.18766250930219808, 0.17862326639648202, 0.1876550994951651, 0.18463278446092982, 0.18544398631981301, 0.18408979100168749, 0.18459884206862073], "coh": [-1.371042704666794, -1.0974840615287789, -1.1980384451140758, -1.1122357993626708, -1.2237193976014524, -1.4028689988514527, -1.3093492565964742, -0.9627350240445655, -1.1458728605600352, -1.2800056229395438]}