{"p": 0.7000000000000001, "p-emp": 0.6997992964418623, "t": [24.40312123298645, 25.319451332092285, 24.774158716201782, 24.359363555908203, 24.764605045318604, 24.437042713165283, 24.920750379562378, 25.004214763641357, 24.685924768447876, 24.824713706970215], "nmi_acc": [0.18897789345433416, 0.15683641801440426, 0.1764099155545876, 0.19353526107903485, 0.20575484802339344, 0.18112817318490976, 0.18986010444472556, 0.18421853015804698, 0.20071539455215487, 0.1725644895012965], "nmi_repr": [0.1372202012777432, 0.12968305646463393, 0.12289648398824779, 0.14141957860349216, 0.1504318461592074, 0.13581423666790582, 0.14159787260319795, 0.13616131091754619, 0.14409918149880216, 0.14785511534819104], "mi_td": [1.7890598569946916, 1.8083842037850022, 1.815056570496376, 1.8319652076683044, 1.8471557513240178, 1.7991364334523101, 1.8359384724539467, 1.7636701974240552, 1.8178486710159725, 1.8315916241073806], "nmi_td": [0.32344300821613536, 0.32552166153461637, 0.3268275609557165, 0.3303315370092253, 0.33226884100107745, 0.32526008224892144, 0.3303081178422881, 0.32039019535201124, 0.32878775112924574, 0.3287316723233284], "mi_tw": [1.724434659348363, 1.702143955755471, 1.74192132296734, 1.7390458937429667, 1.7501358442314567, 1.7123515212985891, 1.7544537381400698, 1.6859474532251562, 1.7477081740022689, 1.7499560485195864], "nmi_tw": [0.3118321267896057, 0.30646879078844563, 0.31373130378826963, 0.31364965326461014, 0.31488978212598995, 0.30964267367119447, 0.3157212196787004, 0.3063427318175517, 0.31617540270173117, 0.31415250331052547], "coh": [-2.682269194042683, -2.7809438617827458, -2.5157451285653254, -2.4313257158178834, -2.686290460001485, -2.6259863279251183, -2.6375033449908756, -2.7674375439489856, -2.6030959554579547, -2.460706620079568]}