{"p": 0.7000000000000001, "p-emp": 0.6962234989449205, "t": [53.40564513206482, 52.940747022628784, 53.51284694671631, 52.12109684944153, 51.00633668899536, 51.97529363632202, 49.94112586975098, 50.79742646217346, 52.01146626472473, 51.83093786239624], "nmi_acc": [0.2355939733758611, 0.2354773534921342, 0.23658533857237793, 0.2321439146046775, 0.23594734718602917, 0.23388581626774285, 0.22871905915670782, 0.24249984602413163, 0.22653032130513573, 0.2373279448474367], "nmi_repr": [0.2682457081317956, 0.2719837751192546, 0.2623145182782955, 0.26196849546018997, 0.26407361905282567, 0.26697558192278426, 0.2722321494208483, 0.26773420341421184, 0.25785383015162117, 0.2623999119714001], "mi_td": [2.5084986473453412, 2.529841825049041, 2.5780342880940292, 2.4859775427097253, 2.5001610870274096, 2.4953587118370986, 2.4475317877652243, 2.544698774366509, 2.5576604600114297, 2.4781404095269526], "nmi_td": [0.44152226340337714, 0.4435552747057314, 0.4519686708513753, 0.43786782989180195, 0.4400382977495101, 0.43968211250112654, 0.43208795072293915, 0.44650425179220643, 0.4481996529653029, 0.4368375696724721], "mi_tw": [0.45911701170281793, 0.46906953109889077, 0.4534121171240869, 0.46951187477621487, 0.4613049756561354, 0.4582411124955891, 0.46867950349137855, 0.45528831502332834, 0.46123892885922485, 0.4639822660077893], "nmi_tw": [0.1683610320971385, 0.17062926419543753, 0.16490633852810346, 0.17242683070150702, 0.1691501840639763, 0.16841700307594767, 0.17294883422240073, 0.16588143591255272, 0.16759999522501356, 0.17068133979909628], "coh": [-0.46516765951316286, -0.45559565570768645, -0.461877160337586, -0.4733063014551512, -0.4888698450061207, -0.4859486681470546, -0.4483108635737052, -0.4516208803437425, -0.46676422798044587, -0.47003357729229805]}