{"p": 0.5, "p-emp": 0.49601106512102155, "t": [61.69847869873047, 61.65111589431763, 64.14315748214722, 62.010231018066406, 62.59667634963989, 63.547184467315674, 62.15346121788025, 63.79561924934387, 64.64979720115662, 66.13034629821777], "nmi_acc": [0.46075566658677575, 0.49447035748281254, 0.4663270908878641, 0.4772372328908919, 0.46942978096284144, 0.4794642911459633, 0.4860360088605441, 0.48165658265738887, 0.45186693429261643, 0.46112255216831793], "nmi_repr": [0.39481024199745524, 0.3970283695194817, 0.4026171895279969, 0.3942897155815919, 0.3878877506647372, 0.4044966425506538, 0.40176719974875497, 0.40101704484203227, 0.39561400624406756, 0.41125673201740437], "mi_td": [1.839731276630029, 1.9046499599275215, 1.8633847990360017, 1.883178253798825, 1.8648855236708446, 1.8946372844777473, 1.898891036134094, 1.866416796234136, 1.953694397648519, 1.9287169417375256], "nmi_td": [0.3291337000494221, 0.33942747484432095, 0.3339710817340312, 0.33490896855231167, 0.33312302198212485, 0.3383128564772773, 0.3387984165751443, 0.33272975463577226, 0.3473296354876881, 0.3435088668594234], "mi_tw": [1.1307001359524371, 1.1099681001389903, 1.1043769737124398, 1.1339555578796374, 1.120606451735073, 1.1066425516105465, 1.1077197440924489, 1.140914622029579, 1.1067366169404984, 1.1039780377755153], "nmi_tw": [0.27288392779891923, 0.2664820395928109, 0.26718476153682835, 0.2714852258385282, 0.2698895838522454, 0.26639409594229196, 0.26636298873076797, 0.2740402007715223, 0.2648453422615259, 0.2648283436436779], "coh": [-1.4839613840566384, -1.3549296215877509, -1.4932425297097693, -1.4089389665239285, -1.3914554321010086, -1.461817169663806, -1.3070076278962617, -1.2813807952361054, -1.3131147817773139, -1.3741443503525819]}