{"p": 0.2, "p-emp": 0.19909096885549993, "t": [47.89104914665222, 48.12081432342529, 50.55745196342468, 47.53863787651062, 49.682225465774536, 50.45397186279297, 48.267000675201416, 50.26279377937317, 48.3684663772583, 47.85635685920715], "nmi_acc": [0.37383663318797034, 0.3843494493500364, 0.4103290072638162, 0.3847626671716458, 0.39840344485913703, 0.372476052327929, 0.37168517667891243, 0.3842703134536717, 0.39453858489740246, 0.40977168758628824], "nmi_repr": [0.2611233189811863, 0.2496212939312494, 0.2674389345593301, 0.2746494965134018, 0.26100367514265876, 0.2527382971586369, 0.25764873583154696, 0.24550475578721523, 0.25264491271800893, 0.262181369644363], "mi_td": [1.7653655541780795, 1.625588880800998, 1.7246230890068683, 1.5861193845287467, 1.744917422059315, 1.55809141143008, 1.636817763353898, 1.6475461485813119, 1.68140868412207, 1.7275514923518422], "nmi_td": [0.3186299111056979, 0.29908430062061053, 0.31434023460111515, 0.2933650768764126, 0.3156369647903469, 0.28810788377291624, 0.3003663108793196, 0.30081802645035827, 0.30628676802228527, 0.31293612815009736], "mi_tw": [0.9772588967409473, 0.9431902652322295, 0.9729031214124456, 0.9415613771507869, 0.9627752972909258, 0.9425356408793879, 0.9326023057940355, 0.9572908962251986, 0.9734565832340454, 0.9684491407015783], "nmi_tw": [0.20134138218364958, 0.1986302906566685, 0.2026992522427331, 0.19948791362558724, 0.19885915586729047, 0.1996362264774199, 0.19581554914622334, 0.1998461986380692, 0.2026807168863728, 0.20035308586080505], "coh": [-1.4708008704158766, -1.68605745099678, -1.6274102335912335, -1.7260603815280855, -1.5211045975339708, -1.7409217421141208, -1.6431822429909588, -1.5906540984205608, -1.6551629080471422, -1.471952740127601]}