{"p": 0.9, "p-emp": 0.8778737539815229, "t": [23.3999080657959, 23.24354600906372, 22.800026416778564, 22.24703860282898, 22.273048639297485, 23.284682035446167, 22.330434560775757, 23.769946575164795, 24.15943479537964, 22.74489402770996], "nmi_acc": [0.298448876855477, 0.2946120247057596, 0.3023092027835229, 0.30388382986009144, 0.2999188663680352, 0.30901870941054277, 0.2837067369461046, 0.2913241839077263, 0.29347642969026827, 0.2979580278819057], "nmi_repr": [0.3644919028353578, 0.38084660560822614, 0.3816973005103949, 0.37297832471506226, 0.37346841202191194, 0.4057036241555026, 0.3635773808934863, 0.3468788853035695, 0.3535314435062222, 0.36660845895317634], "mi_td": [2.274807639672673, 2.3567135119096645, 2.2388633109463942, 2.276316304930508, 2.1637705747331677, 2.1330560454011493, 2.1357481596760737, 2.248170368699534, 2.2989689273082003, 2.2998001474410747], "nmi_td": [0.4093332014890465, 0.42076598097503654, 0.40350637544123596, 0.40817602582787543, 0.39329587783042536, 0.38859796659088247, 0.387025261466474, 0.4042258039776493, 0.4121165501462339, 0.41291966033929894], "mi_tw": [0.976046296349443, 0.9758658387812061, 0.992551265599211, 1.0012657990783063, 0.979936212000131, 0.9716443183836326, 1.0077628617646244, 0.9817691345573039, 0.9772789470260355, 0.9736137205403329], "nmi_tw": [0.2958356247255242, 0.2919180798131424, 0.3016454406316562, 0.3017008554648544, 0.30211637843642253, 0.300721474425236, 0.3091007640366217, 0.2971810574924134, 0.29432743920168575, 0.2940060433081542], "coh": [-2.1615576663290494, -2.0862445869060307, -2.077715337649264, -1.9034079211493555, -2.070884399133372, -2.254773787896787, -2.248183844094609, -2.1163153023870938, -2.1243382045367953, -2.0710170108743755]}