{"p": 0.7000000000000001, "p-emp": 0.6990645435315319, "t": [20.73779273033142, 21.91749930381775, 19.816077709197998, 20.891725778579712, 20.62913942337036, 19.89466643333435, 20.861171007156372, 20.603744983673096, 21.593204975128174, 20.918219089508057], "nmi_acc": [0.40498245539560945, 0.3737667858113916, 0.40190228928066735, 0.3899067145037732, 0.3776567228339128, 0.41665505400215286, 0.3917560421320198, 0.366936557107991, 0.33337640248485395, 0.3511418384413234], "nmi_repr": [0.27173105454413926, 0.28530958876921425, 0.2645341204788791, 0.2593245951019244, 0.2672708964115349, 0.2738438702568344, 0.28121287179745996, 0.28324472373312787, 0.2689639838399011, 0.2527587529688625], "mi_td": [2.148266060493707, 2.1303547582023765, 2.0222379769171623, 2.120636607130328, 2.0711072597013302, 2.0777428828251634, 2.046702856457239, 2.136369400538268, 2.1168386135949566, 2.121581089739238], "nmi_td": [0.3789735306574679, 0.37719328696490867, 0.36078930508214235, 0.3750325772179092, 0.36722208843805154, 0.3690693028246229, 0.36545493996403267, 0.3772530015408496, 0.37350338395472477, 0.3755487110179036], "mi_tw": [1.4688586385193876, 1.3942583453790156, 1.4245162210060767, 1.4227582157751548, 1.4532516739079995, 1.4410433734469168, 1.437747816084335, 1.4609124703276661, 1.403623861769491, 1.4251567845254756], "nmi_tw": [0.3149852421616436, 0.30032293282080136, 0.3097005806562466, 0.30602496040400606, 0.313569185180582, 0.3116241178592291, 0.3128910914685724, 0.31366344241113336, 0.3010686036652896, 0.30688784352905535], "coh": [-1.7309669446475062, -1.8357042151431355, -1.7210589024477947, -1.8063428728188011, -1.8674543157307906, -1.767972452755955, -1.952272336022515, -1.7313884727548843, -1.9259482810172084, -1.9750221167749373]}