{"p": 0.6000000000000001, "p-emp": 0.5973992325054688, "t": [29.473809003829956, 30.097534894943237, 30.023517847061157, 30.392072439193726, 30.66468644142151, 29.896544456481934, 30.05054759979248, 28.7098708152771, 30.457075357437134, 30.067567586898804], "nmi_acc": [0.4510631116735565, 0.4554326740792852, 0.472181192259481, 0.45935143524080574, 0.419018293985762, 0.416905353284592, 0.48314675174654814, 0.47154866495232506, 0.43352907415355124, 0.4282727330399062], "nmi_repr": [0.3710507493341084, 0.37677770847396963, 0.3882727858626327, 0.3884878720096456, 0.358981880790886, 0.3502973374228588, 0.36048684209005427, 0.39317564467219074, 0.39685374995348954, 0.37888014348437826], "mi_td": [2.130793039060818, 2.0855776086980597, 2.121465825536123, 2.1285849747154124, 2.154312711855261, 2.0427045200357883, 2.063309993048634, 2.065306419419105, 2.0842595136315314, 2.0617102938747425], "nmi_td": [0.37700835714310577, 0.3711512285657315, 0.3752860114996775, 0.376723258108972, 0.37991026813413487, 0.36325055093240805, 0.3681814088986509, 0.37009118069312524, 0.3696246739448263, 0.3685404055363423], "mi_tw": [0.8219038745328292, 0.8293843000686147, 0.8407226414947333, 0.8486424091304499, 0.8196637647870963, 0.8459293156344808, 0.7983013694335056, 0.8249832393012164, 0.8387070248016169, 0.8322890657861315], "nmi_tw": [0.19575521824303788, 0.1990842024929235, 0.20018560263632287, 0.20219989519394366, 0.19435433317781717, 0.20285155966264531, 0.1923227017156882, 0.19988356123280182, 0.20037729915137453, 0.20098534320703806], "coh": [-1.2806840186276238, -1.2517732962017178, -1.2541320272685044, -1.2884066295230885, -1.2698991600302507, -1.176940585583462, -1.2923780615638856, -1.2833346794350398, -1.2746474949837139, -1.3171946607179739]}