{"p": 0.1, "p-emp": 0.08391393852051698, "t": [125.3430986404419, 126.6035463809967, 124.21648263931274, 125.79566669464111, 124.74625635147095, 126.00750851631165, 125.91458058357239, 126.61001777648926, 125.53632092475891, 128.21696877479553], "nmi_acc": [0.4849075546921531, 0.5145328608130245, 0.4921687899929114, 0.4844711453202342, 0.5044151384327891, 0.48145935557801484, 0.4883483002472038, 0.4977744141869817, 0.5051295825524525, 0.5201835773027125], "nmi_repr": [0.4040340255424182, 0.41100283786384206, 0.40691258974103517, 0.40765793086616237, 0.410311715654674, 0.4036987026697299, 0.39981811885214646, 0.3905287510644835, 0.39500640516391655, 0.4174621656387786], "mi_td": [1.7457498043669981, 1.781600993520469, 1.7374920613634608, 1.7974589449858396, 1.8007858985734926, 1.7445207888943397, 1.7443024191036738, 1.7922016363168463, 1.809984126069255, 1.7820932908063603], "nmi_td": [0.3114129809691675, 0.31603884087919665, 0.31057271389478347, 0.3173958621341629, 0.3190903164352143, 0.3091225282456669, 0.3096866164821764, 0.31874994826988334, 0.3206924496799614, 0.31722097336766986], "mi_tw": [1.3269371940958425, 1.3242196225663425, 1.3295051594628502, 1.3400183467696305, 1.3360081687039491, 1.354781750495653, 1.3466500620126374, 1.2945952112981005, 1.3074491919985103, 1.312701389039916], "nmi_tw": [0.27415459675067133, 0.27183044359089414, 0.27533489693503194, 0.2736210104092175, 0.27390095756545774, 0.2777520060772346, 0.2767080304854714, 0.26655309144986244, 0.26801912483425033, 0.2705465262764995], "coh": [-0.8835974895093844, -0.9067514922804089, -0.9539254676195457, -0.8859965627449773, -0.9446754477052055, -0.9660896422704097, -0.9553013222578797, -0.9727984584680224, -0.9530188679357255, -0.9319775426991272]}