{"p": 0.7000000000000001, "p-emp": 0.6962234989449205, "t": [20.451685667037964, 22.19185709953308, 25.476929426193237, 20.226803302764893, 23.14714550971985, 22.682441473007202, 20.453011512756348, 22.415816068649292, 21.434604167938232, 24.152886390686035], "nmi_acc": [0.3306384284362722, 0.2868853668570815, 0.2598794867250777, 0.28030993652773684, 0.29780887757253466, 0.2866939270160368, 0.28462180306122764, 0.27166297214244156, 0.28501940899747175, 0.2262561913404859], "nmi_repr": [0.32607707816336257, 0.33256825272508694, 0.29495455830725215, 0.3256121641832228, 0.3785810528711758, 0.28479686250483993, 0.28164404321027586, 0.28269803112800485, 0.3131305523123158, 0.28231618211969733], "mi_td": [0.6143331094856035, 0.685728839149403, 0.9439316450598855, 0.7196193379336763, 0.7297084480123717, 0.873618539512701, 0.813776660082808, 0.9077932205398118, 0.7184787955613433, 1.0071338307124076], "nmi_td": [0.1257571548659394, 0.13664595382523595, 0.18415359639574752, 0.1486528085333875, 0.14779775371111917, 0.16825710440490652, 0.15914490565057968, 0.17542456041060273, 0.14345500165796315, 0.19108569451367244], "mi_tw": [0.7307753691750919, 0.8447668247372845, 0.7427686382100654, 0.6399203690535595, 0.6460790117890387, 0.9505209639773299, 0.8714489193351607, 0.9069773053212116, 0.8524706789847538, 1.0136258972802503], "nmi_tw": [0.37852697202149654, 0.4093277833076259, 0.34208690110485873, 0.33922080113916886, 0.3258563286234909, 0.42478226982565903, 0.4036477857655097, 0.4084862703536281, 0.4150510973848387, 0.43764544638687897], "coh": [-0.7857939772248964, -0.7952034035144488, -0.6982199425399676, -0.7609259590406767, -0.7972293562221484, -0.8007145651284758, -0.7636236842429591, -0.7371522960414956, -0.8715801429841298, -0.8249423842248949]}