{"p": 0.9, "p-emp": 0.8977133716006399, "t": [17.324974536895752, 17.501596450805664, 17.518213987350464, 17.507050037384033, 17.57607340812683, 17.493623971939087, 18.23365616798401, 17.139487266540527, 16.21104383468628, 17.230955123901367], "nmi_acc": [0.2877129514266669, 0.2790254145492653, 0.28349076806070184, 0.27822803311607897, 0.28364173211558524, 0.2822707338891076, 0.28381080606416514, 0.2794897870098218, 0.272426753494242, 0.2877425131185493], "nmi_repr": [0.46664649371877726, 0.4603225194135027, 0.4842927624364054, 0.4522653385282816, 0.475129863099677, 0.46713073744457617, 0.47891113747686737, 0.4780499315289395, 0.4775697900841378, 0.461608497483879], "mi_td": [2.5221021712233855, 2.50758639306225, 2.5064794617908164, 2.5734149700842734, 2.4925893477684853, 2.5327753190612947, 2.5272348626161056, 2.528216081341184, 2.5390725427823906, 2.5327181837870003], "nmi_td": [0.44402602343517195, 0.4410383253960156, 0.4407568998340017, 0.45121865290359264, 0.4385626963672668, 0.4454485051433946, 0.44469349255592544, 0.4444011779821956, 0.4453633766148091, 0.4459766614957569], "mi_tw": [0.9419413550891204, 0.9522477026463957, 0.9548725187394015, 0.955934810483017, 0.9799333242621675, 0.9366260365691675, 0.9518391542897813, 0.9520803465373128, 0.9717527781926917, 0.9355147208147603], "nmi_tw": [0.26479450653875347, 0.26727362344444994, 0.2679262073968248, 0.26698870808632513, 0.2752066332012501, 0.2628700691331613, 0.2673502246735427, 0.2669720904597645, 0.27156810201952486, 0.26306477961419644], "coh": [-1.4578675652510908, -1.473771911935244, -1.4744182453297012, -1.4902247664871975, -1.4955656519955534, -1.4828345417958757, -1.501114347496118, -1.478727246262862, -1.4687186537762096, -1.4800870536430901]}