{"p": 0.8, "p-emp": 0.7971334324175562, "t": [16.97017192840576, 13.977206468582153, 14.030157804489136, 13.50750207901001, 11.414103984832764, 15.240695714950562, 15.419769048690796, 14.524720907211304, 13.066030979156494, 13.827223300933838], "nmi_acc": [0.39424015068816504, 0.4127714524118565, 0.4169012796641029, 0.4086681585726829, 0.3915717457907588, 0.3749854975759911, 0.3670707374424699, 0.3566819522402314, 0.3923275072635823, 0.3958854090911193], "nmi_repr": [0.33811492567806106, 0.3368727495904185, 0.34488962046706395, 0.3352527842730259, 0.3366821553739205, 0.3118437518123881, 0.31214081836795154, 0.3280435550224363, 0.293420112346381, 0.30772077813205945], "mi_td": [1.5796137175185607, 1.4577909962463165, 1.3541220957244757, 1.2649948070357593, 1.0097562764441215, 1.4102949588830742, 1.5747928599390302, 1.5098308848410351, 1.1218294338876484, 1.3103879011665875], "nmi_td": [0.28483145367847346, 0.26516537109683375, 0.2509387154828501, 0.23598754319003967, 0.19392251585915918, 0.2575253019625479, 0.2833688300188364, 0.27454243326073857, 0.2122277569337589, 0.24265334075289394], "mi_tw": [1.3638208714577513, 1.3496565004848478, 1.3261716586761076, 1.230084680233262, 1.2139264707594952, 1.37677008377988, 1.3709245860850117, 1.3650403191570692, 1.1989289502449834, 1.3248381267124596], "nmi_tw": [0.3647479485902078, 0.3656653483056791, 0.3694565590754183, 0.34613962187585995, 0.3570054319473844, 0.3751796298569764, 0.36551265758671364, 0.36965532893756314, 0.3445927925372566, 0.368672125529896], "coh": [-1.4626553073161264, -1.4544149727002738, -1.5611085992247653, -1.752565624266517, -1.619835063165551, -1.6502098409282588, -1.533306188058644, -1.5259577935003092, -1.80991322437613, -1.7559374307264295]}