{"p": 0.6000000000000001, "p-emp": 0.4465557490548113, "t": [39.56095576286316, 38.13943696022034, 38.14344620704651, 38.88020992279053, 38.36477065086365, 37.257983446121216, 38.29036784172058, 40.19105792045593, 37.72933530807495, 38.8304238319397], "nmi_acc": [0.4040563784629735, 0.41336299759136497, 0.4275365475228754, 0.4310269376258453, 0.39332526964589426, 0.43164608528478654, 0.4433794864549237, 0.4225167101591922, 0.41213419496712067, 0.3914309867142715], "nmi_repr": [0.27350095232428595, 0.24681832937624476, 0.26526334747584707, 0.28213895017033924, 0.2679538736508129, 0.26082927855993465, 0.27007275292742255, 0.2522762744472572, 0.25460705647575665, 0.23850017571148255], "mi_td": [1.903825945218396, 1.8912730770776043, 1.8550074772274194, 1.8951629272808042, 1.857976654074765, 1.844082351029818, 1.872089038247448, 1.833691898191521, 1.8282401376157176, 1.8890261385248839], "nmi_td": [0.33474453962819967, 0.3329652958149654, 0.3293101569502215, 0.3340492978989098, 0.3280464068162758, 0.3273085176162088, 0.33052291184679256, 0.3249232846510962, 0.32454931614863675, 0.33248594223450556], "mi_tw": [1.3556229053805882, 1.3555101076034555, 1.3423385031348758, 1.3808812094212304, 1.3469179589466216, 1.357244038733031, 1.3725082292239907, 1.3366143291636583, 1.3352152294514972, 1.33903844778994], "nmi_tw": [0.26101545297180123, 0.26136154057351313, 0.2611929213387992, 0.2666023608145241, 0.2605251088665494, 0.26403828946330193, 0.2654614916699931, 0.25955130387097436, 0.2597990012396632, 0.25811434633107466], "coh": [-1.8520303909607523, -1.737530772640892, -1.98416294495585, -1.845379669408986, -1.8319445193454704, -1.9487803050966375, -1.8207697271185619, -1.8478376971310726, -1.9489719108746946, -1.8070726563860382]}