{"p": 0.1, "p-emp": 0.0999792464528837, "t": [125.3815746307373, 124.9214870929718, 136.35343408584595, 127.0128538608551, 126.16577339172363, 126.82266926765442, 125.55997085571289, 125.5680615901947, 126.33764696121216, 130.7389693260193], "nmi_acc": [0.49538892692736275, 0.4949544838568206, 0.4978669652505063, 0.49103710759161334, 0.49490395190131176, 0.49227430858300053, 0.5125974175567298, 0.5033878039304666, 0.5070336067303048, 0.488817118261243], "nmi_repr": [0.41601560448561115, 0.45087655739700855, 0.4418842459588728, 0.43213806727304555, 0.4288199338173434, 0.42551671353389, 0.41299688788377326, 0.4471648261646482, 0.4270779910199489, 0.4234741796771147], "mi_td": [1.9770558000292686, 1.9735594333638429, 1.969634842811879, 1.988906657364405, 1.956736721404952, 2.034839823631349, 1.953590308611741, 1.972229620540482, 1.9261296944480728, 1.9428628704691784], "nmi_td": [0.3499727398789839, 0.34975711207589505, 0.3484924898490138, 0.3515144124450143, 0.3469827110159683, 0.3594854257511459, 0.34511439778666686, 0.34896683972286435, 0.34158906786865717, 0.3430677425844251], "mi_tw": [0.9635474137056773, 0.9712615901019249, 0.9755205178312047, 0.9691534496720849, 0.9735293819799176, 0.9320272032770662, 1.0006372619964212, 0.973611544123857, 0.992231534442265, 1.0081133380756757], "nmi_tw": [0.21711234879300517, 0.21917223932417115, 0.2196765119909606, 0.21793663918101888, 0.2198509413046063, 0.20947887736376264, 0.22488526573430984, 0.21925882649485243, 0.22410267890302654, 0.22643816945090164], "coh": [-0.8535574728076762, -0.8932114653545282, -0.8728124829748356, -0.8316567169561958, -0.8547699716206703, -0.8080339209965921, -0.7706826484416244, -0.844667918988835, -0.9090184030104831, -0.8724574020798865]}