{"p": 0.8, "p-emp": 0.7857473403878206, "t": [15.316256284713745, 13.937234163284302, 13.900781631469727, 19.78715443611145, 17.343751192092896, 20.61998748779297, 18.39376425743103, 16.248572826385498, 16.66884708404541, 15.858479022979736], "nmi_acc": [0.23115610245153048, 0.19452406483386808, 0.19576545880917193, 0.1724497235599645, 0.18515431836847351, 0.2195544884543216, 0.163532612976341, 0.1668936208709001, 0.16821875641453363, 0.18473269190448544], "nmi_repr": [0.2509002789837377, 0.2962793719138354, 0.2148425511346038, 0.19563194006660123, 0.19555594788212183, 0.24290660199189662, 0.35369367901705767, 0.35180671318872414, 0.19157116421497364, 0.18208975355901091], "mi_td": [0.3003649309168982, 0.38660239537929963, 0.3778289375354186, 0.6925150651113484, 0.5998785701205872, 0.30255458152112036, 0.4669038722095662, 0.5133099423521519, 0.6564122867982763, 0.5297780692292413], "nmi_td": [0.06762557281957522, 0.08162012897597058, 0.08057664851070973, 0.13909033639357612, 0.12729246889959012, 0.06491975651687795, 0.09619203293248668, 0.10550637473551065, 0.1344746715161869, 0.10954543202050401], "mi_tw": [0.30833351719339075, 0.4927889962628127, 0.4726238361307789, 0.6939218027904063, 0.33534826338827917, 0.7382055353549357, 0.7736001785898549, 0.8034937614643127, 0.5331605903520242, 0.5564065332667908], "nmi_tw": [0.2441563358821431, 0.31632210509726694, 0.3129280883072551, 0.38547959792505093, 0.21862951272350234, 0.4982138714498823, 0.46181295988457066, 0.4764358308919894, 0.31314994752347003, 0.3357075958528], "coh": [-0.27703152237987094, -0.2876684261221724, -0.27450841350394967, -0.28289837814599633, -0.281520960369633, -0.275253082002878, -0.27714216177613277, -0.2706143399168364, -0.27094210574711786, -0.2739246888698584]}