{"p": 0.1, "p-emp": 0.08329262114722003, "t": [108.96282172203064, 111.5860276222229, 107.03835964202881, 108.34563064575195, 112.59341740608215, 117.56191611289978, 115.55461144447327, 118.58087015151978, 118.51363945007324, 122.86277890205383], "nmi_acc": [0.5035744521569026, 0.481206527674707, 0.49240579799752004, 0.4919952161430614, 0.48617694057011684, 0.48286978997040025, 0.48859100426997115, 0.512914363031401, 0.4912349367423779, 0.5020865009537195], "nmi_repr": [0.40660474992902934, 0.38326817479526365, 0.3795215309405627, 0.3883434591648319, 0.4009559284413301, 0.376852092042283, 0.3750779678418536, 0.3945969750385331, 0.4000996625330336, 0.3956103494732237], "mi_td": [1.907847124001391, 1.7987381579295083, 1.8380497683083539, 1.8049756443026372, 1.8101660854725314, 1.8607107873917292, 1.8309460307422203, 1.8349700482410916, 1.8805023236865877, 1.8584026593462055], "nmi_td": [0.3367551106268981, 0.3197040785509564, 0.3278789341850344, 0.32228839983643365, 0.3226418172464814, 0.33095685691958365, 0.32543237223075583, 0.3270994249767985, 0.3341566073327547, 0.3295351834077892], "mi_tw": [1.129529239129528, 1.1349787826853257, 1.091140614719082, 1.116985619680004, 1.1250894990192188, 1.0957368754111685, 1.1182711323599237, 1.1077844929460505, 1.0907744081896398, 1.1180878793136246], "nmi_tw": [0.24442520910741508, 0.24770160950069067, 0.23919813723465258, 0.2451530295858224, 0.24639343254961346, 0.23934857160742895, 0.24405871162912127, 0.24263699322425772, 0.23798427746749384, 0.24331397087925843], "coh": [-0.7609638341291437, -0.8242498911717421, -0.8876064255268631, -0.8805119133280244, -0.8538483767533241, -0.7630868757287207, -0.7846816869017676, -0.8249640190553817, -0.8106967692945602, -0.7310877482029405]}