{"p": 0.1, "p-emp": 0.0999792464528837, "t": [60.75171160697937, 55.26003837585449, 56.613290548324585, 54.772863149642944, 57.5417263507843, 58.760950803756714, 56.06004023551941, 54.69148397445679, 59.133005142211914, 56.288410663604736], "nmi_acc": [0.36285991199197937, 0.35355881650445165, 0.4238466240504938, 0.37443947802232963, 0.4294407381331599, 0.39401817951806073, 0.392717561023719, 0.43868178480576553, 0.40275263575932596, 0.4527782464383733], "nmi_repr": [0.29790380476652656, 0.2778571668651362, 0.2662731498684239, 0.30051504243250643, 0.2815744755511077, 0.28474305397750826, 0.3218542279976726, 0.23896592206851722, 0.25416699913710794, 0.28810604442905774], "mi_td": [0.8861259551160827, 0.8270319042918164, 0.8508687661531205, 0.7910777840685737, 0.802511474174956, 0.9756873104868276, 0.8540196572848278, 0.7642126420780258, 0.8182406333545748, 0.8432437805359545], "nmi_td": [0.1695917966714021, 0.15721501578904554, 0.16092422411760016, 0.15274501107969077, 0.1541385935029089, 0.18354324049783655, 0.16271821136154227, 0.14427054644460252, 0.15668581835148412, 0.16117149392611238], "mi_tw": [1.3157580990554316, 1.3731590957133006, 1.4311240790872217, 1.289686512919246, 1.2972225676973512, 1.4283486050646517, 1.3717222543775722, 1.4513816064657907, 1.330465632266598, 1.3184901523035994], "nmi_tw": [0.3278009013537007, 0.3391054827395025, 0.351090136110983, 0.3250286389458297, 0.32468958769980455, 0.34797994958197065, 0.33976229367855576, 0.355215183836786, 0.33170287659027886, 0.3279167056710325], "coh": [-1.8044746355098207, -1.6181716644599813, -1.50880850160245, -1.798041728267289, -2.0069686621508023, -1.8939941839989376, -1.7438182699610838, -1.5767026418232102, -1.6578390036381525, -1.3273891484271743]}