{"p": 0.5, "p-emp": 0.49601106512102155, "t": [34.9626259803772, 33.477230072021484, 35.64462900161743, 33.898130893707275, 33.951261043548584, 33.142401695251465, 34.37879157066345, 32.037514209747314, 35.31919264793396, 31.939889669418335], "nmi_acc": [0.3539249071564064, 0.3714000756306284, 0.36866256686660237, 0.3652137046269118, 0.36496395492772354, 0.37036620208249854, 0.35591311177874946, 0.36460169243587104, 0.34708292840527816, 0.3540766772181449], "nmi_repr": [0.2649062984383446, 0.2848411631479304, 0.298848151684261, 0.28498214710741926, 0.29195973275376896, 0.27841982111888086, 0.27396462286395545, 0.285277030584638, 0.2922553794894545, 0.28299401175462935], "mi_td": [1.720605461441076, 1.4185045534899554, 1.6625809741782955, 1.5936889298068824, 1.6433701443749082, 1.5088851971613275, 1.4408073181022454, 1.2839294692221708, 1.6842694266166207, 1.5662983750508177], "nmi_td": [0.3124286479270262, 0.2691781569161742, 0.30397919118156885, 0.29578041205984124, 0.30274004374656227, 0.28245839842463455, 0.27150250000389464, 0.24744651086400823, 0.3082148241805037, 0.2907232031963042], "mi_tw": [0.8494912042850866, 0.8148583095350159, 0.8491984882532623, 0.8394259480961204, 0.8353154537697202, 0.8072286884691374, 0.8264419839547728, 0.7593531971936016, 0.8434536231855447, 0.8429437608563681], "nmi_tw": [0.209177689500023, 0.21310925376169051, 0.21107043533251052, 0.21294498917765933, 0.20976100865013247, 0.20720077355000313, 0.21406556006197144, 0.20289354599942475, 0.20989268484638457, 0.21386386624997178], "coh": [-1.4636209901173758, -1.6850533001180992, -1.4929793202070472, -1.8322532073532056, -1.8685917411278257, -1.5930963999037453, -1.773015144879014, -1.992370663199981, -1.4369118137188355, -1.7682363442918283]}