{"p": 0.6000000000000001, "p-emp": 0.4465557490548113, "t": [75.53583693504333, 78.03947567939758, 76.02327489852905, 77.40131950378418, 76.61265420913696, 78.34438347816467, 78.84892058372498, 76.89622282981873, 76.19342565536499, 75.67326927185059], "nmi_acc": [0.5373424008462403, 0.5516647826179916, 0.5395264640084562, 0.5192225569890944, 0.5557315209271262, 0.5296529219779817, 0.543230049786311, 0.519527493761448, 0.5438287066836209, 0.5096912154693578], "nmi_repr": [0.49709448318061905, 0.5154130562616664, 0.5002288737090894, 0.4736583097125429, 0.5002742826642749, 0.48487147465467717, 0.46035763104445326, 0.47910398041300273, 0.47813753679462706, 0.48361025234585076], "mi_td": [2.015158854813976, 2.0044744014292544, 2.005120902301752, 2.0340258816933625, 1.9956957381136307, 2.052042902233819, 1.9770729307963388, 2.019608733589033, 2.0074525976722315, 2.017381259024063], "nmi_td": [0.3542310640341993, 0.3528923671495679, 0.35247566656387413, 0.35657359890006585, 0.3517818636717959, 0.3596998614712406, 0.34840184826783754, 0.3537425783854972, 0.35245894192675853, 0.3537454291979008], "mi_tw": [1.6933412481813002, 1.682084241099123, 1.6928156718610137, 1.6919554853746108, 1.681254581585091, 1.6686116546940577, 1.6962885894306097, 1.7114542525072025, 1.708693952147601, 1.6973121659366317], "nmi_tw": [0.325951176608427, 0.32432722033122147, 0.3258592268285552, 0.3247131887187359, 0.32460686184682763, 0.3202017560722313, 0.3274093168682132, 0.3281469607869584, 0.32848034948292165, 0.3258316771570777], "coh": [-1.6721440070593048, -1.667722656247412, -1.616167596873484, -1.626897170058187, -1.6385557686129435, -1.6488645131424806, -1.6961588015910334, -1.6729032506052608, -1.6123760553705915, -1.6172764322807347]}