{"p": 0.0, "p-emp": 0.0, "t": [55.27450609207153, 56.46433401107788, 55.371065616607666, 58.54121804237366, 57.669267416000366, 54.46394681930542, 56.174991607666016, 53.09846258163452, 57.70491909980774, 56.142818450927734], "nmi_acc": [0.46432830342788406, 0.4469714900155186, 0.4492621833569076, 0.4129575127060158, 0.40640213261003805, 0.4549715237962475, 0.44525697892755894, 0.4550381258876763, 0.3902154802903134, 0.4046018977245082], "nmi_repr": [0.2745822192775948, 0.2800843722060608, 0.26150687307562814, 0.27054592257449295, 0.29335332221789157, 0.28296474154963447, 0.28097747506096077, 0.301666149481129, 0.2924332163444446, 0.26427023815743883], "mi_td": [1.603432949240576, 1.7658707018914672, 1.6950467512446814, 1.5471813419196718, 1.6430176709718887, 1.5993743586582605, 1.537149415260996, 1.5914539380855017, 1.5998779378601506, 1.6810148729896464], "nmi_td": [0.29537978596696063, 0.3182437398316699, 0.30939707581790926, 0.28845159268252596, 0.3015296951710772, 0.2948413815267864, 0.2853587328919527, 0.2938040489569878, 0.2950894365567007, 0.3043072384558716], "mi_tw": [0.8140031185059204, 0.8537671491830139, 0.7957120120950527, 0.782683601522489, 0.804536445108611, 0.7957273792594716, 0.8015287741349323, 0.821209269871994, 0.7947033504705622, 0.8440278572276012], "nmi_tw": [0.17894283592134852, 0.1828438599339594, 0.17301371248919012, 0.17453763430340136, 0.17606584336911565, 0.1750735443620603, 0.17782882291281302, 0.18099082968566246, 0.17495807781246392, 0.18172044090232614], "coh": [-0.9436625613130969, -0.9268974493584172, -1.0423403153513977, -1.1721915296142338, -0.9254511589016328, -0.9201125397222434, -1.042430238390415, -1.1928114992823102, -0.9729302629355374, -0.8344861717552913]}