{"p": 0.1, "p-emp": 0.09999987109598063, "t": [57.80342888832092, 62.16451096534729, 52.33755159378052, 50.99917125701904, 55.518603563308716, 56.507540225982666, 59.32630801200867, 54.768688440322876, 53.16149163246155, 57.41068506240845], "nmi_acc": [0.4435079666576878, 0.5125834506562914, 0.4006563985043021, 0.38954671486883496, 0.42987169830323013, 0.43325869287935376, 0.45365712732945135, 0.4061702994618491, 0.4500963731037691, 0.45351742426769287], "nmi_repr": [0.30153203663880035, 0.24842873371049745, 0.2533470472521416, 0.31078113357011367, 0.25298973660901336, 0.2312060609718544, 0.2500894416027626, 0.2380218183727648, 0.20516632073333688, 0.19000367053663023], "mi_td": [1.0362474772342902, 1.1509986849689593, 0.9682072283782246, 0.938819519653491, 1.0082405563696677, 1.119843063928128, 1.111769759760305, 0.9851419745336766, 0.978790162671154, 1.0937598767580252], "nmi_td": [0.19296463514818232, 0.2109315653068526, 0.18365599565305205, 0.18125397285221645, 0.18763181623216568, 0.20724596969522832, 0.20337178525338287, 0.18625555065489124, 0.18226172277326697, 0.20147420751453793], "mi_tw": [1.5763286073744502, 1.590565500122242, 1.55882495097653, 1.3596564887867604, 1.5679845990054204, 1.6167249627950713, 1.6713410151233141, 1.5182787982099701, 1.4731802089414912, 1.4869271656080312], "nmi_tw": [0.3529390622130683, 0.3493530075192625, 0.35687374444539893, 0.3179940314664417, 0.3508066669874586, 0.35930428048064667, 0.3662943788323781, 0.34621654196499896, 0.32983656022822944, 0.32860756620940607], "coh": [-1.9292038480726335, -1.9418498297484563, -2.1011068574045155, -2.0051433812391544, -2.0202641862452375, -1.9060480701112115, -1.9951514942419, -1.9480858340768628, -1.8745247027533323, -1.9369673053193341]}