{"p": 0.6000000000000001, "p-emp": 0.5999399307269799, "t": [27.31839370727539, 27.54608178138733, 28.4799644947052, 27.240893363952637, 26.354730367660522, 27.994821548461914, 27.11510992050171, 28.9484703540802, 28.28572988510132, 27.59160566329956], "nmi_acc": [0.3562216683186082, 0.3705719838701331, 0.387435857028037, 0.4044448736701781, 0.3758644678365987, 0.3687950454587042, 0.4035829935475002, 0.3933184793124023, 0.3670627593189711, 0.37288812979399244], "nmi_repr": [0.33504121047914015, 0.3118776010139207, 0.33346941940744146, 0.2727860428413201, 0.2821589612035967, 0.34654156301921557, 0.29333842585880343, 0.30657825715039316, 0.32748293588258115, 0.3271951374453067], "mi_td": [1.0435652583221953, 1.0240218900037366, 1.041459075894187, 1.1568827466505929, 1.052373460981027, 1.0926163886351759, 1.1783746434365856, 1.0409759096560673, 1.0774946843068551, 1.0023615355881939], "nmi_td": [0.20038871195488106, 0.19444073248872862, 0.1990838171777825, 0.21411205443939105, 0.2012330463421486, 0.2083602100155239, 0.21765525182225406, 0.1991487748187406, 0.2044600100984813, 0.19284225606969765], "mi_tw": [1.4555966731329044, 1.5478779661745499, 1.5272634915093248, 1.5976522198981358, 1.4589432611413775, 1.4982584162464911, 1.5776649227856065, 1.5085839717551615, 1.443228973383341, 1.4507252099976644], "nmi_tw": [0.3848815683440802, 0.4030168170601779, 0.40133178672938397, 0.4016831576946487, 0.3835433824223633, 0.3924082597174708, 0.3955852722985789, 0.39685416668931955, 0.3754319752750778, 0.384597539337563], "coh": [-2.301697055637448, -2.3025634876451844, -2.3227068936243125, -2.298258050114902, -2.2036846275221937, -2.245854735563396, -2.2246079775738985, -2.3626781091629843, -2.270953411521287, -2.3439195019074086]}