{"p": 0.7000000000000001, "p-emp": 0.6985321699315906, "t": [26.191290378570557, 26.074279308319092, 24.834641695022583, 25.962334394454956, 26.123321294784546, 26.080045700073242, 26.17769193649292, 25.378525495529175, 25.922959804534912, 25.201322078704834], "nmi_acc": [0.39666135327734736, 0.4119579177389505, 0.44021777584581123, 0.4050339863444116, 0.40475090543660863, 0.4007483086353666, 0.45084902516125147, 0.43889024499759866, 0.42595778900930875, 0.4404457386710958], "nmi_repr": [0.3460202144735486, 0.3470981589647134, 0.3743083650485479, 0.36917961011753575, 0.36334938095594377, 0.3533036490202607, 0.3652066071562567, 0.34764686590870114, 0.3589517746386873, 0.391650818924356], "mi_td": [2.1813104345662766, 2.1918695833668407, 2.0877216250628488, 2.138714532707992, 2.1599509313472987, 2.110848122257831, 2.1734021992610013, 2.122185793166684, 2.1793414996873337, 2.139769120596178], "nmi_td": [0.3854350943068676, 0.3878881966834441, 0.37264570436998706, 0.3795691453125776, 0.3815956433525514, 0.37758605020805286, 0.38291432425093946, 0.37681845815251647, 0.38562024525293803, 0.37933543404065284], "mi_tw": [0.8037202928997925, 0.8388317858026868, 0.8420601446985331, 0.859370913717421, 0.8428631301355352, 0.8149333960574944, 0.8337799240703561, 0.8322791237692547, 0.8599703258250962, 0.8645235489521985], "nmi_tw": [0.19756402074332205, 0.2066300805960835, 0.2099253635274892, 0.2125372184087118, 0.20713652341879799, 0.20377503176012185, 0.20411995934134883, 0.20597616389991902, 0.21179824220463886, 0.21348148396412223], "coh": [-1.3708033472517687, -1.2024457781621893, -1.2874238701845464, -1.2976328415014353, -1.258567870810138, -1.4034794050015773, -1.3184020684691868, -1.274969770808911, -1.3374172091727745, -1.225694795071373]}