{"p": 0.0, "p-emp": 0.0, "t": [140.05224442481995, 138.05519580841064, 139.0676884651184, 138.24994683265686, 139.139169216156, 140.98542261123657, 136.77144837379456, 135.0000774860382, 138.49494528770447, 139.9753453731537], "nmi_acc": [0.4918409954160462, 0.4964897788783881, 0.4932145834577564, 0.49912265247978843, 0.49550956088484827, 0.5073334481723987, 0.48359238114943615, 0.47853743350491057, 0.48192960738435, 0.4943751421828988], "nmi_repr": [0.3978404680850629, 0.3821958321073847, 0.3844192559212316, 0.39567610010793186, 0.4124664312703539, 0.39475861974233006, 0.4029589449149751, 0.39254824749299, 0.41412445571120315, 0.41976167622382937], "mi_td": [1.787630128471789, 1.7687132622752686, 1.7568390590555243, 1.7272577705823355, 1.7727657492719868, 1.753010647661803, 1.7645279071319047, 1.7369631286031875, 1.7347993488836582, 1.7825950719345383], "nmi_td": [0.31711722329538355, 0.3137391371142242, 0.31178040210603297, 0.30854323605710876, 0.3138468189372407, 0.31133571326963133, 0.3141836975043029, 0.30920022597844327, 0.3094455553378898, 0.3157694288954693], "mi_tw": [1.2311767870222428, 1.2289077456914852, 1.260103928640041, 1.2436106555895894, 1.2580784312904776, 1.235341118703794, 1.2403767778296246, 1.244696118265153, 1.2538890146099095, 1.2449331179618326], "nmi_tw": [0.25877529757405815, 0.25827660522037293, 0.26498160576193625, 0.2635502655501805, 0.2637986938411842, 0.2600066247096578, 0.261859161343188, 0.2626950615921238, 0.2652760682009166, 0.2612210953745471], "coh": [-0.7685075093326813, -0.8700206294583964, -0.863050467492583, -0.9365173280262062, -0.7184688847120899, -0.7935482523179287, -0.8441963092880609, -0.815764643711512, -0.9599237864108806, -0.6968668816727759]}