{"p": 0.2, "p-emp": 0.19527412084236195, "t": [61.61552309989929, 55.84626007080078, 56.62813448905945, 57.09603691101074, 59.84843420982361, 66.45248627662659, 54.233813524246216, 59.44400119781494, 61.46768760681152, 59.735039710998535], "nmi_acc": [0.43633585374421496, 0.4547724538836, 0.47053340519889747, 0.4653242201066817, 0.5013154848042527, 0.49691847648524273, 0.4218960516673529, 0.4580813635961918, 0.48395515680158685, 0.5117824631521755], "nmi_repr": [0.28547080096624794, 0.265665851156109, 0.28011666100160243, 0.2848482952630436, 0.2615817853875631, 0.27345946104723545, 0.2673046345477497, 0.2576608915182594, 0.27663303026806135, 0.271090298237393], "mi_td": [1.170066657938356, 1.166669881479434, 1.1523851670150762, 1.2121256142070147, 1.192315539968299, 1.2114861148932832, 1.134081996680312, 1.2121447917549206, 1.1974163422766633, 1.1497010259090628], "nmi_td": [0.21406039743506544, 0.2140128945383446, 0.2124852895317342, 0.2222187912487139, 0.21733443293398352, 0.21981881765992864, 0.20884997577545236, 0.22203142608767693, 0.21848313455474194, 0.21130457441418599], "mi_tw": [1.7077427830651748, 1.7486740991845255, 1.665007055551914, 1.6899272839815318, 1.6879996607501286, 1.778856271984914, 1.6605301540914927, 1.7393231792999926, 1.7397840302301875, 1.6941224723419661], "nmi_tw": [0.3520984988228875, 0.3616305692274455, 0.34633598863753806, 0.3492468693792927, 0.3465966833088608, 0.3633715184097594, 0.3449195310732488, 0.359107195440331, 0.35763324343455966, 0.351106743933423], "coh": [-1.8173598451053798, -1.9075676796661454, -1.9041037529217468, -1.863470287190799, -1.882313731054934, -1.8230738293921178, -1.898839478435005, -1.8030347484380074, -2.242105717049062, -2.0289968116281694]}