{"p": 0.0, "p-emp": 0.0, "t": [57.01292133331299, 50.390517234802246, 50.17041254043579, 50.130287170410156, 49.60598397254944, 53.61938428878784, 49.04922342300415, 50.49872899055481, 51.10336995124817, 50.86079955101013], "nmi_acc": [0.45383936194265384, 0.396928567461341, 0.42662222062224653, 0.46305814624062974, 0.4592614709995503, 0.43630323336707566, 0.4686784155721208, 0.4341861029833126, 0.46538118599692535, 0.4336302152955672], "nmi_repr": [0.30598022844305195, 0.27696701001145213, 0.28102718849153646, 0.2916100614841024, 0.28880271409148883, 0.30342190495262156, 0.28053212556361734, 0.2697074303015942, 0.29271916268695386, 0.29113141674250276], "mi_td": [1.7150023572902189, 1.6474650862237077, 1.6869883718650063, 1.6420068755814423, 1.5817241969068805, 1.4316419296052145, 1.5675587714791361, 1.695206299965537, 1.6350107236326505, 1.5513600248388713], "nmi_td": [0.311187298414092, 0.30154895977356816, 0.3066592076020393, 0.3017917978404627, 0.2925267801767303, 0.27025062290158947, 0.28898896903019916, 0.308081630562672, 0.30095164165460603, 0.2889650302647195], "mi_tw": [0.8332764095438924, 0.8178727320277362, 0.8348212153817897, 0.8209178158643428, 0.7843236229409898, 0.7586452785081904, 0.8058409170706419, 0.826892842568595, 0.8135209172801475, 0.7752737582029788], "nmi_tw": [0.1799058222803549, 0.17842209219115127, 0.18062835793984103, 0.1799690580646708, 0.1732282905036215, 0.1717153861262851, 0.1773080130601086, 0.17886355668246923, 0.17866304811652362, 0.17269537008325084], "coh": [-1.202633448062044, -1.042065448875516, -1.0038871994609853, -0.8778947130990022, -0.9785126311767038, -1.2389115822333998, -1.0497445489375887, -1.0463836689506858, -1.026489362079929, -1.1251444592901576]}