{"p": 0.6000000000000001, "p-emp": 0.5999837580935612, "t": [56.07088255882263, 54.487027406692505, 52.990434408187866, 54.39455270767212, 55.644920110702515, 59.34036922454834, 57.48114800453186, 58.81918501853943, 58.85820937156677, 58.77607703208923], "nmi_acc": [0.47020305710593985, 0.5106271318239365, 0.49510806278288716, 0.47859427816903793, 0.5054813189422651, 0.5079879964206971, 0.4899963418648054, 0.5196421817892376, 0.4747159573738465, 0.510210590694451], "nmi_repr": [0.45110461591915096, 0.4716226742424282, 0.4527023857314669, 0.4654083380424954, 0.45453535780635973, 0.47413267815277865, 0.502181714506294, 0.4862980050247271, 0.45674309358883797, 0.45075510815471037], "mi_td": [1.9847276203350819, 1.9414653138888287, 1.9448593121699531, 1.954885855846073, 1.937762498978331, 1.9492687668285327, 1.9879554704605646, 1.9457409038209723, 1.9701578100757917, 1.9331358578324538], "nmi_td": [0.35408288841100066, 0.3477939405189877, 0.34829697090542083, 0.3490984585089215, 0.3470034169931604, 0.34874635362772605, 0.35521784637095905, 0.3483105697737258, 0.3509737306149334, 0.34615816298737473], "mi_tw": [1.9271590038710742, 1.9409580953289793, 1.923806671889787, 1.944319139111658, 1.9382653492232504, 1.9415002735926499, 1.9222368764960867, 1.9386154006483687, 1.941178884275136, 1.9433410452648583], "nmi_tw": [0.35446529212794653, 0.3585223269062165, 0.35524382188916603, 0.3579804573158471, 0.3578896643656873, 0.3581507286349317, 0.3541346206542087, 0.35782551915987526, 0.35651005231369803, 0.358808969543279], "coh": [-2.166919579721048, -2.142569392109423, -2.210283712516217, -2.1925624969032986, -2.1226943970274297, -2.0847651277607646, -2.1717523364134097, -2.130027283034501, -2.157998337967103, -2.1732294610202487]}