{"p": 0.9, "p-emp": 0.8977133716006399, "t": [14.701025009155273, 14.81736445426941, 14.695303678512573, 14.44914984703064, 14.566184997558594, 14.983603239059448, 15.330064535140991, 15.207473039627075, 14.917516946792603, 14.957420110702515], "nmi_acc": [0.26593046329115333, 0.26695784048454274, 0.2649670541299077, 0.2787357174903813, 0.27083438033180135, 0.28136759294336405, 0.2661317399747467, 0.2774994004021794, 0.27259477795987347, 0.27598969492547204], "nmi_repr": [0.35795752249883295, 0.36775003635459796, 0.37516404460685615, 0.376763390610919, 0.3658792335578481, 0.3431706637902764, 0.3532434454995914, 0.3704307124047434, 0.36535685567872, 0.3626067307968875], "mi_td": [2.2694539856050264, 2.2366003029481787, 2.2271147942790424, 2.2581088080390024, 2.240225809924431, 2.2758263133216756, 2.2264561516636334, 2.2811288593413637, 2.28062470474074, 2.2874126499288714], "nmi_td": [0.39740646649338834, 0.3939843822708871, 0.39314787757370556, 0.3980049278067274, 0.39371432372284537, 0.4010483596862312, 0.3934296166699392, 0.4013390092548461, 0.4007534896316893, 0.4017144278218493], "mi_tw": [1.1404864750893595, 1.1302308673852455, 1.1404358174686515, 1.1023523683081802, 1.152165109042677, 1.062398509545654, 1.105545931772893, 1.1083018602975407, 1.1179843541716807, 1.1114379871948221], "nmi_tw": [0.3178756257758191, 0.318011883595153, 0.3219747426174579, 0.31045648980886786, 0.3229927520521286, 0.29910964785091587, 0.3126302356907649, 0.31123574542737925, 0.3133347931729, 0.311213581561564], "coh": [-1.4990192084538645, -1.5881457785404727, -1.6151291863489845, -1.4474399124635595, -1.5139492519007662, -1.5692406149660794, -1.6246763861031517, -1.5314545530496182, -1.542859311914389, -1.5612499730936986]}