{"p": 0.2, "p-emp": 0.19527412084236195, "t": [40.441922664642334, 40.900625228881836, 41.5381383895874, 44.25906467437744, 42.4319953918457, 41.07551550865173, 41.82683277130127, 42.22115778923035, 44.605772972106934, 42.04268550872803], "nmi_acc": [0.42125416558318635, 0.4535082648020417, 0.4414272779620303, 0.3771776782208735, 0.4179187770237048, 0.40571674241427513, 0.43014059196300436, 0.41304191757893133, 0.4280210718049599, 0.4256746341534769], "nmi_repr": [0.24188362991864157, 0.2682580553991853, 0.2799079058746503, 0.2809385399578834, 0.2575445835402913, 0.25318175870909504, 0.2673386017109398, 0.28493633310985533, 0.26347139279761633, 0.2724194949079524], "mi_td": [1.7930154988589366, 1.67951814164429, 1.7983805206262846, 1.805222744976796, 1.7212801579657553, 1.7839391223325252, 1.746933702145048, 1.8279382815917635, 1.754593456224319, 1.6860200795650695], "nmi_td": [0.319762789434025, 0.30448514362228846, 0.3224774762601422, 0.32339237514635555, 0.30963630362846023, 0.31820906140106725, 0.315502481710976, 0.32663721112348587, 0.31584470538772025, 0.3066114385536031], "mi_tw": [1.0643148711526027, 1.0172760475134683, 1.0490826816051442, 1.024344052070008, 1.0307040059413242, 1.0395239443197408, 1.0436552251925555, 1.0338779775406985, 1.000324964535459, 1.0085365181205344], "nmi_tw": [0.21322732313910112, 0.20760505539687965, 0.21147068246533088, 0.2062602385190907, 0.2085109511972507, 0.20830840401230377, 0.21207698114735726, 0.20759099964967734, 0.20252087149170941, 0.20654000341299883], "coh": [-1.2322811786877126, -1.2663152570806153, -1.2692391129711567, -1.168438552941952, -1.2511169537607176, -1.055786547805849, -1.2480933502720333, -1.1260628578514906, -1.294259183794405, -1.1988009349832527]}