{"p": 0.9, "p-emp": 0.4465557490548113, "t": [39.91739773750305, 40.41727352142334, 41.444804668426514, 40.33534574508667, 40.914366722106934, 43.79604172706604, 45.12491273880005, 47.222862243652344, 48.311450719833374, 38.802165508270264], "nmi_acc": [0.5327433258988763, 0.5030303845477562, 0.5519665456632371, 0.47731586544091076, 0.5120029523560801, 0.537222862673165, 0.4979878584250879, 0.4936820490287573, 0.5095054039630302, 0.48749839510824533], "nmi_repr": [0.30027327240518703, 0.3145875350156044, 0.32703032545604555, 0.31740194261004556, 0.293124341814963, 0.3000679703549401, 0.30741935659434416, 0.30661569570187397, 0.30635423432151704, 0.30873331098551904], "mi_td": [1.4987373826219814, 1.5728965066988871, 1.4538010883914434, 1.4109934164466644, 1.468342346771986, 1.503533323167779, 1.5134559600203625, 1.579641946826451, 1.6156503440447894, 1.3890098905162442], "nmi_td": [0.27172846489203467, 0.2810040810675468, 0.2629061806259297, 0.2552208966278746, 0.26350842889366793, 0.2696621260178463, 0.27215209356256737, 0.2802656957230544, 0.28705603342173275, 0.2514414124580459], "mi_tw": [1.7664117286027412, 1.9122162986534303, 1.830632524765088, 1.8253781917790008, 1.8817354280144272, 1.8845526425728985, 1.8256627937191756, 1.9339587584636928, 1.905988184270779, 1.8332910563654738], "nmi_tw": [0.35174728617771356, 0.3746750756161868, 0.3635104048852576, 0.3625545202861074, 0.3705276585420821, 0.3708384476904912, 0.3602819250378161, 0.37607507667757684, 0.3712051449584264, 0.3644395425810137], "coh": [-2.1518775706901576, -2.059726979372806, -2.063244602830967, -2.1506054451375225, -2.1465860423597514, -2.164918309345916, -2.14286627199478, -2.185427005010754, -2.147808398348357, -2.1094586920251905]}