{"p": 0.5, "p-emp": 0.4997570159235135, "t": [67.07049512863159, 68.36369013786316, 70.6566059589386, 69.06924557685852, 67.3155038356781, 67.46628737449646, 68.44428133964539, 71.23829054832458, 65.75385355949402, 68.77940106391907], "nmi_acc": [0.473509610004298, 0.49655796715145906, 0.5350174707001016, 0.5116646019777932, 0.5071609456799532, 0.5091869586396957, 0.5006800853184261, 0.5123526982714856, 0.4883539414320303, 0.5170310759995898], "nmi_repr": [0.4114129280787919, 0.4276360500448352, 0.41057435992694025, 0.4299673467349906, 0.41739866967870354, 0.40005206261375464, 0.4137921319613703, 0.4394391924105598, 0.44018309143873297, 0.4422832616804265], "mi_td": [1.8938831792673776, 1.8958997293930193, 1.9174436730651336, 1.889294012940173, 1.8559910944895388, 1.8639792096008916, 1.8575369898061496, 1.8615916590482682, 1.9177198065388223, 1.8682965763654744], "nmi_td": [0.3396569152985731, 0.3389793083745261, 0.34178805388604344, 0.33886470667692076, 0.3332355915461114, 0.33478250143209565, 0.33375773484612287, 0.33441083579489383, 0.3432826841685068, 0.33502061255789994], "mi_tw": [1.6674174160148023, 1.6931912928399733, 1.717046390873121, 1.680445144250571, 1.6838692485399929, 1.6872539259829298, 1.673707330194407, 1.687585224663744, 1.6747665224363748, 1.697437216388018], "nmi_tw": [0.32388147894612923, 0.32779936611920957, 0.33132267156646866, 0.32644417170460477, 0.3274755971975016, 0.3282535098990881, 0.32575790246787073, 0.32837875559378016, 0.3246440391122329, 0.32966194981923136], "coh": [-2.2387823296124845, -2.2607686502824276, -2.215029192002304, -2.305670241672148, -2.2713664731476984, -2.2904627973926504, -2.2533424018955936, -2.2319767889300905, -2.269846795947369, -2.3053898761369696]}