{"p": 0.6000000000000001, "p-emp": 0.5999399307269799, "t": [54.26751375198364, 52.624327659606934, 52.68936777114868, 56.668593645095825, 57.05561304092407, 52.42304182052612, 53.4598593711853, 54.25464677810669, 56.220518350601196, 53.07211184501648], "nmi_acc": [0.4565917803938858, 0.4773617943410574, 0.47051952635708905, 0.46256563529446787, 0.4458691418220498, 0.44318564734475396, 0.48362766089513665, 0.460830653813054, 0.4861742821955237, 0.46213430950941], "nmi_repr": [0.4105144898990602, 0.4069638025342271, 0.39486158095890656, 0.3876239762267546, 0.37985329275652013, 0.39284343592960597, 0.38251876715085925, 0.3924222763604479, 0.40584902588577987, 0.39776627027847483], "mi_td": [1.9133399461962348, 1.9299052159234602, 1.9806008145475404, 1.9525004390642557, 1.9181486992671517, 1.9254590525667772, 2.0055429794788457, 1.9183714229153894, 1.9738522763993778, 1.9133880103388816], "nmi_td": [0.34178010874615666, 0.3451659559458744, 0.3514110946838394, 0.348060204520386, 0.34328257094282216, 0.34377165226304984, 0.35543401908793776, 0.3434876083081234, 0.3523866697671538, 0.3407612834691465], "mi_tw": [1.1848722960243867, 1.1543252726364637, 1.1851486518646843, 1.1613376501057004, 1.154737244706036, 1.1659313719513948, 1.1881937638817617, 1.1555010377923496, 1.150176530461073, 1.1988388137122399], "nmi_tw": [0.28397929248813886, 0.27711780324864, 0.28148356130433994, 0.2775735170734531, 0.2774546018791399, 0.27925083401651124, 0.2817796796485198, 0.2778174877373503, 0.27545107659841095, 0.2861690096002578], "coh": [-1.632596474069614, -1.577091383708645, -1.684676634358096, -1.6094618592615, -1.7416560203157818, -1.7661930253970415, -1.6326956547324414, -1.6204962500054474, -1.5833847614941463, -1.714678346859328]}