{"p": 0.6000000000000001, "p-emp": 0.5999399307269799, "t": [29.09075164794922, 29.737056732177734, 30.993315935134888, 29.68145179748535, 30.024493932724, 29.422690868377686, 27.746243476867676, 29.41854739189148, 27.98121166229248, 29.175012826919556], "nmi_acc": [0.3578019834714227, 0.370049798561434, 0.3401098353297476, 0.3711573463649517, 0.3542065028048203, 0.3217509049266287, 0.3707854388335723, 0.3440104925431527, 0.3535734947812693, 0.36122833744351196], "nmi_repr": [0.2719553468179486, 0.25911223421977325, 0.24690926499784635, 0.2538279989243415, 0.26114106098329376, 0.27096989453024894, 0.2730487763590047, 0.2690048158878496, 0.2690927692823245, 0.2697058661940499], "mi_td": [1.5595571547584495, 1.5413606848472625, 1.6761522846443078, 1.7132135606326875, 1.7030580256564491, 1.5197892891072085, 1.5505757566103222, 1.629299411297232, 1.4630476646581148, 1.6061188521661758], "nmi_td": [0.2903406637999017, 0.28648526803072516, 0.3086945887111808, 0.31425073507311224, 0.3123834189901993, 0.2853147623511468, 0.29009374519198194, 0.29999408208893574, 0.2761552902262867, 0.2982312259460054], "mi_tw": [0.9060443342314307, 0.8727958748624524, 0.8747715243606368, 0.9144285683063786, 0.8887917577235975, 0.8482629597395599, 0.8829138305564292, 0.9138122042242955, 0.8779352576474299, 0.8812898015478114], "nmi_tw": [0.22962813859913214, 0.22071103031088346, 0.21847239062221302, 0.22713248590913349, 0.2207603104463667, 0.21745090211511128, 0.2252725279384814, 0.22814879606369917, 0.2267309496682318, 0.2225641726886537], "coh": [-1.8532242262747407, -1.8052382233135595, -1.8520610159230924, -1.5843580014443102, -1.6688016906171288, -1.908201269519432, -2.041475305011499, -2.1313017938584586, -1.85929225039514, -1.8842852629264404]}