{"p": 0.1, "p-emp": 0.04999800198769999, "t": [45.839576959609985, 44.56157660484314, 45.6966986656189, 50.02204751968384, 46.62323760986328, 46.258105993270874, 45.17127561569214, 44.390806436538696, 47.529277086257935, 48.213961362838745], "nmi_acc": [0.39850786881171557, 0.39221593907226404, 0.39577037955997213, 0.509242190937346, 0.44644324486491593, 0.4538974780991228, 0.38313213729262285, 0.4188596683211666, 0.43890563885289585, 0.39843920496655727], "nmi_repr": [0.2656074554372847, 0.2838835685695467, 0.2833512921394996, 0.20477866391248734, 0.2085561735967103, 0.30121371967873983, 0.2936276794626554, 0.27732557455463336, 0.2576955336969011, 0.17898691660450067], "mi_td": [0.7894485157926021, 0.7794678057388968, 0.7462576392042225, 0.8880979973609835, 0.8088603049080588, 0.8070033534409635, 0.713933154439247, 0.7490431454134505, 0.7935839663783351, 0.7703923276001472], "nmi_td": [0.1520181789808416, 0.15366195252954926, 0.14410167668025023, 0.1657499711636411, 0.1544719426205198, 0.1538555176212384, 0.13948830770055237, 0.14528119889852545, 0.15056610844756715, 0.14684244056737472], "mi_tw": [1.4016916821728316, 1.127463143197798, 1.3875796090871653, 1.4083479803539747, 1.4166192638905886, 1.477672737813772, 1.3140856712774305, 1.3871118610803266, 1.4567586950295563, 1.3369403300746103], "nmi_tw": [0.33889004971812553, 0.2807693605327369, 0.33665273245564337, 0.32744173990369624, 0.3389609934671446, 0.3528173664441348, 0.323567960022214, 0.3384171839780296, 0.34572173268617823, 0.3191250339286822], "coh": [-1.834085111752899, -1.8828535571073362, -1.8200804137396842, -1.7465192246568821, -1.6236390139335988, -1.5072859934040321, -1.7457734372736122, -1.9609648607466499, -1.8726165926827418, -1.8145904023158046]}