{"p": 0.7000000000000001, "p-emp": 0.6990645435315319, "t": [25.13526177406311, 24.99318766593933, 26.093204975128174, 26.554864168167114, 23.395501852035522, 24.558860540390015, 24.96903109550476, 23.747674703598022, 27.168309926986694, 24.9474995136261], "nmi_acc": [0.4480332646048975, 0.42077992195179587, 0.4625052859771175, 0.40621445033863135, 0.47388656867185236, 0.4497986553090146, 0.4490134492011259, 0.45926308282765166, 0.4423941669225562, 0.47822407216685536], "nmi_repr": [0.34720500508056795, 0.3225881857119753, 0.3284804272779067, 0.3286370586873536, 0.3525606991742507, 0.33684238120746113, 0.3130762602986448, 0.33357903253156307, 0.3360114472986461, 0.33134298546529095], "mi_td": [1.82179943258614, 1.6720866960050684, 1.686032634494563, 1.7002024356476437, 1.7220017545201678, 1.6748215628070102, 1.573333341610211, 1.614093610459009, 1.8249557237123748, 1.6509654063031856], "nmi_td": [0.3269194460542257, 0.30338719790354685, 0.3066896245965727, 0.31061465072147554, 0.31441253967449306, 0.3047806429939706, 0.28841753385908164, 0.29537790166577227, 0.32532584367835105, 0.3016060351956562], "mi_tw": [1.8276966534789816, 1.8294654295296817, 1.742222419545872, 1.7018933509823975, 1.7331551409289632, 1.714527997913644, 1.683966775273917, 1.746934033263307, 1.8963556443156835, 1.7322737848044085], "nmi_tw": [0.4001750797642436, 0.4060053843728408, 0.3878380789640478, 0.38088257746525883, 0.3876000367185348, 0.3818728119406173, 0.37844738533793953, 0.3917664296911248, 0.4118714200016577, 0.38766065056711657], "coh": [-2.0129606627880094, -2.0867292606516497, -2.031108319059388, -1.9766874765556264, -1.9288267123584129, -1.8303438506344876, -2.025567276047875, -1.9110292427157898, -1.8025249007911042, -1.9957391122545598]}