{"p": 0.0, "p-emp": 0.0, "t": [62.89966416358948, 61.11928868293762, 58.95448899269104, 62.85666060447693, 60.920799255371094, 60.25182747840881, 63.31345891952515, 58.67793083190918, 61.83919906616211, 63.1252543926239], "nmi_acc": [0.4063265728608045, 0.39388082499371935, 0.3932268009356966, 0.3947787646714944, 0.39249734839659917, 0.39264625248675894, 0.38872662153611925, 0.3715652723700947, 0.3730160818896464, 0.3470958333275443], "nmi_repr": [0.1931741759807782, 0.20083541196389076, 0.3214173429074158, 0.21877126365998753, 0.20695712323438206, 0.319297075508057, 0.209948009903681, 0.19414590720965372, 0.3211686920168606, 0.2860767728830849], "mi_td": [0.8962560995695961, 0.9755046889206483, 0.9378996135350642, 0.9135514076815635, 0.9391268957106366, 0.9589750009686053, 0.9713207850165875, 0.8920249571123723, 0.9674071169017857, 1.00566442827953], "nmi_td": [0.1675364127937881, 0.1853651008162325, 0.18085789285202922, 0.17250948105545352, 0.18058473758058655, 0.1821844477036181, 0.18410886741786672, 0.17176225651847016, 0.18412977898332492, 0.1892264905642963], "mi_tw": [1.553846834296974, 1.487744036219472, 1.3603238094167873, 1.394001454588758, 1.3956849324441112, 1.4703790298618367, 1.2824902298110028, 1.4270857806416297, 1.5047845345832687, 1.5606287319433858], "nmi_tw": [0.34760130355747154, 0.3394202878066551, 0.31588303778971355, 0.31565361287491955, 0.32299622640601583, 0.33537084634160397, 0.2917154145115743, 0.3308073033663574, 0.34398845545207307, 0.3518744896673979], "coh": [-1.9154588120034077, -1.9835767794733798, -2.0468565491446213, -2.0295266104289404, -2.0690816860762533, -1.8106846188943153, -1.7685761364924821, -2.161498903746026, -1.9667798688952844, -1.9518211568693697]}