{"p": 0.2, "p-emp": 0.18389318497340068, "t": [47.42064905166626, 43.8310763835907, 45.77446889877319, 45.35624361038208, 40.40117692947388, 47.340174436569214, 43.614776372909546, 47.717273473739624, 46.549341678619385, 42.7472357749939], "nmi_acc": [0.4555155896462342, 0.4745340416833458, 0.44289357065383816, 0.4476357925184236, 0.47236973231859775, 0.44428615356310214, 0.5026324580869571, 0.4168640787217425, 0.4466783819247013, 0.428592676478151], "nmi_repr": [0.28578929783593865, 0.27533389544359615, 0.26796358227999995, 0.29211487978778383, 0.2857979665105714, 0.29819802061554884, 0.2754444990895238, 0.2889964697105882, 0.2719514510600033, 0.26208536745318106], "mi_td": [1.0941955807026398, 1.0426559429960405, 1.030208725119186, 0.9162257728028902, 0.8628452152393802, 1.0167074738850779, 0.9291984634989668, 0.9507230805697247, 0.9804620245600224, 0.9092501687692977], "nmi_td": [0.2012515502334876, 0.19145595379649052, 0.19216120582812743, 0.17075232017299385, 0.16362638404909183, 0.1887851514640546, 0.17428838567591196, 0.17770670686605833, 0.18375194941584616, 0.17031726332012417], "mi_tw": [1.497592232458811, 1.4589441238471825, 1.4700710591930797, 1.5090847131787684, 1.4612035397743866, 1.4922404208494777, 1.365137956197335, 1.457521786004921, 1.378858201349355, 1.4912061547071804], "nmi_tw": [0.3462199296221982, 0.3365866081796807, 0.34591810899871883, 0.354710324851681, 0.35109373942707495, 0.3491336541528109, 0.32349379710587045, 0.3438724857917835, 0.3264042409809742, 0.35276749657095174], "coh": [-1.493854067664585, -1.550930289723849, -1.6516927529052925, -1.7447526716049038, -1.6258077386515217, -1.9243180254971237, -1.9134014416677565, -1.4475783479559001, -1.8260128345930067, -1.896200591113605]}