{"p": 0.1, "p-emp": 0.08391393852051698, "t": [63.956053018569946, 60.06921410560608, 61.73798203468323, 64.40320944786072, 64.33174180984497, 64.12943363189697, 63.39921760559082, 61.95324969291687, 64.58276271820068, 60.216939210891724], "nmi_acc": [0.4212410018920671, 0.4385041318817205, 0.5005894264753256, 0.5038674979127733, 0.5097042770495286, 0.5304125227885651, 0.4701226627414806, 0.4809363230473186, 0.5592655965083128, 0.4095451896510596], "nmi_repr": [0.22502724934614696, 0.25396553157521434, 0.2347914957074445, 0.24000107410906305, 0.2417456044228728, 0.25274660041147134, 0.2452322982242276, 0.23477401448835972, 0.22001656163887373, 0.22284778011753795], "mi_td": [1.0369176918922198, 1.0128197498777056, 1.0695320344360988, 1.1017487609161656, 1.1045235682627164, 1.0557150128729935, 1.0571434112316973, 1.0043075470365355, 1.0884524849016253, 1.054503124254227], "nmi_td": [0.19347067966715284, 0.18921094861502616, 0.19644683966317425, 0.2017927469774219, 0.20311844490187375, 0.1945481473431423, 0.19518883772645995, 0.186672107124, 0.19963973310064728, 0.19646386835907945], "mi_tw": [1.6156480022074269, 1.597803924884943, 1.6480196423387634, 1.663629061944941, 1.6356170083093635, 1.6436801358228308, 1.6732780260761404, 1.6113408674933267, 1.6327657485509013, 1.622799516418643], "nmi_tw": [0.3517044485961126, 0.34832805111292514, 0.3522470504199933, 0.35441533031280953, 0.35008653818463153, 0.35266780392829866, 0.3598285081897739, 0.3492083015331504, 0.348413314826766, 0.3526582023655075], "coh": [-1.9484927725330705, -2.0129212401912864, -1.9894815266893968, -1.7797861832944561, -2.068881110811073, -1.8305806237901048, -1.8398030364422842, -2.153445256514245, -1.7078607281786786, -2.10133030050657]}