{"p": 0.4, "p-emp": 0.3995869915219826, "t": [70.98166179656982, 71.69678115844727, 73.60109281539917, 71.90062379837036, 72.0015275478363, 70.8536467552185, 70.21974015235901, 71.0868272781372, 70.60975933074951, 89.28395867347717], "nmi_acc": [0.4507878597204822, 0.4996400997124193, 0.4861104177026402, 0.5014616652629645, 0.4847914767431921, 0.459447872533301, 0.4697620831210046, 0.4937567601616488, 0.4783351787927062, 0.4839231108167055], "nmi_repr": [0.37152388257543795, 0.38599789482301633, 0.4079448009716292, 0.39296292444354813, 0.41705011672010966, 0.4015786816839554, 0.4047031695750349, 0.4059496795920896, 0.4129194699670188, 0.41342929187321403], "mi_td": [1.896453145040001, 1.8722285127640466, 1.8511980914383532, 1.7781500661222667, 1.8485329223974167, 1.8770128091359495, 1.880398429838613, 1.8752899748277034, 1.803727590072147, 1.829504523999962], "nmi_td": [0.33579440027449625, 0.33271672162268123, 0.3295370759280498, 0.31984470830184547, 0.32962419879005966, 0.3342144100308289, 0.33460898083756463, 0.3340235576279107, 0.32294057179725755, 0.32588703183008777], "mi_tw": [1.1667138577365999, 1.167283609754979, 1.1598787610218992, 1.1553390388735743, 1.1583740613467846, 1.1515771064793827, 1.1623624353122444, 1.1590443153197232, 1.1625660481991227, 1.1759387595921504], "nmi_tw": [0.26659829992127704, 0.26798792789117515, 0.26687138214867234, 0.26943200501727405, 0.2671133501467311, 0.2650453246839726, 0.2673126006180347, 0.2668836774562081, 0.2694892406102586, 0.27079391426273625], "coh": [-1.1140007946706716, -1.1621675376669913, -1.1867845149354814, -1.2181327861584967, -1.2931720692133784, -1.1896364506436858, -1.1436282309753, -1.214121487159484, -1.1943008900124221, -1.2531191407082969]}