{"p": 0.9, "p-emp": 0.8886333724771872, "t": [27.708101749420166, 29.008519649505615, 29.493666887283325, 27.936827659606934, 28.262139558792114, 27.26590061187744, 27.99759817123413, 28.791316747665405, 27.63065767288208, 27.74911856651306], "nmi_acc": [0.017321315153826476, 0.01914902614232847, 0.02408822944066833, 0.02389986745983609, 0.02339019446675599, 0.022572926301351905, 0.024796602368795356, 0.020797228860557997, 0.02301126998331908, 0.023877894533061793], "nmi_repr": [0.18346514024706667, 0.1682488882186497, 0.17419422778894625, 0.19318865608218358, 0.20619769990666484, 0.20711285304322738, 0.19030193367899592, 0.19265886894226514, 0.19724871893134352, 0.20301242812632547], "mi_td": [0.7113004847344373, 0.7087907067218556, 0.7090833813070732, 0.7059085564202459, 0.7057884764728426, 0.7133457737864342, 0.7043495975814358, 0.7074890675332889, 0.7041346705758151, 0.705392013712563], "nmi_td": [0.12714804034569666, 0.12680765561589988, 0.12679232468933804, 0.12629788411043033, 0.1262015509940305, 0.12760523174784996, 0.12597857521103345, 0.12651796966443765, 0.12591069531886678, 0.1261927533895875], "mi_tw": [0.729267637776799, 0.6844447323908194, 0.7423543163677211, 0.773709361123157, 0.7897926918622231, 0.7541021174252573, 0.7210905298145559, 0.764886308933311, 0.7469508014878931, 0.7872131684386867], "nmi_tw": [0.3607427515247429, 0.33937214894201295, 0.36754195747419, 0.38368212528358697, 0.39101506422402044, 0.3737698616937636, 0.35727100891057034, 0.3787865401519191, 0.3698441848793376, 0.3902696803294853], "coh": [-0.115754243449354, -0.12913531055646815, -0.11781612251335496, -0.12270779858813423, -0.12630551354568986, -0.11911008363057858, -0.1204040447478022, -0.12347571653491156, -0.12141383747091058, -0.11421840755579933]}