{"p": 0.4, "p-emp": 0.39854673608577784, "t": [39.88802456855774, 39.98974132537842, 39.16885828971863, 39.30020213127136, 39.576152324676514, 41.637882709503174, 40.263652324676514, 38.572389125823975, 41.17482233047485, 41.165125608444214], "nmi_acc": [0.3395827461030469, 0.41930271519003726, 0.377813030298563, 0.36585307427624175, 0.3646441496894499, 0.3391999114314033, 0.35424256407732735, 0.3746007678690767, 0.3495658911472095, 0.3523557748145152], "nmi_repr": [0.22155455832176774, 0.21913060670994605, 0.24004241785262534, 0.2087194270048625, 0.21422953085317806, 0.2375264947446607, 0.21286725062392806, 0.222288787917812, 0.19767610866674662, 0.18723309571658464], "mi_td": [1.596010514022234, 1.5770620454096087, 1.6499602928601942, 1.6818877557186203, 1.7257439540063761, 1.6543266488804296, 1.6863338629327402, 1.556981300864813, 1.7350188013141263, 1.7741334190968607], "nmi_td": [0.29370860694799256, 0.29402344250514806, 0.302592838192074, 0.3070404260560502, 0.31610840292406156, 0.3054150864914334, 0.30854334455690213, 0.2908309323223828, 0.31432384941273395, 0.3191704776483728], "mi_tw": [1.0638434639265195, 1.0670514557153339, 1.10092622461495, 1.0785597102599283, 1.111701574142079, 1.0596045887676167, 1.0913040147923694, 1.0650437226852807, 1.0959848804466972, 1.1428461374617243], "nmi_tw": [0.21364072845186918, 0.21735188034740988, 0.2202584235666877, 0.21470974126188078, 0.2221208459152126, 0.2135331726522387, 0.2177787995444338, 0.2173931453160895, 0.21636507456920664, 0.223904215983658], "coh": [-2.26459977074781, -2.2918681110971075, -2.164155177403578, -2.0411736134651957, -2.3197404450113557, -2.256083704186138, -2.152439366844499, -2.2091870519428616, -2.203834999691585, -2.022609050099317]}