{"p": 0.0, "p-emp": 0.0, "t": [104.3155255317688, 103.91476845741272, 103.77990102767944, 110.58843064308167, 102.95090126991272, 103.45725989341736, 105.31337571144104, 104.80919289588928, 112.59268069267273, 104.76682829856873], "nmi_acc": [0.4757311043739999, 0.48591046090981965, 0.4859895363311069, 0.49397851669742043, 0.49992576043941, 0.48418173357119165, 0.4943907712186282, 0.49205902613187175, 0.4955172574163693, 0.49861931621517813], "nmi_repr": [0.4026225435566318, 0.4064492795752812, 0.4109993324457216, 0.3706343747853987, 0.3795065719910652, 0.3911155277559986, 0.38708012135678316, 0.37235635976071024, 0.3824178857544294, 0.3960106835504643], "mi_td": [1.7180859055095459, 1.7680528460966665, 1.7563365166414528, 1.784247148855097, 1.750569802096262, 1.7459875074916869, 1.7360881929319305, 1.7442184972050299, 1.765808283106023, 1.755459785240088], "nmi_td": [0.3066527532703567, 0.3144649219284994, 0.3123129554330335, 0.31670197022796964, 0.311132377035837, 0.31050433396233296, 0.30866465647454505, 0.3086976189472104, 0.3120438512830792, 0.31250999774114535], "mi_tw": [1.242707037740144, 1.234448487418534, 1.247170890707718, 1.2234620815636865, 1.2555284842962886, 1.2474514453901728, 1.2386463054624317, 1.2762360034655342, 1.2688014310382538, 1.2413301655269522], "nmi_tw": [0.2631021639629851, 0.260267688356104, 0.2628820882022857, 0.2573317605225925, 0.26448739950662686, 0.2629729945133402, 0.2610374070010578, 0.26750827855354525, 0.26547154308664184, 0.2620017143665115], "coh": [-0.8345206711512514, -0.8580811489150065, -0.8045894770568716, -0.7316141725173033, -0.8002476826138574, -0.7682898563291838, -0.8502026433452479, -0.8019332843555779, -0.7916076631060813, -0.7680240573704704]}