{"p": 0.0, "p-emp": 0.0, "t": [114.77666568756104, 115.07967066764832, 115.8828957080841, 114.91001605987549, 114.5636374950409, 114.62706756591797, 115.95750308036804, 115.76122617721558, 117.29576706886292, 190.0042474269867], "nmi_acc": [0.4878599812423814, 0.49563459837534657, 0.47655172867871326, 0.4931953085883877, 0.4718209231302583, 0.5006381961156969, 0.4917033037098072, 0.49417638488740895, 0.49238668479697784, 0.5095842874864928], "nmi_repr": [0.3919798094127767, 0.3987088269447071, 0.39138820038695415, 0.41407905369862424, 0.3978919013790181, 0.3925626200124009, 0.3993337647461748, 0.3978654890130027, 0.3973392071064036, 0.392030129071498], "mi_td": [1.7297758328213355, 1.7510699919514503, 1.749928159527259, 1.7364086275730755, 1.7148729825606457, 1.7472774025743487, 1.7565179371943387, 1.7531286082808917, 1.78746742814886, 1.7644104329483299], "nmi_td": [0.30798217354606355, 0.31107066063648653, 0.3117342936664199, 0.3102190817288928, 0.3065794524553464, 0.31071137723187114, 0.3125163660056806, 0.31269159663000184, 0.31749267500322115, 0.3140573471329393], "mi_tw": [1.2542261227459468, 1.2431403468513877, 1.2398220771268418, 1.232719702862367, 1.2354367645472628, 1.2489944411201408, 1.23401521305739, 1.2280519006477166, 1.2214187430551067, 1.2241310587243384], "nmi_tw": [0.264768937605479, 0.2617275348668341, 0.2618916289035899, 0.26128339654521693, 0.2620700725232343, 0.26327582177616254, 0.26027806287275446, 0.2597867949776461, 0.25711224300635505, 0.2583266606383425], "coh": [-0.8239080319641842, -0.7565102260649073, -0.8269622893594952, -0.8767538812609018, -0.7724862101060365, -0.7973097143114964, -0.797395216842822, -0.7977699202191285, -0.8274006992083794, -0.796216168694583]}