{"p": 0.5, "p-emp": 0.4997570159235135, "t": [37.08057165145874, 40.53632164001465, 40.177144289016724, 36.97382640838623, 36.5754508972168, 36.19279146194458, 38.32525825500488, 34.71300458908081, 40.96946907043457, 39.43659567832947], "nmi_acc": [0.43770668474862817, 0.44184219342903247, 0.45662668003905943, 0.41412355594484895, 0.41761803445875845, 0.45262602752978914, 0.41804986792207927, 0.4162891461514118, 0.4391951140977437, 0.402346932859071], "nmi_repr": [0.2701409529344335, 0.2827808432643459, 0.2831998686586967, 0.27409318018692896, 0.2982385776660065, 0.2652658920985254, 0.2623272220234965, 0.2579339783522132, 0.22427305220778268, 0.2228642491599206], "mi_td": [1.4422170346511363, 1.46332187031912, 1.5358579613307173, 1.3337675841023449, 1.5091312512152115, 1.4360670953824854, 1.3711474365600527, 1.3491712658964512, 1.4735902195643913, 1.392835836310792], "nmi_td": [0.2639477775373758, 0.2660105487225504, 0.278086466171895, 0.24836906855913693, 0.2734520539797049, 0.26118948303368184, 0.25125738756703797, 0.24708824665156473, 0.2667379256919888, 0.2544640442293483], "mi_tw": [1.8774856103603341, 1.8862572387809267, 1.9166304001033032, 1.8538413907882292, 1.9817735727585495, 1.8906238905973387, 1.9003132200877315, 1.9868254340987144, 1.9055765243077172, 1.9774633863582245], "nmi_tw": [0.37278426930361064, 0.3717968836803293, 0.37615555279107643, 0.3750843272166374, 0.3892564648601513, 0.3728641599199893, 0.3778330533586878, 0.39478765806872923, 0.3738734317332139, 0.39188980910496607], "coh": [-2.2398609841819668, -2.2369542985264133, -2.2941720363120606, -2.221270998465038, -2.190731303272733, -2.3064112546327618, -2.2372166147689896, -2.2234552732220023, -2.4068658520174497, -2.365932891174772]}