{"p": 0.4, "p-emp": 0.39518363022077396, "t": [34.62361550331116, 33.415451765060425, 33.88289451599121, 35.97306752204895, 30.06142258644104, 35.61333346366882, 33.69708561897278, 31.680360078811646, 30.913493633270264, 28.916179418563843], "nmi_acc": [0.44602055549998937, 0.4381263272362856, 0.43258122847720987, 0.46234523253469084, 0.3831048992123008, 0.46986151818801075, 0.42026278159284375, 0.3905361664987114, 0.46965191006315526, 0.3893827116944656], "nmi_repr": [0.3050271867787186, 0.30663866888410773, 0.31915964596129986, 0.3437038027790492, 0.319455354539132, 0.3278338741810868, 0.3161231721711979, 0.3080852394388542, 0.2940341167260438, 0.3133106395806075], "mi_td": [1.1245015477421603, 1.0524935458848517, 1.0130518478701225, 1.2287642945212969, 0.964239316548152, 1.033241650204991, 0.9042853459857154, 0.9652071649322504, 0.8851215762268267, 0.8742669189783017], "nmi_td": [0.2065145549732612, 0.19505733049714494, 0.18921956728303446, 0.22359268990596642, 0.1810567505205118, 0.19107490484252976, 0.17018798052957299, 0.18059341142107604, 0.16960118266436253, 0.1678743818009735], "mi_tw": [1.4359074640446134, 1.4127236284334816, 1.4457657567109359, 1.516060896679865, 1.4136664599439848, 1.4935901367569429, 1.4193487622388825, 1.4462803642275053, 1.28132478500308, 1.2524353809390274], "nmi_tw": [0.3462550277888439, 0.3447654340434239, 0.3564806870488793, 0.3611931953830992, 0.3510087019894317, 0.3634621031839359, 0.35348768129129576, 0.3574184210156718, 0.32681341815863657, 0.3203418037130334], "coh": [-1.7330726274981274, -1.4746720642938447, -1.9156671371478622, -1.5422232751357867, -1.6855623355014793, -1.4701622962589938, -1.6923817189310963, -1.6073133367008907, -1.807867876311423, -1.7911103126070045]}