{"p": 0.8, "p-emp": 0.7997733867339718, "t": [32.86959910392761, 32.825419425964355, 32.064894676208496, 32.38373780250549, 32.50725054740906, 34.30308675765991, 30.66147255897522, 33.008559226989746, 32.248725175857544, 32.05418133735657], "nmi_acc": [0.33607413510971806, 0.3048692268855851, 0.30278930002808, 0.32485401522262686, 0.3063782430567184, 0.3214044770645823, 0.3015490626224602, 0.3090241023854721, 0.3322926312249394, 0.3213948505163726], "nmi_repr": [0.30704856332796626, 0.3185424316431165, 0.29182340017480213, 0.3030017101801751, 0.2919361275434654, 0.2962214709156954, 0.2966230365869053, 0.2927978460041325, 0.2966315460099506, 0.2975259492135408], "mi_td": [2.0329926795690376, 2.080893941267969, 1.9829581754168764, 2.01277590970576, 1.9085892262539323, 2.0650364614745467, 2.0589694412378683, 1.9323185644034553, 2.130543956309521, 1.9779602526057394], "nmi_td": [0.3710077643529152, 0.37648052321183034, 0.36232103943141597, 0.36649141855905765, 0.3509279024853619, 0.3757968132333305, 0.37368844064697104, 0.35565018348230637, 0.3836338041239851, 0.3614761251355246], "mi_tw": [0.7844312655518035, 0.8167915659186266, 0.7965167657218911, 0.7940226337037322, 0.8045961112750482, 0.7795088964293938, 0.7912313866842339, 0.7896753213726773, 0.8042535423127186, 0.7959173040916796], "nmi_tw": [0.24834608757744078, 0.2547537703127043, 0.2527098134320705, 0.2504025047653592, 0.25807653576866063, 0.24558738582040684, 0.2481261337398273, 0.25373773449491616, 0.24879778541784767, 0.25260249043254407], "coh": [-1.7597074611198391, -1.9822749757179399, -1.9015849470413113, -1.8443886268697756, -1.8655100698573268, -1.6879063714390408, -1.9715660929442127, -2.0151063471307644, -1.6203006776025326, -1.6442453338312917]}