{"p": 0.8, "p-emp": 0.7997733867339718, "t": [22.14391326904297, 21.149873733520508, 20.536253452301025, 22.321068286895752, 20.807368755340576, 20.840808153152466, 21.587104082107544, 21.21726131439209, 20.58633828163147, 21.037225246429443], "nmi_acc": [0.2696706823599457, 0.2703695392177096, 0.28327457768136877, 0.2605595568435874, 0.2687244138497306, 0.2745542710467655, 0.2691250349607938, 0.27267459466602445, 0.28467254716235496, 0.2770296310705485], "nmi_repr": [0.2440512566456528, 0.24313871438809956, 0.25573508631899006, 0.23713578610771405, 0.22816779534292767, 0.24143092261506485, 0.24036173878217906, 0.24793011952439217, 0.2508152178422446, 0.2651226435728548], "mi_td": [1.3082505967049365, 1.553370788528274, 1.432889730404487, 1.8215346390635458, 1.636927899945798, 1.4776412293210006, 1.8103299497806602, 1.5478415861982036, 1.4052624268971088, 1.2943086153299355], "nmi_td": [0.2565262044726499, 0.296525291884483, 0.27650594359839686, 0.33654879755982253, 0.30827163271699404, 0.28347752278485017, 0.3337215993822151, 0.29621813519966, 0.2719648740729083, 0.2552821685550449], "mi_tw": [0.6706805966738767, 0.7169233258972114, 0.7037641729654011, 0.7341564534830877, 0.7373411648750581, 0.7455030203571558, 0.7525590163526223, 0.6974520651565266, 0.7083634811874118, 0.6530759776591925], "nmi_tw": [0.24135249418958996, 0.24572793326378986, 0.245976663674583, 0.2374861548295349, 0.2466857762028516, 0.25782364423297127, 0.2424760525986485, 0.24014337834812396, 0.248894011711137, 0.23756154492120696], "coh": [-2.31154281560256, -2.1150563424491375, -2.216208831478717, -2.0498433562967713, -2.392014746959377, -2.031515160519686, -2.0869104543740185, -2.4590004746786196, -2.2396526838589557, -2.3062005972183455]}