{"p": 0.1, "p-emp": 0.08391393852051698, "t": [44.1827826499939, 45.143484354019165, 47.41234874725342, 49.62247109413147, 47.815083026885986, 47.05085825920105, 46.13808608055115, 45.336334466934204, 46.41078305244446, 46.31272053718567], "nmi_acc": [0.46230269997324464, 0.42098091644087604, 0.3894350716296503, 0.4362556262714093, 0.40546197007927254, 0.46083520058767935, 0.42866974776513905, 0.4599082364208885, 0.4572578347528691, 0.464970103714966], "nmi_repr": [0.2665718423125442, 0.28409375468238107, 0.26460909844332237, 0.26916360357062724, 0.26978756971603485, 0.2799644560345576, 0.2938463050956112, 0.287513889198497, 0.2933325990871928, 0.2716062834495455], "mi_td": [1.7231021878306392, 1.6832695632715131, 1.645170652643555, 1.7263651606494954, 1.730703054687887, 1.6555737248241613, 1.7243275956041808, 1.6143044995337987, 1.7479750419963613, 1.6967732437470278], "nmi_td": [0.31219193837508985, 0.3069647463207734, 0.29923690945594184, 0.3139617252193962, 0.3123461238145532, 0.30379247373808127, 0.31333148439502, 0.29633242625848627, 0.3166045796438784, 0.30774839273084853], "mi_tw": [0.8934322331471086, 0.8886401849405715, 0.8853978338592544, 0.8829924899107418, 0.8994731341377586, 0.8774412450304743, 0.9056191538528551, 0.8812603344649439, 0.9002845904581174, 0.8698134084883683], "nmi_tw": [0.18794956795275025, 0.1883590699892087, 0.1871049058203369, 0.18656657159213766, 0.1883640596154325, 0.18733162615067078, 0.1911632684489675, 0.18823030093324075, 0.1893259387814166, 0.18320676884080797], "coh": [-1.051679085378756, -1.2981188940871509, -1.0101508824957, -1.348078919647471, -1.2251521099121228, -1.1436238782288939, -1.058838001769765, -1.1600595972748027, -1.003387686515911, -1.0914027092238672]}