{"p": 0.9, "p-emp": 0.8999859494618901, "t": [20.953362941741943, 20.037649154663086, 19.995332717895508, 19.660089254379272, 20.540339946746826, 24.512717485427856, 21.750449657440186, 20.610596895217896, 21.795382738113403, 21.126601696014404], "nmi_acc": [0.1104158682137185, 0.11593816380551729, 0.10143021885675337, 0.1072916704438088, 0.10303682491787375, 0.09819368343563784, 0.12254121859794051, 0.08816338840662989, 0.09459460180862056, 0.09898616943865617], "nmi_repr": [0.20945627173256245, 0.1892626800098448, 0.1988596960145202, 0.20141360591623805, 0.211627362003746, 0.1792154768652803, 0.20303583232854194, 0.18954377323847346, 0.15739909023640294, 0.17822394348569165], "mi_td": [2.4326482020307867, 2.4174739821098914, 2.427398532954049, 2.4335539373613164, 2.4174568102937224, 2.4164088944571613, 2.4438263719890423, 2.412704335362009, 2.437404801832351, 2.4321531836637584], "nmi_td": [0.44229622809318536, 0.43972200897539765, 0.4410130537829153, 0.4419164728149688, 0.43883541361635, 0.438773707847827, 0.4443068211630923, 0.4393154624567188, 0.4423056381190272, 0.4411217193166969], "mi_tw": [2.278569312342624, 2.2859181806307385, 2.292002612382671, 2.3008422855716835, 2.305423104191998, 2.2977869891177463, 2.281904239425872, 2.2657490727940877, 2.2869002860956322, 2.3096580774452478], "nmi_tw": [0.3744733820603338, 0.37582383591593854, 0.37642748874847054, 0.37771323111727606, 0.37834213963823143, 0.3771888599578732, 0.3750048427584824, 0.37286153758481244, 0.3751866561518428, 0.37874102341916144], "coh": [-1.9533399836738425, -1.9825154131452223, -1.9396689657065427, -1.9997723193702666, -1.9476900284068228, -2.0286875998943374, -2.016455489846142, -1.9432385125770189, -1.9821475477579185, -1.9873206818637221]}