{"p": 0.1, "p-emp": 0.08329262114722003, "t": [53.55744814872742, 53.42739415168762, 52.41691565513611, 56.734471797943115, 50.64257216453552, 53.53433561325073, 54.331976890563965, 51.750407695770264, 58.13223338127136, 56.531726598739624], "nmi_acc": [0.37569793982986255, 0.43318627987238, 0.3779514382516311, 0.39971591294555203, 0.404567191161382, 0.3692164437298111, 0.3791021059574188, 0.3639454921164061, 0.48848811204869763, 0.3708642808528235], "nmi_repr": [0.15342940712959316, 0.16330823782019796, 0.1758288015035376, 0.17475926919913087, 0.17601160000928, 0.27729719106596495, 0.2910889740415122, 0.27987101339566733, 0.21392348877175998, 0.21836546562538076], "mi_td": [0.6776200146833617, 0.7307781911739277, 0.6760346514580549, 0.748574332449992, 0.6455298295978473, 0.7363818072953416, 0.716827805716918, 0.6733063506931408, 0.7786469950457059, 0.8014362471502243], "nmi_td": [0.13430604317211192, 0.13911080341142054, 0.13401555548257105, 0.14367279943848557, 0.1271668711225359, 0.14568642489888958, 0.13947237325874604, 0.13331561706775621, 0.147707735060308, 0.15530975521384036], "mi_tw": [1.2323348732595616, 1.3569170060902813, 1.2133164168418356, 1.2800045209090174, 1.2867873361946092, 1.210946773179562, 1.3706122051994785, 1.2326403730351645, 1.4204972712097947, 1.3395835723170388], "nmi_tw": [0.3079972132840242, 0.32238540170301855, 0.30331167329396874, 0.30724637088293794, 0.3191418729791644, 0.3019555470800152, 0.3346752978857165, 0.30767938677856543, 0.33602792356721706, 0.3254556575185852], "coh": [-2.0331391966608003, -1.6262068469539979, -1.8519620613656356, -1.689317039859301, -1.6043157268304526, -1.8623937897884197, -1.8404559766207125, -1.9215316739817836, -1.7936169584130333, -1.8423174330599863]}