{"p": 0.5, "p-emp": 0.49999291027893544, "t": [77.99308228492737, 75.92687225341797, 74.59927535057068, 73.90740847587585, 76.98335790634155, 74.8436861038208, 76.18842911720276, 75.69421124458313, 76.57207107543945, 75.70278072357178], "nmi_acc": [0.3890786092200902, 0.36709283029408385, 0.3853601162509406, 0.37334752821824757, 0.3393974423748447, 0.36932381891143123, 0.37561206860798463, 0.36540639946953796, 0.3723135235073075, 0.38688019931406853], "nmi_repr": [0.3974908647061041, 0.3856551615851979, 0.3934314368903264, 0.396515699120295, 0.4011228182089481, 0.3920712417022731, 0.401989469577054, 0.3843285721316411, 0.3906514923792151, 0.39294247436282687], "mi_td": [2.22978887942744, 2.2355677235660565, 2.2337203087699296, 2.1804395495440283, 2.2409663199446146, 2.2058221489775645, 2.1887950746051814, 2.2901850107214043, 2.2297835314823597, 2.1986186519908335], "nmi_td": [0.3918920137399788, 0.3928581103831165, 0.3930833245621102, 0.3846171916075983, 0.39329080127109395, 0.38844810323238893, 0.3857951120192352, 0.4011597127925948, 0.39170491196949375, 0.38669674428207235], "mi_tw": [0.6428754181308198, 0.6506718722558569, 0.6374971739252039, 0.6562363957110577, 0.6608697861152606, 0.660774105642842, 0.6583884419147152, 0.6309147361085803, 0.6496046184006594, 0.6634229820277406], "nmi_tw": [0.191973046985664, 0.19425956340442435, 0.19077961890102169, 0.19718099987646312, 0.19686535506116762, 0.19798322746981742, 0.19756946581837836, 0.18733256779690888, 0.19382598109076915, 0.19835551946369337], "coh": [-0.6579151104072539, -0.6353772839714787, -0.6699944884411233, -0.6364373105474328, -0.7177536766709551, -0.6890853697080866, -0.6662383708600828, -0.6679635859799349, -0.6653541770976089, -0.667240843911736]}