{"p": 0.30000000000000004, "p-emp": 0.2914055823174623, "t": [60.54218292236328, 60.934295892715454, 57.48463773727417, 58.56821370124817, 56.81450963020325, 57.64604306221008, 55.610634565353394, 59.98517346382141, 58.07569122314453, 59.758835315704346], "nmi_acc": [0.4874201519975145, 0.4941137957995655, 0.44618935776902774, 0.4459616347897243, 0.462051306595051, 0.42746719103023917, 0.4528486401147299, 0.4290109729294813, 0.47776535772989376, 0.4527606827654721], "nmi_repr": [0.2700125331903482, 0.2668315862332538, 0.28498548849033495, 0.25931844128485493, 0.26171333035922434, 0.2664180291470562, 0.2908991074652639, 0.27063220530333854, 0.243292060625814, 0.2576599887230516], "mi_td": [1.326932680478473, 1.2727102541962663, 1.2524522356268986, 1.238966613465486, 1.2737911625532214, 1.2426299527231235, 1.2074350151116362, 1.2116984899134626, 1.2832673540215556, 1.250359848771165], "nmi_td": [0.24144859050419798, 0.23144920307895772, 0.2286503731130524, 0.22563674403207354, 0.23152072754229758, 0.22815445938159273, 0.22192868466479368, 0.2230894273262111, 0.23196924748801456, 0.228113708809623], "mi_tw": [1.7615068572014545, 1.8304168391997806, 1.8438551934367124, 1.8165498286775692, 1.857111859865345, 1.782528315995152, 1.7996873039176982, 1.7212325500356678, 1.7866271456185199, 1.8068792903061155], "nmi_tw": [0.3563959145391529, 0.37010147312941327, 0.37443034667679803, 0.3678849797785433, 0.3752737225609298, 0.3642806692885794, 0.3682235730500778, 0.3528353342177222, 0.3588397912422158, 0.3666451452798407], "coh": [-2.120729721666639, -2.1558778079846173, -1.8886678710741511, -2.108096503597769, -2.0529249383404076, -2.0756421269447185, -2.045204515958718, -2.0143267221450674, -2.1090187612823015, -2.262387633396379]}