{"p": 0.5, "p-emp": 0.4997570159235135, "t": [35.829610109329224, 35.327457427978516, 35.97276711463928, 35.186317920684814, 35.84744215011597, 35.88149905204773, 34.30096673965454, 36.15213346481323, 35.3840057849884, 33.27038908004761], "nmi_acc": [0.3497183811259732, 0.35251756204323337, 0.3227790098813548, 0.3439963689697826, 0.34535174119754586, 0.324761104661959, 0.37962703924451424, 0.34690386317151495, 0.34682868514190746, 0.32601514819424865], "nmi_repr": [0.19585623064047117, 0.2165676506226989, 0.20352099191232167, 0.19228543751433133, 0.2119124517685761, 0.1967840676672343, 0.1953040982638753, 0.1981433629277968, 0.22762812901388663, 0.21784233261655706], "mi_td": [1.5993226280241535, 1.5627338928296106, 1.6817941799819431, 1.613765562038973, 1.6732814499054007, 1.5784130530738725, 1.6642767733366792, 1.647157260584402, 1.5038379167863078, 1.3680722253145947], "nmi_td": [0.2957539203971085, 0.29156900547338516, 0.30654342477248037, 0.2980762385076607, 0.3067707059295877, 0.29302098063678467, 0.305034184877725, 0.3034000957396221, 0.28198730999190935, 0.26217624814329316], "mi_tw": [1.172295298619777, 1.165475417357585, 1.2167404523301564, 1.177337394667128, 1.2084803237837156, 1.1635747978084487, 1.199622305659564, 1.1723165420357469, 1.1716065435171208, 1.1065048117694518], "nmi_tw": [0.23540185337228925, 0.23630401541229326, 0.24052535833763314, 0.2361145362608302, 0.2404044071339364, 0.2346365510543789, 0.23856958455470112, 0.23439973587734025, 0.2388420754939493, 0.23097890182104117], "coh": [-2.504343390768525, -2.629143775873466, -2.6193941021832687, -2.6779185555480503, -2.626390643464322, -2.586648811607333, -2.6383049073797835, -2.476102763581172, -2.530913277164899, -2.6577849853973445]}