{"p": 0.1, "p-emp": 0.095546237227223, "t": [61.14696741104126, 65.09210968017578, 57.114357471466064, 58.28874444961548, 59.66445350646973, 60.85364317893982, 58.88795804977417, 56.4744393825531, 66.76555347442627, 56.78934979438782], "nmi_acc": [0.43092643919241036, 0.49335681687903293, 0.3996944385521022, 0.4812444306293595, 0.5075598803240905, 0.42925484693189536, 0.4892319166738879, 0.40094991739644553, 0.4962052170724417, 0.43589057561643707], "nmi_repr": [0.26960122342386994, 0.2685740655816929, 0.26688450998163415, 0.22731718091841652, 0.22430044884941364, 0.23785928849820562, 0.26247445429682703, 0.2848001016937288, 0.2590701930343854, 0.23994126162322021], "mi_td": [1.1204815482579507, 1.1193199800152338, 1.0389192408571506, 1.1104372739073571, 1.12333295025994, 1.063559566804941, 1.0780251013433455, 1.0490513178784022, 1.136928261788906, 1.0283915022720136], "nmi_td": [0.2076064426780808, 0.20604259223361848, 0.19536443551969618, 0.20267000237849317, 0.20552676813974155, 0.19732092811247254, 0.19856908301928186, 0.1966579629453304, 0.2082361013056116, 0.19144266653265382], "mi_tw": [1.6431834333414657, 1.6999103171680154, 1.5537307407399974, 1.6758470210246963, 1.6705631884284862, 1.6650867237637657, 1.7026770203278425, 1.6295656407198824, 1.6386874750361584, 1.6992624433093657], "nmi_tw": [0.35616642363726386, 0.36566226701002374, 0.34266641293848876, 0.3569105611849043, 0.356804471656953, 0.3614737593091024, 0.3665334684091192, 0.35808491525979663, 0.3504323029084247, 0.3703562536692215], "coh": [-1.926714379786243, -1.789343963330897, -2.125202767297919, -1.8437585979584385, -2.054012608504894, -1.9859755483307313, -1.8830714752373376, -1.9682979046712332, -1.9474996800363253, -1.8603878584665972]}