{"p": 0.7000000000000001, "p-emp": 0.6997992964418623, "t": [25.905863523483276, 34.393712282180786, 23.37832760810852, 25.662135124206543, 25.476562023162842, 24.49010443687439, 27.385169506072998, 23.538707494735718, 25.414727687835693, 24.493266344070435], "nmi_acc": [0.2515055350179644, 0.27987503207408376, 0.2273889813789647, 0.2769992228475274, 0.2952054477561004, 0.30363884927018336, 0.2829018068085754, 0.2781456843744311, 0.30457518450430426, 0.2857809687976115], "nmi_repr": [0.2435370162205184, 0.2641797338248963, 0.24917162524635983, 0.24367905473940948, 0.2637248108625582, 0.2684651144314003, 0.26637230445012183, 0.2603925454451557, 0.2702295910130056, 0.27172220948924425], "mi_td": [1.7777826253175992, 2.0003680921375353, 1.8420829123817652, 1.9385999234084808, 1.873165636145569, 1.9223507190558071, 1.9544333191158991, 1.9169528454936944, 1.9526086223694066, 1.9270820024350583], "nmi_td": [0.3196275381054551, 0.3544379392659267, 0.3290790200327445, 0.34352394244375606, 0.3342132381642544, 0.3417241680896507, 0.34675801738515477, 0.3414764790204405, 0.346065775951646, 0.3418295482309897], "mi_tw": [2.239676508369044, 2.3653655423234032, 2.258093705784002, 2.362784587440407, 2.3157711930175635, 2.346281167934972, 2.3126918168510104, 2.318623905146224, 2.3539500038111862, 2.356813035971011], "nmi_tw": [0.4027647783585515, 0.41920625098813225, 0.4034902065923208, 0.4187860029506676, 0.41327868312560806, 0.4171792012774589, 0.4104145493457046, 0.4131230290591456, 0.41729185639664246, 0.4181516805298596], "coh": [-2.3638479516708717, -2.260820856300876, -2.3697363324401293, -2.352722905024318, -2.355457774845719, -2.4096861249907637, -2.2815488089792715, -2.318990391037563, -2.2632187055831947, -2.1672745729310336]}