{"p": 0.30000000000000004, "p-emp": 0.2975182109153346, "t": [51.11411380767822, 55.53934836387634, 55.97750449180603, 55.84180545806885, 52.91763687133789, 51.46440887451172, 62.036391496658325, 53.448484897613525, 53.98125767707825, 53.89633870124817], "nmi_acc": [0.4462337917657712, 0.512395043348049, 0.5313073785012743, 0.4735321998402045, 0.5180272820575618, 0.43685079331387044, 0.4269121329894009, 0.4684274823579168, 0.4607625536637186, 0.4480305418994528], "nmi_repr": [0.23713854296366801, 0.23226995026859285, 0.2612805128857939, 0.26020317227915923, 0.24674309892698812, 0.24196538417517527, 0.24103577557881842, 0.24123966589663137, 0.23616362566027566, 0.23450001152144148], "mi_td": [1.1074469182245155, 1.2708311574589808, 1.2837664439991607, 1.228389106197998, 1.2178928423526827, 1.2231083890804948, 1.206297041885082, 1.1284009016339636, 1.2304272251048949, 1.1862598883940518], "nmi_td": [0.20521054203240158, 0.23354359004814604, 0.23482902595154112, 0.2259201431364025, 0.22375533690487912, 0.22489176364376215, 0.22101394129636093, 0.20858738041460756, 0.2272013973301216, 0.21685218980579238], "mi_tw": [1.7049607500118964, 1.7424020660908712, 1.749861663437132, 1.7367225957967547, 1.7369668827320386, 1.7459375470321052, 1.763079461554499, 1.7188553726359856, 1.6889350559972833, 1.7768507064625885], "nmi_tw": [0.34191241760885904, 0.34630419010339214, 0.34604690812069455, 0.34546683275737183, 0.34512442724134645, 0.3472043929404773, 0.34926863162056615, 0.3437963533696078, 0.33741691401206986, 0.35113778103435433], "coh": [-2.0511284549973157, -1.8882765564290345, -2.023975138881657, -2.1072457488159415, -2.0252664740327297, -2.042020245459628, -1.9280064608957275, -2.038788825654566, -2.151387607581545, -1.9379923998314563]}