{"p": 0.30000000000000004, "p-emp": 0.2914055823174623, "t": [93.84083914756775, 92.84055519104004, 92.55282163619995, 92.80449342727661, 92.21653747558594, 92.34872031211853, 92.62884855270386, 93.37570595741272, 92.85077118873596, 93.83501863479614], "nmi_acc": [0.5100432381019612, 0.5191265146112375, 0.4926314486600349, 0.5146394645941614, 0.5129865860682121, 0.49969848054010096, 0.518702157485214, 0.5122687898794023, 0.4913180824899392, 0.48995259360185583], "nmi_repr": [0.45346459140531414, 0.42636050027723527, 0.41172075113140666, 0.47013682671037305, 0.45256453414090375, 0.4351183483736337, 0.43375285051146467, 0.43462663438356375, 0.40762789960209717, 0.40428009834829187], "mi_td": [1.7603027865800562, 1.7584904682692968, 1.775688079326656, 1.8041460204140112, 1.7679214090650448, 1.7873941872942916, 1.7957064742652364, 1.861501790642895, 1.7655681078400236, 1.7812699535712304], "nmi_td": [0.31601710704481106, 0.314138725333951, 0.318695049413414, 0.32373816529171145, 0.316473307223886, 0.3197919394685288, 0.32081825422880134, 0.3293531618365048, 0.31625531408098584, 0.31684664643898053], "mi_tw": [1.5182848018326471, 1.5257770035302856, 1.5051939504129277, 1.493613681550782, 1.5181194792638375, 1.5157497207001933, 1.520463271252508, 1.5426063960759895, 1.5236248533170431, 1.5539229987464678], "nmi_tw": [0.30262090887437815, 0.30245411707270087, 0.29992380784509154, 0.2975505888542408, 0.3016234171182712, 0.3009779673181196, 0.3014333277847667, 0.3025410015582561, 0.30293334177539966, 0.30657175969337874], "coh": [-1.6908290265048191, -1.7210920855176663, -1.7295673282679502, -1.6355268871287154, -1.6811445999490744, -1.695125327054064, -1.777634489862102, -1.6516002858754306, -1.6560238263952356, -1.633768341969392]}