{"p": 0.9, "p-emp": 0.8977133716006399, "t": [8.476982355117798, 13.042741060256958, 7.086562156677246, 8.242616891860962, 8.696985960006714, 8.387397766113281, 10.854697942733765, 9.891096830368042, 11.284480810165405, 8.210702896118164], "nmi_acc": [0.26577146510839283, 0.25094724269161217, 0.2785522770574391, 0.271423701419573, 0.2680311766428482, 0.2601990645474523, 0.2517352615530598, 0.26909396347810927, 0.2489079600916597, 0.27890334233352604], "nmi_repr": [0.3523665061763259, 0.31948197447018734, 0.30748954034562287, 0.34220069899878547, 0.34814201642901127, 0.34664444814607054, 0.2970241579194436, 0.3246285333231203, 0.3454178641284747, 0.33606952574476234], "mi_td": [1.4323059205886268, 1.6803106351416628, 1.1153751736523465, 1.3320999426329427, 1.2537368810145617, 1.5238013321214359, 1.4400057482061752, 1.5708880398672902, 1.6691193186258928, 1.382255792154906], "nmi_td": [0.26808665684430166, 0.30500094502055614, 0.21623713224562796, 0.25144463881060836, 0.23861132386275583, 0.28034816432652176, 0.2670355585157119, 0.2893927332273417, 0.30255170843546136, 0.260948669526855], "mi_tw": [1.1841566581923044, 1.2938180404543116, 1.0959215945525154, 1.2317543714835064, 1.2381335297892773, 1.329870779477601, 1.2615984199807344, 1.3142139519609712, 1.380072850886792, 1.1562579127731425], "nmi_tw": [0.36776487175944783, 0.3820658026088012, 0.3610601721929262, 0.3879586558825204, 0.3953825304297561, 0.4014624522086341, 0.3858407640989332, 0.3975961730923316, 0.40662331751421804, 0.3642654700897058], "coh": [-1.6882224702564619, -1.7229051772431205, -1.8334968601733814, -1.8119207750855097, -1.7664866375314743, -1.7094987888541098, -1.7349358043907437, -1.6121670274871742, -1.595907785101634, -1.6522064099142983]}