{"p": 0.8, "p-emp": 0.7998094798593915, "t": [31.599225282669067, 32.36367702484131, 33.792701959609985, 32.10230898857117, 32.97102212905884, 34.74803709983826, 33.900079011917114, 32.075883865356445, 32.51950454711914, 32.087833881378174], "nmi_acc": [0.2537122479064376, 0.2532672501178339, 0.26563663258336573, 0.25405303985859135, 0.25396328254439005, 0.2420610045378512, 0.25044415859953667, 0.2316714052646666, 0.2500683043254404, 0.25872921336097526], "nmi_repr": [0.39854511967315354, 0.3926159167597848, 0.41201795307610445, 0.3944360169975873, 0.3994647100981399, 0.3764941279108671, 0.38154822244688574, 0.39810137095478504, 0.4144579804945449, 0.39690117209992776], "mi_td": [2.2568182683616187, 2.3152881358497126, 2.3042311971082983, 2.2852061154231236, 2.272933716518091, 2.3078783786375583, 2.282421560220989, 2.28392144754312, 2.298628997764329, 2.2536694552209604], "nmi_td": [0.40899276356672476, 0.41735800246377447, 0.4162150145732997, 0.4128626106109316, 0.41148222362147574, 0.4162260366302414, 0.4122966985670456, 0.4125390526690175, 0.41537734695038403, 0.4077456164467624], "mi_tw": [2.2091859938575444, 2.218860213443224, 2.2164767228154236, 2.2119294192551964, 2.2134975713524576, 2.2087016920372964, 2.2220320580712674, 2.220595334918058, 2.213370461225123, 2.2343209358852687], "nmi_tw": [0.38830027780821813, 0.3879891606229765, 0.38834183510843784, 0.38762171389623673, 0.3886632096243691, 0.38639630661489277, 0.38933456309747894, 0.389056677954018, 0.3879554673029252, 0.392087224772833], "coh": [-2.568813171835145, -2.5452667369713105, -2.443929928655778, -2.6169061965389293, -2.598490835559926, -2.562500476515699, -2.5976423281036776, -2.4796178441229166, -2.5979728258746704, -2.4951272166031053]}