{"p": 0.4, "p-emp": 0.3985016196790032, "t": [83.39561796188354, 82.87775325775146, 84.97662615776062, 83.87872695922852, 83.1901044845581, 84.40514588356018, 82.65718173980713, 83.68705868721008, 84.17411541938782, 88.19652128219604], "nmi_acc": [0.5124221654032299, 0.5116210110833437, 0.5275422717558951, 0.5437934135620728, 0.5092142741004702, 0.5412267612824405, 0.5229889992082688, 0.5383687250978708, 0.5383701369293452, 0.5428823654509866], "nmi_repr": [0.49727890447452333, 0.4826239534282491, 0.4847252528907997, 0.4956613341119728, 0.48270433599475676, 0.4785628413665945, 0.5059466140077045, 0.4721695991413375, 0.49458051392928915, 0.47782360650533157], "mi_td": [2.022973950990875, 2.013473051115715, 2.026860781685892, 1.9904475994198727, 2.0285340392148488, 1.9901897369825132, 1.9922176764787813, 2.0104868177598156, 1.951056270926137, 1.9432505896334014], "nmi_td": [0.3533543552593171, 0.3529003127913441, 0.3545958657284511, 0.3507251477524914, 0.3552220645862158, 0.350270131517044, 0.3489041988247183, 0.3530189848983934, 0.34371472868568487, 0.34194530102955045], "mi_tw": [1.6696386724768613, 1.6444589642695877, 1.6525636854770647, 1.6321220278518866, 1.6370788853694997, 1.6406224814998323, 1.6628647121123514, 1.6405476176571718, 1.6601907780200993, 1.667581497445097], "nmi_tw": [0.32430712531780426, 0.32063423450568757, 0.3215578446289059, 0.32011788251657164, 0.3188777335097544, 0.3213668373271328, 0.32394336807867036, 0.32052011866842495, 0.32554989832411496, 0.3265799745833835], "coh": [-1.448666520079947, -1.5146756436841269, -1.4691621638721664, -1.466675579868349, -1.4626524097997335, -1.4575321649297153, -1.4952565826376967, -1.4544574770497791, -1.4811213819406317, -1.5407868224112184]}