{"p": 0.30000000000000004, "p-emp": 0.2826465542022065, "t": [39.62387490272522, 40.81083297729492, 38.77822279930115, 40.359960317611694, 37.68760585784912, 38.21106243133545, 38.27454662322998, 38.201483964920044, 40.75673747062683, 40.09546399116516], "nmi_acc": [0.45734883235506973, 0.4581729909923137, 0.5372803843175735, 0.4526086023314534, 0.5178207079221377, 0.4746535842160692, 0.4752927793405227, 0.5028057223363707, 0.4507284498058891, 0.49578344491379045], "nmi_repr": [0.36503567262653824, 0.36301846260911724, 0.3761808887756616, 0.37682900498269706, 0.3862653593372826, 0.3741488185936713, 0.341570088861028, 0.34778858399562873, 0.35972939986576763, 0.3677536176462267], "mi_td": [2.0094379349004825, 1.9887850819333142, 1.8971612374156082, 2.037289308381463, 2.0441939859944678, 2.038656523805064, 1.937477935132234, 1.931422493005061, 2.048931413374365, 2.0459287983844416], "nmi_td": [0.3577133285427, 0.3528853908320583, 0.34403754645291956, 0.36167181738409954, 0.363151137166265, 0.3596046439124281, 0.34676413099786274, 0.345750345495004, 0.3622148902501195, 0.36212369405107664], "mi_tw": [0.8031686649991998, 0.8206453377026632, 0.7807931309425359, 0.8095782689696407, 0.8107993093434995, 0.8148358670985081, 0.7878135434608007, 0.8166531432892757, 0.8019688885492695, 0.8078492962623136], "nmi_tw": [0.1823743476907244, 0.18557043838287557, 0.1815416018671097, 0.18318402358582506, 0.18362372338915015, 0.18287642841546936, 0.1801206270627493, 0.18676263006918606, 0.18049448824842082, 0.18209940006496445], "coh": [-1.1290390820054081, -1.1770250986002524, -1.2508835877771776, -1.0745031109922034, -1.047220940243883, -0.9852261626349795, -1.1993776306509698, -1.1236289721704542, -1.0205564025510117, -0.9958248357437581]}