{"p": 0.0, "p-emp": 0.0, "t": [138.5028007030487, 138.64375162124634, 137.5415015220642, 139.92960381507874, 142.92649817466736, 140.24427700042725, 139.98419618606567, 138.75034618377686, 137.14634346961975, 138.00651955604553], "nmi_acc": [0.4882831239756555, 0.5143606593092229, 0.4804973864029412, 0.48766459241023347, 0.4906414064252966, 0.49315412209425175, 0.4930372778351118, 0.49079717321304, 0.4893098648949282, 0.4960354472959349], "nmi_repr": [0.3953480199158383, 0.38557814968394, 0.3707270286641897, 0.3837960003387607, 0.38181643413140104, 0.38194660469848246, 0.399107937942221, 0.39879204435752974, 0.40697033086550094, 0.38790951732266904], "mi_td": [1.7339398571134017, 1.748074853716614, 1.674422841517035, 1.70558748741781, 1.6918744990231473, 1.7783751954725626, 1.7575248698903472, 1.7771481010851935, 1.713890986368157, 1.7847170482066241], "nmi_td": [0.3090781981592162, 0.31113781017855296, 0.29779661344061037, 0.30304074356913463, 0.3011667605533225, 0.3147066845373437, 0.31133115626434893, 0.3157894429113252, 0.30593690736244, 0.31522496743227724], "mi_tw": [1.2487670661958845, 1.2316790133694229, 1.2749169063123607, 1.2634425287994235, 1.2652783504550087, 1.271917590298587, 1.262586530771441, 1.2352260780779687, 1.2465925871514292, 1.2511815388153515], "nmi_tw": [0.26397563271275654, 0.2599077340233688, 0.26878353905363345, 0.26605379321824935, 0.2670314579337263, 0.2665668925561153, 0.26492795713574496, 0.26014535553219964, 0.26395845582556143, 0.2616273700305325], "coh": [-0.8491716000402196, -0.7741961760100617, -0.9939251332726995, -0.8004121011067828, -0.8542574336563071, -0.8431455640085324, -0.7470865059299844, -0.8299889826816733, -0.807041911984703, -0.8164392823530084]}