{"p": 0.8, "p-emp": 0.4465557490548113, "t": [78.5978934764862, 76.36590790748596, 77.95364022254944, 76.80601215362549, 76.21105146408081, 75.66327619552612, 76.43358659744263, 75.50906181335449, 77.72527813911438, 76.09831142425537], "nmi_acc": [0.5287069038803114, 0.5211752733013774, 0.5243367684760117, 0.4960785828471777, 0.5174041325990237, 0.5405594984137745, 0.5138367458396749, 0.5217832090645731, 0.5166086782456716, 0.516190275338123], "nmi_repr": [0.4719833332919474, 0.45958388103434217, 0.4666032437481557, 0.44226236497259724, 0.4755835346825923, 0.484753615802123, 0.47231079198055165, 0.4715024310248006, 0.4977403461430874, 0.46150187574040286], "mi_td": [2.034429639790134, 1.9980353523127272, 1.9806737063580813, 2.043489684142726, 2.0247917309286727, 2.057857965590639, 2.017271751654777, 2.0183497296219697, 2.011081679600197, 2.0154235078313514], "nmi_td": [0.3566415889734498, 0.3508297882616165, 0.3482116639413288, 0.3579039182100767, 0.3546646643447578, 0.3608734656138989, 0.35471184657933613, 0.3545623671901651, 0.35242522114178354, 0.3541017575015775], "mi_tw": [1.6935272819610225, 1.6951079987048394, 1.7088069449543724, 1.6789940269665855, 1.7073146574858284, 1.6625575273791802, 1.6717670861229903, 1.6854428985021308, 1.7056082280558242, 1.687278708424458], "nmi_tw": [0.32501205753121326, 0.3258932740087465, 0.3289721455673311, 0.32190200275144926, 0.3273676641921702, 0.31918938436986066, 0.32190705648946066, 0.3242009324500218, 0.32720513717663435, 0.324607696594747], "coh": [-1.6954066964562515, -1.5776201405625196, -1.7592985107767778, -1.616735887666599, -1.6940606728015584, -1.6222373049065464, -1.6716483107871813, -1.6985083989276013, -1.6427428271066855, -1.7096522135029786]}