{"p": 0.6000000000000001, "p-emp": 0.5997509107911427, "t": [235.7896192073822, 228.78851199150085, 232.4326400756836, 235.87558245658875, 228.18954133987427, 233.8068768978119, 230.62612509727478, 217.55500030517578, 217.2754509449005, 215.61375379562378], "nmi_acc": [0.05860742366509214, 0.06490408804214717, 0.0656463496990526, 0.06200566770091082, 0.0631346113682614, 0.06580526650244921, 0.06604204678003855, 0.06616368562884341, 0.06491649832733573, 0.06546056924626187], "nmi_repr": [0.1718207272280621, 0.17115249930182666, 0.1662635616629071, 0.16661176043003126, 0.17239041478228448, 0.17307417393487706, 0.1746410345692263, 0.1705528062716044, 0.171761724648756, 0.16490456103385667], "mi_td": [0.7106235268168085, 0.7131139652147851, 0.7278720101522818, 0.7220750730130194, 0.735500236478402, 0.7215916749728191, 0.719987567331288, 0.7289220264066095, 0.7184147692735428, 0.7567491671991837], "nmi_td": [0.11779532009616317, 0.1182555222236231, 0.12066198054903489, 0.11963166989294846, 0.12199672436839165, 0.11959929175273287, 0.11910441706371176, 0.12082976553501844, 0.11900788950985493, 0.12523938758811468], "mi_tw": [1.1127534628290097, 1.1383359897178231, 1.0865018552874617, 1.1205849710049571, 1.1001947397501213, 1.1437933137246052, 1.1346977194942047, 1.0984050182375666, 1.1106513660192636, 1.0710973707348912], "nmi_tw": [0.3125988751340543, 0.32000289277528954, 0.3052563069089847, 0.31452314512196994, 0.30940504578303657, 0.3212543153742305, 0.3176646401905931, 0.3085733591987714, 0.31165802987491276, 0.30007696475811335], "coh": [-0.8850213652326634, -0.8690279121561758, -0.8600916467205536, -0.8693472679308065, -0.8057061166822811, -0.9110251994356444, -0.8738699133241937, -0.8475746776289421, -0.8939578535550785, -0.8099691516167932]}