{"p": 0.0, "p-emp": 0.0, "t": [255.3578326702118, 247.38919353485107, 257.55453395843506, 252.77696752548218, 262.12594199180603, 261.038880109787, 255.12309741973877, 256.0245704650879, 262.27287006378174, 256.8713433742523], "nmi_acc": [0.34853370175760734, 0.36253849890569106, 0.32630245324018403, 0.3388020685294192, 0.39965493056341783, 0.33085825755877546, 0.3601726794909364, 0.35602413606056005, 0.3514636212001245, 0.3793537518368602], "nmi_repr": [0.19912302908236074, 0.21470170095842345, 0.2055440675609639, 0.21089477613632404, 0.21050355786728403, 0.19793941645893298, 0.1907836440786956, 0.2024676367325216, 0.20035369768280586, 0.20574950995597638], "mi_td": [1.3754809678925124, 1.5030743539573257, 1.3701115616361685, 1.383486797348763, 1.4630148281323272, 1.3903084067043896, 1.473095007208118, 1.4160167437861366, 1.341141658743314, 1.4394640936667866], "nmi_td": [0.23628978570017736, 0.25482424735473413, 0.23610949230085906, 0.23717700003250702, 0.24891490878994668, 0.2377742148754613, 0.2500096223724242, 0.24186235304972867, 0.23021137130048247, 0.24650634986079567], "mi_tw": [0.8018302462707558, 0.8281465222571297, 0.7967833978964547, 0.8237410013984136, 0.8078785493025699, 0.8093898659791333, 0.8425197092914781, 0.8234118530986531, 0.7969376974706055, 0.8227189139840739], "nmi_tw": [0.15431984063345666, 0.1570478374935731, 0.15389041543986848, 0.15817210323021247, 0.15381402712510506, 0.15499862843987855, 0.15996529792266612, 0.15745890618235017, 0.15324445633269723, 0.157784370783277], "coh": [-1.3909804738346252, -0.9940424405017042, -1.315294931029067, -1.4306775840549968, -1.606637325432872, -1.2647714995996395, -1.1543224331710609, -1.336759736132957, -1.1832360194700877, -1.110816723770694]}