{"p": 0.30000000000000004, "p-emp": 0.29901457866106196, "t": [413.7915201187134, 411.3204548358917, 408.93109250068665, 406.56826615333557, 408.64267015457153, 415.7085590362549, 420.15179991722107, 431.6008110046387, 431.4180154800415, 414.0287868976593], "nmi_acc": [0.39893527007353674, 0.38650671382257423, 0.3902000436463081, 0.378673563065679, 0.36494366059811134, 0.4095905567962955, 0.4024978534201369, 0.3971624923351092, 0.40990561523701385, 0.4315285898259291], "nmi_repr": [0.32626078709411327, 0.3220028836059667, 0.3369101654906808, 0.3635414880992464, 0.3431661469243212, 0.32340010624019067, 0.3292464152386813, 0.34473254217363275, 0.35588749395972397, 0.32262589105755735], "mi_td": [1.3639319996630874, 1.3594381268087128, 1.3731667313806164, 1.3311879670803273, 1.3449902190685765, 1.392447647917363, 1.352571889299736, 1.354156659466367, 1.3828487704120838, 1.4723640251147398], "nmi_td": [0.2308976662521082, 0.22824790180509724, 0.23149767821570783, 0.2263402095689563, 0.22767830353098148, 0.2337519478889037, 0.22819484551332625, 0.22903988430197955, 0.23374906227891384, 0.2476980313043864], "mi_tw": [1.245415692083298, 1.2704162778966035, 1.265779360573385, 1.2496637878926284, 1.2533500886037854, 1.2496473945921558, 1.2697545646484472, 1.2606299135635177, 1.2382003640603758, 1.184642024968422], "nmi_tw": [0.24844400562005736, 0.25098358875120297, 0.2512741520433726, 0.25057739032656084, 0.2500103256444954, 0.24683300969137553, 0.2522835299528164, 0.2512167564008658, 0.2465683572365703, 0.23458407602117914], "coh": [-1.5554902205872474, -1.544255040485263, -1.448631063709108, -1.5272219877737376, -1.575173986313108, -1.4758190913675986, -1.528711116012099, -1.5565110408893126, -1.5212952054810742, -1.5200285624653707]}