{"p": 0.5, "p-emp": 0.49988581671324905, "t": [307.92718029022217, 299.8762857913971, 322.301908493042, 309.7895715236664, 316.3489968776703, 299.51059079170227, 292.8206191062927, 295.11149072647095, 303.10888481140137, 297.0222010612488], "nmi_acc": [0.30581741232683074, 0.32447073083321765, 0.3148609154803939, 0.3017255686432214, 0.35275237600182036, 0.32346677704716553, 0.3345777134955882, 0.3114928301716523, 0.37278600098710585, 0.32433480158192196], "nmi_repr": [0.32580205717224553, 0.30516402593258213, 0.281531446935997, 0.2795050338021898, 0.29573771982735747, 0.31460651303388254, 0.3116269501649965, 0.30789750976099034, 0.31327723969636784, 0.3123681162404435], "mi_td": [1.2801857606721248, 1.31373742318104, 1.298293098556528, 1.2889278231673633, 1.342501248509249, 1.3199646791252804, 1.327284577400174, 1.28361810765096, 1.3228720037182928, 1.2984565924426437], "nmi_td": [0.21701208337705244, 0.22188874548151263, 0.21790672667272545, 0.21743431003499497, 0.22651888375260268, 0.2224387339397146, 0.22401547522426893, 0.21733328067659838, 0.22372018779142652, 0.2201924027157782], "mi_tw": [1.2291188115385376, 1.1971796935466497, 1.257367851216468, 1.2240821410117464, 1.204313700341633, 1.2152649146017052, 1.2199748266713557, 1.2216082614249948, 1.2297602200042688, 1.219031604087177], "nmi_tw": [0.2624170231839406, 0.25442697105280515, 0.26511562450835846, 0.25974731822703684, 0.2556193053486722, 0.257539455234248, 0.25903664679475935, 0.2604201709184208, 0.26177599195249435, 0.26038719918198977], "coh": [-1.5658531538084184, -1.6646934474320194, -1.4651690614369426, -1.6639584604274447, -1.4601070919974846, -1.5469779474499434, -1.6379995482566154, -1.626408165479337, -1.5236550490906133, -1.5505673628351564]}