{"p": 0.0, "p-emp": 0.0, "t": [247.70646286010742, 255.69590640068054, 256.36507749557495, 255.22575974464417, 254.16880464553833, 247.2030065059662, 248.06529331207275, 250.28882837295532, 245.55138731002808, 251.92231249809265], "nmi_acc": [0.3528307051255665, 0.3398892605479241, 0.33727088592205706, 0.3780177847464767, 0.34826275999902506, 0.3406856935752749, 0.36336350898364284, 0.36121294320581426, 0.33927066832856817, 0.34129515697219237], "nmi_repr": [0.20684273485266486, 0.20696993182463597, 0.1880491430722617, 0.20370269907533586, 0.2036995226329209, 0.19381176353441829, 0.19969191203914718, 0.2046138730928399, 0.1948907862640827, 0.18810210445388098], "mi_td": [1.358497366558722, 1.4167966282904345, 1.3657499004935028, 1.4720229869426777, 1.3844705730698332, 1.3140227409604972, 1.4730053194845325, 1.4247623170264587, 1.4022796252701932, 1.4818481552679388], "nmi_td": [0.23428237739891522, 0.24279362567301954, 0.2353314755704439, 0.25001565238468, 0.23750585593256093, 0.22856737722112316, 0.2501746694912289, 0.24334551372997665, 0.24041152856714376, 0.25096283707842826], "mi_tw": [0.7998581881970864, 0.7939612039569045, 0.7976674328120636, 0.8323946074291774, 0.79896328812272, 0.7646106287206776, 0.8212924936905659, 0.8138403963621461, 0.7821773212365656, 0.8134907132420495], "nmi_tw": [0.15461323093630897, 0.15238792689657035, 0.15404180646123694, 0.15817593194079807, 0.15353035942144208, 0.14923050172447766, 0.1560607880877439, 0.15562097454010748, 0.1502001319787462, 0.15408804139637602], "coh": [-1.2655173445571293, -1.2691094043790234, -1.2285199006695604, -1.2018357015662118, -1.542291645384833, -1.3776111303138996, -1.295783555875121, -1.2142533782539933, -1.1233846385827326, -1.4178320176369583]}