{"p": 0.7000000000000001, "p-emp": 0.6999565973015162, "t": [207.3536901473999, 224.690500497818, 216.50070333480835, 217.99697375297546, 219.40670347213745, 216.58293223381042, 220.02365636825562, 215.15542268753052, 219.3507137298584, 218.3147475719452], "nmi_acc": [0.5824182635337635, 0.5713400153524156, 0.5891512030475601, 0.5949792037205167, 0.6097593641094132, 0.5755246439984149, 0.6010718238936998, 0.5550330969904078, 0.5717834853068324, 0.5756809228631687], "nmi_repr": [0.49435303887792315, 0.49814807127211286, 0.5270953047768491, 0.5506252615899034, 0.5228681244593995, 0.515546946782234, 0.5316116990748254, 0.4824886244380818, 0.4800951177467825, 0.4972880045903521], "mi_td": [2.1310588407611486, 2.15435732424168, 2.129348569580312, 2.130511611201269, 2.205693160106378, 2.1336785160388003, 2.132371387884578, 2.1122018133252136, 2.1279953210070066, 2.1798083023182655], "nmi_td": [0.35341461951873193, 0.3572779327717979, 0.35361468086883097, 0.35362178115371895, 0.36438443281876226, 0.3543233897255865, 0.3541985043494538, 0.3507199616745962, 0.3533734507953246, 0.3614283929094936], "mi_tw": [1.941588975414097, 1.9304940964894337, 1.9466487048513825, 1.9484872458127989, 1.937382027379146, 1.9362227953699205, 1.9389978821478606, 1.9395688957253079, 1.9324578192943362, 1.9102365695243462], "nmi_tw": [0.29929384899168465, 0.29758319415802875, 0.3004558076967287, 0.30059259658429494, 0.29757691198199243, 0.2988385038308252, 0.29933921704511746, 0.29932562746996394, 0.29825256988388765, 0.29440727854169524], "coh": [-2.555827326795403, -2.479283944984017, -2.437966507167288, -2.56538940602578, -2.477779853345937, -2.547250458426657, -2.5417683127435438, -2.4801615535347463, -2.630064582124447, -2.521681665394445]}