{"p": 0.0, "p-emp": 0.0, "t": [296.2119743824005, 285.98440074920654, 289.02931690216064, 281.3368241786957, 287.7002339363098, 289.57177472114563, 292.4789927005768, 287.56705927848816, 295.3211796283722, 289.5215883255005], "nmi_acc": [0.3212643208276902, 0.38105811022269515, 0.36997017860189296, 0.33228070806494797, 0.3705246895953536, 0.36167826380411544, 0.32129321155401996, 0.31932815869261855, 0.2929739894619285, 0.3485856491459529], "nmi_repr": [0.19479555294315434, 0.1954853298999525, 0.20933471812327575, 0.19950258022617945, 0.19838023021673404, 0.20875453530892157, 0.19396257203530173, 0.17696604093735405, 0.18268842402253566, 0.18631450249808487], "mi_td": [1.3835837917641671, 1.5095668134485711, 1.3969019157968412, 1.418220063742452, 1.513989758132249, 1.3908848658981467, 1.39560771105113, 1.4270916694303992, 1.3019731949888953, 1.4292192258938117], "nmi_td": [0.23668185484248044, 0.25567977634283884, 0.24001377034685378, 0.241554668049595, 0.25532664185965104, 0.23911970118176765, 0.23875774181288234, 0.24351057241231577, 0.2264356669868418, 0.2441633698122069], "mi_tw": [0.8108115810899282, 0.834807728207389, 0.7900540741147687, 0.8157391784932738, 0.8406713860781694, 0.7837312562480718, 0.8016434302221257, 0.8015522477928252, 0.7481721197842771, 0.821107949853148], "nmi_tw": [0.1553132857942955, 0.158141430281451, 0.1520847422442484, 0.15549869761236532, 0.15848697035552242, 0.15096647051180676, 0.15357080147094185, 0.1531073932123565, 0.14599630039388092, 0.157051441489701], "coh": [-1.297865201714762, -1.3475682923865506, -1.7228798461043688, -1.3279676086631602, -1.1369424236910273, -1.5178423765786768, -1.1852812118664313, -1.3552623001636583, -1.6109209221429353, -1.2901972397969639]}