{"p": 0.8, "p-emp": 0.7664196218823722, "t": [87.98618388175964, 89.1695830821991, 86.10827922821045, 88.03817391395569, 89.85594582557678, 84.67536616325378, 89.20437097549438, 88.21382474899292, 85.85342335700989, 85.56780743598938], "nmi_acc": [0.07202616509759559, 0.06374602044980397, 0.06344400006918405, 0.08218994774434256, 0.07683632052345662, 0.07489997230877826, 0.0707443855665705, 0.07726596913017987, 0.08550607052382615, 0.06146547040964411], "nmi_repr": [0.13682413159748527, 0.1304377393815543, 0.1402088048764955, 0.1343620162311986, 0.13381101833142023, 0.16133059259348714, 0.15583671221810808, 0.1404355291370607, 0.13962278655027874, 0.1355068532103543], "mi_td": [1.1920085822933144, 0.9354758546613202, 0.8231578494200079, 1.2550618801308449, 1.1022448561519949, 1.0750314881451875, 1.145986278279577, 1.064223081620724, 0.9212769924065883, 0.8660483658863988], "nmi_td": [0.20980765516061065, 0.17019997050990268, 0.15312681672197065, 0.21949534328085457, 0.1954914487341267, 0.1925149230297577, 0.2027799805896346, 0.18988207789826525, 0.1694943912418012, 0.15786573466662765], "mi_tw": [0.6502760761780514, 0.5680506102753458, 0.5609832197575193, 0.6412346010745589, 0.6478279656786302, 0.6233466808341355, 0.6523018409252811, 0.6303983883723902, 0.5613785802621115, 0.6518937623080682], "nmi_tw": [0.19099030390912428, 0.17643195434020773, 0.18102157251409012, 0.18633674523115967, 0.19271117938883375, 0.18846627087743584, 0.1932916699543882, 0.1894238960888398, 0.1777208027009414, 0.20312613840506352], "coh": [-1.9869487937653507, -2.39860238473534, -2.6348471068400476, -2.078338474502163, -1.9617393480379302, -2.1833441662081006, -2.021556193419877, -2.282314556376005, -2.3612554016344243, -2.1462641004648444]}