{"p": 0.1, "p-emp": 0.08815758807315766, "t": [551.9703087806702, 541.2718191146851, 538.4143240451813, 534.0340151786804, 543.5227282047272, 571.0014181137085, 575.1325542926788, 549.7447731494904, 547.8435883522034, 544.72998213768], "nmi_acc": [0.4943970773267277, 0.47266761540646957, 0.46183096786942185, 0.47456916579091196, 0.45151481413978495, 0.4674486177503338, 0.48874800726634654, 0.4796433760279797, 0.5068012078983002, 0.509690416009099], "nmi_repr": [0.3558243682486304, 0.3589848291155731, 0.3569490906612715, 0.345324154638358, 0.36444616310855166, 0.3696668008185392, 0.3567423319575582, 0.37163677153865554, 0.38165148525525006, 0.37939914598793156], "mi_td": [1.5196477884407105, 1.4942173777545387, 1.4743355558651319, 1.4934067321126292, 1.4453590015228786, 1.4867501915635282, 1.4840360348790893, 1.4877260027439987, 1.504456376250383, 1.4943343129424556], "nmi_td": [0.2544641694823717, 0.25137739945509263, 0.24723104715728933, 0.2509483340073808, 0.24290953622997158, 0.24879780199975335, 0.2505707237613585, 0.2505594773742818, 0.2531434217246896, 0.25095625239752806], "mi_tw": [1.1888784851110787, 1.1880938118119742, 1.2041738069851649, 1.1892665275798195, 1.217936565828814, 1.2236756552049228, 1.1674426930124986, 1.175567789241471, 1.1862581891656723, 1.2070134476054604], "nmi_tw": [0.22694183199794796, 0.22800338437551249, 0.23023773597996805, 0.22792519373032213, 0.23345825147273588, 0.23341552995194476, 0.22496835559167536, 0.22588147545935083, 0.22769572802686888, 0.23117098676093759], "coh": [-1.410010650488914, -1.4831795634628664, -1.4506150076656825, -1.4547229782589874, -1.6020125520062376, -1.3863534272007048, -1.4423473066655261, -1.5021887542476198, -1.473127755627453, -1.4231957960559263]}