{"p": 0.6000000000000001, "p-emp": 0.4322086649324727, "t": [182.07382798194885, 178.75161743164062, 180.15062069892883, 179.59907007217407, 181.7693226337433, 179.06716680526733, 177.14098715782166, 176.04708242416382, 177.10453915596008, 182.12181329727173], "nmi_acc": [0.3581825324951032, 0.35892230701365, 0.3957260409480721, 0.3687932455605789, 0.37224161140826684, 0.38788894568996574, 0.4006444888580905, 0.42596208815880165, 0.39397714060674277, 0.37319319155380704], "nmi_repr": [0.19601280661813852, 0.18555994257771122, 0.20390557822832683, 0.2069925202416795, 0.1964806234521857, 0.2073110823946837, 0.2082279046389814, 0.22637395543774497, 0.22350309391598056, 0.20487794499877238], "mi_td": [1.615072555186932, 1.5828577476808356, 1.6136126876216679, 1.5879495137860073, 1.6031195816991202, 1.598908433613485, 1.6188704613221874, 1.6630811724759489, 1.6090730819567016, 1.5717017200355219], "nmi_td": [0.2676293994593052, 0.2638245730772093, 0.2685313893623594, 0.2638617804516123, 0.26623202440664695, 0.26594132916877755, 0.26907303061913607, 0.2752532897312732, 0.26798624117158687, 0.26292738492552703], "mi_tw": [1.3929345031722316, 1.3766957011594034, 1.3974241750556964, 1.396113889946514, 1.3836634838717752, 1.4024937404695987, 1.4075787767526222, 1.4280924809628037, 1.393466997188209, 1.3575141824881483], "nmi_tw": [0.22969538061428824, 0.2283382835403816, 0.23141672631583216, 0.23085250223391274, 0.22866515704177298, 0.23213201956058424, 0.2328113473542706, 0.23521105548357146, 0.2309417653836251, 0.22597982756528245], "coh": [-2.1486056698649145, -2.258107868821585, -2.206341907153762, -1.9951563123723477, -2.0816814933574683, -1.970449786167908, -1.9604789096260842, -1.9303837752675626, -2.137403450238899, -2.2211081044769014]}