{"p": 0.2, "p-emp": 0.1991891551193653, "t": [507.2701451778412, 502.76867508888245, 511.59162497520447, 506.9916410446167, 495.57520151138306, 491.4671063423157, 498.1659038066864, 521.917690038681, 490.7198896408081, 484.2891764640808], "nmi_acc": [0.5051315807608647, 0.5050286434437373, 0.5138239146457634, 0.5379530763490261, 0.5054482817161977, 0.5152157952501274, 0.5242099572820397, 0.5024011131197755, 0.5105328945920419, 0.4860054457752957], "nmi_repr": [0.412710255410998, 0.41464056858372494, 0.40236147715969145, 0.4160043513216852, 0.3945384145996723, 0.3969909869820461, 0.41515047508008424, 0.4256949910806358, 0.41418072666520916, 0.40041286059987374], "mi_td": [1.5207052802464833, 1.5234628864743147, 1.525951576165141, 1.5438608424694549, 1.5616421866197236, 1.5888282092573527, 1.546637322271224, 1.566911174978113, 1.526970500091873, 1.5271103445939156], "nmi_td": [0.25491698753400727, 0.2559267578558411, 0.25611511090438277, 0.25873230473341974, 0.2621267848370525, 0.26746452433896306, 0.2592126376644499, 0.2641989073154578, 0.25711059664883223, 0.25485517014264514], "mi_tw": [1.4308726315258424, 1.4332239444288655, 1.4246741319913336, 1.4261019555543393, 1.3925738521492228, 1.3676967018997077, 1.4214786466846827, 1.3818706598140342, 1.4100912322482777, 1.454114411082608], "nmi_tw": [0.2610342345956926, 0.2620733431347608, 0.2602558667014268, 0.2600914230587948, 0.25441444993808837, 0.25065953824431264, 0.2592645857923745, 0.2537003893601898, 0.25849408530372897, 0.26399416971464545], "coh": [-1.7319957383817894, -1.6844291072874236, -1.6785863574971358, -1.6888206358656983, -1.6536081840275816, -1.62742395084496, -1.705693495959253, -1.660069680777361, -1.6755980722957506, -1.6377189801160532]}