{"p": 0.9, "p-emp": 0.8999955370646778, "t": [102.07712316513062, 99.76851344108582, 100.63336396217346, 99.76162624359131, 100.15925765037537, 99.86905407905579, 99.71378350257874, 99.79485082626343, 98.75307393074036, 99.82238984107971], "nmi_acc": [0.029066038919913106, 0.0286159576510332, 0.030201920100912407, 0.030588421856732228, 0.03082365287865065, 0.027603555950334868, 0.028118250259729714, 0.030408451413726327, 0.028374159366025088, 0.03090024782997252], "nmi_repr": [0.036096809562553074, 0.03392062394227095, 0.025678827560242503, 0.031087210635710183, 0.03466491872306292, 0.02811173838457676, 0.028469165766627298, 0.030012777644280432, 0.029611765439430237, 0.0289131628854977], "mi_td": [1.5820750505841943, 1.5603594022923262, 1.5780798440622483, 1.584861822113157, 1.5869462596455046, 1.5842786087661278, 1.581373583703513, 1.5777884445959915, 1.5863792238831949, 1.5775672593999701], "nmi_td": [0.26117655535394796, 0.2579434116762361, 0.2604601594262635, 0.26174674877907644, 0.2618860294664902, 0.26152356398966653, 0.26099036187223096, 0.26040734907062385, 0.2618775035607825, 0.2603272993567361], "mi_tw": [2.767477847293475, 2.7436233549191185, 2.7659102804261573, 2.7641282890376804, 2.7712942162953342, 2.760498277480949, 2.7703170568927393, 2.76919917029091, 2.7656881142541048, 2.7623715844484633], "nmi_tw": [0.4031174614829943, 0.4001242428927544, 0.40281155190095513, 0.4027791012086328, 0.4035446219660792, 0.40207805736246677, 0.4034350184389472, 0.4032840838910067, 0.4028437271594086, 0.4022304029534993], "coh": [-2.856357387335165, -2.869443805367694, -2.8956819724576186, -2.8175898804428687, -2.8406128111635334, -2.888698047213099, -2.8569706843768605, -2.9077094464039615, -2.875874172986258, -2.81095412610267]}