{"p": 0.2, "p-emp": 0.1991891551193653, "t": [218.75750255584717, 224.8435344696045, 220.19449925422668, 215.8076364994049, 218.9488115310669, 220.69060945510864, 219.78413939476013, 216.7610375881195, 223.48014950752258, 217.0963270664215], "nmi_acc": [0.3742761943193118, 0.3162160328367345, 0.35474760245300124, 0.32120460771326753, 0.32211680124335346, 0.3589221697892073, 0.3608517538683068, 0.3476368459880829, 0.38009398364346453, 0.3633557148332897], "nmi_repr": [0.21861476695568932, 0.21587324555545379, 0.19681675239758065, 0.20321575913703158, 0.19722541419369205, 0.20541143869088468, 0.20976655484445814, 0.22056847958114512, 0.2153837057255759, 0.2164837751402257], "mi_td": [1.428836044543202, 1.338100026350187, 1.4224111224422373, 1.2407911796311628, 1.34924639638728, 1.4820202059405538, 1.393303094489747, 1.4749800051785569, 1.4894519257101846, 1.303902613853715], "nmi_td": [0.2449057268105259, 0.23071165622094575, 0.24312635192446316, 0.21708880332761898, 0.23272506203303348, 0.2519613527567128, 0.2407886265594258, 0.2501229661876042, 0.2537982258871884, 0.22881588930279037], "mi_tw": [0.9594028052684049, 0.9376398576773803, 0.9710314020761935, 0.9050335908828969, 0.9420849141340664, 0.9819937911863585, 0.932222474892984, 0.9922111722038623, 0.9631924494160725, 0.8588734296303747], "nmi_tw": [0.17931796408803818, 0.17638270277403525, 0.1809410859797813, 0.17299192609197125, 0.1772949953754128, 0.18191827697890353, 0.17580892615243746, 0.18329885355548053, 0.1788756064028877, 0.1647074571253923], "coh": [-1.916216596842976, -1.769191065390079, -1.6695377768719588, -1.8359585619250343, -1.6861409176910407, -1.7181932003948464, -1.5721440312264778, -1.5129991064316397, -1.5653281361544598, -1.8209054119560555]}