{"p": 0.7000000000000001, "p-emp": 0.6999276273704776, "t": [179.44256281852722, 176.17369318008423, 178.41486930847168, 174.90638136863708, 176.6949372291565, 179.19245314598083, 177.26898312568665, 175.83161282539368, 177.3266270160675, 176.16302180290222], "nmi_acc": [0.6437660674655986, 0.643235200475345, 0.6758449805956459, 0.6343438664517077, 0.6516231515663204, 0.6321258623536774, 0.6449542970324305, 0.6218115412047527, 0.6187219613307445, 0.6710189642604967], "nmi_repr": [0.6172956141119237, 0.6100879047875789, 0.6159063152027805, 0.5853577274148372, 0.5740783604870577, 0.605809914990785, 0.5936447563023642, 0.5910757326869194, 0.5699552553642648, 0.590232945473096], "mi_td": [2.3915165654391575, 2.3780140271149595, 2.413620520276229, 2.3795390279088693, 2.392293536724471, 2.3756986068477692, 2.3834228428080175, 2.3557837909382546, 2.3818643716964414, 2.3993735960576714], "nmi_td": [0.396828904496224, 0.39492163392899005, 0.40017044631024795, 0.39487396670144675, 0.3966410927534051, 0.3945549788287949, 0.3951856814901447, 0.39165878191508285, 0.394715176896385, 0.3977671165755541], "mi_tw": [2.0367641546283415, 2.029021419099776, 2.037170983924929, 2.0315169020812753, 2.04424679452526, 2.0302026252880223, 2.052331754482599, 2.03661257051478, 2.043861371388588, 2.0523602760833235], "nmi_tw": [0.32232888370828794, 0.3213621718817301, 0.3221428122116299, 0.3215237302981648, 0.3232668508622832, 0.3215631455710937, 0.32455738580835974, 0.3229017670356805, 0.32305230511253874, 0.32451264539487923], "coh": [-2.2243496714995787, -2.181648044393329, -2.076200049604204, -2.1429409201243574, -2.1214520299134625, -2.0490827623343377, -2.1303848755356762, -2.1511728170798388, -2.227534378437816, -2.1067627655391448]}