{"p": 0.6000000000000001, "p-emp": 0.5997509107911427, "t": [90.16734600067139, 93.12065100669861, 113.7331440448761, 103.36899042129517, 114.71449422836304, 92.65776443481445, 100.73961806297302, 100.89330720901489, 91.13699913024902, 91.37864756584167], "nmi_acc": [0.038454940611789994, 0.031787537386619706, 0.02572486496585848, 0.03333821597504833, 0.034952243947418235, 0.03157802249880984, 0.03796431658992056, 0.03249278717788312, 0.01672155785059671, 0.016962877837162053], "nmi_repr": [0.09043614731826943, 0.09704088790051295, 0.051580816610150335, 0.0651292296963466, 0.10945456469959758, 0.09016590193439172, 0.07737318365500157, 0.07847176512868582, 0.0772679351963944, 0.07450785736108367], "mi_td": [0.28059941435201086, 0.34980722184312607, 0.44056728793446653, 0.41304639599365306, 0.5064723207660814, 0.25551501286251305, 0.41165354713784896, 0.4193714620119669, 0.2727301579792073, 0.257170756122048], "nmi_td": [0.05256760141547416, 0.06602795766696222, 0.08274004484254291, 0.07680888969744445, 0.09421954058102862, 0.04923701665395565, 0.0768063401818502, 0.07796618131167853, 0.05283700021340631, 0.050675985837566655], "mi_tw": [1.005333921697129, 0.7639377545202672, 0.7495582922084054, 0.8647816718088329, 0.7724194573302315, 0.8451012350545006, 0.8807499123302858, 0.9366214562771409, 0.6663268493092811, 0.5444237498506521], "nmi_tw": [0.35091845216620254, 0.2704345555927939, 0.2628457628137285, 0.2977310682450069, 0.2661279716138188, 0.31110187222396624, 0.3051149068806576, 0.3223197522846483, 0.247823614638883, 0.2092494851484557], "coh": [-1.0531713065673438, -1.0833984653444895, -1.082280486618786, -1.0344617556660307, -1.0402459215228974, -1.1105436313751038, -1.0734827878652922, -1.0564539150752952, -1.12856049941521, -1.0849403929829882]}