{"p": 0.30000000000000004, "p-emp": 0.29920797252502185, "t": [438.3801486492157, 442.2444610595703, 438.71328496932983, 432.9764564037323, 451.34198236465454, 460.95441722869873, 443.55458998680115, 440.0628879070282, 442.1730375289917, 441.14879846572876], "nmi_acc": [0.548933228293528, 0.5374632017356529, 0.5234672323357014, 0.5585080161326305, 0.5533133428579856, 0.5556347636402273, 0.5550201936314078, 0.5486947244634843, 0.536233208404215, 0.5625936484455896], "nmi_repr": [0.43429118444847664, 0.47815519103499177, 0.4654883462577052, 0.46756571731227353, 0.4548831438751104, 0.4546559430234076, 0.46332678877030115, 0.45406302383347485, 0.4402963158420937, 0.44361026577845747], "mi_td": [1.677863993049957, 1.6637839478490297, 1.655819455130906, 1.6848110957543385, 1.6782070831818556, 1.6853249901638037, 1.6650561026622437, 1.6678617594583591, 1.6646561960943236, 1.685122485081641], "nmi_td": [0.281842614777903, 0.2783372694034058, 0.27793662820222026, 0.2827064615887891, 0.27983276881419566, 0.28312217106758375, 0.27809064139440287, 0.27859384104416324, 0.2799307072183709, 0.28161404555263103], "mi_tw": [1.5081954218206137, 1.5404254804014135, 1.522669728053699, 1.5155313395130918, 1.5411237656502077, 1.5056365077092742, 1.551861305247214, 1.5459399895660537, 1.4937488603453355, 1.5261516544683393], "nmi_tw": [0.25745915997527064, 0.261870850135389, 0.259737221633204, 0.2584298695800329, 0.26111967990656026, 0.2570465834934833, 0.2633727547664995, 0.26240094963554267, 0.25527726738469625, 0.2591703154667709], "coh": [-1.7705093251535473, -1.734794675414675, -1.899407875612819, -1.7348629184653812, -1.8964504769653936, -1.743545538899261, -1.767263550059171, -1.79099053955206, -1.793809355455243, -1.747341477604396]}