{"p": 0.2, "p-emp": 0.1998264936022126, "t": [298.02881121635437, 296.18681025505066, 292.2674400806427, 295.32644724845886, 282.8394467830658, 304.1789722442627, 286.0393648147583, 325.5893988609314, 297.065128326416, 288.8404026031494], "nmi_acc": [0.3526133969273561, 0.28614543897344236, 0.3591312224761413, 0.31117719356072193, 0.255743045926722, 0.33780143600521034, 0.2587077676259735, 0.2723275338079656, 0.35201053034240887, 0.3349288862220106], "nmi_repr": [0.24241776318701994, 0.2873753490641096, 0.272333223653686, 0.24194099643796918, 0.29122956943825806, 0.29530751664879673, 0.25271415535563635, 0.25202690722673404, 0.2608878218936028, 0.2663445289084443], "mi_td": [1.1413549042322346, 1.1316184943151872, 1.0502230574105853, 1.1106532283817663, 1.090812884632734, 1.0742085621306796, 1.0343525475680904, 1.1166490051885576, 1.1200223964010758, 1.129112578892866], "nmi_td": [0.19453905312832623, 0.1959418220653712, 0.1797189197348894, 0.19125837330940237, 0.1902974084921024, 0.18555619498720316, 0.18005425618882728, 0.1929883529083904, 0.19213626625469535, 0.19423513654076585], "mi_tw": [1.7898995130204416, 1.6324187375853425, 1.7782929996558199, 1.7026267386624576, 1.5863781622423845, 1.7094737372639692, 1.5914883043585293, 1.659358260401604, 1.7253131726271227, 1.7227895388735976], "nmi_tw": [0.31849467216160765, 0.2952904403538358, 0.3177452430397211, 0.3062286568029118, 0.2892185430805759, 0.30845623499162556, 0.2894892236256676, 0.29957736639934945, 0.30907322662650105, 0.3095188689574766], "coh": [-2.2970736376048992, -2.1696351978636423, -2.256692662803971, -2.2694598641888386, -2.304923080919517, -2.2596163946977383, -2.2906278699386617, -2.437434620494882, -2.2534806685304156, -2.4322495404517666]}