{"p": 0.0, "p-emp": 0.0, "t": [316.27186918258667, 324.11240005493164, 333.1110737323761, 311.79700660705566, 320.5426890850067, 329.1713101863861, 329.2768967151642, 309.848096370697, 301.9898672103882, 299.828980922699], "nmi_acc": [0.2626655592940497, 0.1506395259157916, 0.17058901300918905, 0.17263573826230816, 0.14005606299560203, 0.16341083201036563, 0.16743207288738074, 0.2304895094467077, 0.15274340732055008, 0.1846750093539644], "nmi_repr": [0.3050515563219197, 0.2671065505647079, 0.28618842334611694, 0.3043326843855256, 0.3091805634901197, 0.3277627498458733, 0.3420262365680312, 0.30835850458455183, 0.26159406551153364, 0.28695164676719376], "mi_td": [0.9728611465483691, 0.9464540117623143, 1.035451992187917, 0.9080849313392818, 0.9797161979464871, 0.9637752756964111, 1.0296546579069894, 0.8932071036135492, 0.9143464399773789, 0.9310581929618753], "nmi_td": [0.16886540040412057, 0.16739471802842817, 0.18182624731066452, 0.1611017624840989, 0.1751544078828916, 0.1716454915560922, 0.18309456461625875, 0.15706501938202133, 0.1608300071996914, 0.16497892518761714], "mi_tw": [1.6682366775892659, 1.454943925485532, 1.5197493872782248, 1.478457872770409, 1.3452921143594319, 1.4026371073375459, 1.3807448116005543, 1.574356940532081, 1.545687403526644, 1.4916902534280236], "nmi_tw": [0.32481872615199253, 0.2893244283811157, 0.2997846336055365, 0.29501577776090415, 0.27078166260778513, 0.2811090488290272, 0.27623959855116154, 0.31103942281905583, 0.30547722668599264, 0.2972539646044095], "coh": [-2.211732686161161, -2.4300983878685636, -2.2821169252657545, -2.200950529380769, -2.3584604102641604, -2.279215321345523, -2.1912893197440226, -2.146131298098586, -2.227434831575243, -2.2861858302669744]}