{"p": 0.1, "p-emp": 0.08724881960580533, "t": [342.22427463531494, 310.13160157203674, 334.12718629837036, 344.4060983657837, 336.8727045059204, 322.5861566066742, 335.73985981941223, 334.47191643714905, 329.1021041870117, 340.39696073532104], "nmi_acc": [0.3157638639267527, 0.32288502648378176, 0.3423543525509701, 0.2786956141104806, 0.2997208157537106, 0.37251896832525627, 0.28626711448618786, 0.21274397696093472, 0.3073273248787562, 0.33565907023844616], "nmi_repr": [0.2806466172464783, 0.24736635130047577, 0.23757247476392548, 0.2718454430903899, 0.2523184583700833, 0.24415106055434574, 0.2483423658028567, 0.26635515390854575, 0.2596892778640265, 0.2696415256834195], "mi_td": [1.007279599816649, 0.9008002883712042, 1.0174324029840973, 1.0502730701180396, 1.0075672226289276, 0.9634681280735929, 1.003444430985558, 1.0455912878599514, 0.995235637909671, 1.0546942187163202], "nmi_td": [0.1744553815610545, 0.15565984789244408, 0.1748136024180376, 0.18163371072348808, 0.17356460987529984, 0.16597317697392627, 0.1730697508026863, 0.1820694576789502, 0.1718941829165658, 0.1817389832537086], "mi_tw": [1.6568264272822855, 1.7484080657488013, 1.7373249368464918, 1.6913712672109331, 1.7163815729754304, 1.698555126833693, 1.6815729745961778, 1.5843431965611738, 1.709391611977152, 1.6967690704411744], "nmi_tw": [0.3107143964682695, 0.32708403856372026, 0.32300934425973377, 0.3166870051479789, 0.32000534262253977, 0.31669232992174734, 0.3139383283377723, 0.29886071593027325, 0.31961541674957916, 0.3164547161325217], "coh": [-2.208526557515176, -2.2422473474378606, -2.3381274842308124, -2.378665575006397, -2.3276846075835156, -2.1136436623837156, -2.238599054553164, -2.184090760699436, -2.4972110345188754, -2.2682453907535365]}