{"p": 0.2, "p-emp": 0.1985867893460599, "t": [254.40976405143738, 255.41966938972473, 252.99816846847534, 256.5491499900818, 252.88939452171326, 253.98959136009216, 255.3147439956665, 256.30071115493774, 279.9882152080536, 285.01976227760315], "nmi_acc": [0.3810177414300781, 0.35098414941520273, 0.38797041882993816, 0.36908366842070195, 0.4083310041685169, 0.4128382098146273, 0.4147378236438411, 0.36109143724272097, 0.36278902224639364, 0.3770114288734152], "nmi_repr": [0.2229215487912941, 0.21387278314525665, 0.2117900421253048, 0.21040588638729155, 0.22163742752184978, 0.23019493597639748, 0.23609349824067402, 0.2167465569673525, 0.1988644854529999, 0.21028792550275865], "mi_td": [1.5228385893580214, 1.5455201821589557, 1.5069332966996307, 1.5043413617192742, 1.5297864201979026, 1.566074206802268, 1.5977558941959376, 1.5272077079265527, 1.5660854344679291, 1.5670784585477038], "nmi_td": [0.2568255421448027, 0.259407741785991, 0.2545296459848427, 0.2539609393320771, 0.2579049258003193, 0.2634858404923363, 0.2682384987463015, 0.25626739072578447, 0.2624008094434664, 0.26298751410277316], "mi_tw": [1.0432383565099645, 1.0432776766179106, 1.0323109510993769, 1.0431973992233914, 1.0281495563569953, 1.0347161824024331, 1.0456130838322504, 1.052329536718667, 1.0395311276490637, 1.0554181598457122], "nmi_tw": [0.18404998392835045, 0.18313890885439307, 0.18241192160415193, 0.18423622849892546, 0.18132006248514235, 0.18209006065953673, 0.18359415189725198, 0.18467762188419778, 0.182148215580984, 0.18524158081342867], "coh": [-1.6670058153181053, -1.4409322129081779, -1.6360670509661044, -1.5577562837787002, -1.615766054540638, -1.5462365251413934, -1.5693391479447487, -1.621030938872559, -1.5431373702533098, -1.4336756994037647]}