{"p": 0.0, "p-emp": 0.0, "t": [315.21681237220764, 291.6448311805725, 295.8182113170624, 305.3817071914673, 332.4440987110138, 338.653217792511, 322.0515012741089, 331.93539333343506, 303.1304016113281, 328.34059882164], "nmi_acc": [0.10205873539485837, 0.1435533357736223, 0.16914673245122644, 0.13926644222007303, 0.14438205742013166, 0.160237965957658, 0.17504342350207436, 0.1471860582851345, 0.14415912673441483, 0.11433475561528116], "nmi_repr": [0.2521076786434223, 0.29742637762380836, 0.2690449380433313, 0.24039210871074584, 0.28614409931896195, 0.32727937923404987, 0.31076259898024833, 0.30251074583324616, 0.30238396608714124, 0.30521603747064396], "mi_td": [0.9014281801030286, 0.8337133414062361, 0.8220341260057669, 0.8229870586915365, 0.9821369026691318, 1.0331306573907797, 0.918711811773882, 1.0166366432896763, 0.8931472485842031, 0.9076312554525102], "nmi_td": [0.16234374432695245, 0.14997372986865135, 0.1462546375123878, 0.14750508795747017, 0.1736659097144819, 0.18143163602053927, 0.16158033054034002, 0.18052583136449563, 0.15916397335074248, 0.16356554836073037], "mi_tw": [1.332525433684599, 1.3832258067545014, 1.4703318456030439, 1.4086637976398617, 1.4892511735933036, 1.5185276520796174, 1.5419224526393644, 1.4304159234727627, 1.448553930900186, 1.3293431781709046], "nmi_tw": [0.27043577187259993, 0.28035710113381673, 0.2943427451332326, 0.2843419904743324, 0.29607021447428017, 0.29956777885112534, 0.3046960131944345, 0.2857250391689564, 0.29051093780074916, 0.2699845985318225], "coh": [-2.2025156353370656, -2.16822410458403, -2.4406081488852123, -2.3411666235303983, -2.156616071782192, -2.1663405535021263, -2.1402104586042983, -2.2698996466761563, -2.256612305808612, -2.4052913225027353]}