{"p": 0.0, "p-emp": 0.0, "t": [253.44579195976257, 252.75445580482483, 254.467365026474, 253.45474576950073, 258.3345203399658, 246.7111382484436, 255.42489862442017, 263.2812740802765, 260.5325655937195, 259.3240497112274], "nmi_acc": [0.2869540859188318, 0.37597968517282393, 0.34292882957913257, 0.3665922642581153, 0.3649130129719736, 0.3815361855400541, 0.39316132783731855, 0.3134231725232057, 0.3036374758143831, 0.3400797398142437], "nmi_repr": [0.18773444432351077, 0.19317706444971983, 0.20351279606681427, 0.19865658785976326, 0.19528474442645272, 0.2017310440036168, 0.20168119718472707, 0.20183469572622642, 0.17822698197932685, 0.18199383623444326], "mi_td": [1.2216654588609706, 1.491868151685973, 1.4588446458701032, 1.5284212172782004, 1.4386383865044332, 1.457676255539681, 1.431964298687858, 1.368977947829623, 1.334918950464597, 1.4075015035786689], "nmi_td": [0.21374076843182147, 0.25338951916911534, 0.2473992838408764, 0.2564099324533373, 0.24488787679476254, 0.2480937088420562, 0.24633831135760817, 0.23524740711943196, 0.22923092987493898, 0.2411693386455642], "mi_tw": [0.7740897823462972, 0.8171394708970405, 0.8295639728494746, 0.8609300376309234, 0.8157026171048488, 0.8176056827820386, 0.7884660635230019, 0.8089912144695176, 0.8173906922559181, 0.8144350925532077], "nmi_tw": [0.15206921191960537, 0.15527931117977467, 0.1573689616084994, 0.161356182526028, 0.15538911745746728, 0.1557271783480346, 0.15198654278330212, 0.1557534876683843, 0.1572447939282089, 0.15629476498417944], "coh": [-1.4092243538948788, -1.3332615823124638, -1.3045465148382165, -1.0721928521067796, -1.3381649100881392, -1.159055678895054, -1.3078322668118976, -1.2905597649053757, -1.473733857915736, -1.2768249601593165]}