{"p": 0.30000000000000004, "p-emp": 0.29920797252502185, "t": [278.0545265674591, 283.05688548088074, 294.4799602031708, 290.4791429042816, 267.0784204006195, 318.4305520057678, 312.8932638168335, 293.08950304985046, 282.0050091743469, 283.61114144325256], "nmi_acc": [0.3960045180522767, 0.37271930786856666, 0.4258969300399892, 0.388799775385397, 0.4157293266276283, 0.4083955273889203, 0.4057100828385521, 0.4408684213070652, 0.3540316606321711, 0.40919416122968016], "nmi_repr": [0.25241299359160463, 0.2726073034856241, 0.2557856848764878, 0.23410776281516996, 0.25470953657530204, 0.28544999333867077, 0.2813808049713768, 0.26350167727645324, 0.25576281476435025, 0.29379445747099864], "mi_td": [1.2948192683240178, 1.1897977009143998, 1.3100657417782033, 1.23188134513897, 1.184719186655811, 1.4624444863630943, 1.3332843756892359, 1.2163127495809958, 1.2942850801518, 1.2524333347042698], "nmi_td": [0.2199522736399079, 0.20474355882693948, 0.22107522812299565, 0.20848359372448472, 0.20235697400079317, 0.24437690478985005, 0.22463232748690887, 0.20660135003457447, 0.2219218962992128, 0.21357195998743617], "mi_tw": [1.7963584338976633, 1.7010388874565445, 1.8462465657374183, 1.836246864213513, 1.804125053384599, 1.8988793387097942, 1.8628041870453385, 1.812081910409062, 1.7368748120222637, 1.8043125740806039], "nmi_tw": [0.3101649416252523, 0.2975943774439371, 0.31664311319618177, 0.31585515144133647, 0.3132485619114099, 0.3224350066979512, 0.31896178134445446, 0.3128568099154013, 0.30275131334820576, 0.31275863360055306], "coh": [-2.154931491608742, -2.384313451308558, -2.3264038987697004, -2.2001439408579775, -2.3102328315869856, -2.299060877810989, -2.375096979477959, -2.45359691003884, -2.5011253929764203, -2.191912203922499]}