{"p": 0.7000000000000001, "p-emp": 0.6999565973015162, "t": [151.931499004364, 152.3598825931549, 153.03829431533813, 151.55619382858276, 152.45926213264465, 151.92676615715027, 150.95715522766113, 149.91845965385437, 153.96733021736145, 152.13657999038696], "nmi_acc": [0.14796128054990204, 0.1482725395640964, 0.16165803115373156, 0.16090626853727008, 0.16934131140072806, 0.15708670943606987, 0.1276538374659505, 0.16713314727175593, 0.1629287221628069, 0.14954633646409687], "nmi_repr": [0.06663696306476054, 0.06936973747566458, 0.06813843581727112, 0.07219413009280891, 0.07605917807174559, 0.07056978730464965, 0.06873395649519368, 0.06631976753279718, 0.06428565292912022, 0.06617029483305027], "mi_td": [1.474142540320156, 1.479166665911946, 1.4874456340583537, 1.4933230126373314, 1.481757269351227, 1.4723324496095669, 1.4694605211655092, 1.482658803072934, 1.4759144608283048, 1.4816777798927925], "nmi_td": [0.2436964882743921, 0.2443802156127358, 0.24574195700321544, 0.24630361954824212, 0.2453290832448527, 0.24387875233985926, 0.24271115410457206, 0.24483561606244558, 0.24418013393193358, 0.24449622707939828], "mi_tw": [1.9060959274237048, 1.9226003993550989, 1.9160881136848378, 1.9395995458920157, 1.9111627629544323, 1.913800588617508, 1.9037912367940966, 1.9195609165527576, 1.9044357274299202, 1.9105003943105991], "nmi_tw": [0.29295644676426946, 0.2953281228913725, 0.2943210237651708, 0.2974728461992298, 0.29415184899529256, 0.2946815163749933, 0.2923655562677802, 0.2947251900619982, 0.29291398916803524, 0.29313631102183696], "coh": [-3.1095552788672807, -3.313656261543658, -3.1805470589668037, -3.200685822026725, -3.149317920429387, -3.1342526036974094, -3.2112985716970845, -3.1584320286240644, -3.3114613342865695, -3.2423996663524655]}