{"p": 0.4, "p-emp": 0.399967741590303, "t": [134.9698748588562, 130.83229088783264, 133.26471257209778, 130.7962989807129, 133.2028205394745, 137.09957647323608, 130.8015434741974, 133.7849624156952, 130.09391856193542, 135.16215133666992], "nmi_acc": [0.2882682750915586, 0.2969547370081911, 0.2862414000939791, 0.26408544837862713, 0.2684247354426355, 0.27527502743841764, 0.2558442092261381, 0.27046250332463495, 0.2470001093314086, 0.26552616727294154], "nmi_repr": [0.22848362432154964, 0.22453604091933757, 0.21715834909747053, 0.21395593275561955, 0.21027302322938182, 0.2110749787562619, 0.20280821022481066, 0.20028665295693304, 0.1993457474037875, 0.20233819068355613], "mi_td": [1.778509383881834, 1.717226162935666, 1.7964548205022648, 1.7234962095298951, 1.6910279426644417, 1.737409880340242, 1.703640023979492, 1.7120559106030828, 1.6643333507439053, 1.7074560615135366], "nmi_td": [0.29501587900403753, 0.28532571812253915, 0.29727802114489554, 0.28571163821276785, 0.28113695152568696, 0.28862247086108933, 0.28254226762825424, 0.2845276003561137, 0.276057654554419, 0.28420401713098187], "mi_tw": [0.44720531648723205, 0.45806803345548225, 0.4459252737248768, 0.4676779531268695, 0.4666194257881981, 0.4481357070854865, 0.46509875173656967, 0.4574063061156791, 0.47478914587327353, 0.46088719699298175], "nmi_tw": [0.10581731863234352, 0.10864585943013248, 0.10515386197558063, 0.11056286138792444, 0.11076645114822692, 0.10626019315369506, 0.11002101951404342, 0.10852209129895479, 0.11233320119083254, 0.10959064684116246], "coh": [-0.9558968809928569, -1.137791407057564, -0.8846847273909797, -0.973217984466355, -1.065420282149598, -1.0126182892343238, -0.9965750752238687, -1.0356674544211901, -0.9684633376723909, -0.9157624608161343]}