{"p": 0.7000000000000001, "p-emp": 0.6999276273704776, "t": [161.40483784675598, 147.6801998615265, 163.83561277389526, 144.33644080162048, 145.93181729316711, 181.66559433937073, 153.01546335220337, 171.61403822898865, 167.29881978034973, 170.97877311706543], "nmi_acc": [0.49160189037347624, 0.4756888003882748, 0.49321429273084016, 0.5080172246796546, 0.4998283266151967, 0.4693872455161297, 0.4905744639699368, 0.4835335688556962, 0.4753528906462004, 0.4896592423736983], "nmi_repr": [0.369148900404745, 0.3516190329859824, 0.3471590721755689, 0.3569266311388001, 0.3675030022513098, 0.33353956751657815, 0.3252727394293874, 0.3299711884639408, 0.3190079834105674, 0.3483407739474362], "mi_td": [2.180723872216959, 2.1883246108223333, 2.1900388335689573, 2.2137407615702562, 2.223201606956201, 2.256480793765573, 2.1159220075774248, 2.1597492748348652, 2.2380448683710537, 2.300367412231827], "nmi_td": [0.35692684024662136, 0.3572493569921142, 0.35823629848736993, 0.3610873874232526, 0.36364193627125524, 0.36512974466986525, 0.34944386228671537, 0.35369226832420864, 0.3646827845500762, 0.37295516574018167], "mi_tw": [2.35587658568985, 2.3650665913721967, 2.351571695005095, 2.380083240486, 2.3268635957980033, 2.450449198826449, 2.253029639562227, 2.3204811255135875, 2.372096774601454, 2.3878541840180865], "nmi_tw": [0.36798759543611737, 0.36851589369668175, 0.36710475876835535, 0.37055090474511465, 0.36322948092331064, 0.37860712051000983, 0.3549506432729274, 0.36265298177190375, 0.36895128302416014, 0.3696209472742599], "coh": [-2.5524558160702324, -2.589252787540136, -2.582170540346924, -2.630735677441179, -2.669155799988569, -2.402111753184011, -2.614012696861372, -2.6602312034010183, -2.5759067562879205, -2.5517773726535227]}