{"p": 0.0, "p-emp": 0.0, "t": [342.426340341568, 349.89085364341736, 352.2584698200226, 349.1898581981659, 364.9884350299835, 343.0641987323761, 355.85483741760254, 348.3452672958374, 357.14077401161194, 341.97264766693115], "nmi_acc": [0.11854048141293722, 0.14289214539667774, 0.16126036440517674, 0.11643683409260822, 0.14043377146431213, 0.16542457898370994, 0.15842534862553886, 0.15067731521911756, 0.16213283617863944, 0.17787209469934498], "nmi_repr": [0.306120592504797, 0.3460428000278129, 0.30175132599262877, 0.28038990859834784, 0.3090224668862403, 0.31425021578386964, 0.31783757202305907, 0.34238194292912416, 0.326937093077929, 0.2968885342874205], "mi_td": [0.9137850821367381, 0.9892052841789951, 0.8660047962338879, 0.8974862136096432, 0.9480063195650603, 0.9364840990052657, 0.9556286580847949, 0.9951499697322964, 0.9333973098208107, 0.9073062240792464], "nmi_td": [0.16498604289289748, 0.1771870952171437, 0.1530803796054129, 0.16192051383463713, 0.1680103174626244, 0.16683286830047095, 0.170893945929964, 0.17767755527924564, 0.16603496329109615, 0.1615119408189738], "mi_tw": [1.2949109140071406, 1.3553004789584628, 1.5102490701948743, 1.307972136422833, 1.478525347858972, 1.430204024153697, 1.3716113930284308, 1.3866822006510147, 1.4439063464762638, 1.439447911075517], "nmi_tw": [0.26355232931010086, 0.2733801948799023, 0.30013332538195814, 0.265983408611249, 0.29468630974653887, 0.28672641271179045, 0.2761627894319446, 0.27869573130330005, 0.2889876890026653, 0.2883326275430815], "coh": [-2.56996637593991, -2.4066684317244302, -2.342074360883133, -2.3514464555385732, -2.4148799776280643, -2.455100050727401, -2.3227681368607933, -2.236518357850244, -2.3584427133912342, -2.425771483039162]}