{"p": 0.8, "p-emp": 0.7999986428500775, "t": [126.85911226272583, 106.39659428596497, 121.08552050590515, 106.19024777412415, 111.25932931900024, 106.49214053153992, 101.82085967063904, 108.58609628677368, 110.92218804359436, 111.59932351112366], "nmi_acc": [0.2846372500651971, 0.28643287870205075, 0.26061326943398655, 0.27849325246839063, 0.2763669710790956, 0.2709942320183294, 0.26761951372227083, 0.26450738737655966, 0.2649877516861933, 0.2773691705008942], "nmi_repr": [0.1918181750200477, 0.20031074996067624, 0.1968002915275135, 0.20699536966447324, 0.22202026045880355, 0.1978515268342648, 0.18752436458211888, 0.1936512833791608, 0.19708383152194758, 0.1959590973885185], "mi_td": [2.213255081336575, 2.0934706900424356, 2.3690431525373272, 2.2043543530829104, 2.2101147923630156, 2.050658647300826, 2.1763691722229233, 2.0937726945070043, 2.2319525931567465, 2.1937354552313844], "nmi_td": [0.3568260216816042, 0.3401914195002298, 0.3768829057234204, 0.35542367523577373, 0.3568686405830936, 0.3350397401003367, 0.35114297418291757, 0.3406898594058643, 0.3581265123447845, 0.35352192652752695], "mi_tw": [2.5275594639601775, 2.458778640875101, 2.618662166628914, 2.52178255161926, 2.5169320003896787, 2.4094329300325614, 2.509976292600797, 2.439736358895207, 2.5684468678076535, 2.5244277542147975], "nmi_tw": [0.37080531709245335, 0.3633166718800772, 0.3795341157079811, 0.36998874260591863, 0.3697637413758824, 0.35777820240347025, 0.36847765961506646, 0.3609358166551967, 0.3751698463642189, 0.3701961868342262], "coh": [-2.5015794258371753, -2.5099481735326172, -2.4907951783438484, -2.515969056005606, -2.5443829638091486, -2.620073389664863, -2.482800715790748, -2.614512792222731, -2.5027397627471086, -2.562927660415534]}