{"p": 0.9, "p-emp": 0.8995380209465651, "t": [77.64409232139587, 77.07285284996033, 78.79671692848206, 76.68037390708923, 76.11101293563843, 77.54831075668335, 74.6232533454895, 76.49716520309448, 78.34647274017334, 77.03007483482361], "nmi_acc": [0.2473437408856091, 0.24514821994070457, 0.24755340415887403, 0.24650122096335042, 0.24371280145311355, 0.24510753670877825, 0.24114436689411958, 0.242311142390256, 0.24116535786683602, 0.24318671196609246], "nmi_repr": [0.3471852428978861, 0.37049501905641996, 0.3627614929063054, 0.36015476597972107, 0.3411953319222532, 0.37284794872763666, 0.361455316250055, 0.3557841951590321, 0.3511524291202492, 0.3698067990286177], "mi_td": [1.9187681163493169, 1.9791545273515225, 1.942357530018372, 1.998034417555148, 1.947635306756656, 1.941988433200131, 1.9781537647576104, 1.9557922259969185, 1.8979261226490205, 1.9002155627748039], "nmi_td": [0.32053102383439236, 0.3293989352079306, 0.32319713464683414, 0.33232674882390145, 0.3241228829746767, 0.3236977398022207, 0.32827986198848647, 0.32541909816546744, 0.31699023651786806, 0.31785386402794447], "mi_tw": [1.098459303603468, 1.0800189258380355, 1.1177788182528683, 1.0663964914089052, 1.110522128349786, 1.1071204166392854, 1.1042417996263874, 1.0993162672451586, 1.125409287537816, 1.1100799587025332], "nmi_tw": [0.2579618542219787, 0.2523179422774759, 0.2610516505454783, 0.24890996070283664, 0.2594103089761944, 0.25919407470360695, 0.2569305333124552, 0.25672487392811355, 0.2642215006653907, 0.2611783735693488], "coh": [-1.9457905366077408, -1.927864228264242, -1.9275659016387838, -1.9497735780856646, -1.9275001999817403, -1.9266043487809188, -1.933705714949601, -1.97002638787824, -1.9427590356883528, -1.9225867115563553]}