{"p": 0.4, "p-emp": 0.399669690588087, "t": [357.3870611190796, 353.53691267967224, 363.3333601951599, 346.3906970024109, 352.1920862197876, 342.5072937011719, 358.50723123550415, 359.1978688240051, 370.6064682006836, 364.83339762687683], "nmi_acc": [0.607018381538968, 0.5864027509320757, 0.5746941228922381, 0.5819388913647792, 0.5993070562295992, 0.5994295134903758, 0.5857148213991735, 0.6012809008363627, 0.6045722274609927, 0.6008771916583076], "nmi_repr": [0.4759216346660343, 0.4947678841037291, 0.4714100476324618, 0.48755802258681336, 0.4662814609385674, 0.47711911127013856, 0.4755762428612452, 0.47317861307853015, 0.4826292183846264, 0.48925361163010544], "mi_td": [1.8403814634452176, 1.8233567479991246, 1.816761080215002, 1.8156778083538947, 1.8155328105048554, 1.8281510996790815, 1.8316071432359013, 1.8205551589519335, 1.8292634604027367, 1.8241162125248984], "nmi_td": [0.30746009512557526, 0.3044428181104607, 0.3025254763800829, 0.3015241294421803, 0.3020254245130325, 0.3044188786492509, 0.3062238700418559, 0.30433504065362404, 0.30557718327279126, 0.3027814275707213], "mi_tw": [1.5951791644616742, 1.61048157793451, 1.6334051979098618, 1.6498081402178255, 1.633002805684602, 1.632440668817667, 1.5895053475851972, 1.5947176496522555, 1.6043935509873681, 1.6495925361365105], "nmi_tw": [0.2643795592296462, 0.26676527985379617, 0.2698402934562926, 0.2718158605169923, 0.2695121967817108, 0.2696780924934033, 0.263635333788625, 0.2644644459870103, 0.2658847068214669, 0.271652125584434], "coh": [-1.9071242138195992, -1.9025030878480194, -1.8257806883731131, -1.828637519273795, -1.8405125314816353, -1.8647750659187445, -1.7862548118627348, -1.8936163638807053, -1.8786967592307255, -1.7572929388438923]}