{"p": 0.2, "p-emp": 0.1985867893460599, "t": [513.964145898819, 508.7139618396759, 498.73862051963806, 499.6657786369324, 500.62251687049866, 492.33885979652405, 497.1973125934601, 492.38760447502136, 499.59935212135315, 496.86652135849], "nmi_acc": [0.5170057723027079, 0.5148325848850522, 0.5054578870811188, 0.5119588087965373, 0.4967548563561761, 0.5100871813037557, 0.5070114453654005, 0.5078428955378952, 0.5086611390915277, 0.5124048226327348], "nmi_repr": [0.4302595576712186, 0.4152770036240416, 0.40214694236953336, 0.4114310613922199, 0.41988110644398324, 0.43455199981453974, 0.41125202317865495, 0.41656374975857363, 0.40744608146435074, 0.39316447091907814], "mi_td": [1.5399520853809876, 1.5548690381002743, 1.5373364005198593, 1.5062943577469583, 1.5631331512976434, 1.5391053134990442, 1.5532283785940042, 1.5380816970629574, 1.534474567432135, 1.5547932062715952], "nmi_td": [0.2571963116712162, 0.2597643669049265, 0.2572767336021897, 0.25236554581731246, 0.26366850136866105, 0.2580521789607932, 0.26209854156360834, 0.25794544931220453, 0.25619668795329537, 0.2620651713334829], "mi_tw": [1.4768443659562642, 1.4546233486415168, 1.4744342758926334, 1.488437686601958, 1.421898069443818, 1.4654062053926633, 1.4164740533616385, 1.461726205267569, 1.469967173670821, 1.4244462731938852], "nmi_tw": [0.25790890773616504, 0.2541067782240988, 0.25803048726988936, 0.26078777137688064, 0.25090090698429574, 0.25694973660123227, 0.2500443818042879, 0.25637192401171544, 0.25661910220676565, 0.25115349858901154], "coh": [-1.6238603451433886, -1.6695778696693246, -1.6565134426775672, -1.7271748252257448, -1.5571123848015804, -1.4120869769079742, -1.7404573466961861, -1.5251822609215002, -1.5895334175078175, -1.6994971970212245]}