{"p": 0.4, "p-emp": 0.3996101847837916, "t": [143.98844051361084, 146.37141513824463, 145.313823223114, 145.11641788482666, 139.16581416130066, 144.25508189201355, 143.90967512130737, 141.18863010406494, 144.89893507957458, 146.12373995780945], "nmi_acc": [0.3903473626053571, 0.42876613675841607, 0.4005636359339781, 0.4012813870189427, 0.4050346270974806, 0.3880757841725615, 0.3893524512711571, 0.4329252048216579, 0.3942607443861338, 0.35571570746725834], "nmi_repr": [0.226804832860349, 0.23265546381134083, 0.2408126346359462, 0.23418576417020354, 0.24634674545780352, 0.23886154401203327, 0.23231558793179719, 0.24856929039789752, 0.25792757689391715, 0.22304187722545504], "mi_td": [1.6619645762906885, 1.753694759011618, 1.7058295980620555, 1.6408979709082825, 1.7061301637832356, 1.6514740621051673, 1.6803398012342978, 1.6557067489905768, 1.660256592698487, 1.612327343495188], "nmi_td": [0.2793632188360219, 0.2924193735783505, 0.2848722051464453, 0.27665023368557295, 0.2860397239628876, 0.2783682055069462, 0.28281132621915755, 0.28021032771402565, 0.27922868141055984, 0.27248848209872145], "mi_tw": [1.0829460099000066, 1.1029855848074417, 1.1032259012341978, 1.0793266011626659, 1.0796336515760545, 1.0712906156403013, 1.0590942587728862, 1.0726597359001577, 1.07715174958449, 1.045273268154177], "nmi_tw": [0.2018950187973965, 0.20380444943121903, 0.20419365529665, 0.2018905385053263, 0.20069588777378933, 0.20033539019088545, 0.1977269757614086, 0.2014918371600205, 0.20093655013250403, 0.19604374560024], "coh": [-1.7027836442302273, -1.6409869553302414, -1.6651328772341252, -1.8333048003292824, -1.508633415208551, -1.6509974593434396, -1.7048467574138566, -1.856759575718844, -1.7346737215679426, -1.8419059250150127]}