{"p": 0.5, "p-emp": 0.49978559641127807, "t": [137.6274073123932, 136.1912989616394, 115.56343793869019, 130.69138836860657, 142.5718171596527, 137.89757585525513, 128.9710829257965, 129.10486507415771, 116.83887648582458, 132.7733669281006], "nmi_acc": [0.032141175042574584, 0.048114895744424624, 0.03982488668823635, 0.049726378713167714, 0.05029695629541388, 0.05801956370597938, 0.042948710144468626, 0.06064352835296925, 0.037556019429749427, 0.047969145710805315], "nmi_repr": [0.10580177227844349, 0.10728700882560117, 0.11674269465253556, 0.09132451287015265, 0.12287257667355501, 0.11641842839518349, 0.11302364493537358, 0.13837580379828057, 0.0935085923590575, 0.10626371284427145], "mi_td": [0.4270704984131569, 0.45991436464783314, 0.3278438719655234, 0.36033108949764814, 0.5020304841565046, 0.4234853137831639, 0.4040410515639833, 0.41429832875686695, 0.33582751402616506, 0.474991717463577], "nmi_td": [0.0791660266627245, 0.08520720191249126, 0.06205942743856652, 0.0676861848381566, 0.09234492126630148, 0.0772092211446428, 0.07587473117669921, 0.07622811043178486, 0.06284558581404241, 0.08797404897852325], "mi_tw": [0.9063496702154581, 0.9499433882658522, 0.8634476135963586, 0.9008329188920035, 0.9399275594881895, 1.0517756071843491, 0.9203154281848597, 1.0178811958477305, 0.994050488595063, 0.8503303594545322], "nmi_tw": [0.27668137260622305, 0.28972554428986347, 0.2729051475618533, 0.28109526325433365, 0.2833119996910303, 0.31246340450332044, 0.2870355264686848, 0.3069465602458785, 0.3082457881878708, 0.25921579784472776], "coh": [-1.4502793733892696, -1.4926951384839984, -1.4477240767502424, -1.5207629797131144, -1.4416033140624867, -1.4819816149372698, -1.416909039659426, -1.46526893242511, -1.4605442124074313, -1.4797574704110894]}