{"p": 0.4, "p-emp": 0.399967741590303, "t": [159.06658411026, 155.8117446899414, 150.849303483963, 151.08107256889343, 148.40566182136536, 143.9826295375824, 155.00170350074768, 151.3695104122162, 134.62980341911316, 172.52242994308472], "nmi_acc": [0.10599955187492058, 0.1109076390488674, 0.08180751070449646, 0.07835348753955917, 0.12087788236494881, 0.09281834919611821, 0.09191229692409397, 0.10899817342678769, 0.07738116787841089, 0.13946019896090314], "nmi_repr": [0.11910465008019933, 0.1297373018840758, 0.11934442628660967, 0.1179394486053726, 0.10840916715681242, 0.11271050914646705, 0.12256236374947152, 0.1390543176076986, 0.1330513721962141, 0.10713697538734678], "mi_td": [0.5490240783095065, 0.45252323326034216, 0.4661340550694947, 0.44493408807515317, 0.446291671992617, 0.45064676427766576, 0.4383068472171952, 0.4709958312520269, 0.32453997591176253, 0.5767304755214644], "nmi_td": [0.09919917491655883, 0.08219323051766877, 0.08528290559120329, 0.08038426052013478, 0.08104715616590807, 0.08224918268167897, 0.07989388116209624, 0.08535726057569125, 0.060306383999702076, 0.1020456474419058], "mi_tw": [1.1053152256311733, 1.105397992150741, 1.0593156399846082, 1.1583682632858938, 1.1036578692388708, 1.0890335155657356, 1.1710031106795222, 1.107107897222513, 1.0812616583369112, 1.2057086827820236], "nmi_tw": [0.2961530204866698, 0.29849137047153307, 0.2891603732278797, 0.31032401171636126, 0.29794378851389497, 0.296196768939769, 0.31787968123722876, 0.29796080570987443, 0.30209589595389064, 0.3132221974252974], "coh": [-1.700333074566395, -1.7980071246181903, -1.7703978755706289, -1.6134129577552447, -1.704763868211351, -1.4666328946117737, -1.7873946737647761, -1.6099476642626245, -1.7208262784653023, -1.618227362977174]}