{"p": 0.5, "p-emp": 0.4992998933332359, "t": [339.28081464767456, 342.61162996292114, 342.45379734039307, 343.4972279071808, 341.3356499671936, 341.85908246040344, 343.11106276512146, 338.99758315086365, 341.6779623031616, 340.82656741142273], "nmi_acc": [0.3715602260761991, 0.38482235240096313, 0.3931396791541446, 0.40305641030655637, 0.37745644239857723, 0.40330569087152773, 0.4032564567934296, 0.3742101621424941, 0.38152428068371297, 0.38564444611836707], "nmi_repr": [0.37673449841132933, 0.3505403224834679, 0.3453967621292352, 0.3498393273429447, 0.349411840561765, 0.3544161177320901, 0.3707034274596358, 0.3469754672407521, 0.35732396298846786, 0.3572103537956152], "mi_td": [1.6298415852664077, 1.6611009244078516, 1.6228861137914778, 1.655674427706688, 1.6390370177678015, 1.6652709749471089, 1.6496906471365438, 1.636069474428348, 1.6498850696342517, 1.6192557543888448], "nmi_td": [0.2729301466236734, 0.27666587567866585, 0.27075785833449206, 0.27703861760312287, 0.27249878141592954, 0.27781071690675024, 0.2753512680888834, 0.27286089489106075, 0.2755123381181076, 0.2709324750027152], "mi_tw": [1.0234235292796336, 1.0204575666664528, 1.0435432833387601, 1.003579508012899, 1.0537923333582322, 1.0178591057925932, 1.016624477938094, 1.0328010481950507, 1.0166872512700316, 1.0224670772136175], "nmi_tw": [0.20476343645631262, 0.20285691588510998, 0.2078647641305813, 0.2006049807301767, 0.20903288000066575, 0.2027325672308494, 0.20260943692075553, 0.20563822944339227, 0.20273495473369935, 0.20436930131511846], "coh": [-1.5871804181213733, -1.6223704721931518, -1.6187221608156708, -1.5756401574097423, -1.645968886927055, -1.5408380522640812, -1.5195075493359398, -1.64885990878355, -1.5941688949761377, -1.6468483082734053]}