{"p": 0.9, "p-emp": 0.8999994519202236, "t": [57.52238583564758, 57.482505798339844, 60.367982625961304, 58.45184779167175, 57.56993007659912, 59.57969617843628, 55.45677065849304, 58.9773051738739, 58.546690225601196, 58.35095453262329], "nmi_acc": [0.43548430379876574, 0.43481318848201145, 0.44383195512010604, 0.4405362160387834, 0.44793600052502536, 0.4460744771596139, 0.44002612778757283, 0.45528201830199316, 0.45853596669872176, 0.4518213708632123], "nmi_repr": [0.6516250547350994, 0.6293830698693584, 0.6222024566713129, 0.6344102418262928, 0.6329206576050163, 0.6328264818452827, 0.626336990498826, 0.6043331611501697, 0.6663704859605535, 0.6465508940790273], "mi_td": [2.583964898862286, 2.5809330937119555, 2.6130951781611147, 2.6158083554185128, 2.5942665423034064, 2.618693397750228, 2.598097415049184, 2.615299142555517, 2.5978501366764846, 2.59961356880192], "nmi_td": [0.4464122729586945, 0.4467798834360736, 0.4507952109236678, 0.451448223004083, 0.4481005641268838, 0.45162377077495847, 0.44899186154830006, 0.45020822139350297, 0.44833447727171366, 0.4493422188174179], "mi_tw": [2.0889439851774294, 2.0375020598331934, 2.074522033944644, 2.0544259246265635, 2.0732870976310465, 2.0697936908992007, 2.0535760469435576, 2.0920753058943125, 2.0894140118299083, 2.064982045427339], "nmi_tw": [0.413668344737525, 0.4044062749750013, 0.41013487823582545, 0.4063526411851728, 0.4104718327337607, 0.4090576574091815, 0.40680786054937335, 0.41258937808578644, 0.41325781877829637, 0.40915956824111954], "coh": [-2.308574944086259, -2.319520888263244, -2.1853973907650546, -2.2096501257143197, -2.276377722626403, -2.2784654866147247, -2.2843153650667167, -2.2135531727884095, -2.155315567439642, -2.2227608274576403]}