{"p": 0.6000000000000001, "p-emp": 0.5897215728636829, "t": [144.54229855537415, 162.54997062683105, 158.35145235061646, 156.90762543678284, 135.7358100414276, 146.94461107254028, 166.43067598342896, 145.10712838172913, 153.8768904209137, 144.172283411026], "nmi_acc": [0.46588240148526944, 0.49517887458977616, 0.4904979335086934, 0.4749214069115246, 0.3910149689560466, 0.4526106607555539, 0.4980762918825775, 0.41524197430508114, 0.5076053642488426, 0.43206656613485994], "nmi_repr": [0.3446116270636495, 0.29783476705131556, 0.30260573818536324, 0.3045149808617129, 0.26264311685982555, 0.27885758678070505, 0.3376788228229961, 0.31514995110574884, 0.3090255118330258, 0.28761963198414], "mi_td": [1.3563145274851782, 1.6015118153690886, 1.578034130162313, 1.472439698235784, 1.1109729725574577, 1.4092011503632296, 1.5535048642856892, 1.2844333875652252, 1.471614195643684, 1.2658498309135888], "nmi_td": [0.2342516805856394, 0.27121063217472, 0.26673267273128587, 0.2515417153577177, 0.19698784275908848, 0.24398961178891126, 0.2632051420819433, 0.22502825453302744, 0.2520135444261266, 0.21971449646977473], "mi_tw": [1.646296255348149, 1.7274323912014529, 1.697638933082258, 1.7281514727057328, 1.4796070685691816, 1.6024192019171326, 1.7804934768193643, 1.5408715281939775, 1.6500150300679648, 1.6158121281812539], "nmi_tw": [0.31010495288806506, 0.31848556936080136, 0.31235244446141847, 0.32166572479584066, 0.2868204833111177, 0.30265688262415535, 0.3284373068473856, 0.2948064071625043, 0.30793788386818277, 0.3060141931344093], "coh": [-2.195484990180955, -2.1215309793959216, -2.1497591962429556, -2.210627769779207, -2.510836794576904, -2.153754051886995, -2.216163645782263, -2.494248750810245, -2.291955499701697, -2.3299082463275402]}