{"p": 0.0, "p-emp": 0.0, "t": [670.1142535209656, 678.8478591442108, 680.7567825317383, 673.9937651157379, 676.3604190349579, 676.5134074687958, 674.6842586994171, 676.7523896694183, 679.5918409824371, 690.5829112529755], "nmi_acc": [0.4533629196259427, 0.50554861540919, 0.4505024663712165, 0.457455334077926, 0.4927188811788656, 0.426744074113, 0.4621263096761385, 0.4401872531652437, 0.4318401096952216, 0.4628699206068305], "nmi_repr": [0.353233490041742, 0.34853282824802934, 0.3484987001600672, 0.35283482564067137, 0.37852955614999473, 0.3623171048608891, 0.34796796818206166, 0.3611815978152823, 0.38473002197141665, 0.38506770522078004], "mi_td": [1.3640619396775497, 1.516092758177038, 1.370078617824354, 1.425298242590234, 1.391443534473751, 1.3783198250230388, 1.4054140231357657, 1.368481553122164, 1.37894771054305, 1.3882279355382305], "nmi_td": [0.2291994449149536, 0.2526937526653463, 0.230517646012107, 0.23966115984055428, 0.23427225247716785, 0.2308669516806759, 0.2364363246504711, 0.2306732821869235, 0.23323373321375812, 0.23373457339753317], "mi_tw": [1.315193756730584, 1.2607067857667227, 1.300411879730099, 1.2668828388497997, 1.3045999133827109, 1.3194335383832299, 1.2807550521012392, 1.3008547665967418, 1.287369897608276, 1.2818417482786826], "nmi_tw": [0.24693112295333516, 0.23457361339214325, 0.24451994316488748, 0.23805191320088992, 0.24549472448638762, 0.24685710322300716, 0.24079359553484522, 0.24510712917582772, 0.24349553961479808, 0.2412164684815699], "coh": [-1.4607476612529182, -1.1971276329218954, -1.4954327769224718, -1.3754509757786642, -1.3474757020755708, -1.4311438851338936, -1.4251537027949548, -1.4056659805030067, -1.476173428170232, -1.4270773625281987]}