{"p": 0.9, "p-emp": 0.8999997129105933, "t": [38.00459671020508, 36.96681594848633, 36.528876304626465, 33.478519439697266, 37.766621589660645, 37.96547532081604, 35.32379126548767, 36.29473853111267, 35.63148045539856, 35.11759686470032], "nmi_acc": [0.09528879342695508, 0.07770019256148655, 0.09522024460521951, 0.07667157104119517, 0.07897816289604469, 0.09147409152112573, 0.08326154246537731, 0.0912990556512925, 0.07166363308285963, 0.08300327905830865], "nmi_repr": [0.20698814380465305, 0.2182096361263663, 0.225597606150579, 0.2631702168138274, 0.2642304288349298, 0.22286895261859557, 0.22374757137039236, 0.26709385418880394, 0.27086058277806047, 0.28628469506096293], "mi_td": [0.9099325613307219, 0.8426066825735747, 0.8933314264631068, 0.7725919088354486, 0.9130462246825037, 0.9172680490731344, 0.8579736882718273, 0.8756012409812055, 0.8111502246923861, 0.8081826662223294], "nmi_td": [0.16425500821836087, 0.1573950062816414, 0.16334209848736334, 0.14725014238918993, 0.16704671796717982, 0.16974217717198958, 0.15857077990188076, 0.16167643374236224, 0.15477562176437384, 0.15246098258025395], "mi_tw": [1.1985972965454477, 1.0169322347777712, 1.1652884907673822, 0.8816123158908152, 1.14311863758045, 1.017060795398362, 1.086225788750347, 1.1316797753071415, 0.8695247034120362, 0.9591828754156153], "nmi_tw": [0.3633919251346083, 0.3267717418659394, 0.3610289660016041, 0.29334241840190073, 0.35451937007734635, 0.3216008250850422, 0.34273675270474396, 0.35650561269945036, 0.28989778345734474, 0.31350772551762474], "coh": [-2.6766775752259684, -2.9299906577458708, -2.551988592762334, -2.7056017306347884, -2.6711702638648265, -2.682266656998477, -2.593307675184978, -2.8086144431270026, -2.835303322833199, -2.618478977583935]}