{"p": 0.5, "p-emp": 0.4997250466455039, "t": [226.9717960357666, 224.95188522338867, 208.09345602989197, 236.89998316764832, 229.0586793422699, 192.08290219306946, 219.3942472934723, 213.65775966644287, 253.87332248687744, 262.0432367324829], "nmi_acc": [0.5244998356435103, 0.5122590543761949, 0.4885957178717553, 0.5061328506151102, 0.48851337428637565, 0.4786465589163842, 0.4978503051016729, 0.4609681805509055, 0.493390110664605, 0.49592142568086955], "nmi_repr": [0.2976678280387772, 0.30543009042280367, 0.2931106683381866, 0.3108753916719596, 0.3207008610836841, 0.2864191274382622, 0.2851837227133363, 0.2968495707474501, 0.28640352033557176, 0.2931912319113022], "mi_td": [1.694125393401573, 1.7393477973220821, 1.6337775766279115, 1.7522527197758369, 1.7792427105412625, 1.4682563104535433, 1.6497563430109803, 1.585604132664072, 1.7261822892798482, 1.6977644720341107], "nmi_td": [0.2815822645572382, 0.28687659339632304, 0.27393075303322, 0.28923816315472095, 0.2935526558171804, 0.24753555089059956, 0.27495734728911997, 0.26530641631869567, 0.28465174086560086, 0.2807396649613947], "mi_tw": [2.004777677629325, 2.026031362334799, 1.9339733223094484, 2.0293452246639916, 2.029960592647463, 1.8995653871770062, 1.9701227787059394, 1.9631003731173255, 2.051628942244139, 2.0096096368312315], "nmi_tw": [0.3243148429420793, 0.3253006205838932, 0.31552776305644364, 0.3260885447595516, 0.3260353579704054, 0.3115764957383516, 0.3195567232287074, 0.3196383010834592, 0.3293504110139383, 0.3234732823861884], "coh": [-2.628228644321999, -2.5122447592899264, -2.2650249377310914, -2.4613562965205196, -2.4875465524252194, -2.4925130706635747, -2.403842025350461, -2.4272844722709443, -2.4696980897954712, -2.45293990637708]}