{"p": 0.7000000000000001, "p-emp": 0.6992636678699193, "t": [210.772887468338, 211.9514765739441, 208.70860934257507, 211.43331122398376, 213.1363763809204, 210.64247155189514, 213.43150806427002, 211.65056920051575, 210.50406789779663, 206.99162769317627], "nmi_acc": [0.37373564994082187, 0.3724583843788973, 0.35524756654613115, 0.36755947081425216, 0.3625147199458566, 0.3527935736147065, 0.3586144359289319, 0.37374855167593574, 0.36737235414431846, 0.37607912187516357], "nmi_repr": [0.3659440635762305, 0.3578853341197569, 0.35856708000346316, 0.35750578718607007, 0.3531500668427869, 0.34632796365900576, 0.34694440853689884, 0.3749501309520836, 0.3792730163539515, 0.3590401837193083], "mi_td": [1.7491352721198454, 1.7702779257596588, 1.7486151519717494, 1.7650517543516981, 1.7527182457202293, 1.7652468815970688, 1.763300495464718, 1.728598269596192, 1.7421608667245776, 1.784673491240683], "nmi_td": [0.2923577214666107, 0.29495909924478225, 0.2905383822823735, 0.2939620406336652, 0.2920841874833232, 0.2929267826391023, 0.29356155832594827, 0.2885882662743402, 0.2902217879480267, 0.2974740205486795], "mi_tw": [0.9800375939456797, 1.0018068572462249, 1.0307375369195082, 1.0149243993950408, 1.0108968360820887, 1.0273846355431335, 1.013909560786982, 1.0219742052325105, 1.025529498847741, 0.9897344090071181], "nmi_tw": [0.20519142946705998, 0.20892192409167168, 0.21420658561711234, 0.2115437739874086, 0.21086353020512585, 0.213168446215066, 0.2112342548138718, 0.2136593750612901, 0.2138207338661283, 0.20650538579715713], "coh": [-1.7148514516093034, -1.802017632186475, -1.7248447776943454, -1.8560632082907496, -1.774889062511115, -1.798564871464701, -1.746230663493839, -1.7909423174082246, -1.885117551150131, -1.7890869582685063]}