{"p": 0.2, "p-emp": 0.1985867893460599, "t": [315.2176764011383, 300.0587913990021, 307.6948516368866, 305.97929430007935, 326.06789660453796, 361.6506073474884, 333.9865939617157, 308.90498661994934, 311.5838084220886, 319.9596815109253], "nmi_acc": [0.2985431460669844, 0.27585428169827003, 0.3337512110907159, 0.25369516994197333, 0.28412452824365436, 0.26615007164225835, 0.35912279319559354, 0.3434300121031333, 0.23805243325790218, 0.2629544344536478], "nmi_repr": [0.29940507367650326, 0.2649295203455146, 0.24983719696646667, 0.2718156238624246, 0.2956181101591046, 0.2851842102024317, 0.2485357567436211, 0.26173700872005656, 0.27777757910075074, 0.2830925206222007], "mi_td": [1.2570709937043167, 1.1145757691435245, 1.1206875379961188, 1.0682089227810128, 1.2373335102799012, 1.1700683693658465, 1.1643466215320586, 1.0892817081552877, 1.1361460060763764, 1.1139185579884998], "nmi_td": [0.21590007874941206, 0.19146185999324253, 0.19229534558069714, 0.1860775443277565, 0.2140151322580008, 0.20114992069878412, 0.19776972992456537, 0.1881990765930667, 0.19751054427557682, 0.19374929136558208], "mi_tw": [1.6728413446502763, 1.687230076325399, 1.6967545326774358, 1.6176319229492861, 1.6065571382751889, 1.6886850487388159, 1.8172408144598666, 1.6808173061571086, 1.5897428926141182, 1.59972889179351], "nmi_tw": [0.3008040153718257, 0.3034496272851329, 0.30480349063398354, 0.2952188927045078, 0.29102765382057677, 0.3039573843946064, 0.3229988693035538, 0.3041273247342864, 0.2895127656497982, 0.2914934021539628], "coh": [-2.3811006359127083, -2.3039190638418843, -2.3960956768129527, -2.432168130828244, -2.2623761816679777, -2.308539675926205, -2.2777881842960115, -2.204343667957333, -2.306418577197056, -2.420822961607883]}