{"p": 0.8, "p-emp": 0.7999996868115563, "t": [119.64201354980469, 116.94843244552612, 117.974924325943, 118.2822654247284, 118.38163900375366, 117.87300443649292, 118.67079424858093, 117.42442226409912, 116.28131222724915, 117.29572558403015], "nmi_acc": [0.6094065782324096, 0.6059711457163484, 0.6021382690431633, 0.6149969696552567, 0.6128401222310494, 0.5981659737696482, 0.590604815177604, 0.5922870082071785, 0.5949805589836115, 0.6169716656872026], "nmi_repr": [0.6379161783722376, 0.6051310520622145, 0.6151766883858154, 0.6321696984973028, 0.6390823417870389, 0.6457942960508121, 0.5884520938200837, 0.5847536121538566, 0.5931144998896162, 0.6025095155009704], "mi_td": [2.5576104589412347, 2.5551493301280157, 2.5485656491752064, 2.5578502327742334, 2.5636530666999717, 2.5429696389243373, 2.551679250087986, 2.5244491549650148, 2.531945323182523, 2.5677575366835166], "nmi_td": [0.4267652497750108, 0.42646463141898483, 0.42529634234818864, 0.4268810261186112, 0.4275857111467181, 0.4246902527018904, 0.4256394085484579, 0.4219428044807791, 0.4227984189993542, 0.42784316286946295], "mi_tw": [2.237092853709828, 2.2283732939334633, 2.24029998056195, 2.2372537892991566, 2.233655697092462, 2.2319203210467444, 2.2342267684542305, 2.237873743530555, 2.2364290491608756, 2.2331392143495914], "nmi_tw": [0.3565479635895634, 0.3552457999764948, 0.3570914500378419, 0.3566340748851549, 0.3558508522555016, 0.3560182160276048, 0.35598239979601864, 0.3572473205851652, 0.35669654965913516, 0.3554296396629515], "coh": [-2.227342548967365, -2.400391185950726, -2.268132871765866, -2.198116296915675, -2.3449306678683413, -2.2808737717697087, -2.3587536254240833, -2.318281082270225, -2.3332954667613577, -2.336673382925125]}