{"p": 0.6000000000000001, "p-emp": 0.5999837142009297, "t": [199.21772575378418, 197.86264753341675, 198.59064030647278, 192.51098823547363, 195.78113269805908, 196.96462035179138, 195.8420250415802, 196.31009697914124, 190.82527709007263, 190.9313461780548], "nmi_acc": [0.35376045146482354, 0.36218248908677636, 0.3691660645084146, 0.36983469320758544, 0.33673573032049225, 0.338752159147669, 0.33175056442119244, 0.376177395342059, 0.3351820200798724, 0.35994618436801873], "nmi_repr": [0.18999340555208358, 0.19810442418531843, 0.19467132038598878, 0.20694373230429802, 0.2007362583265684, 0.18772370103178493, 0.19564028754857044, 0.19897392663947813, 0.19980359850064205, 0.19638906075794726], "mi_td": [1.6244079190736929, 1.6197634334970303, 1.587853533842887, 1.6086824426018727, 1.5865336444670899, 1.602696590639976, 1.5930294286889493, 1.6129053990489772, 1.5896149008046412, 1.6109873470648883], "nmi_td": [0.26902846981011935, 0.2688847571478038, 0.26444257663601994, 0.26806571843731675, 0.2635714325932632, 0.2663342586588015, 0.26490612033552735, 0.2684678827663539, 0.2639881380416591, 0.2678930091224315], "mi_tw": [1.8488010315548418, 1.83728452513097, 1.8303521444485589, 1.8366782931264416, 1.8427981819519865, 1.842340050097017, 1.833789849101509, 1.8531874605392011, 1.8356421070562616, 1.8491011046188333], "nmi_tw": [0.29418304746603846, 0.2930053980993824, 0.29280928148974367, 0.2939838240743958, 0.29410220881198, 0.29411148943968934, 0.2929359838334249, 0.2963066533322609, 0.2928586909502194, 0.29538254816661835], "coh": [-2.474211317878318, -2.304007032056859, -2.4443934736750643, -2.581398098583496, -2.5867735733354547, -2.202341072071275, -2.5365589306112977, -2.5521869956195484, -2.3531248366370523, -2.466647032852993]}