{"p": 0.8, "p-emp": 0.4322086649324727, "t": [242.45781087875366, 251.6341679096222, 238.40864992141724, 253.55708742141724, 224.12195301055908, 273.04039120674133, 251.27946949005127, 226.4852135181427, 218.63591313362122, 198.92550683021545], "nmi_acc": [0.4177213093947536, 0.4472999254688652, 0.4588875489741838, 0.48486561256353006, 0.4272451585488947, 0.43333592657371894, 0.4481215313983911, 0.46827321593288673, 0.45229375416696327, 0.432474599630716], "nmi_repr": [0.23677858261600174, 0.22362476242232046, 0.25188415996255864, 0.29245167636014663, 0.2559516309648767, 0.246500052512124, 0.26724684418337546, 0.2581853541117077, 0.2682261615410997, 0.2916994403020952], "mi_td": [1.4185866438271566, 1.48978449127266, 1.354741683728383, 1.5910325497315365, 1.3554341961838463, 1.5195646359109154, 1.497047179809159, 1.3960538107720901, 1.4406857026580653, 1.408661667638778], "nmi_td": [0.237869356761246, 0.2484048314477291, 0.2291758175621259, 0.2626386484801994, 0.2285157439285731, 0.2525880147018834, 0.2500460360911687, 0.23537039443091196, 0.24320154179143794, 0.23734303713208915], "mi_tw": [1.8878916129579293, 1.8761746969345365, 1.8440875723867465, 2.0107659431619216, 1.7921261933696802, 1.9074684158822044, 1.9071946931741235, 1.8392853420152684, 1.8353875181935768, 1.8703308342771034], "nmi_tw": [0.3150027078632973, 0.3112981089754665, 0.31040555183464813, 0.33031550024190853, 0.3006417134067833, 0.3155179754120138, 0.3169877408366557, 0.3085614658041895, 0.3082939769469804, 0.31356856686092316], "coh": [-2.5349042922926084, -2.631935135869686, -2.6595292641713284, -2.385341365947393, -2.3511107916751164, -2.473549407177285, -2.3749853171804842, -2.562973198647504, -2.4003523646632297, -2.3430984508569597]}