{"p": 0.7000000000000001, "p-emp": 0.6992636678699193, "t": [129.87328696250916, 130.9386007785797, 137.30854773521423, 143.54625844955444, 120.75193810462952, 119.42413783073425, 123.45487117767334, 134.27704977989197, 122.7174563407898, 143.0570728778839], "nmi_acc": [0.27409757243854305, 0.256895453338704, 0.2449752845493223, 0.24717265449431855, 0.2774044085950167, 0.28871244777220856, 0.2792801448902853, 0.2704702983778604, 0.23856880385316742, 0.22780432072910778], "nmi_repr": [0.21922639803931404, 0.23292729388622105, 0.23534057147193274, 0.2362891767630107, 0.22029265091429304, 0.20781021186650958, 0.2271940691026647, 0.22811213882993353, 0.229714355130288, 0.21530646455217936], "mi_td": [0.9603028515169272, 1.1086523978324485, 0.9458406128990888, 0.9486768977263076, 0.8845656207781596, 0.9766587279713447, 1.0330971762783365, 0.9942493401643936, 0.9151516671082103, 1.023125214471895], "nmi_td": [0.1672852162705877, 0.19171067367520558, 0.166247193444777, 0.16650255234724848, 0.15555706086318122, 0.1695692683158846, 0.17787381229329444, 0.17295773932193764, 0.16142587497089741, 0.17688957263959468], "mi_tw": [1.2701899516814987, 1.3410127454657492, 1.26403871422045, 1.2948645519060622, 1.2205511455769935, 1.3150618701065313, 1.343151641035774, 1.3177195101458987, 1.253049220550896, 1.2812683556197382], "nmi_tw": [0.2801561857299998, 0.29303447105753166, 0.28198066136378147, 0.2883228430790004, 0.27245725050806513, 0.28883440355282325, 0.29190157031981023, 0.29012762464793845, 0.280793636555202, 0.27991620386535876], "coh": [-2.0228059671828325, -2.164441547515073, -2.060456545333814, -2.192378188317823, -2.156634104766842, -2.0784624605441016, -2.1416501640290617, -2.0329045864862825, -2.0274121686921176, -2.156703333573388]}