{"p": 0.8, "p-emp": 0.795889871459633, "t": [84.52205467224121, 83.38145899772644, 81.78639507293701, 81.43253970146179, 83.04796099662781, 82.6097571849823, 84.60644364356995, 81.57269287109375, 82.55540537834167, 82.58159232139587], "nmi_acc": [0.04485792381030941, 0.046291135686110825, 0.04438438547376815, 0.043227528489890366, 0.04572207899197538, 0.04203237575939998, 0.046187805004721444, 0.04100542121188271, 0.0418915115636866, 0.046552696220502426], "nmi_repr": [0.14234539947272912, 0.1345785765013482, 0.1398076234667501, 0.13821162036560034, 0.14422423406852491, 0.1492847478128586, 0.14553612709133623, 0.13912343442860198, 0.13567108642062975, 0.14483331508818004], "mi_td": [1.6605913260517864, 1.5751612134462967, 1.5875227288751208, 1.4513769934386878, 1.5703275354405186, 1.546609541879769, 1.4997396969016275, 1.6500808606883972, 1.63783504147881, 1.6698347616391684], "nmi_td": [0.27573506799073755, 0.2632305544349579, 0.26529267032271064, 0.24581044311526926, 0.2638171258070757, 0.2593660638353249, 0.2527994187347328, 0.2746062073967549, 0.27225123132876017, 0.2772088939402721], "mi_tw": [0.38224450803184373, 0.42155135205082317, 0.41401940235206314, 0.4288425766363697, 0.40215944089610295, 0.44244260956702147, 0.4206604303548624, 0.39428309586176086, 0.40690056801702623, 0.3870991867327932], "nmi_tw": [0.14294712239682011, 0.15994684403057433, 0.15708411983519552, 0.16777436516103558, 0.15444238755114909, 0.1692168559254832, 0.16278550117917182, 0.14819832639302433, 0.1525396460838124, 0.14469089287916945], "coh": [-0.4319914242266198, -0.4213418766840181, -0.42866764497270504, -0.42506718062601634, -0.450065686480894, -0.43607284920327316, -0.4255121089562085, -0.4462647289936286, -0.4549412811116743, -0.44405302364982074]}