{"p": 0.2, "p-emp": 0.1998264936022126, "t": [527.9321427345276, 530.4119279384613, 525.6686728000641, 527.2936651706696, 532.739718914032, 527.0598220825195, 529.067987203598, 529.4159634113312, 531.7277600765228, 529.4951300621033], "nmi_acc": [0.5061407706876515, 0.4774568378345846, 0.4707014823618282, 0.5018244841327076, 0.49101375467270414, 0.48341932237703666, 0.4984217357674704, 0.5076543918846381, 0.47904003336170503, 0.4884548700222696], "nmi_repr": [0.4150910777041999, 0.40523298285593484, 0.4454690356359875, 0.4182762579445134, 0.4094930227263808, 0.41911195914462435, 0.43180341217838425, 0.4482766919463851, 0.4331877345107495, 0.4454170293174962], "mi_td": [1.5321962796433228, 1.5260289244146228, 1.547700706454556, 1.5280426996479495, 1.54342585143393, 1.5320663042815703, 1.5312911832568274, 1.543998357774432, 1.5465581594887918, 1.5357166357433634], "nmi_td": [0.2575345560899051, 0.256575734863386, 0.2612163836686609, 0.25562523631238504, 0.2594018099499161, 0.25738704638920257, 0.2569250176450815, 0.25869246569610593, 0.2606663195709249, 0.2583981734470105], "mi_tw": [1.4532626621973774, 1.4473050905623248, 1.4150448000604474, 1.475521432263999, 1.4431538561500896, 1.4508165504231707, 1.4719790140973834, 1.4626493487720615, 1.4270645962936732, 1.4364185161313376], "nmi_tw": [0.2548519272009809, 0.2538874962535695, 0.2492207241960504, 0.2574825019901625, 0.25305859764331823, 0.25429343129150567, 0.2576555413707942, 0.25564658032374127, 0.2509787557687314, 0.25217490653371916], "coh": [-1.552709553110921, -1.7907184767937268, -1.7257334721937163, -1.5952791070424739, -1.4801415249024767, -1.6312390345709946, -1.6140947138762027, -1.5118930145281613, -1.5805418758247165, -1.607367330180263]}