{"p": 0.7000000000000001, "p-emp": 0.6995228313070476, "t": [71.45845651626587, 78.72687911987305, 69.36009240150452, 91.65930247306824, 71.38306140899658, 68.82101583480835, 74.00037145614624, 63.86917185783386, 66.86044788360596, 80.14387273788452], "nmi_acc": [0.01436298114399608, 0.016634064618030873, 0.01639556804304891, 0.02144815426473517, 0.012899713095111159, 0.013886269686404341, 0.018727847945390317, 0.011360021148996547, 0.0081351858660397, 0.011644798572877613], "nmi_repr": [0.08969980634968423, 0.0955361247207052, 0.08333747415649471, 0.11853859993421656, 0.08832391387951485, 0.10161801423471513, 0.06240645561762574, 0.09168700352103447, 0.11035972119119199, 0.10145121808493893], "mi_td": [0.2972579317586517, 0.39820521178155954, 0.31856204240862884, 0.5234432026448815, 0.33700022663664864, 0.25167905748688735, 0.342086466410015, 0.23901770716505416, 0.22839301071288937, 0.3760093467273345], "nmi_td": [0.05795682891058535, 0.07532303809983963, 0.06051941828904786, 0.09858328313171481, 0.0642536295975198, 0.04861499969770779, 0.06551470388338015, 0.04610200955880539, 0.044370764452408534, 0.07316229960447578], "mi_tw": [0.6031146605118368, 0.6287768280451398, 0.7476361083740232, 0.6336405707491701, 0.7404383594513111, 0.7831392764026921, 0.7192668255572385, 0.7881290331722068, 0.7193464385195871, 0.5595670834984867], "nmi_tw": [0.2686103558819453, 0.26166411060868766, 0.3141118753782517, 0.2611857952133104, 0.3135851800752966, 0.3414836363872613, 0.3076574745571481, 0.34253080054829504, 0.3177695903092421, 0.24806292554555745], "coh": [-0.7742202550527697, -0.7379918146969602, -0.7665704096293453, -0.7787606656525495, -0.7592427692085714, -0.7294861991400354, -0.7278710820405763, -0.7756611998053146, -0.7538615300875616, -0.7448908508876438]}