{"p": 0.7000000000000001, "p-emp": 0.6995228313070476, "t": [163.5702030658722, 166.3942723274231, 172.15454387664795, 164.3146936893463, 164.11343264579773, 168.14491653442383, 171.84993362426758, 164.33206462860107, 168.4004511833191, 165.9687111377716], "nmi_acc": [0.032271339496455234, 0.038980511132399996, 0.036863176700453894, 0.03372037314008291, 0.03415959678821014, 0.03568828737685003, 0.033936700085976323, 0.03556264482577943, 0.03460642479951404, 0.03368955842076812], "nmi_repr": [0.2611374527969567, 0.2675275567331105, 0.2663458925225847, 0.2589875744857019, 0.264691691380441, 0.25982225715212465, 0.26607147773894113, 0.2712972436535769, 0.26768329682377395, 0.2702867406648134], "mi_td": [0.5838337687655433, 0.5661202224076698, 0.5899681174879383, 0.5760481523986911, 0.5739898056481179, 0.5762062042741645, 0.5664678632409319, 0.573915439299048, 0.5716524389309714, 0.5626142576889374], "nmi_td": [0.09627563742914344, 0.09341246395470154, 0.09743853134881142, 0.09484819219705146, 0.09469268457003562, 0.09514286219084332, 0.09343233583937355, 0.09442848885436497, 0.09421973666646592, 0.09278845082954583], "mi_tw": [1.4333949707709501, 1.488560345894209, 1.427955794643376, 1.4484758890847327, 1.47170251899879, 1.445683990886627, 1.47841531922453, 1.4801129672207387, 1.4581856636818977, 1.5125539584277718], "nmi_tw": [0.4506751909468066, 0.46857292479960316, 0.45029842123162356, 0.45410614988664555, 0.46309566659001206, 0.45568073139084503, 0.46502347697642493, 0.46338411077937725, 0.45803245455924485, 0.475680585864828], "coh": [-0.7104714834466056, -0.6768937567165132, -0.6976064610321173, -0.7084420216396944, -0.691823478754414, -0.6673743834127117, -0.6911511680498577, -0.686882737201387, -0.712640943652479, -0.7180288590240763]}