{"p": 0.7000000000000001, "p-emp": 0.6999276273704776, "t": [171.69341850280762, 170.13956379890442, 165.88179230690002, 163.1677393913269, 167.5804579257965, 171.19677591323853, 178.67408561706543, 177.14222693443298, 175.91281652450562, 179.19014239311218], "nmi_acc": [0.275489654274455, 0.2685753100186684, 0.2399275739388231, 0.2879192231455659, 0.28644978137471294, 0.28753864677732294, 0.27501753766501424, 0.27719859645361805, 0.3057598654426399, 0.2789131522749886], "nmi_repr": [0.15462016504637827, 0.1344463386894776, 0.12017424085240956, 0.13631806845833802, 0.16028211375308468, 0.1707518835697637, 0.1537579640477602, 0.143342408414094, 0.15675349645021586, 0.16126947356427523], "mi_td": [1.5680054522897047, 1.539245827386221, 1.5192376153753036, 1.5580538138211648, 1.5559025074627597, 1.5700115385361206, 1.542826082156671, 1.5585227684040839, 1.560883005583848, 1.550142873143615], "nmi_td": [0.2597464413291728, 0.2556796626286213, 0.252654751699834, 0.25906545716385243, 0.2586261191617179, 0.2606380215563438, 0.2564890475051323, 0.25839354291239164, 0.25919839283783674, 0.2576160045265816], "mi_tw": [2.142409243757775, 2.1208887548547266, 2.0868681300391683, 2.1355756724272648, 2.154682812942915, 2.15409510709099, 2.124710308841533, 2.157364192981945, 2.1627672065231547, 2.131578210504273], "nmi_tw": [0.33850625187742245, 0.3359800207641157, 0.33096368200658227, 0.33863282309983633, 0.34155978563225453, 0.34105065638608817, 0.3368542986197576, 0.3411436257225333, 0.34251921282927544, 0.33783130109006093], "coh": [-2.579485948909581, -2.661669399773433, -2.786108550323663, -2.783123408790465, -2.705509202646938, -2.5178239945788037, -2.5592594691273063, -2.7255586310708675, -2.504653784095674, -2.6907156852257956]}