{"p": 0.9, "p-emp": 0.8999955370646778, "t": [85.24014043807983, 85.93450498580933, 85.81875348091125, 85.35161352157593, 85.96481680870056, 86.49875593185425, 85.3162932395935, 84.76054859161377, 76.51160955429077, 75.48164939880371], "nmi_acc": [0.28154558487291126, 0.24014974613329446, 0.27680020643924885, 0.26679707227133864, 0.2696911499682434, 0.26540502525645226, 0.2833350769957777, 0.2491783707291817, 0.27726003958888357, 0.25743600526386773], "nmi_repr": [0.2893184541762483, 0.2683754849235223, 0.26573459149338435, 0.28314728060865124, 0.2780518372022679, 0.26848994119448755, 0.2778107059285173, 0.2653474503471877, 0.2574078498444796, 0.26617184420130713], "mi_td": [2.566822674222366, 2.561573074892663, 2.55506307466231, 2.5554658177784337, 2.5629505132622916, 2.5439518306510167, 2.5730222717921425, 2.5538808861802003, 2.5673642919181416, 2.5620746052492134], "nmi_td": [0.42406514877997825, 0.42342684068239067, 0.42265641431856665, 0.4230043655801747, 0.4241242863843982, 0.4211714950034463, 0.42547292783279145, 0.42218519934383597, 0.42430838623742045, 0.423162104214006], "mi_tw": [2.376223053349311, 2.3644800158924966, 2.367354484387322, 2.3576731013270997, 2.3528496493038005, 2.356657398299631, 2.36511192629391, 2.364868776752873, 2.366162907943194, 2.3745933594622], "nmi_tw": [0.3463582029848533, 0.34481105108644394, 0.34545064309462103, 0.34423987169108977, 0.34345059628355207, 0.3441442077946792, 0.3450130420658404, 0.3448892738212148, 0.3450021365642642, 0.3460350820617662], "coh": [-2.2777003114141565, -2.213945438003344, -2.2163139797757356, -2.277949104532379, -2.306965106450009, -2.294922082994005, -2.307187578603206, -2.3243886355684458, -2.296551683631239, -2.330743320610291]}