{"p": 0.4, "p-emp": 0.3995532888831935, "t": [242.39421463012695, 228.4789319038391, 232.37248420715332, 227.7553699016571, 234.59980273246765, 251.11723160743713, 236.57200694084167, 241.81484031677246, 238.95993971824646, 235.3466591835022], "nmi_acc": [0.46246433430445877, 0.3711972332104387, 0.4894206748541636, 0.4587625351061806, 0.42989010389763693, 0.4170926367275096, 0.3977490307986177, 0.442918118732442, 0.37278993187754883, 0.48426962384507655], "nmi_repr": [0.27785025480313646, 0.2583548175579682, 0.2441498766511195, 0.29183070477783357, 0.25604168195174787, 0.26744107742396217, 0.2467475605719651, 0.23809796045132614, 0.26745242450064627, 0.2858226354443492], "mi_td": [1.52340138210917, 1.2273145894853434, 1.3645449643606513, 1.3439396944494466, 1.340379755386253, 1.4282176559984636, 1.3506018786084302, 1.317666419663226, 1.447366370786533, 1.3592562493606977], "nmi_td": [0.2556521997773614, 0.208665155354449, 0.23050372743551328, 0.22708735640011848, 0.2269573764499651, 0.23990278161628628, 0.2258470145377028, 0.22244220740582854, 0.24526989322608905, 0.22948327600634721], "mi_tw": [1.8830369611320195, 1.8192155373750798, 1.8468641443071456, 1.863967390256321, 1.8069909096808292, 1.8723343779273274, 1.940184818178481, 1.886851445820642, 1.8009665103780952, 1.8495496013187527], "nmi_tw": [0.3129293629773766, 0.30624925483726, 0.3089224400248054, 0.3118707771716748, 0.30296101638104384, 0.3114387370379452, 0.321290164689277, 0.3154107987805582, 0.3021915445256029, 0.3092021071361541], "coh": [-2.263960756071127, -2.553851798425676, -2.2915600686431263, -2.1484372914050174, -2.1545960087917932, -2.375522109974689, -2.3702180317658703, -2.5139419022770464, -2.367003585630817, -2.053169305514167]}