{"p": 0.8, "p-emp": 0.7999803735241973, "t": [59.62970566749573, 60.6012544631958, 60.52002477645874, 59.40708088874817, 58.86018133163452, 60.73558807373047, 60.45153474807739, 59.98689794540405, 59.78002738952637, 60.23158860206604], "nmi_acc": [0.40025739598357263, 0.4047318412367298, 0.39166108104503333, 0.4011845678541511, 0.41799177945971716, 0.37151718339125583, 0.38586086796946595, 0.3903228981973215, 0.39009139713578, 0.38248236330839175], "nmi_repr": [0.3106971280810679, 0.3141482311112754, 0.31587903230820036, 0.29906767809209356, 0.32125063389983016, 0.31169493629475636, 0.3007110796616546, 0.30269079596765214, 0.31416178282377527, 0.2988879699298017], "mi_td": [1.9400050444706651, 1.9534133062976486, 1.9306498273047255, 1.9060815054070488, 1.9409877293176088, 1.9319967760685102, 1.9433485652884057, 1.9330722272285599, 1.9102112110377492, 1.8973780396088125], "nmi_td": [0.32843268166134904, 0.32913820762143414, 0.32648116717989595, 0.32294965246875135, 0.32823530244722376, 0.32591153946891005, 0.3284442961614871, 0.32739121894293444, 0.32428501926138004, 0.321867099606406], "mi_tw": [1.8679127788109482, 1.8468884281017988, 1.8486203848080356, 1.855379422472913, 1.887520544822061, 1.8483154649889988, 1.8658178117432116, 1.8522216265190061, 1.823270722298866, 1.8282445599386603], "nmi_tw": [0.3498608384880982, 0.3441134106037015, 0.34581643560952824, 0.34782320072281053, 0.353100466421696, 0.3448260950901565, 0.34881700974272767, 0.34707696557524953, 0.3425468065158528, 0.3431988735302953], "coh": [-2.332291328931663, -2.1904637851125828, -2.418047159617129, -2.32470047829022, -2.1953693096595424, -2.390556120973686, -2.265198096251048, -2.3236649496805937, -2.4696749022493925, -2.4514849038543916]}