{"p": 0.8, "p-emp": 0.4322086649324727, "t": [325.98213243484497, 323.01721835136414, 329.79751443862915, 327.36773705482483, 322.4874701499939, 344.2440309524536, 348.781152009964, 345.82742071151733, 349.4062292575836, 342.5205430984497], "nmi_acc": [0.6059866851030169, 0.581018606930017, 0.6095297037361785, 0.6065325603903617, 0.6053958309878158, 0.5956783351599397, 0.5932972275348037, 0.5889153036182637, 0.5885123157382518, 0.6054400106671817], "nmi_repr": [0.4852801206829927, 0.48931346681840915, 0.47870475690109415, 0.4727933734426871, 0.4926712309399345, 0.5028868327039123, 0.5008502492066212, 0.5007299907022926, 0.4850134809044949, 0.5036252236707062], "mi_td": [1.8739594159704998, 1.8511365994310807, 1.8803302896347187, 1.8787127616828423, 1.8775717007170454, 1.8694937159871219, 1.8692074589422456, 1.885435494505386, 1.868016815024778, 1.8507079787230434], "nmi_td": [0.3120064557520432, 0.30775556151072636, 0.3112564825475604, 0.31202874803076064, 0.31137147557797296, 0.31059547680652194, 0.31075475657088847, 0.3131020356266209, 0.31080967621955446, 0.3078542657118827], "mi_tw": [1.6261085831261572, 1.6565899174702068, 1.668295336656081, 1.6560364391945988, 1.6618620763851992, 1.657119793792745, 1.6422815811090952, 1.647233507248576, 1.6316595619216538, 1.663674696946986], "nmi_tw": [0.26941555089810687, 0.2740660778230672, 0.27481422493957375, 0.27370268379760604, 0.2742555311991419, 0.2739676583750163, 0.27169444877410054, 0.272210339628272, 0.2701558870122119, 0.27538948004547115], "coh": [-1.8515948111875886, -1.859527861107982, -1.8115876503764046, -1.9504914653986867, -1.8551570920272007, -1.7959553405562176, -1.8897426423417507, -1.8623906771894312, -1.969762648588548, -1.8347080745438713]}