{"p": 0.2, "p-emp": 0.19996847236333826, "t": [150.16908049583435, 151.8655560016632, 157.20048880577087, 150.51408171653748, 146.69782996177673, 151.81171417236328, 150.87291765213013, 154.9709792137146, 148.46752834320068, 150.19473481178284], "nmi_acc": [0.4081710588542257, 0.37674391577078675, 0.3753912419073301, 0.37908793761227805, 0.3949836903936467, 0.3681602982189566, 0.374165113995323, 0.37714151227732284, 0.3544754270526852, 0.4017396421867339], "nmi_repr": [0.28900875542244636, 0.2686978668023793, 0.24885934686492803, 0.2549117754440256, 0.26051471187020514, 0.25553969903571455, 0.266131873068705, 0.24300869807957798, 0.23144864158950684, 0.25409327708823676], "mi_td": [1.8255709666691142, 1.8041062449703131, 1.7404938913366288, 1.789590305645096, 1.8089576463112476, 1.8092621259718868, 1.7480470776400567, 1.7341314504814997, 1.7713679379858254, 1.8382052562581648], "nmi_td": [0.3045830260280649, 0.29900078613195863, 0.2906155865634356, 0.2981194750904804, 0.30071081852932896, 0.301300530088593, 0.29251749997566556, 0.2897174894652447, 0.2938319006567612, 0.3042992462681153], "mi_tw": [0.6012690174340326, 0.6051602603975517, 0.6126951770918386, 0.6012303850713394, 0.6111615032191949, 0.5857355738318758, 0.6059200622862558, 0.5915643144492144, 0.6266157583239065, 0.5942167410121403], "nmi_tw": [0.12643220610314526, 0.12618612409665855, 0.12896182722977925, 0.12617846862346757, 0.12792238564641664, 0.12287730412461546, 0.12788890772184408, 0.12460319719762647, 0.1308038695149227, 0.12372369829852171], "coh": [-1.0162197980643, -0.9509653140769988, -0.9624404272735226, -1.0238794855504836, -1.070866944981787, -0.9707158085422719, -1.0529497285615845, -1.1948349552615016, -0.9853022768227104, -0.9461751155440213]}