{"p": 0.5, "p-emp": 0.4322086649324727, "t": [186.2690634727478, 189.06592297554016, 185.23316359519958, 182.77403712272644, 186.6701385974884, 183.65703868865967, 183.5208945274353, 185.45580101013184, 173.85459089279175, 187.01471042633057], "nmi_acc": [0.37476666132731506, 0.372233704551219, 0.38164337486497946, 0.3936049011197356, 0.37622292388873985, 0.37749420805979245, 0.39357798578627373, 0.3798236818458383, 0.41313636022667577, 0.34945389800373133], "nmi_repr": [0.1994108134973741, 0.20484965316350634, 0.20694549652159133, 0.2082725112702752, 0.19714247486511924, 0.19726082541829162, 0.2072900919283744, 0.19879588208871604, 0.2021158552395267, 0.2057161037475428], "mi_td": [1.6127963602110589, 1.6102305934391887, 1.5703637710191687, 1.6031179514540157, 1.606815349794086, 1.6228514756790733, 1.599436029546733, 1.6306634270394635, 1.5895859597349977, 1.5834512027147105], "nmi_td": [0.26742140884350035, 0.2670539441770825, 0.26225022321413527, 0.2666276958612645, 0.266519672394029, 0.26926311201832426, 0.26616171013576906, 0.2695970612066043, 0.26522580285157454, 0.26338491033384337], "mi_tw": [1.4142705799444903, 1.4047416243202557, 1.3831130962327978, 1.4017663912767107, 1.3970063649100517, 1.4135674205335425, 1.3959857711148742, 1.4119021616882417, 1.3923265093229253, 1.3817620069872951], "nmi_tw": [0.2333606301396236, 0.2318383933712644, 0.2298458047015174, 0.2319996937778842, 0.23058943902212947, 0.23339507371401136, 0.23116948906998927, 0.23229508961905526, 0.23117348387209474, 0.22871319047436578], "coh": [-2.1041955890597164, -1.913183185877611, -2.1319028708336436, -2.0819510963084595, -1.933707477785763, -2.1427053470925053, -2.0091545879449533, -2.064512116972412, -2.1441313068894057, -2.207550603248871]}