{"p": 0.8, "p-emp": 0.7999803735241973, "t": [115.78431272506714, 115.99174284934998, 117.11947798728943, 112.85310769081116, 113.6912145614624, 116.6109082698822, 111.44925665855408, 110.08818531036377, 110.26409578323364, 110.05679512023926], "nmi_acc": [0.5902755267188247, 0.5828539464413206, 0.563553828486611, 0.5834381395207571, 0.5925333529932476, 0.5857717084604167, 0.5859643530337986, 0.5941369517465063, 0.5935921118650944, 0.5842740909513588], "nmi_repr": [0.6429348754873303, 0.6173646298532588, 0.6019770177980917, 0.6157956075887039, 0.635742585264736, 0.6373972700579279, 0.6351317591797327, 0.6378848473619182, 0.6322618955875612, 0.6328351428843958], "mi_td": [2.513204227288304, 2.4924490115898736, 2.489055587641306, 2.5161292938879956, 2.532048057622906, 2.505141180364586, 2.507977663393788, 2.505424654152275, 2.509850686245405, 2.5011794807214627], "nmi_td": [0.4227266348563025, 0.4195679010620908, 0.4195591467561491, 0.4233343372723741, 0.4258137473907663, 0.42179478584172286, 0.42289362911042605, 0.42174670988701146, 0.42235146516759087, 0.4213079992092549], "mi_tw": [1.790232017409001, 1.7783054705450838, 1.7559412355073467, 1.7836788851646435, 1.7716028952328, 1.7792820123459383, 1.7671205242609653, 1.772479501180554, 1.7770973249072701, 1.777702345435725], "nmi_tw": [0.3329188687693203, 0.33099082322868667, 0.3273134224369127, 0.331800480320696, 0.32938399720013983, 0.3312510307248706, 0.3295221789155731, 0.32990173553997204, 0.33063978785608317, 0.331113581020347], "coh": [-1.9011689768392983, -2.080690026402743, -1.8607370921743818, -1.9329875411060602, -1.9288523503421495, -1.7997567542945228, -1.994166390753902, -2.1163335554749514, -1.9726641000184828, -1.9607690731208987]}