{"p": 0.6000000000000001, "p-emp": 0.5897215728636829, "t": [251.05988550186157, 249.91906142234802, 254.70330619812012, 253.93770051002502, 249.01640582084656, 250.4108383655548, 251.7865433692932, 251.90672063827515, 252.5374414920807, 249.88229250907898], "nmi_acc": [0.5885800245256237, 0.5709825453512317, 0.5954866775504455, 0.5767314770878513, 0.6199429404280358, 0.6339172987339341, 0.579028921291375, 0.6085345191533621, 0.6172125071081325, 0.5862771549531379], "nmi_repr": [0.5311840762908338, 0.5117994773249452, 0.47548155807844233, 0.508553663816661, 0.5043404963782384, 0.5442972624395598, 0.5137506481928847, 0.5430730553869806, 0.520485045034643, 0.49755178651229504], "mi_td": [2.1217874053219647, 2.109080662541859, 2.2261761560531985, 2.110192016834396, 2.2550992138011217, 2.272559073750592, 2.1069954679093756, 2.13781461892817, 2.2368085478974793, 2.137332189188673], "nmi_td": [0.3532456691075373, 0.3508068403095213, 0.36993330514024425, 0.35084116788819414, 0.3745729459812525, 0.37714611715145535, 0.35063392232516627, 0.3553923105467374, 0.37172039888016145, 0.3550240174786896], "mi_tw": [1.5137487716275688, 1.5179070170950457, 1.4395857137136017, 1.5333254541791885, 1.4298620480193205, 1.43051542957868, 1.5255288940964649, 1.5209632170959666, 1.4397076769055237, 1.5234135506513484], "nmi_tw": [0.2739620306667076, 0.27443961488687385, 0.26001144882798266, 0.27709805969426216, 0.2581303961571505, 0.2580052787808802, 0.2759664485566184, 0.2748291940520278, 0.26004888501774265, 0.27502937171727804], "coh": [-1.9586163504680385, -1.7941433343586861, -1.843609883385224, -1.8660630029204142, -1.9335239760419536, -1.8540026412520032, -1.9173981315575979, -1.7780845974447104, -1.835072619667604, -1.7566128184779313]}