{"p": 0.30000000000000004, "p-emp": 0.29920797252502185, "t": [268.244136095047, 267.761590719223, 269.0020821094513, 267.89951729774475, 266.71230840682983, 265.8823239803314, 267.98983907699585, 267.8080196380615, 266.8693096637726, 261.4744327068329], "nmi_acc": [0.3872800361108282, 0.37336969984836677, 0.3598945959051851, 0.3525086932654084, 0.39948859663750974, 0.39596485395727654, 0.39387585181815365, 0.36348692685360506, 0.4186715460320415, 0.3693086824008109], "nmi_repr": [0.21520256633391355, 0.2181315091915664, 0.1942534273248089, 0.19447075404079012, 0.1998308086225322, 0.21551638436514048, 0.21717610566830853, 0.2080932101546352, 0.21263741167944625, 0.20191864075159033], "mi_td": [1.6253590642026245, 1.5629932008507819, 1.5700040075895316, 1.540289040854751, 1.6057455474397164, 1.5750058145911459, 1.5210600636943579, 1.584870533760168, 1.5680258883541622, 1.4901362149925705], "nmi_td": [0.27035063644960095, 0.2625952131215128, 0.2625003378012642, 0.25768359577780614, 0.26769199772825497, 0.264333665752386, 0.25660537740117356, 0.2648715814426312, 0.26347300613981656, 0.2522615788985621], "mi_tw": [1.1957807102626794, 1.1655525916143739, 1.161249773165286, 1.1652935448578372, 1.2010191300232607, 1.158516285792357, 1.169358826780113, 1.1689021379962607, 1.1828303990479159, 1.1113053196897826], "nmi_tw": [0.20209770078531455, 0.19900487359051128, 0.19729805808498616, 0.19810347011573393, 0.20344926846678313, 0.19759098189688995, 0.20049265133841834, 0.19851108221018415, 0.20197999709764933, 0.19121168334276914], "coh": [-1.7962435905688856, -1.8960667722962676, -1.912439733694588, -1.6959041738042244, -1.7553676474983786, -2.019345691366433, -1.9729141192586688, -1.9638836241064808, -1.8310324338877053, -2.0491174346145025]}