{"p": 0.1, "p-emp": 0.08724881960580533, "t": [260.68402075767517, 259.6765239238739, 257.20235419273376, 256.9994840621948, 259.6559627056122, 255.91757106781006, 255.3397707939148, 259.2046592235565, 259.8339214324951, 254.03021144866943], "nmi_acc": [0.33258881589987305, 0.3402818890140576, 0.3834862548641811, 0.36335965370079026, 0.3450044346053997, 0.3722844222298553, 0.33995008952901384, 0.3936856667035873, 0.35204650119311187, 0.3523014832722597], "nmi_repr": [0.21091575840038623, 0.20303518473020948, 0.20866637959679468, 0.22153328080238197, 0.19774420758731964, 0.203730440013321, 0.20570032271789143, 0.21308105646254272, 0.20200207877598997, 0.19927762855853837], "mi_td": [1.4495109659331902, 1.475248169020778, 1.5825697841298378, 1.5131406199804387, 1.4600211478289544, 1.3928067570825649, 1.4730786403669056, 1.5587233017957502, 1.5119162969578919, 1.4979159816329664], "nmi_td": [0.24552002617127805, 0.24980660610645106, 0.2656457183690789, 0.2553062215239926, 0.2473431954472201, 0.23960429473453818, 0.24887521146668473, 0.26145603862603045, 0.25485142282068307, 0.2532148794896804], "mi_tw": [0.934496391760381, 0.9085667592494666, 0.9260693974766472, 0.9358305397523013, 0.8980408830482021, 0.8679732303468662, 0.9177590985263173, 0.9306719081797777, 0.9064524403014343, 0.9196610403198734], "nmi_tw": [0.17108109207341024, 0.16628168492359788, 0.1678907178876877, 0.1706092236471558, 0.1644379270704382, 0.16159142546147, 0.16755361368105962, 0.16859497523252107, 0.16507963733874134, 0.16800367742405403], "coh": [-1.1358816889112426, -1.2912061139217585, -1.0751032457688674, -1.3169781637401745, -1.0281498623211005, -1.483484035128571, -1.072858460880418, -1.1270630648830946, -1.0793402049246306, -1.0293756846026696]}