{"p": 0.30000000000000004, "p-emp": 0.2999635396453506, "t": [193.22887420654297, 211.5797140598297, 187.3070867061615, 187.1184844970703, 243.23784708976746, 227.46926093101501, 192.17983746528625, 202.4524393081665, 223.83729910850525, 183.8106927871704], "nmi_acc": [0.17702307446606128, 0.137509135278907, 0.11932775777967687, 0.1438345648604656, 0.11895141756921333, 0.18233301588338863, 0.1151828484891911, 0.15855532128801608, 0.1624366332882869, 0.159979400890974], "nmi_repr": [0.17811367401563813, 0.17304699392389142, 0.16013266848725485, 0.14803643945687586, 0.1677746434359469, 0.1588517171911545, 0.15885907947629663, 0.15986878210660682, 0.1544904065014016, 0.15045745037854186], "mi_td": [0.6424420463620512, 0.690457533166823, 0.5249226285085418, 0.5973204649253718, 0.6568375453457098, 0.7325180408091041, 0.5476851554587058, 0.6042120355746916, 0.704336204977885, 0.5940030372917761], "nmi_td": [0.11312700060240889, 0.12173585523816557, 0.09508780671355237, 0.10579560465621163, 0.11697742624919537, 0.1275295931118217, 0.09900722278819699, 0.1066690964027622, 0.12315417445493303, 0.10539671599604476], "mi_tw": [1.3323900790455028, 1.2673706590151514, 1.2000234781235593, 1.2495955146466633, 1.1914149185917726, 1.3205986223582673, 1.2072407541931, 1.2675471968252545, 1.3354064671079298, 1.2532378569880247], "nmi_tw": [0.3198615271756078, 0.3047777120197073, 0.2994836297811192, 0.3023779309076138, 0.29047170162286, 0.31216264058185744, 0.3004322594113537, 0.3053642563327456, 0.31752162283243746, 0.3040028507828625], "coh": [-1.7536920737021104, -1.9576783711471557, -1.916641935412122, -1.9740731385974617, -1.8082013554555398, -1.7549302425686941, -1.97580487123998, -1.7154214235864405, -1.8763208674853284, -1.9289024603496452]}