{"p": 0.9, "p-emp": 0.4322086649324727, "t": [346.52102732658386, 343.9685809612274, 343.3296043872833, 337.7560987472534, 335.40360927581787, 344.3228986263275, 353.9713728427887, 340.8106544017792, 344.71395230293274, 340.4393928050995], "nmi_acc": [0.6035612255504154, 0.5921080287458103, 0.5962904525730144, 0.5872068918225212, 0.5877277512168496, 0.5923382267526196, 0.5714187712679175, 0.5984306962508166, 0.6120039363083086, 0.5776170068640178], "nmi_repr": [0.5197881343165323, 0.4915987503103988, 0.47814607079716503, 0.5100440685751809, 0.48264116017125014, 0.4822892883072979, 0.4625954267353419, 0.4740520246551777, 0.5080853488625354, 0.5068259043094154], "mi_td": [1.8751786530018764, 1.846256030432849, 1.8595410160347678, 1.8555802992449646, 1.849529745210512, 1.856113151501857, 1.8432889455543087, 1.865410292796828, 1.8984911699163725, 1.853133893115848], "nmi_td": [0.3115267994651738, 0.30746803607046924, 0.30933591568969676, 0.3087394022658865, 0.3074408948997228, 0.3085547100227166, 0.30632778085087614, 0.3092635257382629, 0.3155700182953474, 0.30833677671128956], "mi_tw": [1.65327854688288, 1.6409568917860942, 1.6526787104744678, 1.6440876044312234, 1.6609930707460763, 1.6634431028586618, 1.6581994394772503, 1.6686561427102533, 1.6268391929987673, 1.648206735925248], "nmi_tw": [0.27332109922666964, 0.27194083450848555, 0.2735801537244473, 0.2722127129059234, 0.27475227199190544, 0.2751748290668381, 0.27422270525808734, 0.27529602013224264, 0.2690946112102593, 0.27289861142168914], "coh": [-1.7955991353039835, -1.8925245738252336, -1.8680463717164837, -2.0057723173057997, -1.7902566309012258, -1.8338902091449338, -1.9526419916908035, -1.832142189666768, -1.8945608661558961, -1.8589803327226728]}