{"p": 0.2, "p-emp": 0.1872449308492966, "t": [548.0365273952484, 527.9137094020844, 547.7001547813416, 557.0502042770386, 550.106344461441, 535.2985506057739, 556.3555631637573, 551.7561614513397, 555.455155134201, 570.3500919342041], "nmi_acc": [0.4391233152493062, 0.4389627758282164, 0.4297193867603416, 0.4428075088914994, 0.43021688207197495, 0.428486416357633, 0.4226100937631682, 0.4486140320953554, 0.4390973359278915, 0.43691581150112946], "nmi_repr": [0.3604884895985102, 0.35368446422807814, 0.34954535766245853, 0.34314340706633134, 0.3780358064842729, 0.3870099593940894, 0.37334150074594324, 0.37066337811251904, 0.3611606321561333, 0.36051581018417844], "mi_td": [1.53139491465491, 1.5170403573410076, 1.5117694671190445, 1.5000240261383515, 1.4967439344995839, 1.4987457913428526, 1.511730215696386, 1.5210685559759003, 1.5271490088468964, 1.5074011455450922], "nmi_td": [0.2550078465972753, 0.25300512847381346, 0.25173541304345, 0.2510649991307126, 0.2503351789502407, 0.25075237643635445, 0.25274431882175413, 0.2541590218481566, 0.25674044752000746, 0.2520411239723753], "mi_tw": [1.124049446986039, 1.1355293015424281, 1.1370328636192153, 1.1175367139765344, 1.1408937996667188, 1.1349267401940848, 1.1333261214095418, 1.120802295717951, 1.0916927831807544, 1.1335715800925903], "nmi_tw": [0.21514674360141298, 0.2177274264200329, 0.2176274353491307, 0.21516207843093857, 0.21947671738429275, 0.21841135085237298, 0.21792434534130883, 0.21537333017120813, 0.2112610200827027, 0.2179920129521065], "coh": [-1.2944671138248776, -1.18916688513889, -1.2694219823809418, -1.3462062352893047, -1.2261519609350695, -1.2678270898946291, -1.300810585178834, -1.325107609375141, -1.195131450789418, -1.320735010627306]}