{"p": 0.2, "p-emp": 0.19996847236333826, "t": [225.81597781181335, 270.53662514686584, 237.74599933624268, 230.74865436553955, 238.38114881515503, 250.30028796195984, 248.6649875640869, 243.20940041542053, 245.657212972641, 227.17525577545166], "nmi_acc": [0.2332610587773822, 0.2246426905459447, 0.2378340694509341, 0.22107255874543374, 0.20033393126595153, 0.24760577543083287, 0.2069961006386117, 0.16510166157885275, 0.19140219784610593, 0.1388647336173918], "nmi_repr": [0.1823682799382786, 0.16740148815038403, 0.16157978595810826, 0.18374608283383032, 0.18491544641917854, 0.18247067112658105, 0.1938407940916459, 0.18616861383256023, 0.19049252356712773, 0.19537032947926655], "mi_td": [0.6415020813284505, 0.8175959304345739, 0.6713419280395477, 0.6622955126928092, 0.6387081685570171, 0.7276627039567538, 0.7062344438219068, 0.6846500578000583, 0.7199766043190781, 0.6023102333145718], "nmi_td": [0.11235252312929783, 0.14135208781627587, 0.1167537812806542, 0.1163563897403683, 0.11219814243870556, 0.12688450926471798, 0.12344178338245412, 0.11973504997841294, 0.12625180304045025, 0.10738391086444651], "mi_tw": [1.4424977619152042, 1.3303160019345224, 1.425790922470512, 1.4088765562820131, 1.4068629696386503, 1.4336696176769084, 1.4760940558828612, 1.3971110964814082, 1.4211214028620816, 1.2966149338305626], "nmi_tw": [0.32258257166088317, 0.2926279636603479, 0.315995800698559, 0.3163208892271948, 0.31581746998566285, 0.3188175939220048, 0.3292511919278112, 0.3118528700101912, 0.3183020647898558, 0.2966448409556251], "coh": [-2.0035559462720225, -1.8363520431293348, -2.016968947003955, -2.172649144102537, -1.9991633990293678, -1.8014167725676018, -2.00076852958138, -2.048510393254596, -1.7873333262604674, -1.9827091485872677]}