{"p": 0.2, "p-emp": 0.1999872636699579, "t": [469.87649297714233, 465.973659992218, 471.2990138530731, 463.41212034225464, 463.85375452041626, 460.3793225288391, 466.42400789260864, 464.1418402194977, 468.4516406059265, 461.52440786361694], "nmi_acc": [0.40433629059643517, 0.4241370755523447, 0.4165853263992829, 0.4196247821556171, 0.4249214095876223, 0.4423473246428213, 0.4412620969355445, 0.40096556996406474, 0.4210458043449471, 0.42152204760418527], "nmi_repr": [0.3537799360884466, 0.36067611389082727, 0.34773204180643613, 0.36850879176442036, 0.3544247784383538, 0.3611972501285934, 0.37089620138066676, 0.3501243678424127, 0.3467025084077762, 0.3313092369407746], "mi_td": [1.373086612002674, 1.3687854244538815, 1.385456802015848, 1.4040090597862271, 1.3898169211268123, 1.403097852932043, 1.3730922320575645, 1.372205060353146, 1.4067759199397925, 1.3928316229750184], "nmi_td": [0.23064426638147037, 0.23026733639640962, 0.23209076807869644, 0.23551254060909949, 0.2332755806359243, 0.23789458613625153, 0.23127104777722185, 0.23170110508477357, 0.23668566815720246, 0.2339812757082242], "mi_tw": [1.3092683055267431, 1.3235595823810022, 1.3209839610531446, 1.2956172622490187, 1.3252529241690094, 1.2540083842575989, 1.3098147068414194, 1.3018082882560351, 1.2841696059628094, 1.2954036431876241], "nmi_tw": [0.2512004316141409, 0.2543784367347994, 0.2526631389847752, 0.24818898523268526, 0.2540446825212113, 0.24317747521942032, 0.25208443777950607, 0.25126158715617214, 0.24684048299808178, 0.2485649941294088], "coh": [-1.5126442223875443, -1.4660418129056816, -1.532391243534295, -1.4611383776136637, -1.5885280203707128, -1.493837065133519, -1.4540423548280823, -1.5076866522521237, -1.496137513257479, -1.4751651932660552]}