{"p": 0.7000000000000001, "p-emp": 0.6999970508088222, "t": [83.24769711494446, 83.4371702671051, 84.82485747337341, 84.25015115737915, 80.99806904792786, 81.41199994087219, 85.21145486831665, 84.8108594417572, 84.70164227485657, 84.3525812625885], "nmi_acc": [0.42715189518926283, 0.41360307406709884, 0.40980190892841045, 0.4033404138164112, 0.44172677369338975, 0.4283709476928058, 0.41549497587210993, 0.38146891416526435, 0.4094623818137355, 0.4298140493350759], "nmi_repr": [0.2805407924247333, 0.2806040914978244, 0.2719982564581611, 0.27090956984085074, 0.2946513752575348, 0.2888783131285236, 0.2809977149170783, 0.26732307825982904, 0.26857599008431216, 0.28302032149858297], "mi_td": [1.8308925186699994, 1.8003588062167348, 1.8505910027763814, 1.8475871356175837, 1.8757725522128383, 1.8433196464929915, 1.852390186599071, 1.8350159126124768, 1.8625968270787792, 1.8837559557506962], "nmi_td": [0.30867652788528516, 0.3035559343683634, 0.31037374920676625, 0.31056175815534776, 0.31478138359911056, 0.3097773976051634, 0.31090358801838114, 0.30743262894551815, 0.31209263414514515, 0.3155965248341687], "mi_tw": [1.5827919079081008, 1.5740908601365424, 1.595067953567846, 1.575115656058113, 1.5993369103399089, 1.5840952096408212, 1.5971097687226266, 1.5945087197108474, 1.594747380677903, 1.6055930152638214], "nmi_tw": [0.2894094277133528, 0.28784642736885435, 0.2900085240477565, 0.2870741271975631, 0.2909693532847577, 0.28864297708636705, 0.2906108814190784, 0.2895709826863384, 0.28965374932188437, 0.2915820917502275], "coh": [-2.1613304035818848, -2.213855126715047, -2.3320378557329153, -2.077552832305996, -2.1996427987043647, -2.139156084796737, -2.1741183966877458, -2.291430052177436, -2.248387051503221, -2.2461808354014203]}