{"p": 0.30000000000000004, "p-emp": 0.26323723580923586, "t": [208.77500128746033, 211.82454180717468, 210.8169186115265, 211.79066061973572, 207.92743730545044, 199.555260181427, 209.2601444721222, 207.75710654258728, 213.8901653289795, 205.58238196372986], "nmi_acc": [0.32710116196884503, 0.3391035256054623, 0.31563312194132165, 0.30685815370114966, 0.33874010284214423, 0.359110740256327, 0.31150631724072814, 0.30186720381683957, 0.3703389837846929, 0.3222492176855917], "nmi_repr": [0.18873029038376452, 0.2031421159722394, 0.1971547399812094, 0.18974838427476678, 0.21558399840939965, 0.21220966713311, 0.20902354258599054, 0.1844123697746824, 0.19906894291555643, 0.21013077992026974], "mi_td": [1.2634835409981462, 1.350251094409546, 1.3254216519330961, 1.2683082617720995, 1.4266322640418472, 1.3183016326643098, 1.3400994925711376, 1.1834343368381393, 1.411161099041004, 1.3614609566330607], "nmi_td": [0.22000315553050456, 0.23148484017636828, 0.2284790098598143, 0.22030517743703718, 0.24364698217246833, 0.2273990046208429, 0.2309849028767622, 0.20903712010883072, 0.24244907644353816, 0.23377528059647246], "mi_tw": [0.9912645989100406, 1.0267307058446715, 0.9966509518983765, 0.9830905415468035, 1.033512540557865, 1.0060218357727706, 1.0143167372614046, 0.9412973223756319, 0.9951788893888144, 1.006343338980853], "nmi_tw": [0.18636647959648472, 0.18982333454641573, 0.18535652249039017, 0.18434353709948176, 0.19029174815222635, 0.1872302125804792, 0.1886205819174313, 0.17973174182073884, 0.1844181231164379, 0.18637102397141345], "coh": [-1.9409501412553518, -1.7066171100572824, -1.653100950699102, -1.8038924244958938, -1.6522464039478812, -2.0301025212220365, -1.7006233835158107, -1.8148326201173515, -1.694460101462121, -1.7287681505161352]}