{"p": 0.8, "p-emp": 0.7999986428500775, "t": [147.53204560279846, 151.20637464523315, 150.22099089622498, 151.21031379699707, 153.20280838012695, 149.58244347572327, 155.45106053352356, 153.71718835830688, 153.48258638381958, 155.13286423683167], "nmi_acc": [0.5350882159423577, 0.4906214373838175, 0.5002592442484578, 0.4896693749172129, 0.4903904312629271, 0.5261926345545173, 0.5384747474815362, 0.5233354711410043, 0.5095946631383352, 0.46637110187031844], "nmi_repr": [0.4908091917459721, 0.45578981592376205, 0.45315291039708544, 0.42771190758179534, 0.4311222453878813, 0.45348314681835716, 0.4805679534778176, 0.5048007036544863, 0.4634411526664736, 0.43596077544366313], "mi_td": [2.3384846890536193, 2.341775572282301, 2.3214480919278904, 2.3228246162411965, 2.2770997251256038, 2.346813518187452, 2.366833139792508, 2.3503362415395133, 2.32112019234072, 2.307277175872038], "nmi_td": [0.3866386771955597, 0.3866359696301084, 0.3838826441138702, 0.3846014734556903, 0.37771868799486963, 0.3877642418135438, 0.3908318253322612, 0.3882156381597409, 0.3839488854975419, 0.38159889678237635], "mi_tw": [2.1033830613771545, 2.099635603618053, 2.099987583312537, 2.0721807951839626, 2.096929007166102, 2.099496607372438, 2.1001168234495142, 2.099373877837705, 2.097328347178776, 2.0964058826688508], "nmi_tw": [0.3157269576173801, 0.3147603010097514, 0.31526257683124276, 0.31144917831571045, 0.31569089406458584, 0.31495812501316567, 0.3148754235898515, 0.31484350260294547, 0.31495306758250474, 0.314769505956432], "coh": [-2.627161268551599, -2.7189141017177536, -2.7965450968841052, -2.7774405489807643, -2.7200230986847806, -2.6453036416489946, -2.6394809681053246, -2.675782718448905, -2.6701148833157546, -2.688921025533338]}