{"p": 0.7000000000000001, "p-emp": 0.6993383111156581, "t": [183.79595255851746, 183.61255741119385, 179.97985315322876, 184.40590453147888, 183.68523383140564, 188.92991733551025, 185.62148237228394, 178.1100389957428, 179.3299422264099, 181.410058259964], "nmi_acc": [0.15484046616797653, 0.17428101670084978, 0.15943033462148995, 0.15336134243398777, 0.16790181124968567, 0.16915331549497592, 0.171544894195577, 0.1579915618734549, 0.19319926650102703, 0.1638053315796524], "nmi_repr": [0.24187372673303745, 0.24655201582967295, 0.2484162573000304, 0.24848879632399498, 0.23615381755544204, 0.23722150836190214, 0.24528708350274725, 0.24564034601990298, 0.23488359186841312, 0.22238389629449481], "mi_td": [1.0581025287164427, 1.0770839656412476, 1.0785562927654693, 1.0203737380511881, 1.1005149301764228, 1.0911142504083928, 1.1145469520391802, 1.115976483203668, 1.1838117950136344, 1.1071945705179833], "nmi_td": [0.1798061506384287, 0.1819236330463064, 0.18204466293453786, 0.17228397295171785, 0.18589140675158763, 0.18443801476413094, 0.1880477143123705, 0.18889473757661246, 0.19910216246315418, 0.18654067420969947], "mi_tw": [1.2022009959956346, 1.2380384402834952, 1.2359318797811667, 1.2887474358979574, 1.1811848759302115, 1.2172984780548097, 1.194052388408796, 1.1782976276658512, 1.1624046502281447, 1.2242982150966135], "nmi_tw": [0.30653181732872703, 0.31281067025674114, 0.3119511904150704, 0.3254505137597629, 0.29847017034863216, 0.3079315543559558, 0.30120911737443806, 0.2986670229321692, 0.29184068681394965, 0.3081805033056558], "coh": [-1.687907353479769, -1.7158685249672427, -1.6915381697615786, -1.6255591901932835, -1.7638328031435293, -1.6920485106813417, -1.605622647964159, -1.7284775026503543, -1.599807524076038, -1.7889563029457665]}