{"p": 0.1, "p-emp": 0.09946369088926987, "t": [238.59368419647217, 234.39409732818604, 239.01582884788513, 237.81660628318787, 233.9064004421234, 240.3466899394989, 235.8049042224884, 238.6813452243805, 241.04757452011108, 234.71955919265747], "nmi_acc": [0.30131584367836417, 0.30636458550098256, 0.2931076960625803, 0.3391821312445288, 0.36081517805143637, 0.36471419340290734, 0.3617473849786488, 0.31418828057892395, 0.3646445446059183, 0.34668663931092464], "nmi_repr": [0.20558495155445008, 0.18293752694540413, 0.16786015350641892, 0.1707002610163124, 0.20604118767160254, 0.2077524330786943, 0.21841410777560755, 0.20120987804852344, 0.20066640896191054, 0.19224992434048538], "mi_td": [1.2348499904475472, 1.2284504903378277, 1.3504796773014924, 1.422886527082601, 1.3605123271982125, 1.3553977668951767, 1.4159752912913721, 1.2779659263445575, 1.505338430858261, 1.396565676451117], "nmi_td": [0.2161332008029276, 0.21511096483862754, 0.23075110610569732, 0.24289662239375, 0.2345111626035193, 0.23436952965487037, 0.24274925952033588, 0.22135380794174309, 0.25361878727740045, 0.23968456403633698], "mi_tw": [0.8173832105721542, 0.8286880098245525, 0.8751265191908284, 0.8896670257841038, 0.8435622446593062, 0.8516935297307032, 0.8667561897132864, 0.8610820325321357, 0.9111543068376473, 0.8512387963557074], "nmi_tw": [0.15829387220719462, 0.16056396839680484, 0.1650288264205556, 0.16759845907068174, 0.16062300694973122, 0.16273887110930085, 0.1640524162862064, 0.16484011630630802, 0.16917810200325206, 0.1613106908243652], "coh": [-1.5494283849320531, -1.6439591583162465, -1.5491949883365272, -1.4862113715440795, -1.6710895554352028, -1.6192615493797209, -1.558727930983308, -1.6625516587824964, -1.4258166653164548, -1.5303655010702713]}