{"p": 0.5, "p-emp": 0.49971930485737004, "t": [125.85580968856812, 124.24042010307312, 127.18466114997864, 123.40380859375, 122.89263558387756, 125.74491572380066, 124.88175964355469, 127.11379194259644, 128.4312982559204, 125.77146053314209], "nmi_acc": [0.38802760864835567, 0.3998899064059499, 0.38194810154203807, 0.39673365625288093, 0.4375035771698704, 0.40936365319355417, 0.41890489433456185, 0.4189959160720708, 0.38257517844430167, 0.419158241796934], "nmi_repr": [0.2372692010454165, 0.2269146160279586, 0.22768856231357854, 0.22992980833336854, 0.23220787355774578, 0.24348202481786757, 0.24147961247060917, 0.2419113799263362, 0.2231576687450975, 0.22814686546301305], "mi_td": [1.7051103653805648, 1.698720605012054, 1.6914067804663133, 1.71811367522239, 1.7694439924841132, 1.7514322149319608, 1.7223072733703597, 1.7533951286408214, 1.69276804282648, 1.743070917254905], "nmi_td": [0.2858270607278507, 0.28554665184048456, 0.2832457275823514, 0.2870981802413558, 0.29528777718295496, 0.29204298147765545, 0.2887012139011063, 0.2929409850942412, 0.28384803268279346, 0.2911826959657899], "mi_tw": [1.2129036276322256, 1.2171766202212366, 1.2317965064461607, 1.238540636766822, 1.2303147845065974, 1.2505152172717868, 1.218078365295113, 1.211085237238521, 1.2026295412252899, 1.2310933133407167], "nmi_tw": [0.22003219700324744, 0.2214710450490626, 0.22321715862102579, 0.22391607917905834, 0.22211337622231386, 0.2255605764075768, 0.22096385442723424, 0.2189097583419894, 0.21824319361689618, 0.22249869388041232], "coh": [-1.8532391203502194, -1.8723697115698474, -1.9087909320294763, -1.8241893353738572, -1.684968424413483, -1.7269894478721448, -1.614505746905047, -1.8208412084866754, -1.8820454697627576, -1.660559054967118]}