{"p": 0.1, "p-emp": 0.09999611124349128, "t": [165.98967576026917, 164.37283420562744, 171.24221062660217, 162.7067232131958, 163.35680770874023, 164.22508358955383, 168.0927278995514, 159.53852152824402, 169.7790949344635, 168.4435052871704], "nmi_acc": [0.39276682247200045, 0.42407812039095216, 0.3746737188862845, 0.37915634235471785, 0.4118866015318133, 0.3854669568928312, 0.4127477905314927, 0.42615111799614824, 0.376867302593834, 0.4148243499386006], "nmi_repr": [0.23024802620739043, 0.2631161575108357, 0.24629772192634644, 0.23240081820705075, 0.24332430869853983, 0.23605563273682637, 0.23032910929921807, 0.24583795805235037, 0.2378128789936449, 0.2373272018261976], "mi_td": [1.7271045180454199, 1.7412920955728444, 1.6312325009592148, 1.7231264206194659, 1.6936879553868944, 1.6675484443545519, 1.7256990253406839, 1.6734548449605868, 1.7393220645608125, 1.712214855732481], "nmi_td": [0.2891662688046464, 0.29207040033680476, 0.2759238550397694, 0.2870892003823262, 0.2850756047492613, 0.2791096875099031, 0.28856158274466015, 0.2822261479699669, 0.2900411753206545, 0.286265886577361], "mi_tw": [0.6781309494504123, 0.6849940228980442, 0.6810901473176583, 0.6983916550766106, 0.6656181324963508, 0.6791371574902422, 0.6926051197390768, 0.6818077198730764, 0.6839138537064633, 0.7107745709107604], "nmi_tw": [0.13520694617412649, 0.13687037852073453, 0.13746362798277167, 0.13843630333173143, 0.13355129783119743, 0.13535835768753218, 0.13788265473961156, 0.13712169860398585, 0.13570767654545302, 0.14147570391107803], "coh": [-0.8771822813344299, -1.072329511002048, -1.132863221404372, -1.0438228528338063, -0.9605062901034179, -0.951449588081899, -0.9359993672139293, -1.1650428623048261, -0.9258103820804214, -0.9701727195177285]}