{"p": 0.30000000000000004, "p-emp": 0.29998520184603705, "t": [161.187926530838, 160.64980268478394, 167.62197089195251, 155.98012232780457, 155.7070825099945, 158.72478485107422, 163.61592411994934, 153.61867594718933, 160.86733555793762, 161.98521327972412], "nmi_acc": [0.3683536165123199, 0.3844206088564068, 0.3781668977359252, 0.40666997286495166, 0.414374749982377, 0.3740611920476038, 0.3371408743006232, 0.40999955979700997, 0.4278357191038694, 0.35722714495466046], "nmi_repr": [0.23321855189737742, 0.2235848809776172, 0.23094434867241262, 0.23335055242613378, 0.24234277712710087, 0.24753028856321602, 0.1993663723769033, 0.2081570560658783, 0.24229137950121776, 0.23765117952405299], "mi_td": [1.6211102677086509, 1.5692211332377006, 1.4754100644528514, 1.6100093325265565, 1.5526338594985845, 1.4965243553730616, 1.4987589102658734, 1.4792939485882044, 1.642908359655237, 1.5308387483585426], "nmi_td": [0.27340377419681533, 0.26734139034089116, 0.25530813208988046, 0.2722027267824355, 0.26640812820819404, 0.2570722140860692, 0.25590454746563923, 0.256679769576449, 0.27775519500701795, 0.2615577359249212], "mi_tw": [0.9610791858897053, 0.9269399965432542, 0.8725817675975976, 0.9491697571486357, 0.902499229558844, 0.9113227777569755, 0.9110521034437308, 0.8660095666425056, 0.9423243912356657, 0.9329523919897055], "nmi_tw": [0.18617600014645538, 0.18166132109918376, 0.17410604353298706, 0.18439116149952087, 0.1783288027017174, 0.18030782711152246, 0.1790042647714887, 0.17333943170641383, 0.18305396673261304, 0.18344908846596214], "coh": [-1.6877739382399581, -1.7558840603372368, -1.8845033146552042, -1.7066081794505323, -1.7557604503424737, -1.8980784118811669, -1.8504295149283077, -1.742938055659105, -1.6408641271340887, -1.765438174042688]}