{"p": 0.5, "p-emp": 0.4997250466455039, "t": [219.32251620292664, 216.6842999458313, 221.8607246875763, 219.13485836982727, 219.01545977592468, 215.7560842037201, 219.18065690994263, 214.3676917552948, 217.16199111938477, 216.4601535797119], "nmi_acc": [0.369960105937731, 0.3584765117659504, 0.3834781486861363, 0.3392001664550798, 0.36094109618335, 0.3990898440333235, 0.3709681725543686, 0.371070616600215, 0.3812269378883788, 0.3748618223149672], "nmi_repr": [0.19847124677297112, 0.18994153741716485, 0.1937650646328381, 0.190739475851568, 0.18126920639155641, 0.2079541090388214, 0.20353132490657846, 0.1957700753198321, 0.198167361712645, 0.197257675955096], "mi_td": [1.6138658026263972, 1.5850753375227666, 1.6068014464160603, 1.584289835321043, 1.5813734350586663, 1.6250053990154523, 1.5848009080194219, 1.5993852035962748, 1.6305212587513584, 1.5993463982134448], "nmi_td": [0.2675876384629894, 0.2635816375589945, 0.26688846453809556, 0.26337198595697037, 0.2639090358663263, 0.2704883757800164, 0.2641683370914309, 0.2660625415579886, 0.27047824887268723, 0.26586079052406], "mi_tw": [1.5900501365369781, 1.5553322317180887, 1.5823445476956626, 1.5676550244049638, 1.5445190860414568, 1.584093670961944, 1.5694412309830599, 1.566235481102546, 1.590467567809319, 1.5729606351665195], "nmi_tw": [0.2566129803280579, 0.25172351461323766, 0.2558098766428208, 0.25364382565309984, 0.25084581098603526, 0.2566247678188183, 0.2546001363811029, 0.2535821440641345, 0.2567996030624646, 0.2544890392866107], "coh": [-2.2963753299573058, -2.312352943208154, -2.302954827957473, -2.1936575347612757, -2.546117749960291, -2.3651634474052754, -2.510940951736358, -2.1817960347611285, -2.116067026773603, -2.390094422631562]}