{"p": 0.0, "p-emp": 0.0, "t": [354.38586020469666, 375.40839886665344, 349.50106716156006, 346.3990788459778, 362.8040430545807, 334.7408277988434, 339.2534513473511, 378.65663623809814, 361.8385009765625, 375.90949177742004], "nmi_acc": [0.13439395217704542, 0.22603981220864713, 0.3200110385749009, 0.12465001851412212, 0.19260825211847757, 0.23568777896189988, 0.16204276365398784, 0.12896522630852755, 0.14182060576412583, 0.33204018789719986], "nmi_repr": [0.2894145838247407, 0.28037400787283584, 0.25280693517528696, 0.27140332360944186, 0.33427991013755715, 0.30362243838271835, 0.2893425934628063, 0.3138605522065907, 0.3116030318325412, 0.2661175118561324], "mi_td": [0.8950054234528076, 0.9196385566070029, 0.9196682602828917, 0.9309505348314435, 0.9772311962267282, 0.9344095541733985, 0.8802300290124612, 0.9263939413474536, 0.9118944955685084, 0.9820502939183021], "nmi_td": [0.16103166594680898, 0.16106219732441437, 0.1590243401828444, 0.16750426575814945, 0.1723704749106416, 0.16415745663774112, 0.1573904530797951, 0.1655839437459462, 0.16431045962196883, 0.168711757414444], "mi_tw": [1.3460763393349804, 1.6208036331396622, 1.7426557890426282, 1.330525774026474, 1.4802852377118807, 1.5966905046653292, 1.4482967807060634, 1.4068181413253535, 1.306766809516243, 1.7375332423811276], "nmi_tw": [0.2728892296185134, 0.31876893038623844, 0.33785958795307836, 0.2697462235731344, 0.2934685023826664, 0.3151223032020782, 0.2915609607391971, 0.28309355465797736, 0.26535688203271846, 0.3344231001016788], "coh": [-2.3888087769538897, -2.4175131594979646, -2.1967499560920305, -2.3302121846008466, -2.0501073193945873, -2.1772023660871085, -2.2610130908887394, -2.278333533642217, -2.337653402024265, -2.2306218804842586]}