{"p": 0.5, "p-emp": 0.49988581671324905, "t": [145.28601622581482, 136.16052293777466, 139.1840295791626, 143.51831650733948, 142.16495037078857, 139.43456315994263, 135.33338570594788, 138.97304773330688, 143.8173384666443, 140.30194330215454], "nmi_acc": [0.247691166126596, 0.17409475411503458, 0.1918622704042082, 0.2162619776848064, 0.22179788083718152, 0.17027553057551156, 0.25846924319210735, 0.1903748186648553, 0.22447382749888972, 0.2132759484419906], "nmi_repr": [0.1586206227466063, 0.14485822250068955, 0.17070884473117384, 0.15345141698277484, 0.168829278187569, 0.1537585902886782, 0.1541418033740992, 0.17106937562381652, 0.1592244324386248, 0.15139646919216382], "mi_td": [1.2685384272156577, 0.9842566165886889, 1.060993791982983, 1.1533630021272063, 1.2702582198059733, 1.1233965431247908, 1.2200055418894549, 1.0740706072026176, 1.2834144715111422, 1.1078223715088522], "nmi_td": [0.22091010664655206, 0.17829423869817335, 0.1894516863365, 0.20298477308910146, 0.22128539482316276, 0.19778397552351015, 0.21450547222214297, 0.19032236346588463, 0.22288369313201328, 0.19611082655382442], "mi_tw": [0.7381456600530407, 0.6770627144925073, 0.7001596399069228, 0.7078678536255161, 0.7427760440069875, 0.7467147022641838, 0.7200765836237231, 0.7154241197599177, 0.7269035520444721, 0.708608969811647], "nmi_tw": [0.16305327021640842, 0.15726995011887596, 0.15967034075305223, 0.1584763319904693, 0.164147419538049, 0.16725195260819187, 0.16101101794922718, 0.16156380872269868, 0.1600080736657145, 0.1598250608837794], "coh": [-1.9408043582279846, -1.857705069526407, -2.049383309571464, -1.8415428702416599, -1.725586807430087, -1.8838153594108427, -2.0731585479722496, -2.0506771967677997, -1.8351138748947462, -1.7944440632774454]}