{"p": 0.0, "p-emp": 0.0, "t": [565.0166916847229, 565.4795575141907, 566.8267323970795, 567.369054555893, 595.1591684818268, 566.5040552616119, 561.4059000015259, 572.878075838089, 559.1481320858002, 568.0477628707886], "nmi_acc": [0.47237911832503104, 0.44171749051468306, 0.45773157294059935, 0.4390957480694425, 0.43997500811696927, 0.44810066953147354, 0.44433474337293083, 0.45045937195859653, 0.4667870844055115, 0.4327437487403051], "nmi_repr": [0.3821029901710796, 0.36576159000952474, 0.34946272997497546, 0.3439679755183002, 0.33402148307754687, 0.3445339135519732, 0.3636148824420104, 0.3660195836726567, 0.37512024296470897, 0.3560507250726683], "mi_td": [1.3919520297730115, 1.4107712609837826, 1.3978488651970562, 1.3834495886572755, 1.371682711659972, 1.3974377536114106, 1.4174748975730325, 1.366477266257483, 1.4284112981749801, 1.3821538039020136], "nmi_td": [0.2337934552827309, 0.23636081060841327, 0.23624324360930188, 0.23250338463755263, 0.2294138587555458, 0.23552722373514426, 0.2381123598282475, 0.2303268550371266, 0.23894127528495876, 0.23255400771652546], "mi_tw": [1.3091214777120181, 1.2856118885396686, 1.260756544716274, 1.2889420661950381, 1.3317904799833804, 1.2781849802437077, 1.2756197990459548, 1.3089660055691676, 1.2927356923654285, 1.298683685047339], "nmi_tw": [0.2456826771303125, 0.24059556676823401, 0.23825048545682395, 0.242056145628811, 0.24875553458075797, 0.24080487684853333, 0.239431443439896, 0.2466251779024851, 0.2415054308291611, 0.24420049552659898], "coh": [-1.4153216188444158, -1.366783797381417, -1.4259603963475482, -1.40461035663067, -1.424969428777355, -1.542805448952463, -1.3741901753995411, -1.4339254495242557, -1.3545104427336179, -1.3870589182593958]}