{"p": 0.30000000000000004, "p-emp": 0.29851373814157633, "t": [278.1724343299866, 262.44936895370483, 279.22082924842834, 266.95671248435974, 274.82416009902954, 261.9356255531311, 258.90107321739197, 266.1606824398041, 294.4089024066925, 283.4157862663269], "nmi_acc": [0.41759909936685286, 0.36730456397676753, 0.4148030690350778, 0.3729817734191313, 0.40179651713570635, 0.3882065874341285, 0.3951661458405017, 0.41627335454783276, 0.43291219302747735, 0.3969461800970525], "nmi_repr": [0.23002962167859692, 0.25618100401885696, 0.2992807756578065, 0.28450482565810226, 0.2884051218599204, 0.3104008739384762, 0.30592799553868166, 0.26793973598692233, 0.2524098489803442, 0.25292942758543063], "mi_td": [1.2395566625272771, 1.2261475681628766, 1.3246189980104328, 1.253111519604366, 1.2898874313211834, 1.261876504928925, 1.2085549936559368, 1.187742633785548, 1.2906289810272635, 1.330866180143218], "nmi_td": [0.20876497896921575, 0.2102926904447924, 0.22310715142385265, 0.2132833158002163, 0.2187562929978843, 0.21636867853627814, 0.20680847371411776, 0.2012990780711455, 0.21657945343739105, 0.22374132945276015], "mi_tw": [1.8480991105865383, 1.7527460264595172, 1.8596085229271673, 1.7871581438885642, 1.8189633693388716, 1.7373133251585253, 1.7838087350603546, 1.8457047326264922, 1.8887448327242733, 1.866452695531046], "nmi_tw": [0.31590317908674875, 0.30518052987198896, 0.31789374507196905, 0.30877087038945417, 0.31312330616944234, 0.3024199966236175, 0.309878689893937, 0.3175119045556439, 0.32166449242136214, 0.3184598308967225], "coh": [-2.4348064460903203, -2.2279896300064665, -2.17155398766453, -2.457154913990796, -2.1437795453380044, -2.247556106126035, -2.390988882730102, -2.265960443221531, -2.395313888267592, -2.2936924143608466]}