{"p": 0.9, "p-emp": 0.899999973900963, "t": [59.92436861991882, 58.13652420043945, 58.45120453834534, 59.5574688911438, 59.215007066726685, 59.106613636016846, 60.40940594673157, 59.286683559417725, 61.98576283454895, 58.96896243095398], "nmi_acc": [0.41721161305968707, 0.4374285283768721, 0.40937490759541073, 0.41554139650237737, 0.4297924735725223, 0.430930453830155, 0.4274311142886246, 0.41837489017577245, 0.43310547363044544, 0.4318574905149923], "nmi_repr": [0.5398601787200187, 0.5604351500965509, 0.5249779251854533, 0.5271831009524942, 0.5408827176015201, 0.5552285807037375, 0.5546228131398759, 0.5256103165923411, 0.5540744861966975, 0.5784972648662093], "mi_td": [2.691721394674791, 2.672529004177102, 2.675399115670652, 2.6762779835514707, 2.7019467958211547, 2.687721264368418, 2.681572902002953, 2.6862020598705207, 2.6954944728530035, 2.7057101198997997], "nmi_td": [0.45853193292309125, 0.4555951214253444, 0.45525046789865503, 0.4550887893938373, 0.4598004426627274, 0.4578755728788153, 0.4568180603381141, 0.4572875286512933, 0.4589376019154037, 0.46008941684011795], "mi_tw": [2.3951430984376847, 2.397745182195837, 2.400244717838691, 2.3983529457334853, 2.404165042083303, 2.404872676071266, 2.3953442229557504, 2.3903713897546326, 2.411170241687534, 2.4129393357368007], "nmi_tw": [0.4044978686835193, 0.40523059392217137, 0.40491768600277794, 0.40432441338218417, 0.40560752853506504, 0.4061630611302797, 0.4045449275564195, 0.4034259583048148, 0.4069961434495658, 0.4067797911345589], "coh": [-2.7535238075386133, -2.819838684030036, -2.694472146711173, -2.6964483533243504, -2.7618150255969653, -2.6582787797643546, -2.844341460751808, -2.8292342506974513, -2.658193597986234, -2.55787751871841]}