{"p": 0.0, "p-emp": 0.0, "t": [256.73632049560547, 256.2092583179474, 257.5538010597229, 247.8419280052185, 250.3557324409485, 255.33026003837585, 258.1788513660431, 252.42398238182068, 251.37694120407104, 254.83366060256958], "nmi_acc": [0.352288674074621, 0.3660787854682009, 0.3324508842568146, 0.3671872085296604, 0.36533683984482734, 0.31477771802999727, 0.2981573289371041, 0.31396354138555294, 0.2960228555483892, 0.3647370585946767], "nmi_repr": [0.17805512965540515, 0.19715861078663036, 0.19724459963093377, 0.18646981268771212, 0.1999992350914854, 0.20102057755656094, 0.1889217283680686, 0.18215999502483163, 0.17630136715820752, 0.18635011070002178], "mi_td": [1.3474146365508979, 1.4225711673943238, 1.3844740480321533, 1.3302478153447252, 1.4790721877423931, 1.3558644651922969, 1.2283781411872918, 1.3022794407247897, 1.2966744671484869, 1.4279557692498743], "nmi_td": [0.23249504907971663, 0.24371589337295707, 0.23654166299278695, 0.23088148644942827, 0.25063307700907345, 0.23292300407136385, 0.21446119682290077, 0.22528938129983433, 0.22341342922549573, 0.24394214062220498], "mi_tw": [0.7951800356572948, 0.7974900561594173, 0.811254713919536, 0.7973339105737226, 0.824083978151331, 0.8072391035497859, 0.7724279248878497, 0.7945049443811468, 0.7890725634716692, 0.8112285931729577], "nmi_tw": [0.1538008582889325, 0.15301790461667547, 0.15518330346868878, 0.15523381119418272, 0.15619241306822906, 0.1553631274632464, 0.15138290044984348, 0.15411685053973978, 0.15237000238899792, 0.15515800537591254], "coh": [-1.249779866362906, -1.4061849319071027, -1.115176512217342, -1.3342129049332434, -1.0848471909324977, -1.4224193288841065, -1.466657111506028, -1.4017992322976713, -1.4230726732785548, -1.3012007795925409]}