{"p": 0.5, "p-emp": 0.4998779870021576, "t": [206.9865951538086, 210.35206389427185, 203.78194451332092, 221.62130737304688, 225.49027848243713, 219.53554964065552, 216.18790531158447, 224.41887021064758, 208.0649871826172, 207.62757015228271], "nmi_acc": [0.45181376580626775, 0.4532448409587545, 0.39972142804476446, 0.4491368302625224, 0.505574544844784, 0.4144939373469977, 0.43024009862452206, 0.47167204569822513, 0.4828170803765812, 0.42733582244027274], "nmi_repr": [0.2868364664577599, 0.266661112363661, 0.2426236764671928, 0.2537140134924454, 0.2846187970237617, 0.26806114905095924, 0.258411430688238, 0.26922325645683615, 0.29094910362699233, 0.2665175232976151], "mi_td": [1.518411725566979, 1.5180450020720249, 1.4784922913566203, 1.573674761455126, 1.7480498776937838, 1.5514334503289866, 1.6028515921833506, 1.5902934746150186, 1.5539178297972482, 1.55698482795946], "nmi_td": [0.25457328373315746, 0.25391144723357595, 0.24741390568927235, 0.26193712200361585, 0.2860503804462477, 0.2585208551625805, 0.2661248431939833, 0.26539341818114853, 0.26019527485237837, 0.25836591520890984], "mi_tw": [1.9318471440600298, 1.932150943651432, 1.937203983315175, 1.9797317192078423, 2.0783731599400754, 1.9720371329208095, 1.9896184240188095, 1.9470401815610243, 1.918675126724925, 2.015974896267377], "nmi_tw": [0.3137745838365796, 0.3131067310547696, 0.31407086349939395, 0.319306595334118, 0.32973047999153526, 0.3184066234473648, 0.3201217141358324, 0.31482713076796515, 0.31125171424446585, 0.32418779002398873], "coh": [-2.3797624413693717, -2.4499085199588513, -2.4518203874717597, -2.557819152159142, -2.4676123691298906, -2.578981305635192, -2.6020411904181753, -2.461919911222157, -2.416995907751858, -2.396495093838996]}