{"p": 0.30000000000000004, "p-emp": 0.29851373814157633, "t": [224.00670456886292, 222.49741530418396, 223.2680685520172, 225.04287576675415, 223.45129585266113, 221.85359644889832, 225.7123007774353, 223.34204149246216, 224.13831329345703, 223.29260921478271], "nmi_acc": [0.3968511221877012, 0.4047050049674789, 0.391101884319183, 0.38200540571062036, 0.3918354074036986, 0.4241804041648229, 0.3566007038657936, 0.3845345890070031, 0.3656624522515839, 0.41545178667696553], "nmi_repr": [0.19644593781147704, 0.21812086635074124, 0.19951233751866346, 0.20757469740903703, 0.20163084578751095, 0.22056927676758212, 0.20836003646416498, 0.2022242855363136, 0.19906754019606382, 0.20616839832718892], "mi_td": [1.5919570915180659, 1.643636799119458, 1.5322261287521857, 1.6201698291253852, 1.641117706397787, 1.669185174554709, 1.5998025796676787, 1.6299628918999516, 1.6111950925952518, 1.6397367125943392], "nmi_td": [0.2664427461561908, 0.2730568512027354, 0.2577656518147762, 0.2696531843397189, 0.2718162502768727, 0.2767455109698912, 0.2662664270254044, 0.27107346429867923, 0.26751753670033057, 0.2727197958115497], "mi_tw": [1.155510950368943, 1.1721770510465295, 1.147083222427113, 1.1720151580996683, 1.1901178153375178, 1.2009443344813087, 1.1723561144813415, 1.1681617740744963, 1.1788696358645738, 1.1892561969683437], "nmi_tw": [0.1962653416009063, 0.1976012840591026, 0.19585167323441918, 0.19794262613117947, 0.20001182963809633, 0.20203911313602535, 0.1980025260995433, 0.19713712303309952, 0.1986166512099895, 0.20071257883839486], "coh": [-1.9579490032383322, -1.9083011377715327, -2.07024880727859, -1.8893638895064477, -1.7440981387297771, -1.8524537586998573, -1.8174248973321407, -2.011547226503688, -1.9306110307963826, -1.8225687235398662]}