{"p": 0.7000000000000001, "p-emp": 0.6993383111156581, "t": [89.5852861404419, 91.27082300186157, 94.34075164794922, 95.05739617347717, 86.08496427536011, 89.03439116477966, 90.02730298042297, 85.18190312385559, 89.46174502372742, 89.32572054862976], "nmi_acc": [0.05668594333326245, 0.06894625867158333, 0.07114104242932763, 0.06844910797428272, 0.06318874620034635, 0.0626598596829127, 0.05966873746291149, 0.06567391454085224, 0.08009387868084021, 0.062271355963714255], "nmi_repr": [0.26633236573779784, 0.2836751819906002, 0.26808867428530525, 0.27342812381576664, 0.2926947167801866, 0.30325838299552094, 0.30576075218751886, 0.29850292888663815, 0.29326043210051533, 0.27755257710940334], "mi_td": [0.6539386222739039, 0.7063341658891392, 0.6941488090616467, 0.7128589231102188, 0.6293308294133518, 0.6507407607877156, 0.673864440846513, 0.5983588810758784, 0.6961011679609901, 0.6736887164023927], "nmi_td": [0.12581198724815212, 0.13393405637723724, 0.13311670016342084, 0.13513105727869176, 0.12144994479617692, 0.12527795126577304, 0.12918098958827612, 0.1159178003465016, 0.13305294317642674, 0.12827700842810993], "mi_tw": [0.8246094447760876, 0.8580599352581432, 0.7979369227402888, 0.8901728274172589, 0.8027012146771728, 0.8090617678080507, 0.8241417597278916, 0.7854750780147419, 0.8010626976311758, 0.8934403231515246], "nmi_tw": [0.25490203523661953, 0.25915383149549703, 0.2453794627808248, 0.26872528650190614, 0.2493578959744685, 0.25035669781857905, 0.2532939505290905, 0.24552353752760692, 0.2450466550847496, 0.27163771964722244], "coh": [-2.641507397991567, -2.6835241058714483, -2.688028204521888, -2.5513545637820934, -2.6519165373675544, -2.5039434415294597, -2.502949238099319, -2.7111684182328566, -2.6592679594895037, -2.5264252777181424]}