{"p": 0.9, "p-emp": 0.8957599243545512, "t": [51.28241515159607, 52.88032245635986, 46.3301055431366, 52.95869302749634, 53.140342712402344, 53.04506158828735, 44.28959131240845, 49.89136242866516, 55.207340717315674, 55.10254454612732], "nmi_acc": [0.01851612809324986, 0.019264882871100942, 0.017588849850043758, 0.018291589393154242, 0.020229279390704027, 0.018123015771686256, 0.018023224856927395, 0.020980052634961208, 0.019387586175743904, 0.01719063432912741], "nmi_repr": [0.1797561257716564, 0.18996053056202716, 0.14469894304108674, 0.14485792570430361, 0.19657804080525942, 0.18511755291414622, 0.13669063911533802, 0.1430492802188632, 0.17801639229733174, 0.17091893217522477], "mi_td": [1.6417972501377784, 1.5241881592087099, 0.8713670529763319, 1.5168669524245038, 1.52390275860714, 1.3954824210011911, 0.6929947672850899, 1.3350465810228271, 1.4098699953008866, 1.2058961895624725], "nmi_td": [0.28636467572991603, 0.2687723446390613, 0.165894665254177, 0.26825957084646485, 0.26943415249499564, 0.24995477609541203, 0.13552188014409292, 0.24054568302815146, 0.2521894571270029, 0.22029597222680994], "mi_tw": [0.09462383158390095, 0.09200175073332428, 0.08068508274395593, 0.09625024763585448, 0.09430249394057807, 0.10751182318767621, 0.0928363104937839, 0.10390251785735924, 0.09468694111185116, 0.10064022013223785], "nmi_tw": [0.05593418325062394, 0.05646404706243271, 0.06662725262349671, 0.0596739858424871, 0.05841342118380366, 0.06974947649580254, 0.08660209336354616, 0.06887643379927, 0.06112860427663024, 0.07025779198131686], "coh": [-0.21538981559730433, -0.19708969227234455, -0.18006806255284563, -0.20420959112767417, -0.20826991674197465, -0.19970399560448168, -0.1552035228369354, -0.20259604016880836, -0.19258409674915203, -0.19241656807244953]}