{"p": 0.8, "p-emp": 0.795889871459633, "t": [54.434619665145874, 49.54659938812256, 49.12580943107605, 43.102303981781006, 54.17252063751221, 57.02949833869934, 54.80272960662842, 46.98612117767334, 62.64734387397766, 69.5408890247345], "nmi_acc": [0.025760325413857216, 0.020120633407424496, 0.030907698608726247, 0.011054628989760971, 0.017977887516710676, 0.02621313981986484, 0.020459157135177118, 0.027384538284834888, 0.020009164534563906, 0.021923546392742032], "nmi_repr": [0.0905266342895762, 0.17645045996356865, 0.0545810125171593, 0.04690537939085927, 0.07871199915917682, 0.07845505336475939, 0.07781725813237347, 0.10581617297939563, 0.09698122548172593, 0.08658783467267235], "mi_td": [0.4413889811534141, 0.34190173299011983, 0.2558859972380732, 0.16497362150598846, 0.3486035287584887, 0.496056710541269, 0.37540906851920225, 0.18152994020343263, 0.4080525168703374, 0.7326628115631036], "nmi_td": [0.08257873995279445, 0.06667364945276608, 0.049649567522755046, 0.03488483833579717, 0.0675416820913305, 0.09306489799322255, 0.07237349360731558, 0.036385075583154985, 0.07852945268964075, 0.13354902398234342], "mi_tw": [0.8696575377838203, 0.6657555285944384, 0.7124541578389292, 0.12880640673307814, 0.5915259947866952, 0.7267062579081665, 0.5201183845692754, 0.5489470519904652, 0.5966843480606451, 0.665284758852445], "nmi_tw": [0.4355519674255223, 0.37410402104541984, 0.39461250373827, 0.09329041895376525, 0.32628343517913827, 0.36668358774657894, 0.28287007000192216, 0.3345722296552316, 0.32291909103303273, 0.31121412120593944], "coh": [-0.441589064903043, -0.4662273495171774, -0.5136208543592669, -0.4570750135551814, -0.4894871484507701, -0.5125978831108969, -0.5148124048720087, -0.49062424291656015, -0.4798026964129616, -0.49086795268778566]}