{"p": 0.7000000000000001, "p-emp": 0.6992636678699193, "t": [97.48789548873901, 97.39050507545471, 95.06174898147583, 96.5676908493042, 96.25300574302673, 97.06745171546936, 96.64614248275757, 95.93517470359802, 96.84390425682068, 96.2054533958435], "nmi_acc": [0.3722296694060838, 0.3376136904882836, 0.3599324186998925, 0.3533305651059927, 0.36011398918355303, 0.35012280899996184, 0.35365059758137, 0.3731128267055606, 0.34163498159122796, 0.36186053464561074], "nmi_repr": [0.2951395008131634, 0.29569066191127497, 0.2731067038184516, 0.2896652397406159, 0.30013176919187773, 0.30010107657239543, 0.2779544548332325, 0.27341937649679326, 0.2861818046530633, 0.30085187968495336], "mi_td": [1.995840298789295, 1.944811221489631, 2.0065798564158475, 2.0323182020257744, 2.0118615563435456, 1.9847247525676515, 1.961283511072185, 2.0257645810839287, 1.9816342992305314, 1.9816905770480586], "nmi_td": [0.32999445111933584, 0.32173244333651635, 0.3315852289500041, 0.33496157778343544, 0.332204872275853, 0.3279532398733696, 0.32464847967671207, 0.3340659590332346, 0.3274271183576652, 0.32763803713584466], "mi_tw": [0.8073340492943828, 0.8028201672016168, 0.77125020760547, 0.7802640393383341, 0.7919575248358961, 0.7947693071176124, 0.7921370589260011, 0.7836995406712368, 0.794108387781518, 0.8070513200742978], "nmi_tw": [0.16675446345357936, 0.16593500194878502, 0.15919046311812718, 0.16052606948311915, 0.16330912985396986, 0.16403216037610732, 0.16384735010692966, 0.16134411413863228, 0.16388608872669091, 0.16668533578101258], "coh": [-1.8208727475088893, -2.0582985300881083, -1.9387921983678953, -1.9549290970060025, -1.9507948732737899, -2.0198548633699898, -2.0585649711512977, -1.9369578867333854, -1.973828227882763, -1.9288966069394047]}