{"p": 0.1, "p-emp": 0.08087491279659276, "t": [546.1792318820953, 546.9152686595917, 542.2536232471466, 564.5581285953522, 602.6403105258942, 599.8831760883331, 590.733430147171, 595.2332046031952, 587.6513633728027, 621.401426076889], "nmi_acc": [0.4660643080321702, 0.4771827231956467, 0.4795752432430068, 0.46384426544618895, 0.46390693398610255, 0.4597437313410775, 0.4527566402349175, 0.4690046870930867, 0.4467729756825778, 0.4806799489039895], "nmi_repr": [0.3758734471752727, 0.37438649242469396, 0.38986056761899224, 0.39370350852587277, 0.4065949656126065, 0.3754995695089867, 0.35194623880242226, 0.3830635636743662, 0.38263009252199354, 0.3938653750230357], "mi_td": [1.4421665921883124, 1.431945877848437, 1.4612955952485391, 1.4231454684443503, 1.4297440516606057, 1.4556449804577063, 1.4094238128939223, 1.448412563816995, 1.4559235709288212, 1.449536994928738], "nmi_td": [0.2436419562416484, 0.23978677305752627, 0.2449124012370298, 0.2395159740281228, 0.24058184010953243, 0.24405942099954658, 0.2377170689288934, 0.24430546897657038, 0.24496877326639907, 0.24361428670575075], "mi_tw": [1.3217124030007101, 1.3868577521784176, 1.3593821529562666, 1.368970369163418, 1.3633373189643216, 1.341019452200725, 1.3623306395651988, 1.3350072508467261, 1.3314421063205424, 1.3594986911097224], "nmi_tw": [0.24215159928520044, 0.2516643237078988, 0.24690886843584806, 0.24977776223433093, 0.24869990406481504, 0.2436753686567174, 0.24914629703573174, 0.24416282881618948, 0.2428619424426179, 0.2476711161603477], "coh": [-1.400742381165816, -1.4935175103789706, -1.5098657073158406, -1.4043806318441243, -1.3875328726223617, -1.4227402928589163, -1.4930922249260319, -1.540963646801855, -1.4335440781179125, -1.4699279177040383]}