{"p": 0.9, "p-emp": 0.8999994519202236, "t": [33.75384783744812, 33.44350504875183, 34.13759160041809, 33.86659598350525, 33.29603934288025, 33.60773038864136, 33.17323017120361, 33.593876361846924, 34.3028609752655, 33.45086693763733], "nmi_acc": [0.28799874483508603, 0.30091198233034366, 0.2878608615692844, 0.28496683662245753, 0.29056713746208745, 0.3036345390234604, 0.29406648754468817, 0.2901917058893605, 0.26482311523041663, 0.2986311442412614], "nmi_repr": [0.3028072724259006, 0.3096539009002063, 0.3088077128429938, 0.2890104746585112, 0.2960760116125368, 0.32124350595146206, 0.32953114109933307, 0.30313635495384045, 0.28258432291258917, 0.3086663116349312], "mi_td": [1.994529352530029, 2.0085842262516667, 1.9894257083079911, 1.9673227560961926, 1.9822191376854335, 2.0343042385084575, 1.9851641352184568, 1.9651670490076336, 1.9968948637438695, 2.019551780684075], "nmi_td": [0.3453666713901696, 0.3471182695760804, 0.3436904426534269, 0.3400750173473194, 0.3429961535192866, 0.3515699470244532, 0.3436740870225827, 0.34020676591035637, 0.34437743137623045, 0.3482683541724472], "mi_tw": [2.2430256228451992, 2.2571934291106883, 2.238405037617913, 2.2209694010233827, 2.238126972179944, 2.245043481001854, 2.243181036006365, 2.2318635267530538, 2.229228338801624, 2.275092292368987], "nmi_tw": [0.445343628661147, 0.44714908979530527, 0.4432542933713828, 0.440102848881259, 0.44401638762894097, 0.44475206860094707, 0.44526911047881784, 0.4430145330284755, 0.4405523472262445, 0.44959195907724214], "coh": [-2.920395377094636, -2.6881824235718623, -2.925276124368271, -2.8481329199717806, -2.7779115794748064, -2.4618820242727684, -2.8305795823041047, -2.967582700027518, -2.7772279885271023, -2.555427029743325]}