{"p": 0.4, "p-emp": 0.39956686038241873, "t": [261.90080428123474, 263.3259358406067, 269.16845512390137, 260.29717993736267, 273.4351177215576, 264.443146944046, 256.9632863998413, 259.3246817588806, 255.75464868545532, 255.36279487609863], "nmi_acc": [0.4526010834573673, 0.44534417339222626, 0.4733562236510848, 0.4544755525973364, 0.4336155051588662, 0.3782609405262645, 0.4515929164772406, 0.4796408936557782, 0.4211241328739046, 0.42760802573625933], "nmi_repr": [0.2752617044612625, 0.26329866788266926, 0.29299276528758406, 0.2978660932598642, 0.3131993895450198, 0.2965962742048763, 0.254782676156535, 0.26642877665915593, 0.27801880660723904, 0.2586234316222681], "mi_td": [1.4606420195098317, 1.4510281318040315, 1.526325838092422, 1.412389998218919, 1.5144734839432556, 1.459721763851502, 1.2891530770316666, 1.4736906744299334, 1.4358570378335251, 1.367930772556491], "nmi_td": [0.24413241907829006, 0.2417124501054678, 0.2532406841874585, 0.23739084832142102, 0.2532778118738157, 0.2445936606946502, 0.21788964271791827, 0.24454068797800319, 0.24174762626390117, 0.22912738689348164], "mi_tw": [1.9355562634070453, 1.9304273082186805, 1.956859456095577, 1.914344000624978, 1.8875875795459975, 1.8969845465754862, 1.8194689801369999, 1.9708647912287331, 1.8501732304729084, 1.8956339275199416], "nmi_tw": [0.32730992805079745, 0.32533534779197043, 0.3284582507295487, 0.32555894488434284, 0.3193870323921092, 0.32160551055339054, 0.3111757650808648, 0.33085418067083716, 0.31519004417121177, 0.32125509224769705], "coh": [-2.3965115415276883, -2.459830609546664, -2.2441788343733724, -2.4280486669566312, -2.200338239325106, -2.4386506480740255, -2.477495032072401, -2.1527263375208063, -2.416464211947426, -2.5044931650418163]}