{"p": 0.4, "p-emp": 0.39956686038241873, "t": [196.84810709953308, 194.72737836837769, 194.4517126083374, 194.33027362823486, 190.82575178146362, 196.29788970947266, 189.64694261550903, 192.10367822647095, 194.2497227191925, 194.9066026210785], "nmi_acc": [0.4068909211045355, 0.3943684302313132, 0.37479053955180397, 0.3496045003815533, 0.37658529881133423, 0.368150030269702, 0.3913072657290398, 0.3587764344346721, 0.385831125140035, 0.3608659014159462], "nmi_repr": [0.19615153003275665, 0.2099941554922843, 0.20987242840079967, 0.19533359512353177, 0.18734974205534946, 0.19510625241423568, 0.22180757196712692, 0.20944201958481043, 0.1988257613279696, 0.2005102153689487], "mi_td": [1.5708187802975555, 1.5789049295357098, 1.5572086706496608, 1.5503719572052572, 1.555299944902847, 1.5627235733481897, 1.5728548996021856, 1.5186251413486558, 1.5749714281743237, 1.5280547810558038], "nmi_td": [0.26344511663166886, 0.2627954587612433, 0.26016495284092134, 0.2588259511965746, 0.2596122939561336, 0.2609167020462417, 0.2622633537405584, 0.25485930609549845, 0.2626104243371886, 0.25609099802197555], "mi_tw": [1.3046546386816615, 1.3282862371035853, 1.3265884577731504, 1.3103538100419239, 1.3037944797350471, 1.3185378379083523, 1.3194514994039763, 1.2956976116465246, 1.3180672217874285, 1.3067229879332718], "nmi_tw": [0.22138530385645167, 0.22366803976026065, 0.22423726973165914, 0.22132283277134357, 0.220183744162141, 0.22272994259529927, 0.22258811929905, 0.22001186216744878, 0.2223495867277611, 0.22157687864746153], "coh": [-1.7604664164635337, -1.84166465928543, -1.8350336705413326, -1.8848808444896075, -1.8600842039910799, -1.7762886320346563, -1.7076964034518913, -1.7918354007880228, -1.8697201430898622, -2.0308584413917163]}