{"p": 0.1, "p-emp": 0.09983560216611564, "t": [282.1333293914795, 278.96648931503296, 270.2958104610443, 298.2331578731537, 276.962354183197, 274.3998610973358, 270.09249448776245, 271.2890295982361, 282.1688253879547, 258.47100472450256], "nmi_acc": [0.22016532819324033, 0.2800875543893158, 0.12217703058522571, 0.2574691855681406, 0.2908117805417277, 0.176939905410364, 0.2167672781770965, 0.19984845092400058, 0.16830806500019113, 0.22270609822086337], "nmi_repr": [0.28233417285248014, 0.2669147375374317, 0.2673200505423704, 0.27037436814018756, 0.22994119391271572, 0.25515373142793224, 0.2770339185632907, 0.25608258888915575, 0.2886607273273885, 0.2806214039233347], "mi_td": [0.9798923803555623, 0.9846097935270512, 0.8931729294714287, 1.0265355981189763, 0.9094750661613852, 0.9593682335061287, 0.8750163520158292, 0.8733973647016114, 0.9359133575165612, 0.862642520625283], "nmi_td": [0.17140525747669477, 0.1702107157902934, 0.1613572880582149, 0.17766863564347254, 0.1576436333330794, 0.16921088104008383, 0.15324038212212587, 0.15407523976926765, 0.16677545996767817, 0.15219362074803414], "mi_tw": [1.5993031605930346, 1.6858734803679496, 1.322737590596434, 1.6474855498260177, 1.6894047231244103, 1.5039588785946565, 1.6299772020621826, 1.5337014307435464, 1.4164903125157546, 1.5554982876851813], "nmi_tw": [0.31452981372992755, 0.32719025594240503, 0.26976475508591524, 0.32016518030400953, 0.3288628729474238, 0.29854749228950156, 0.3209870060350623, 0.30451318474197636, 0.28445046968050813, 0.30887661420890755], "coh": [-2.5226443293735215, -2.411752281838586, -2.4509693978135125, -2.246830736742648, -2.3746908178177994, -2.323943616923128, -2.444783526250352, -2.39117660237224, -2.446727710443639, -2.291172559231001]}