{"p": 0.4, "p-emp": 0.399967741590303, "t": [325.9633557796478, 337.8875312805176, 338.37288451194763, 332.3788514137268, 329.6468834877014, 337.9552936553955, 333.0448033809662, 336.8450665473938, 346.6781117916107, 332.4824161529541], "nmi_acc": [0.2274353947232663, 0.23569205588775172, 0.22455908641006886, 0.2257951494217694, 0.23174092952423647, 0.21847179443887493, 0.22834314760055302, 0.2248615739374743, 0.22942672314796822, 0.2179189933872182], "nmi_repr": [0.20913837658920478, 0.20353679230033997, 0.20674089867614304, 0.2071167539593477, 0.20971378141995486, 0.21105428726473244, 0.20794834413555846, 0.19796871741701502, 0.20113829017321383, 0.19855512672446782], "mi_td": [1.2555137882514917, 1.2987646257404604, 1.2880481759724776, 1.2645710689261398, 1.283643866322424, 1.2547599008033594, 1.35262329502095, 1.2746055936838303, 1.2744290717039721, 1.2566131633451498], "nmi_td": [0.2093690172934581, 0.21505252652124746, 0.21396721758647236, 0.20989156592622524, 0.2132932286289399, 0.20842068216704815, 0.2243962087405697, 0.21172989333209388, 0.2122644331623239, 0.2091159042677768], "mi_tw": [0.7825174358435509, 0.7984397202369493, 0.7830735309845788, 0.7970017715652686, 0.785140137431952, 0.8018856063867931, 0.7507118778520128, 0.7882533108909962, 0.7736367234628102, 0.7984117961534656], "nmi_tw": [0.1865652808148675, 0.18844588117517222, 0.18567158226449426, 0.18874853837246006, 0.18623342620938252, 0.19011020350892954, 0.17766160502440448, 0.1868943509837494, 0.18412689918072933, 0.1897884485934379], "coh": [-1.1034453110733256, -1.1190177372116334, -1.0457763336538646, -1.1184000371197291, -1.0975156085136086, -1.225658350319862, -1.0905452027706883, -1.115359250397109, -1.068681714612539, -1.1742229258728418]}