{"p": 0.1, "p-emp": 0.09999611124349128, "t": [253.17333102226257, 250.63262844085693, 249.21278953552246, 226.79646062850952, 240.83865642547607, 243.95596981048584, 230.41939663887024, 276.66056418418884, 253.39726972579956, 226.4125108718872], "nmi_acc": [0.20357829497605504, 0.19769505244709745, 0.29195667463007496, 0.21430514827892633, 0.15687750207405693, 0.14921367345790326, 0.17752982227190298, 0.28255471757151224, 0.22998270054272796, 0.14495813636764446], "nmi_repr": [0.20076561779442326, 0.19624467645357793, 0.1800422735269031, 0.18958421960712457, 0.19903761688052857, 0.23098922685410742, 0.23699606047263377, 0.19949498425333498, 0.19231693725551127, 0.22284849509504745], "mi_td": [0.6481146838730059, 0.6089719318010718, 0.5980424427074255, 0.5242341567266406, 0.601461904663924, 0.6165307466554406, 0.570003750800498, 0.750563835614848, 0.6337716960642021, 0.5757648883843549], "nmi_td": [0.11625492380032484, 0.10866400247464968, 0.10532880694379325, 0.09458435605553434, 0.10854720486288193, 0.11160110870960932, 0.10304499099587364, 0.13055535781980407, 0.11264902154371455, 0.10475235879031175], "mi_tw": [1.3375349359458804, 1.4322649083078625, 1.4683613633651342, 1.3820386372613833, 1.3044546995582336, 1.299054582280181, 1.3455235890053385, 1.4640065188402438, 1.441720684779356, 1.296179760109871], "nmi_tw": [0.2896511809107595, 0.308214569895939, 0.3110498872295735, 0.30140613121176524, 0.28457828000197555, 0.2844304173073152, 0.29414205517130915, 0.305522775956093, 0.30879411960080577, 0.2855500623847737], "coh": [-2.0844507164641173, -2.234342831018148, -2.010876170020944, -2.3312949645693752, -2.1941943323944133, -2.3860549830109794, -2.3403184899891385, -2.225374467587707, -2.1481676715580083, -2.002444145759799]}