{"p": 0.7000000000000001, "p-emp": 0.4322086649324727, "t": [323.9469201564789, 330.95339703559875, 325.87544202804565, 326.8459503650665, 331.2129535675049, 320.2393651008606, 322.96289443969727, 322.49839186668396, 329.37039709091187, 323.10923862457275], "nmi_acc": [0.5855776338435968, 0.5833842071564558, 0.6035326354906844, 0.6021938800122898, 0.6101730025356488, 0.599561731165592, 0.6071871564015127, 0.5845139883444486, 0.5730985649334903, 0.5927465627536388], "nmi_repr": [0.49483337368395447, 0.472382563271986, 0.4850965330012094, 0.48949130476925334, 0.4983434482330836, 0.4792588201816538, 0.48861243037507585, 0.48063007711176264, 0.4784448246911777, 0.47515876242893357], "mi_td": [1.8449188985076241, 1.8643177632326082, 1.8647494330984988, 1.8749597035865255, 1.862097981363249, 1.8715446967291611, 1.865637229816218, 1.846314745617746, 1.853101185944804, 1.8526085063170306], "nmi_td": [0.3066636518527397, 0.31004213153682786, 0.308402166220579, 0.31160233863218967, 0.3090102680497764, 0.3109450173076957, 0.3106369661531131, 0.30704237369265097, 0.308181008929919, 0.3081575931142369], "mi_tw": [1.6609856990207423, 1.647819761204381, 1.686889727121538, 1.6559323885366444, 1.6550481005153952, 1.6531513550333705, 1.632311944009571, 1.659041296927196, 1.642087831997469, 1.6541874489967348], "nmi_tw": [0.274741425845716, 0.27269844410435573, 0.27763072225027724, 0.27385771129291026, 0.2733113837421094, 0.27331925712628563, 0.2704572970096763, 0.27455034275473134, 0.2717535770229002, 0.27380771783182517], "coh": [-1.924683590690578, -1.8493253113959316, -1.8471648935827278, -1.859508780719714, -1.7650340676541003, -1.8695529940472828, -1.9844752150492968, -1.8840269615490215, -2.0055406580328015, -1.8114030916821222]}