{"p": 0.4, "p-emp": 0.3996101847837916, "t": [201.61911129951477, 237.0471386909485, 194.17858481407166, 201.5781819820404, 213.74255442619324, 214.1322305202484, 220.34548258781433, 201.95159697532654, 204.51704907417297, 225.37136673927307], "nmi_acc": [0.3843481853791465, 0.43519145333183834, 0.34555341516405, 0.391457262553763, 0.37890221929701984, 0.41138686110985545, 0.38058631811024346, 0.4299751198572961, 0.377290209980093, 0.4420940677687488], "nmi_repr": [0.274156290381275, 0.27395584111616716, 0.24546057887223383, 0.2347452849578362, 0.25246959710884004, 0.27146586111476506, 0.2758158115915935, 0.2740147100449451, 0.3076143803247024, 0.2788016778864793], "mi_td": [1.0009656679837542, 1.1834214914930783, 0.8961324510138373, 0.9917210673820732, 1.0463748240090613, 1.1158093307069816, 1.0641523139786857, 1.0303531734552993, 1.0563138956512632, 1.1615392699982], "nmi_td": [0.17623573642836768, 0.20396083549331784, 0.15978818641110726, 0.17575512544434344, 0.18412841538140243, 0.19442590272682514, 0.18629957935434854, 0.18217511665735583, 0.1866831275583209, 0.20076952304519638], "mi_tw": [1.4964675005630976, 1.6456063420860367, 1.4181235068394031, 1.4506619809285008, 1.4840068753994566, 1.554719811968956, 1.5290122369285764, 1.4924747777250456, 1.494225163353941, 1.556180599873891], "nmi_tw": [0.29374255046292524, 0.3154322148619833, 0.28232367566063094, 0.28683841649131664, 0.2911162963239423, 0.30166566716949855, 0.2982368872514232, 0.29433724146522977, 0.2945380245222884, 0.2992525294735417], "coh": [-2.0568962881003405, -2.2019442451577116, -2.2968855900135967, -2.054624422275995, -2.18347632090375, -2.1003837772149305, -2.3919411352320132, -2.235726183360136, -2.2680154303729405, -2.270068464466201]}