{"p": 0.6000000000000001, "p-emp": 0.5998644416019694, "t": [280.79966592788696, 282.288423538208, 284.2926630973816, 290.30986070632935, 284.9196050167084, 283.80872535705566, 283.0376527309418, 281.6157853603363, 282.6996967792511, 287.36644101142883], "nmi_acc": [0.6197780010229971, 0.5980103870229229, 0.5969702649776829, 0.6044958990529078, 0.6036123649462244, 0.5862465286526289, 0.6027638001753783, 0.613386729108998, 0.6039942348104215, 0.5990289469635344], "nmi_repr": [0.511855072509735, 0.527230512471589, 0.5177551620186487, 0.48999926407188626, 0.5104569708440502, 0.5105452518521015, 0.4844505947761114, 0.5153301690100596, 0.49913821207495945, 0.48579522384320617], "mi_td": [2.02394172616703, 2.006962454544178, 2.014551013280526, 1.996444071855662, 2.0389657466598643, 2.0007529688643677, 2.040264582898774, 2.0257626158692514, 2.0009569841234245, 2.0190506236203367], "nmi_td": [0.3365392685931692, 0.33395297896097337, 0.33453123463716733, 0.33221273189951955, 0.3391983710305696, 0.33315020849877314, 0.33798767298247023, 0.33697463623439033, 0.33190513303311214, 0.3353507990975889], "mi_tw": [1.8162074356726992, 1.8147564998417434, 1.8255804642187985, 1.8195953370839104, 1.7840175835723637, 1.8012074471191426, 1.8169979384545345, 1.8069333390651872, 1.8370020823150413, 1.8244586741866191], "nmi_tw": [0.2866945915732284, 0.2866586912383763, 0.2878094368352857, 0.2874312323425275, 0.28174020202434336, 0.28470545478528364, 0.28580329201742954, 0.28533722796514743, 0.2893049741139753, 0.2876915259611526], "coh": [-2.322569834860574, -2.186645503803827, -2.2154195120818763, -2.2425797772931455, -2.369931366329582, -2.366446983797091, -2.346135210746838, -2.2258575796970255, -2.264995413633396, -2.4153041393862424]}