{"p": 0.30000000000000004, "p-emp": 0.29426846878777024, "t": [157.3714635372162, 154.16005158424377, 150.47886109352112, 151.47749614715576, 151.52938508987427, 154.64357376098633, 155.19107842445374, 156.33856081962585, 159.06573700904846, 153.36629700660706], "nmi_acc": [0.4148779985211798, 0.43002582254084215, 0.45700442541189945, 0.4625347720767816, 0.4698540726849971, 0.44403122793692534, 0.43491178581404033, 0.4333558231268943, 0.4560190492368487, 0.4348175551681639], "nmi_repr": [0.2916254142768301, 0.2736399388075305, 0.27554161648885794, 0.29869883280468823, 0.3121183119910412, 0.3089634729543487, 0.28972464819730886, 0.28349055502422954, 0.29003669228088164, 0.29407760805207284], "mi_td": [1.8678956936244786, 1.8553608149076903, 1.9039903477668494, 1.942408364518897, 1.899013539045734, 1.9031453736888455, 1.870644515391779, 1.865437077963972, 1.8947592893017156, 1.8204687125163375], "nmi_td": [0.309599528120949, 0.3084909127271551, 0.31540075387158784, 0.32169549497104727, 0.31512616137149535, 0.31636632778045215, 0.3109810934524348, 0.31073926595840345, 0.3143882373637253, 0.3042656519323673], "mi_tw": [0.7445352126817893, 0.7246031087177391, 0.724920570877989, 0.732373165111293, 0.7447145663035462, 0.7255387992515039, 0.7159659443351774, 0.717729695591399, 0.7330646675386295, 0.7149312396552117], "nmi_tw": [0.1432050194707117, 0.139881132900973, 0.13933932090870907, 0.14073662967742737, 0.14343437827399605, 0.14002593286499218, 0.13818743724136992, 0.13885151148330382, 0.1411739110739191, 0.13884916761631527], "coh": [-1.127072988363834, -1.3929236950334096, -1.3590526800241807, -1.0876297293879555, -1.2440952256943592, -1.150671360407072, -1.345441582208411, -1.3251769988209927, -1.2840805161327982, -1.3386515314712812]}