{"p": 0.7000000000000001, "p-emp": 0.6993383111156581, "t": [104.22695064544678, 106.3286862373352, 103.49122190475464, 100.70307612419128, 102.20656371116638, 104.31624937057495, 100.43406653404236, 107.15036201477051, 104.04214239120483, 101.2597587108612], "nmi_acc": [0.09340691710741755, 0.10935820213687475, 0.0923936214327945, 0.1253063533961228, 0.13549102041450511, 0.13263210505219858, 0.10047071882414732, 0.10657571899203284, 0.11944640003282465, 0.13220829685132807], "nmi_repr": [0.13665523165659593, 0.1308839901281389, 0.128112484887742, 0.13144358496414033, 0.1457787000734696, 0.13948054388743278, 0.15663191157881862, 0.13494003985412892, 0.12564390457658478, 0.13313804736906343], "mi_td": [1.0640093554934589, 1.05320469072091, 0.978052410196493, 1.2852682423589041, 1.2097036152420322, 1.2280116161740244, 1.0776073267920498, 1.2256333733139566, 1.11213444239566, 1.30200585583079], "nmi_td": [0.18884892596890038, 0.18878716367207896, 0.1758699599607069, 0.223217853706035, 0.21141234549239776, 0.21535051971566851, 0.19235400811513423, 0.21390079710910176, 0.1976585628651372, 0.22593049915083746], "mi_tw": [0.6623997167194446, 0.6261817575832199, 0.6402657878881225, 0.6696341627206074, 0.674905786435207, 0.645129990060603, 0.640666016700995, 0.6514316652630289, 0.6303921888679319, 0.6648283304973651], "nmi_tw": [0.18041944225866707, 0.1731671309044308, 0.17792646850785176, 0.17644378262948743, 0.17953104375435347, 0.1725109977009902, 0.17603281572401303, 0.1729231080269285, 0.17205949370539028, 0.1749492775752195], "coh": [-2.0965897887672833, -2.4258044417984737, -2.182684782485014, -1.8378217791469542, -1.8532617995585927, -1.9551855032602894, -1.989449375737994, -1.9607672424860734, -2.1696655088462937, -1.684753270359741]}