{"p": 0.8, "p-emp": 0.7999986428500775, "t": [128.89229941368103, 132.97437858581543, 126.32227849960327, 129.09596395492554, 129.06937408447266, 128.30664539337158, 128.5037190914154, 129.0728223323822, 131.0253803730011, 127.23325276374817], "nmi_acc": [0.07537753647558484, 0.07563255517699563, 0.07946520617205348, 0.06705942021474534, 0.06337522243261197, 0.0688719687621594, 0.07081686269135451, 0.07058797478022354, 0.07104239762345411, 0.07732780017441916], "nmi_repr": [0.03331425196159984, 0.039164619673429005, 0.03978096349459483, 0.03702274359883243, 0.03007144708345515, 0.029238862149352642, 0.038331950076098284, 0.043736657185414696, 0.03447748311084813, 0.03459080017247654], "mi_td": [1.441814947213849, 1.4384692137641821, 1.457241250602842, 1.4315181463442566, 1.4327353960452796, 1.4225762908623252, 1.4516822152200664, 1.4451243968671856, 1.436372299236774, 1.4305122941120674], "nmi_td": [0.23752653502287144, 0.23742909752978025, 0.24021645313573728, 0.2360505213430611, 0.23612761603006824, 0.2348686751087148, 0.2391647644064165, 0.2381085470188551, 0.2369394592656165, 0.23603509771428283], "mi_tw": [2.2967816019046103, 2.2866401776478273, 2.295049575544729, 2.2835895862739855, 2.281021699065902, 2.2691214621804496, 2.305291292391624, 2.293266780397528, 2.289409547637941, 2.2814777687885233], "nmi_tw": [0.34362842285588535, 0.34270592495181107, 0.3435622615362412, 0.3419445416529795, 0.34139771609985126, 0.34016294338326464, 0.3449181939473108, 0.343150735554597, 0.34293235420226575, 0.3418261571881715], "coh": [-3.348837052846329, -3.2424397738377997, -3.278159611347996, -3.3713272157914362, -3.434883701871924, -3.4143560697612663, -3.3474381502731214, -3.2911844045642225, -3.2255200620311526, -3.3645773478605285]}