{"p": 0.2, "p-emp": 0.1999990082365951, "t": [186.07425713539124, 178.93867254257202, 181.63790798187256, 172.7831585407257, 180.1069679260254, 177.52365231513977, 184.9996407032013, 180.29135012626648, 183.62240934371948, 181.12618970870972], "nmi_acc": [0.3806886820023625, 0.35063726967370173, 0.36513651778464284, 0.370120909151648, 0.3694110703748245, 0.34978926315025993, 0.3950373875268494, 0.3746997617282267, 0.3333854877089337, 0.3542165252857597], "nmi_repr": [0.23159133848569258, 0.20683979214166112, 0.2092391441759378, 0.21373632245637306, 0.2126349767729386, 0.20875612035176172, 0.20982673457640608, 0.22799853857784533, 0.19886248411289692, 0.19542297497676991], "mi_td": [1.534865250598617, 1.5447198002997393, 1.4345908451119311, 1.536192829824548, 1.4324733385374187, 1.5295619731815286, 1.533887513290256, 1.4834758500395453, 1.4183732844949966, 1.3446356179287644], "nmi_td": [0.26186125468241367, 0.2606614535964219, 0.24600939526006882, 0.25991356750714983, 0.24639630702721263, 0.2590423959967521, 0.26064876304687007, 0.253998489364249, 0.24321233818585195, 0.23496336451327762], "mi_tw": [0.8495697572791033, 0.8778959730850777, 0.8536931589387351, 0.8917684960069155, 0.8468021836673372, 0.8729529504388297, 0.8546553199968399, 0.8551876220019156, 0.8504684618885235, 0.8086155581929628], "nmi_tw": [0.16529295046739478, 0.1686779897898398, 0.16706777625010194, 0.17186369135312998, 0.16629690375098252, 0.168423201205622, 0.16552511218228474, 0.16706457121881813, 0.16642420479659825, 0.16168560944972926], "coh": [-1.6540283190534772, -1.5661887974717907, -1.5513121666201495, -1.5041592549916973, -1.7168377796471366, -1.5738445477557694, -1.6142695394464215, -1.6750025690715702, -1.7049085769636858, -1.7245860313239763]}