{"p": 0.30000000000000004, "p-emp": 0.29998520184603705, "t": [227.23066353797913, 219.31858944892883, 244.82663106918335, 244.57958483695984, 218.46963381767273, 244.39950847625732, 275.74361777305603, 227.93733763694763, 250.52542924880981, 241.83666586875916], "nmi_acc": [0.27717921149104796, 0.3070303690700126, 0.3059170713099133, 0.331443472288558, 0.2763873351309733, 0.3110935730182474, 0.4122574591400049, 0.37744284785057786, 0.36291663131052065, 0.39285459065834877], "nmi_repr": [0.27419613963067696, 0.26093576414040015, 0.28380961719659314, 0.308844540992584, 0.2709064812841342, 0.26312439421812733, 0.2441347451111012, 0.24079430620638087, 0.256950391158779, 0.3115859131063981], "mi_td": [0.8369749280965116, 0.7945613468681472, 1.0093132582872235, 0.9631358313292762, 0.8605206366502952, 0.9181504173617919, 1.1209283934748446, 0.8804483957517322, 0.9760603337664902, 0.9484266025581966], "nmi_td": [0.1509704984594898, 0.14341732653730074, 0.17998240770200283, 0.17004573207508047, 0.15394007242078062, 0.16162414349523974, 0.1921656655683024, 0.15622730807466428, 0.1715606123769997, 0.16624415272663637], "mi_tw": [1.354602798283851, 1.3442579349620227, 1.4302978939714426, 1.487456979357277, 1.410469742911349, 1.5606616426048487, 1.6326256669751658, 1.4467736231238997, 1.5868200538025297, 1.619303500237929], "nmi_tw": [0.28357907430551255, 0.2816350432030035, 0.2954740607096538, 0.3037594248679035, 0.29245770298775864, 0.31761954246334967, 0.32227241349750413, 0.2971683043662496, 0.3223836717237771, 0.3279358351501701], "coh": [-2.373002858001704, -2.0733375113750387, -2.226013995628857, -2.157835135475777, -2.374901691646188, -2.1510110446032344, -2.1772830516079256, -2.1831199819488907, -2.2290337343523774, -2.218261006199394]}