{"p": 0.30000000000000004, "p-emp": 0.29851373814157633, "t": [479.5780792236328, 482.35362434387207, 495.3223285675049, 479.20045471191406, 462.3097286224365, 451.631977558136, 449.87453842163086, 444.8517394065857, 454.11218547821045, 450.372926235199], "nmi_acc": [0.5368633176632694, 0.5588288079483072, 0.5413793489909341, 0.5323597130857007, 0.5552057404885639, 0.5315979964207523, 0.5460794608049335, 0.5532918193892081, 0.536266619010823, 0.5512920990343559], "nmi_repr": [0.4655020265145977, 0.46262403725541307, 0.4468710295503006, 0.45481890139945574, 0.4526306607216127, 0.46666836373394777, 0.4585257951995331, 0.4531452575570145, 0.4516217604084458, 0.4478603670520747], "mi_td": [1.656403611021569, 1.6604942451556388, 1.6624021277747023, 1.6354798746557648, 1.6503249984801975, 1.6473702475321992, 1.654925877896887, 1.6432897284194474, 1.6469820421507113, 1.680677135093188], "nmi_td": [0.27805861318791647, 0.27737701150550803, 0.2778306373397329, 0.27324803800333197, 0.27660830700068273, 0.27672276788464717, 0.27804158283403296, 0.27463408206880957, 0.2750887322458588, 0.2813244793736835], "mi_tw": [1.525868399255865, 1.5321657426723063, 1.5383623493036476, 1.5544636979913489, 1.5411168221745402, 1.5223433210527613, 1.5236281030221825, 1.5504356793579925, 1.550798476930342, 1.5232742948393323], "nmi_tw": [0.2599582189927136, 0.2597307677935703, 0.2609097915975688, 0.2635591876666081, 0.2621425750655373, 0.25952953710510873, 0.25979563238437164, 0.2629551472790964, 0.26285917319513746, 0.2587611684315176], "coh": [-1.7240239051668407, -1.6814493828465231, -1.7733268880785045, -1.778231465315816, -1.787997524827332, -1.948229193648658, -1.678750012466918, -1.820801023287529, -1.7191889611617572, -1.7919332266445358]}