{"p": 0.4, "p-emp": 0.39979496596555086, "t": [416.75445103645325, 433.87024664878845, 422.6972622871399, 413.28152298927307, 417.41688561439514, 406.6829586029053, 414.95225858688354, 410.65271735191345, 406.2974922657013, 401.31801295280457], "nmi_acc": [0.414919965574576, 0.40695235245307865, 0.38114396836737546, 0.3787833094204904, 0.38324984624394065, 0.39774912414444696, 0.4011060606871154, 0.394004770014352, 0.39700399991298374, 0.41222322292938773], "nmi_repr": [0.3612017376700157, 0.35505664322748826, 0.36754846615401376, 0.35219015426659106, 0.3447547559668648, 0.34610510443608644, 0.3593971507254708, 0.35798872373019736, 0.3522030214750991, 0.3871057831663219], "mi_td": [1.646483756523867, 1.5793699835428565, 1.5612540824919514, 1.561799623130205, 1.5956806734609725, 1.6105434888859353, 1.6362264331097962, 1.6058301674345439, 1.6129596503536805, 1.6082008382444257], "nmi_td": [0.2747914664184835, 0.26348141616629633, 0.26027323744915537, 0.260510562844106, 0.26506158578844324, 0.2684244305566627, 0.2735339429407185, 0.26723786199924954, 0.2696028867317161, 0.26893216445458357], "mi_tw": [1.0272630054684424, 1.072689856140257, 1.0861114784212151, 1.088620395701871, 1.068197741858736, 1.0611456263238597, 1.0274555530351797, 1.0600775048184925, 1.0433866869567558, 1.0453990690838095], "nmi_tw": [0.20164022077763097, 0.21045457482573854, 0.2129089118580416, 0.2135418230831883, 0.2085177501664345, 0.20795500681364634, 0.20207280713519965, 0.2073797764917714, 0.20516891002451534, 0.2056768179751423], "coh": [-1.5039368350709885, -1.5510938815259858, -1.568971677261707, -1.4719408975823836, -1.4875739697429289, -1.4391833598596713, -1.4564929106010343, -1.5929497570773168, -1.4669274821257847, -1.5066634774988628]}