{"p": 0.6000000000000001, "p-emp": 0.5984772777869269, "t": [157.4678065776825, 128.25153017044067, 170.87688183784485, 144.4433240890503, 166.5851812362671, 144.11391258239746, 159.18217873573303, 141.58579540252686, 130.33192586898804, 158.87639570236206], "nmi_acc": [0.27591137218069006, 0.2402986951614337, 0.28472024236919136, 0.2913289817237078, 0.29322484978209395, 0.28390878002401915, 0.30730989649414336, 0.31228457819853095, 0.230174316522291, 0.2942552946348694], "nmi_repr": [0.23328682085302324, 0.19598396403886875, 0.19062333846612048, 0.2139713129856854, 0.21111231921145573, 0.22186839891420662, 0.21737418978641904, 0.19484555756043767, 0.19108501074192655, 0.20088107500453434], "mi_td": [1.0144115168126617, 0.7479217406927502, 1.0815916465001774, 0.8689278374228312, 1.0555784345975503, 0.888275409413491, 0.9986450404720395, 0.8767915076050273, 0.7898533598767424, 0.9715540025277305], "nmi_td": [0.17475019861348615, 0.13274910175509927, 0.18475024706056384, 0.15183876597895812, 0.18073502336951883, 0.15466360767032872, 0.17157193446387833, 0.1523091680033025, 0.14016689293030202, 0.16766888896344867], "mi_tw": [1.380096352105872, 1.2634907498385155, 1.40792660018796, 1.3325102212124058, 1.3919565979798418, 1.387911737145537, 1.3576166715836415, 1.3273163393747942, 1.2851035668595372, 1.3432936396924477], "nmi_tw": [0.2917624955759378, 0.2771188869562586, 0.29456835084228666, 0.28668573794098257, 0.2920746270825809, 0.2972893651421832, 0.286064379035134, 0.28349723411711697, 0.2817978732220252, 0.28461050595233023], "coh": [-2.091442574430243, -2.052951822561261, -2.047693850882926, -2.1149805872011562, -2.0112128804242446, -2.1248458954500964, -2.017705075370938, -2.039807913927503, -2.0697746805922996, -2.169528742596714]}