{"p": 0.5, "p-emp": 0.4998779870021576, "t": [340.4036841392517, 348.2401444911957, 355.0503852367401, 348.67930698394775, 351.1211519241333, 351.2140281200409, 353.3313856124878, 347.4657578468323, 339.29867792129517, 342.6578857898712], "nmi_acc": [0.571739592980767, 0.6252903418171122, 0.6074830172675397, 0.6055868912387703, 0.6110941664943927, 0.6151155789849285, 0.6001211659477235, 0.6116054088902667, 0.6034574762898681, 0.5891978586923516], "nmi_repr": [0.48316513591596194, 0.4820223381843183, 0.5136045429732659, 0.5227347840902632, 0.5003657162137856, 0.48912476993387044, 0.4760597869276789, 0.5069446882602048, 0.5234475648185375, 0.49726798497940394], "mi_td": [1.8843625634812886, 1.9214949611775192, 1.9120481488882994, 1.9110144138637504, 1.9102516746607336, 1.9407605470769602, 1.8956831018112428, 1.9116122433677134, 1.9087073083123367, 1.8933339559326055], "nmi_td": [0.31380870534463867, 0.32019720506631255, 0.31898986314354205, 0.31819185873784905, 0.31837400487780676, 0.32185086847814326, 0.31519472326215164, 0.31869548565501166, 0.31801764927575377, 0.3156387929193816], "mi_tw": [1.7226397931647828, 1.6991052488422416, 1.6947494712582607, 1.7156654220653382, 1.6889680578554451, 1.7101871241883309, 1.7265457586473765, 1.708971808370362, 1.7114632931858227, 1.7069792626070737], "nmi_tw": [0.2779762520908364, 0.2743485367725126, 0.2739505151030466, 0.2768042406426707, 0.2727535387475377, 0.2748497492779991, 0.27817961405812097, 0.2760634710795102, 0.2763030104248309, 0.2757336279145091], "coh": [-2.0984550926898433, -2.1000537042093113, -1.9761333443595692, -2.0795729030202112, -2.0204347925632002, -2.111428580050538, -2.093036426427985, -2.125573398882165, -2.012620528470769, -2.025605049948783]}