{"p": 0.4, "p-emp": 0.399669690588087, "t": [259.3237533569336, 261.9001615047455, 260.8866341114044, 249.4916307926178, 253.74314284324646, 251.27171230316162, 257.62077593803406, 256.6569528579712, 246.3699095249176, 252.63323712348938], "nmi_acc": [0.4881802827607228, 0.4589612773614019, 0.43132888918559903, 0.39440732694614644, 0.47153816331825305, 0.491152807649886, 0.4719819538440704, 0.4727405017226468, 0.43813477429996306, 0.4357822180299039], "nmi_repr": [0.2855491667037797, 0.2767819715675846, 0.2610101287743893, 0.22928136372050753, 0.23773937896111735, 0.28673140660275165, 0.2935926367727324, 0.2804012303816189, 0.27831725122120066, 0.2856193778893125], "mi_td": [1.4657601836784195, 1.4247431217713755, 1.5255773472243572, 1.3070769316315987, 1.4210481864472073, 1.4672545880798897, 1.4997839065861702, 1.4448966287142604, 1.4630134586759371, 1.4527399412244064], "nmi_td": [0.244665879555819, 0.24065513700399901, 0.2537949595711224, 0.2211234296232444, 0.23855200673399626, 0.24607061174607786, 0.2517109276627944, 0.24164042010342193, 0.24776059680884144, 0.24318244887241378], "mi_tw": [1.955462865805032, 1.837959678614689, 1.9507571787414957, 1.85019228463337, 1.8804243753068932, 1.8918910895821337, 1.8860594615015638, 1.9041978120354153, 1.8024113946318128, 1.8923877566379996], "nmi_tw": [0.32381763760705873, 0.30795970770343134, 0.3219615374616528, 0.310487703742394, 0.3131489626638005, 0.3147564147041108, 0.3140150058762109, 0.3159212031312693, 0.30278067094933475, 0.3142571123802355], "coh": [-2.3141158834251767, -2.1818005058831367, -2.3532453979097734, -2.5488226193088264, -2.3378794908938927, -2.2556734031927355, -2.3737915933560743, -2.372772108529967, -2.1306606228389318, -2.4370209234899924]}