{"p": 0.2, "p-emp": 0.1872449308492966, "t": [267.90838146209717, 257.1435110569, 267.3704261779785, 262.2797689437866, 262.284747838974, 273.857008934021, 312.4894931316376, 265.7004792690277, 257.9307553768158, 244.41372156143188], "nmi_acc": [0.3071717487326368, 0.2375375129968339, 0.26549880672293125, 0.2852811629819385, 0.25088088433485545, 0.22427603828577278, 0.32431436177516076, 0.19671554596761537, 0.29368699344039806, 0.2760734514428074], "nmi_repr": [0.17280107296213867, 0.1926784054283321, 0.21107612799347922, 0.21743036792640633, 0.21221283623826703, 0.22469106214985585, 0.22108601389052487, 0.19071553443018605, 0.17475425792591118, 0.1775737340086955], "mi_td": [0.6828531257076974, 0.6318647715913527, 0.7734114964485704, 0.6403064897040398, 0.714441040336528, 0.7375342403279759, 0.8490403788397716, 0.5851179165770987, 0.5874117975684287, 0.5622666385126448], "nmi_td": [0.11978538662732291, 0.11171529486522251, 0.13597614505588246, 0.11269856585140098, 0.12575363298718728, 0.1304777284450651, 0.14628187686424748, 0.10550054034290549, 0.10420086938134478, 0.10010261242985613], "mi_tw": [1.4852764227689264, 1.4663665783780528, 1.4612410050734503, 1.5038702077064174, 1.467280441451007, 1.418272987067001, 1.5050731706999536, 1.3727920220971197, 1.4341346738316538, 1.4400061448470283], "nmi_tw": [0.301890141506149, 0.30077383275151054, 0.2977789999050935, 0.30685776338866755, 0.29941070069781306, 0.29111568040121527, 0.2996109686940545, 0.28807496453232806, 0.2952967634973218, 0.29775642474291525], "coh": [-2.01922102552944, -2.1335403125680688, -2.3080766529674346, -2.015461742028676, -2.1741291202473834, -2.323541566679157, -1.883586666269446, -2.3135805707457076, -2.1243572192227256, -2.21960801713609]}