{"p": 0.8, "p-emp": 0.795889871459633, "t": [115.92424750328064, 115.401602268219, 118.12884545326233, 115.75707745552063, 125.11346101760864, 116.66928601264954, 117.00857353210449, 117.56700110435486, 115.53915643692017, 119.12466955184937], "nmi_acc": [0.02829732812250475, 0.026803603801496382, 0.028225572484493578, 0.025715783469110767, 0.027421952308162956, 0.028804448233580283, 0.025943484505282496, 0.027805699296132958, 0.027629338710944612, 0.028021111482851652], "nmi_repr": [0.3499371523933451, 0.3482891248909397, 0.35157043702196517, 0.36152448185072, 0.3604118185892185, 0.3533224687529146, 0.34750059077743467, 0.34709852692138804, 0.36251773792469594, 0.36361385055844714], "mi_td": [0.5557268457343966, 0.5568313422849495, 0.5529235084313004, 0.5520589311022501, 0.5478334817604266, 0.553234083187354, 0.5488334385980758, 0.5513981879407998, 0.5374806907920636, 0.5521406356330525], "nmi_td": [0.09175265796303105, 0.09194069774075062, 0.09135366797325035, 0.09119114346315263, 0.09046977170009735, 0.09135139715281519, 0.09064390707491489, 0.09105757284580349, 0.0887656255269108, 0.09118893420870394], "mi_tw": [1.5093287966055624, 1.4998974957734745, 1.531560712175239, 1.5325019927707084, 1.5386162223640805, 1.5099788384715809, 1.49222289189321, 1.5105985106872075, 1.5899938691651678, 1.5130110865204522], "nmi_tw": [0.5572760843985926, 0.5538704113102312, 0.5663698500542198, 0.5664443287304678, 0.5683753701936274, 0.5576567582648452, 0.5513598350883464, 0.5580133996573874, 0.587436401579142, 0.5590246462225912], "coh": [-0.4725393933996195, -0.47498383626732654, -0.48380404239655694, -0.46859062551307085, -0.4807581077600753, -0.47775664130374035, -0.46796482415516694, -0.4835435448315444, -0.4583131530799963, -0.4629045889562239]}