{"p": 0.2, "p-emp": 0.1991891551193653, "t": [273.7345337867737, 278.09321761131287, 270.38079833984375, 286.46377444267273, 277.5885229110718, 327.78577756881714, 335.6903119087219, 336.71570348739624, 383.4554991722107, 333.53145456314087], "nmi_acc": [0.38659535934860906, 0.2506594033008811, 0.269786175912608, 0.33451497146143166, 0.30607971062791917, 0.23377651377555597, 0.3126804988567055, 0.24559872201363547, 0.27157695796235437, 0.29386286682814117], "nmi_repr": [0.2652313176959225, 0.24149994626764376, 0.2776053051460605, 0.2910337952292768, 0.2825254550324466, 0.29802698918891507, 0.314745191260419, 0.28915264984431366, 0.2969428392479627, 0.24218896823087308], "mi_td": [1.0300536639950653, 1.021607375770225, 1.0187368389066684, 1.1493991474795768, 1.0012826045813858, 1.1003694770619699, 0.9957447003569767, 1.140922447589937, 1.1098196044454958, 1.0437453163901484], "nmi_td": [0.1763185117211523, 0.17854883815110284, 0.17756916541267315, 0.19803368937034832, 0.1737056099661821, 0.19354327665736487, 0.173924667984224, 0.1990891944544416, 0.192866159396274, 0.17989580641953884], "mi_tw": [1.7890643622743874, 1.5892613417523163, 1.635624934045722, 1.7092969329616683, 1.7101274038852754, 1.52628433453868, 1.6083658765628273, 1.6004926455904789, 1.5805933696829886, 1.7310607022384805], "nmi_tw": [0.33390122350235824, 0.3034224297383746, 0.3113586313814425, 0.3212892806280476, 0.32386876655092134, 0.29343428706929375, 0.30686925889444133, 0.30504344245311465, 0.2998994721813964, 0.32550953449289954], "coh": [-2.3578160454605337, -2.1711446780481647, -2.331215904391162, -2.323848590628964, -2.302791951852456, -2.0494582829253956, -2.254049715712097, -2.3576224714630474, -2.2460074255238225, -2.4287485292095625]}