{"p": 0.6000000000000001, "p-emp": 0.5984772777869269, "t": [115.71972227096558, 114.20259308815002, 113.286536693573, 113.51743626594543, 117.40597605705261, 113.61921286582947, 113.4513030052185, 114.02254605293274, 113.13201761245728, 114.48002862930298], "nmi_acc": [0.39645090225250007, 0.4299875371326906, 0.3987228933290886, 0.3977704768791546, 0.36492502512184216, 0.431132722250049, 0.40107676118457486, 0.3941731289376388, 0.3666964338281266, 0.40344201436892485], "nmi_repr": [0.30351838653011115, 0.3069376318778228, 0.3017204980900904, 0.3032903106623086, 0.2943804098876627, 0.28844878964394055, 0.3193127619631245, 0.3073779833739463, 0.2949441293333969, 0.2902904809856012], "mi_td": [1.9585351605023693, 1.986463263362002, 1.9445902125854881, 2.01485648696375, 1.916072393342198, 1.968717925929962, 1.9903827519174537, 1.9640798015062637, 1.956015356156044, 1.967407280432658], "nmi_td": [0.3246965338074138, 0.32874514177331043, 0.3236363936704857, 0.33222791271422975, 0.3180086158662354, 0.32728315374613365, 0.33013315065618987, 0.3260050734074418, 0.3240149833064486, 0.3249949027476578], "mi_tw": [0.7385411976356715, 0.7444713685321324, 0.7423601522485895, 0.7523803982786064, 0.7396330731119637, 0.7258898512653539, 0.7317355648022708, 0.7362122955344619, 0.7370377644938534, 0.7718640498020933], "nmi_tw": [0.14898427041149445, 0.14985802608275514, 0.15046277054558563, 0.1507787554138162, 0.1494056401431089, 0.1469229226766174, 0.1476967172681202, 0.14873058920372312, 0.14853383606343845, 0.15502586596431392], "coh": [-1.955112183206691, -1.7335120392803052, -2.0156715246803154, -1.76606287914177, -2.0500674066564324, -1.8147142236187594, -1.918706083446007, -1.8899993400473734, -1.8855515848249014, -1.8831784125451534]}