{"p": 0.0, "p-emp": 0.0, "t": [271.8387060165405, 275.4930295944214, 268.7395136356354, 277.2291262149811, 280.9214324951172, 274.25986337661743, 278.52719473838806, 275.08810925483704, 275.7503604888916, 277.5201225280762], "nmi_acc": [0.35191452587200955, 0.3545595177070524, 0.34892807282695854, 0.33263363689457054, 0.3338987594424003, 0.38896876541140013, 0.35191626298956513, 0.3481018943304987, 0.3095068772991332, 0.31992024956467524], "nmi_repr": [0.19522205345139051, 0.19616766982080613, 0.20924112919871926, 0.19539726666499208, 0.1965584611810495, 0.1975404334392603, 0.203178201065448, 0.1992780777844704, 0.20060026576359585, 0.19622397368953728], "mi_td": [1.327275229676917, 1.3511131147501443, 1.467236336119038, 1.3195980119295423, 1.430734813020855, 1.4198642112628386, 1.3615861811261771, 1.437461669322467, 1.3734495115469512, 1.3265189054276503], "nmi_td": [0.22965337291960009, 0.23380087598171317, 0.24807344037338133, 0.22863041611202997, 0.2435330938692368, 0.2434206307163118, 0.2338803561524841, 0.24441272627403698, 0.2350473562058498, 0.22895515616087755], "mi_tw": [0.7727410070830978, 0.800553503481205, 0.8404200897115208, 0.7767122812255426, 0.8035504657430967, 0.7946168724634094, 0.798817649678077, 0.821033152353513, 0.8267816243612194, 0.7785278071690006], "nmi_tw": [0.14992426054875904, 0.15533741381935723, 0.1588917686589846, 0.15092080714693148, 0.15306753920298824, 0.1525849043577031, 0.1537234802475951, 0.15620798766415545, 0.15844721027070086, 0.15062845439088762], "coh": [-1.3637755866282593, -1.3143334666183981, -1.226752078384678, -1.5102509965258604, -1.3303042243885537, -1.382294064131927, -1.3022260776015333, -1.2147147894347343, -1.4768449216433712, -1.236599672324037]}