{"p": 0.0, "p-emp": 0.0, "t": [337.40182638168335, 373.8098373413086, 329.74342584609985, 328.411141872406, 339.8420605659485, 331.84405422210693, 329.46721172332764, 346.2417047023773, 358.4485991001129, 351.36667466163635], "nmi_acc": [0.1374359526598134, 0.1725410534549305, 0.2235222783252181, 0.13038735135484641, 0.16972232363676878, 0.12158249876858136, 0.24085166853062903, 0.1476383684015281, 0.16395181372565737, 0.15324244012492405], "nmi_repr": [0.30207473896951703, 0.31032694098695773, 0.2792625936039079, 0.2840266792747059, 0.29698896118267754, 0.31101590400720197, 0.28215979925343215, 0.2670162092230894, 0.2743439575076964, 0.284225717866151], "mi_td": [0.9320187116057471, 1.0236386347898754, 0.8873089532646605, 0.8778876056745523, 0.946039169200616, 0.9028067271833636, 0.92625192423856, 0.9201085419039368, 0.8881806832169105, 0.8918382340964105], "nmi_td": [0.16744613082025955, 0.17896269223990147, 0.15637047960355033, 0.15858155472378574, 0.16694699030618237, 0.1631216409406678, 0.16168622133762311, 0.16485152611773868, 0.15716906866105787, 0.15883444126225324], "mi_tw": [1.3406254509800897, 1.5723823687789888, 1.5136004241539016, 1.3045817496055288, 1.4890407476430332, 1.3147405924778082, 1.6316544365016046, 1.3579896410157122, 1.5203105805118498, 1.460832225413595], "nmi_tw": [0.2713367309523666, 0.3086382113236633, 0.29977395387779154, 0.26566582275672207, 0.29536013301938285, 0.26780619777486053, 0.3197167354160187, 0.2739995296138836, 0.30249798678246176, 0.29277370055294655], "coh": [-2.1906752195846306, -2.3156204104123925, -2.030727774185215, -2.4410511834702224, -2.333960694060463, -2.28574056224025, -2.4258600494116678, -2.4393716519455086, -2.281185761197884, -2.419157458945257]}