{"p": 0.8, "p-emp": 0.4322086649324727, "t": [181.37610983848572, 179.94576573371887, 179.56959199905396, 177.15830445289612, 179.80867052078247, 178.47200798988342, 181.29615306854248, 178.4620020389557, 179.11215591430664, 179.20416259765625], "nmi_acc": [0.40607287600024683, 0.3903509449382468, 0.38805040447727374, 0.35115155137318366, 0.38106575484087857, 0.38654703814594293, 0.4109768105862218, 0.39214593159629557, 0.3942402727594414, 0.39813802301871354], "nmi_repr": [0.2105091570701022, 0.21633921497400432, 0.21172896484820167, 0.20205275180021706, 0.1882863528150414, 0.20333475681873886, 0.21374241518299952, 0.2191740875162128, 0.21273104943620672, 0.2086797914155309], "mi_td": [1.6285383708380423, 1.6512962683954533, 1.637492854216037, 1.5995766991465736, 1.607348916568433, 1.6085767003074474, 1.640880775367369, 1.6203820907794364, 1.6337482442366937, 1.6523647504531331], "nmi_td": [0.2710114184681493, 0.2735661559430481, 0.2719568030286583, 0.2659249994109658, 0.267444049626553, 0.2684828904304783, 0.272286174323651, 0.2696113304453665, 0.27096807932411654, 0.27339907318944634], "mi_tw": [1.3885530545179177, 1.3956531113037625, 1.392336752652035, 1.3830516354167581, 1.3592264109696734, 1.3849707903243698, 1.4076374285472963, 1.3942293690808778, 1.3948077407471948, 1.3964609905945704], "nmi_tw": [0.22994439958650262, 0.23008862449505083, 0.23011228865029568, 0.22880493425822315, 0.22505344956950168, 0.2300275875009293, 0.2324428517546942, 0.23084795598071076, 0.23021055124669276, 0.22993383032683323], "coh": [-2.164896514030598, -2.030253288963819, -2.1547201671480667, -2.0843541760720066, -2.2398450430355266, -2.1696917821288975, -2.0560344805653727, -2.0357692574394717, -2.07095932241113, -1.9588451189526956]}