{"p": 0.6000000000000001, "p-emp": 0.5998644416019694, "t": [171.7547745704651, 170.68255257606506, 172.16451001167297, 172.39606952667236, 170.10587358474731, 171.89073133468628, 173.20697045326233, 170.45953845977783, 170.41399574279785, 174.70419836044312], "nmi_acc": [0.2473569537468382, 0.2506347899228321, 0.23163953806562282, 0.24279412252960605, 0.26550477904563946, 0.20573567671099854, 0.2846430552147664, 0.2141766174633042, 0.23232305642232473, 0.2565332499762835], "nmi_repr": [0.12464767226535574, 0.11472371263963678, 0.1127698780050967, 0.11531072062167991, 0.12144885052424444, 0.10638585236348765, 0.11377122222882012, 0.11372118695616353, 0.09619947263963866, 0.11611718946634388], "mi_td": [1.5392997417181378, 1.5251519745664928, 1.5226675723532415, 1.5275752670084999, 1.5328563792534122, 1.4963061447075947, 1.5485293204018162, 1.508689539836169, 1.524168865796983, 1.5227747178697757], "nmi_td": [0.253806446562814, 0.25261296326963634, 0.2514939617142315, 0.25250825782944547, 0.2537772861242708, 0.24759469742143297, 0.2566080347199001, 0.24946038033579299, 0.25164810169425783, 0.25173466298686825], "mi_tw": [1.7040324472849058, 1.6884890645800583, 1.686185218362601, 1.6833162404172481, 1.711056656050728, 1.681785699241647, 1.6958660050138228, 1.6662833438142206, 1.6899412419659714, 1.6914390359278626], "nmi_tw": [0.2668444989016418, 0.2655478651404812, 0.26447906609342897, 0.26423149847218136, 0.2689845745350165, 0.2642499180482817, 0.26682952527667875, 0.26163146509509977, 0.26497438240712745, 0.26552650898177493], "coh": [-2.644108509887832, -2.8060731571774786, -2.706595330059751, -2.9178640610838036, -2.6914543727000586, -2.7296198947360635, -2.7954721799129905, -2.72122128643569, -2.981082669120406, -2.9359092052951334]}