{"p": 0.2, "p-emp": 0.1999990082365951, "t": [272.21456599235535, 272.2910304069519, 273.8429937362671, 237.33575773239136, 292.8989522457123, 261.613796710968, 268.026362657547, 288.50955080986023, 270.6608102321625, 323.552118062973], "nmi_acc": [0.36328613001642646, 0.36280366042910805, 0.366910221409584, 0.2483801069017131, 0.32841590835556567, 0.2620660602360149, 0.3072546557503458, 0.36858694781943396, 0.24603308394012985, 0.27837282535626173], "nmi_repr": [0.2585698340032255, 0.23008153537620882, 0.22784785081953257, 0.24715736811302794, 0.2694341495586343, 0.2529109260068351, 0.21889305912582957, 0.24814509009203714, 0.2790987319042841, 0.2841781147154459], "mi_td": [0.8303959096572352, 0.832992600301423, 0.8536250610713723, 0.744159423034638, 0.9796960202716912, 0.7606181783464238, 0.7580903213534486, 0.9144284811103802, 0.8642914076014723, 0.884304777175549], "nmi_td": [0.14600721469213784, 0.14666278193047022, 0.1504549538262205, 0.13406931944836506, 0.17140648609147235, 0.13551431769467637, 0.13468401956674073, 0.16092065849486242, 0.15628956507229555, 0.15661385159560803], "mi_tw": [1.5644363698371486, 1.5007300750587265, 1.5531922165618623, 1.4071563085204746, 1.5464205410729104, 1.4547459057244132, 1.4748452017248808, 1.467866343853995, 1.2906746095133554, 1.4753016995008874], "nmi_tw": [0.31504368163525137, 0.30268497784305975, 0.31364698467435537, 0.29139878706633815, 0.30965298644954514, 0.2974186866359405, 0.30055502642368387, 0.2958874495469821, 0.2684164203694338, 0.2995648389001004], "coh": [-1.9529989566242734, -2.1038716983388035, -2.024209470564637, -2.1852041677356593, -2.09629001105943, -2.50853302709927, -2.2160081956575097, -2.1624709658928527, -2.2844570748591515, -2.1209269077242983]}