{"p": 0.30000000000000004, "p-emp": 0.2999635396453506, "t": [370.78944301605225, 365.7063341140747, 363.61790108680725, 369.5079765319824, 365.9591615200043, 367.1958520412445, 368.912068605423, 366.79875779151917, 368.9800808429718, 367.58741307258606], "nmi_acc": [0.2909737642888595, 0.30661232209655015, 0.29850224047644963, 0.3022178203305184, 0.30890280062178666, 0.3071678131678987, 0.31021128693733024, 0.28918896634054164, 0.3013205599541922, 0.2978186906377959], "nmi_repr": [0.26155719449333076, 0.26804943947745785, 0.2686703433737024, 0.2617918770020061, 0.27092858117111646, 0.2566653851969145, 0.2700530792116302, 0.26589608809529813, 0.253924041199667, 0.25940808897673767], "mi_td": [1.3866779396316362, 1.4161020371584723, 1.3975030748397153, 1.4164120022025646, 1.4239538445484672, 1.456971726658568, 1.4143275928270462, 1.3957241483364498, 1.3812409490045372, 1.3976491600206438], "nmi_td": [0.2314662778944551, 0.23637227139669723, 0.23223337918949555, 0.23599753725108366, 0.23741095375230706, 0.242236431074916, 0.23572085643849106, 0.23227024788906547, 0.23010737594874142, 0.23255948870337548], "mi_tw": [0.8415237844232158, 0.8265322092981804, 0.854230748665897, 0.8241679911883314, 0.8183133714085371, 0.8231549431829851, 0.8342682941366951, 0.8457796084462428, 0.8525917177545819, 0.8461052388727962], "nmi_tw": [0.18794843466548178, 0.18459440438791638, 0.18965023781828688, 0.1836224064376384, 0.1824791926199465, 0.1828727536326593, 0.18594721487241087, 0.18813376889199235, 0.18992193200442584, 0.1881725540112245], "coh": [-1.201852728812145, -1.1791296671160747, -1.1450656947427684, -1.1450159808667868, -1.1876575034246455, -1.0931784346722409, -1.1636396907714204, -1.1027180696413372, -1.1919191666582232, -1.1598187476064212]}