{"p": 0.9, "p-emp": 0.4322086649324727, "t": [221.75310921669006, 236.95977902412415, 217.56064820289612, 235.32506656646729, 218.6895706653595, 216.57066822052002, 222.46305871009827, 231.18421936035156, 214.10966181755066, 218.23562669754028], "nmi_acc": [0.4637884534567667, 0.45603040046826204, 0.4663318885242452, 0.4568646381573376, 0.45611168397875995, 0.43275244367932314, 0.4475738435632936, 0.44635914216195904, 0.45893858634033646, 0.4220294570904758], "nmi_repr": [0.2782555554751977, 0.30938292859295896, 0.31502673286003924, 0.3137192086515936, 0.31642965392330535, 0.2693981557123278, 0.26824262537561144, 0.2938185635885945, 0.2930133151874681, 0.27363262305742025], "mi_td": [1.43929828861951, 1.593807012478568, 1.495896778972079, 1.595953225165277, 1.506435925584858, 1.4253341139273323, 1.5160254659407744, 1.5797563165612654, 1.4249373007134587, 1.495810665013432], "nmi_td": [0.24125524780447372, 0.2640932472984966, 0.25123673620942366, 0.2645571256875701, 0.25131214932308044, 0.23897665703585275, 0.25240082773201256, 0.2608099979185713, 0.2394516161022208, 0.24892130494608405], "mi_tw": [1.928123703525451, 1.9820982806270684, 1.886243072969462, 1.9889748493474868, 1.9477511636149716, 1.8868836317864215, 1.9806939936675356, 1.998364171314033, 1.916381118906728, 1.9418501674978064], "nmi_tw": [0.3216001361932913, 0.3268335487450807, 0.31523202040040776, 0.3281010436547312, 0.32334176315321617, 0.3148029065559248, 0.3281492948042877, 0.3283192655641969, 0.32044526969320725, 0.32156734921195573], "coh": [-2.432259659803104, -2.362437254732495, -2.2429946233896785, -2.3929558083488804, -2.4286928510982193, -2.3687077386041233, -2.536752754994526, -2.153165927898152, -2.3594040767523996, -2.395665135721073]}