{"p": 0.30000000000000004, "p-emp": 0.29426846878777024, "t": [240.7756073474884, 252.40975642204285, 241.70498156547546, 246.7334942817688, 229.1977355480194, 224.61532139778137, 245.17881035804749, 234.8812940120697, 253.66712760925293, 229.57199215888977], "nmi_acc": [0.2700512131776276, 0.2439854339191898, 0.2435243258858467, 0.25077053611657424, 0.2760227584278579, 0.2499805249391423, 0.26405841134356406, 0.26900710418235624, 0.3137383619076008, 0.2842133185427493], "nmi_repr": [0.22959918539491678, 0.22640644650168795, 0.2050563094999138, 0.1944006888385742, 0.21232013514622577, 0.2315819483826942, 0.22552078371793877, 0.19656284808197383, 0.19681901686380207, 0.24316370550166855], "mi_td": [0.733044861335939, 0.8662797742143657, 0.677990669639278, 0.7817802508017541, 0.687451806721697, 0.7129578289203704, 0.77582554814372, 0.7054566626760671, 0.8247519549841764, 0.7380709141777156], "nmi_td": [0.1282652910224839, 0.15122581654065603, 0.11949595416908841, 0.13645859581316916, 0.12168179137351155, 0.12668937327340948, 0.13586057076219887, 0.12371865331813034, 0.14337380604088237, 0.12979463769187297], "mi_tw": [1.491846284078622, 1.4228057952221214, 1.4072015963164708, 1.4851286939632593, 1.4419469474155955, 1.3873843480116705, 1.446928425717995, 1.4443309789634726, 1.5302030473504735, 1.478975219968936], "nmi_tw": [0.3056504624798341, 0.29071219401694265, 0.2907695938014754, 0.30340404344674365, 0.2994443668732272, 0.28943471402362364, 0.29672816133114444, 0.2967035447829875, 0.3111255784856589, 0.30480046511448095], "coh": [-2.171577091907293, -1.9915814533909655, -1.9634997964211374, -2.0067582213249002, -1.9580461897925645, -2.1254828942089636, -2.2242149169320906, -2.187021442460247, -2.1310110890893497, -2.154537734410202]}