{"p": 0.1, "p-emp": 0.08815758807315766, "t": [206.23485445976257, 199.2849576473236, 200.9065465927124, 206.05762720108032, 205.19476890563965, 205.04991674423218, 203.75957679748535, 204.63592863082886, 198.95962977409363, 208.1437864303589], "nmi_acc": [0.38799122948901754, 0.41498347683479064, 0.3135939342789568, 0.3669934149522394, 0.4301879698923123, 0.3901803551544797, 0.41270065365786557, 0.33280520343618847, 0.3609217973662795, 0.3368241731498216], "nmi_repr": [0.2226944455806387, 0.22210957769968323, 0.2189541527647232, 0.20799567481595854, 0.21999140960519634, 0.22563311415404666, 0.22571107210620264, 0.2123442736462539, 0.19340277607006218, 0.19524541307603238], "mi_td": [1.565977352015906, 1.5129260231669377, 1.27286864410609, 1.5702795681157515, 1.593572084564186, 1.5900583347380377, 1.5795722351436763, 1.5427842421651017, 1.4874550451575164, 1.5250990133078224], "nmi_td": [0.26500991119220746, 0.258787333191772, 0.22266893449623223, 0.2645721990642988, 0.2694117052079096, 0.26787666657178477, 0.2668820435080783, 0.25989500851104086, 0.2538028977184194, 0.2581688856937378], "mi_tw": [0.8062830729972886, 0.7683467108590695, 0.7637613495400739, 0.7938596308223081, 0.8064148849646114, 0.7997316673218134, 0.8161959561833372, 0.8073753676896971, 0.7734971437863881, 0.7926532426536299], "nmi_tw": [0.15577736049955285, 0.15027451445596443, 0.15326852899899218, 0.15260939726579253, 0.15562604852649795, 0.15371988631260036, 0.1574040270454576, 0.1551772579702326, 0.15085531296827312, 0.15319605051885035], "coh": [-1.2923122269563492, -1.378526484556176, -1.4422629727885155, -1.1769488497525338, -1.3012576364651667, -1.4132704500999025, -1.2463572536912308, -1.1729791103960554, -1.3167977953920933, -1.3554606258110147]}