{"p": 0.9, "p-emp": 0.8999997129105933, "t": [49.89481258392334, 51.49317121505737, 51.80307722091675, 50.03203272819519, 52.14884567260742, 50.59567666053772, 50.80235314369202, 50.713406562805176, 51.37763476371765, 52.93901252746582], "nmi_acc": [0.08057963876368368, 0.077943919290924, 0.07750982053080724, 0.07967642903105389, 0.07421398733134964, 0.07999350974324027, 0.06631457598416077, 0.07392640178651413, 0.07500170005277727, 0.07575187647203503], "nmi_repr": [0.18145495912346318, 0.1841553125282798, 0.18028872425776857, 0.1882773773851207, 0.17382783396211135, 0.16554052464009028, 0.17024523206465475, 0.17637583228936893, 0.16603105653540032, 0.1513344257799943], "mi_td": [1.5332547760766133, 1.5661725406756841, 1.5043125890653368, 1.4267824850695936, 1.5587478063078297, 1.5133778685139712, 1.4578230020290763, 1.5552418203537874, 1.5666440536888582, 1.6564795941183719], "nmi_td": [0.2613842982979668, 0.2646476449038935, 0.25777381294468354, 0.24579797449283375, 0.2629948605922141, 0.2569196813193853, 0.25011676905455993, 0.2635677848490355, 0.2650625662316777, 0.278381583424221], "mi_tw": [1.0220477957256129, 1.0518382239326047, 1.0035336955451402, 0.9994967505086325, 1.0583588208692583, 1.0430053042980303, 1.0339436451479211, 1.019811501013329, 1.0102442439641783, 1.0143266242883815], "nmi_tw": [0.2819825876452479, 0.2860931787389248, 0.279194473970175, 0.28049748293124327, 0.2871669152098934, 0.2858273026241289, 0.28823347918086906, 0.27868785338705876, 0.2753404375985372, 0.2734773701509392], "coh": [-1.7674445307454776, -1.692217603891018, -1.8447343235412652, -1.7816827869454184, -1.9020067628704056, -1.8271007937522679, -2.155589754077436, -1.7523767229118214, -1.953646708713395, -1.7392434480409755]}