{"p": 0.6000000000000001, "p-emp": 0.5999837142009297, "t": [233.25688791275024, 234.84031128883362, 236.09478974342346, 240.23131394386292, 240.61768245697021, 235.6410038471222, 235.04693150520325, 235.44334483146667, 233.15602040290833, 233.6501441001892], "nmi_acc": [0.6339711664327622, 0.637054510722442, 0.6516783922243096, 0.6341530723997444, 0.6317650033436882, 0.6363154692262973, 0.6445258558662036, 0.637483772638614, 0.6476973592291133, 0.6449594887409432], "nmi_repr": [0.5588082776692399, 0.5342006522143645, 0.538475647578613, 0.5528603255644167, 0.5370465472221821, 0.5520312220635589, 0.5569767143490649, 0.5356445735221567, 0.5520350027239856, 0.572231947230153], "mi_td": [2.209906115676113, 2.214696457696289, 2.2080204458400754, 2.219667735576439, 2.2313998439473908, 2.2220328251198955, 2.2327659539024847, 2.2074040171514246, 2.2039731870197614, 2.222425345723043], "nmi_td": [0.36613940073174356, 0.36766096842616003, 0.36554664050491176, 0.3679217697630711, 0.3689047942067023, 0.3678277211323955, 0.3696633362648461, 0.36603250423005984, 0.36572959372515323, 0.3683896659487316], "mi_tw": [1.8660381799241026, 1.8439156994675225, 1.884314413700278, 1.8608912964670523, 1.8705696998920138, 1.8703217243522718, 1.858219492656389, 1.860904542158215, 1.8597270598742572, 1.8620318330548893], "nmi_tw": [0.2970372007173416, 0.29407510011558374, 0.29972558024584134, 0.2963456448312942, 0.29714275550821756, 0.2974697647345493, 0.29559017992830355, 0.29645942548349086, 0.2964790006950106, 0.2965356326055522], "coh": [-2.1095272108418626, -2.0081209069873114, -2.0954773600475156, -2.0378794817647177, -2.0168945731502514, -2.060879041579705, -2.068705741344671, -2.150124528407032, -1.8956849945787684, -2.0145166510314576]}