{"p": 0.5, "p-emp": 0.4998779870021576, "t": [189.4994602203369, 188.91694355010986, 187.69855546951294, 187.76250195503235, 189.18503952026367, 189.224440574646, 188.65783643722534, 186.44218111038208, 188.90048336982727, 188.51046800613403], "nmi_acc": [0.3472369707040638, 0.3204066309547477, 0.35127457080282615, 0.3269775434091087, 0.3225880532040715, 0.30420008926679254, 0.3060159872667247, 0.32687456081442956, 0.33157630954065653, 0.3229075657599864], "nmi_repr": [0.1652036770688079, 0.15309529090650936, 0.15950896277911406, 0.1640991643072126, 0.15178904507701088, 0.14685283884168068, 0.14531300198258762, 0.1630640031430931, 0.1635615277445101, 0.15529987528227665], "mi_td": [1.5614119471302965, 1.543884804374363, 1.5631492923039754, 1.5378764298059735, 1.583454067417241, 1.559341251427624, 1.576744758763448, 1.5799418549388795, 1.5301251393372517, 1.5508017999089505], "nmi_td": [0.2592572934948276, 0.25652759294899297, 0.2600687280173999, 0.2563299310235192, 0.2619473111907723, 0.2584265636119469, 0.2607001992720867, 0.2621079262712171, 0.25512104922368417, 0.2569847513032422], "mi_tw": [1.5109811888129225, 1.4780749252453036, 1.5099287935617784, 1.4770928032017414, 1.501666477932745, 1.496226976229937, 1.5006423415731307, 1.5094450805633293, 1.4752423743292506, 1.4975281723770055], "nmi_tw": [0.24312247895533812, 0.23799002531129962, 0.24342750338252372, 0.23855397076252136, 0.24075986837018448, 0.24030970206440502, 0.24047301112396927, 0.24267247409279902, 0.2383303303027674, 0.240494576225471], "coh": [-2.3815329322617713, -2.595377523004711, -2.310367333226759, -2.8430972408397084, -2.4055203737174717, -2.635185594775991, -2.529496214723924, -2.514530569721919, -2.4141051287956934, -2.4327479853495833]}