{"p": 0.30000000000000004, "p-emp": 0.29426846878777024, "t": [488.09382796287537, 480.79660201072693, 478.6389331817627, 476.32947754859924, 477.46862602233887, 486.9799029827118, 494.3331677913666, 463.5552599430084, 468.9965853691101, 469.71736431121826], "nmi_acc": [0.4004582022429446, 0.40471996863350046, 0.39400118292993996, 0.3984106723108079, 0.4185978562416392, 0.40651457286417514, 0.418740224362702, 0.4270062739049503, 0.4052073091906601, 0.42015682983607133], "nmi_repr": [0.3635373338368036, 0.37445141524031333, 0.3566671370941019, 0.3510437116422173, 0.36471686582804896, 0.35912361872705023, 0.3491211601793617, 0.3701076438631971, 0.3534173478166789, 0.3578663122214296], "mi_td": [1.548850676055791, 1.5380329856143333, 1.536757864104335, 1.5378091804587446, 1.5416422251455981, 1.5627051889030537, 1.5902000519908306, 1.5651121594008148, 1.542509937653142, 1.567525805902333], "nmi_td": [0.2585969066056755, 0.25681547039509006, 0.2555537572882649, 0.25636994544570135, 0.25778408527341096, 0.26039532012015026, 0.2640820612932961, 0.2601193819211967, 0.2576930090992353, 0.2616478480339418], "mi_tw": [1.1044582827378155, 1.104227300824226, 1.1189420657190854, 1.1082730912473415, 1.0823552810889145, 1.08443476975529, 1.0927621218970223, 1.097568027102613, 1.0947708931836302, 1.0790163230483745], "nmi_tw": [0.2142390181970565, 0.21421814123398494, 0.21604265158471592, 0.2146060618021723, 0.21032190472867054, 0.2098729235921317, 0.21065556718741565, 0.21177445982760526, 0.21250816207314144, 0.20924156107737144], "coh": [-1.4427733645654326, -1.292034412116042, -1.4362968502733664, -1.2330450736642384, -1.3676832270131392, -1.2421776379768155, -1.2908409858250551, -1.4453388593163659, -1.2934053054901287, -1.2704907046551073]}