{"p": 0.7000000000000001, "p-emp": 0.6999970508088222, "t": [178.59546661376953, 179.51028895378113, 177.54184865951538, 177.21387243270874, 180.55034279823303, 177.62888312339783, 177.49764227867126, 179.88458347320557, 177.72276067733765, 181.32459783554077], "nmi_acc": [0.6351834858897826, 0.6119337765585241, 0.6075177124878589, 0.6189339749107159, 0.6351752829327231, 0.6119989061290384, 0.6175200406632518, 0.6209829387239129, 0.6259489379396292, 0.6170318465960958], "nmi_repr": [0.5947218712873832, 0.6120870460109481, 0.5698541224733442, 0.571843809941614, 0.6103268478217415, 0.5908194260297124, 0.595231762904549, 0.5804211189826967, 0.5960078434676909, 0.5765056438146368], "mi_td": [2.431419742250655, 2.384878895688473, 2.382245207744031, 2.3710734277623873, 2.4131474841564655, 2.388122123807603, 2.3928234411403007, 2.4119697963250495, 2.3808237072988376, 2.4019603411632984], "nmi_td": [0.40529158026100826, 0.39726191204749234, 0.3968860743104389, 0.39621631149749437, 0.40249809437741285, 0.3989350851758842, 0.39882568601134044, 0.402359090379081, 0.39722387842413337, 0.4008610644270713], "mi_tw": [1.5809013039505222, 1.6187920936518336, 1.605796333539955, 1.5964392149708528, 1.5785860201213042, 1.5828526758986872, 1.6030675478796472, 1.582127122011398, 1.598599368346857, 1.576147638913595], "nmi_tw": [0.285526208625873, 0.2921530692615334, 0.289857394021578, 0.28911032499273603, 0.2853018206593426, 0.28654854277518255, 0.2895042403846276, 0.28598604158083263, 0.2890112739800619, 0.28503750265252825], "coh": [-2.0115440111001193, -1.9435225729129209, -2.0367358591373748, -1.8601717403699762, -2.014669728632724, -2.011449890947987, -1.9458991551548899, -1.937394459436262, -2.004579828629866, -2.0091248774639334]}