{"p": 0.0, "p-emp": 0.0, "t": [523.90136885643, 531.810524225235, 535.0401525497437, 535.2499763965607, 529.0266752243042, 526.449244260788, 519.7131054401398, 532.7653448581696, 517.9657967090607, 520.9656355381012], "nmi_acc": [0.4544117291318567, 0.4670811372364572, 0.45709243018149565, 0.46172171133306555, 0.4397234577827565, 0.4923951980148252, 0.42763717460621403, 0.43623289999285036, 0.4642249931732357, 0.46789276982583233], "nmi_repr": [0.3743863851314635, 0.3727168107113294, 0.36648013309920796, 0.3852813664058316, 0.3767639176769799, 0.3670298939412114, 0.35635764098718276, 0.3379968738207691, 0.3445577825363014, 0.3503956034303317], "mi_td": [1.376639283028338, 1.3848612148708441, 1.4019671116838117, 1.3646268945853426, 1.3721968812374008, 1.4012108292622771, 1.3843442961928125, 1.4356865518253992, 1.3890883914619236, 1.389093975960796], "nmi_td": [0.23150913086038333, 0.23266065431038332, 0.23633485711338445, 0.23005429903256952, 0.2313822219278845, 0.23564373819681908, 0.23158293838159122, 0.2429955154478887, 0.23307351550702024, 0.23326966287064807], "mi_tw": [1.301441005117478, 1.3233636335381245, 1.2766016970013292, 1.3140188949313434, 1.2980208354996796, 1.3029452532047823, 1.3324046507152874, 1.233245863938837, 1.2921889834714158, 1.3152814701906885], "nmi_tw": [0.24458079660063012, 0.24842491059283744, 0.24055693365457292, 0.24762452951514918, 0.24467088653918942, 0.24486629631651163, 0.24893199074100777, 0.23343571179162778, 0.24222747044279316, 0.24678700430177103], "coh": [-1.373034698546385, -1.4638637199948399, -1.385113324177815, -1.4639358936488311, -1.4201506832270792, -1.4917377545777648, -1.3395250274337709, -1.3502782399525166, -1.478094787334801, -1.393774317653636]}