{"p": 0.8, "p-emp": 0.7999996868115563, "t": [109.99674129486084, 120.24615097045898, 118.13131213188171, 121.33388876914978, 108.74342894554138, 123.14917278289795, 111.89771246910095, 112.45308923721313, 116.47186183929443, 105.98185777664185], "nmi_acc": [0.41007881758646864, 0.4230978508791146, 0.41824312270730374, 0.39677866471887385, 0.4128473278476332, 0.4025965860719727, 0.40544185552233564, 0.4105239989723841, 0.45951090637779696, 0.4335476818178344], "nmi_repr": [0.3646804790391955, 0.34328297122928986, 0.34552762682425026, 0.3326834536549787, 0.322306737360394, 0.32613676127743985, 0.35284467424459054, 0.35186968949122993, 0.35640316391201193, 0.35986361140092094], "mi_td": [2.4546693976556324, 2.5799580096280743, 2.608381060840837, 2.4963173945059767, 2.4626108646718903, 2.5316078866844145, 2.6101921724748034, 2.466522040297399, 2.4962907548028785, 2.550784410697214], "nmi_td": [0.39951674312444363, 0.416323599180672, 0.418822477108657, 0.4049968749256241, 0.40070515988168404, 0.4092379300655561, 0.42006759097441093, 0.40108023012195243, 0.4065609688223919, 0.41208377779224215], "mi_tw": [2.6095186226059677, 2.6943090997528665, 2.735033671522806, 2.61344370959241, 2.6171718510800193, 2.664313901108083, 2.709100305000047, 2.6155182839940982, 2.6186444842320613, 2.671051919757014], "nmi_tw": [0.4061259321240287, 0.4158976838396394, 0.42018046351063093, 0.40549371578972365, 0.40721584439467723, 0.4119575330103409, 0.4171029693010273, 0.4067051541100929, 0.40780520438338, 0.41275595868588005], "coh": [-2.662808591542004, -2.6415494837317706, -2.600839748287882, -2.490528389999684, -2.4258888666750376, -2.5777859377700527, -2.5664087274599563, -2.392717583262377, -2.523184544003202, -2.569986662289508]}