{"p": 0.6000000000000001, "p-emp": 0.5897215728636829, "t": [105.87923669815063, 107.1366240978241, 107.99286913871765, 110.13407230377197, 104.08417201042175, 105.76994919776917, 108.81080436706543, 105.63602304458618, 107.52890062332153, 108.37242364883423], "nmi_acc": [0.42036519832270747, 0.42532382505583227, 0.38141401467328434, 0.37377074345016176, 0.4192765479153222, 0.4357847437723764, 0.3675460632167355, 0.4187553966749239, 0.41077765222646667, 0.42462976161453625], "nmi_repr": [0.2371044093905342, 0.25032292481412804, 0.23686581412869023, 0.2250285820114207, 0.23746622985133892, 0.2581544931691269, 0.2479906686315096, 0.24530136898305488, 0.2625793962544339, 0.2543624188260637], "mi_td": [1.7547487580521282, 1.7441111742838438, 1.7540367877338254, 1.7457350006732053, 1.7666190098765604, 1.8009887134405291, 1.7062849929469415, 1.7635280655202723, 1.7608301776055513, 1.747915085353093], "nmi_td": [0.29306637169214994, 0.2922648682301041, 0.292459987003391, 0.29101403886517, 0.29521362028036585, 0.2991433416772554, 0.28597890414844007, 0.29561497054318925, 0.2936775698927144, 0.2932374990563996], "mi_tw": [1.3765721102812076, 1.3664726029704584, 1.3768963544236992, 1.369673387755913, 1.3715116600792734, 1.4327518701365856, 1.369623469443589, 1.371471946692945, 1.3975469872165338, 1.3601818101955836], "nmi_tw": [0.24999518208348084, 0.24906463309640117, 0.2496016739047037, 0.24823504170213503, 0.2492274166554149, 0.2586505346965924, 0.24968894528383426, 0.25006452260066747, 0.2534248280279567, 0.24822665382392392], "coh": [-2.1276611892229065, -1.9307653564450842, -1.8817494148389848, -1.9340248020305295, -1.932948274166932, -1.7402519573108859, -1.8735663696055826, -2.1964329083532115, -1.9465804807180302, -2.0098733439763175]}