{"p": 0.4, "p-emp": 0.3999961895406021, "t": [377.4274342060089, 366.201997756958, 370.6355495452881, 360.5150318145752, 353.8299376964569, 369.42377758026123, 368.8592405319214, 361.7224078178406, 359.613267660141, 375.228798866272], "nmi_acc": [0.40593144773485673, 0.3621443905713477, 0.4107529572844231, 0.3652765126224895, 0.3507040458563153, 0.3616026923450417, 0.4138087247380363, 0.3605841160502503, 0.37028679086544636, 0.4116755247504763], "nmi_repr": [0.33646873693046725, 0.35426862693472366, 0.34066163199984306, 0.33197038401292045, 0.3304644236505264, 0.3191490172726409, 0.3410178410805514, 0.34174134600922274, 0.32010059010358144, 0.33412964764986963], "mi_td": [1.3713108111597805, 1.3433824321862158, 1.3852836021878645, 1.3570367349396644, 1.3801790404373526, 1.336914236968007, 1.3850596903810142, 1.3322203457985775, 1.3029712230196946, 1.3874426609805388], "nmi_td": [0.23057153535548125, 0.2268820516803444, 0.23279517762403243, 0.22935818214299547, 0.23241045716003417, 0.22598120369536884, 0.23342753138372246, 0.22447224452161044, 0.21886796242047926, 0.23347245004168732], "mi_tw": [1.2823147105874013, 1.2729732907236877, 1.2662044481582315, 1.266195123715801, 1.2565027958522559, 1.280345373359281, 1.276689443715011, 1.2902225496901483, 1.3646209069617112, 1.2626242825282297], "nmi_tw": [0.25820518692240313, 0.25769309098322435, 0.25479643733751306, 0.2565489810817716, 0.25346200486746656, 0.259449060335989, 0.25779232035309857, 0.2604552529911389, 0.274458401061776, 0.25448642573055674], "coh": [-1.494198994625368, -1.6386953904814134, -1.5268420367206028, -1.5253996189474517, -1.610580152643264, -1.5716747565539952, -1.6881888507136487, -1.5719435695477144, -1.5551759143488224, -1.5255536291516774]}