{"p": 0.5, "p-emp": 0.4322086649324727, "t": [250.2320852279663, 237.14360165596008, 226.5137972831726, 240.26272177696228, 240.98653888702393, 254.88211917877197, 239.6856508255005, 247.45200848579407, 236.22233963012695, 224.39181184768677], "nmi_acc": [0.4362992885164766, 0.4304487817817285, 0.44562176859352254, 0.4221907626693419, 0.44116375341218633, 0.4078342573056769, 0.43251145932296137, 0.4743776084989168, 0.47610467451166594, 0.4160364162432983], "nmi_repr": [0.2527344925288978, 0.2581332817113149, 0.26273786458092113, 0.2695128406786405, 0.30308358919081946, 0.31805110052265084, 0.306124616590808, 0.30213413364276237, 0.27606902226780305, 0.28467732903388926], "mi_td": [1.419837395624945, 1.4378966674841844, 1.3653412949140418, 1.5055204878584356, 1.5265177613704486, 1.607901278638623, 1.476613891619452, 1.4428158825699127, 1.5206341542244437, 1.455884035367184], "nmi_td": [0.2378424643636044, 0.24148218407483923, 0.23002600192544698, 0.2524222822042974, 0.2570748900438153, 0.2687237199425243, 0.24699968405861267, 0.24195159848958273, 0.2527110807220356, 0.24631154000727185], "mi_tw": [1.8756298214778173, 1.89008718122391, 1.8467474036652658, 1.8963349750411034, 1.861043065339612, 1.8844379618569824, 1.9411317166155682, 1.8811507519930573, 1.9359442909517317, 1.8280302954041232], "nmi_tw": [0.31264726961582145, 0.31585701397586974, 0.30959052450676094, 0.3163813519501616, 0.3118599163928518, 0.31339360482141, 0.32310541436810586, 0.3139031024334756, 0.32015924617230557, 0.30773492067112324], "coh": [-2.481763037740676, -2.3540877593352514, -2.384403182715057, -2.5038757166726615, -2.320710442012386, -2.257167237313557, -2.4202690246905783, -2.3559522455520563, -2.353983351013689, -2.3827896905823387]}