{"p": 0.0, "p-emp": 0.0, "t": [589.6280999183655, 587.5257997512817, 580.809671163559, 587.1587114334106, 607.751701593399, 599.618851184845, 583.4495604038239, 584.4884881973267, 579.5768644809723, 584.6813008785248], "nmi_acc": [0.4416427269069954, 0.47047245013124583, 0.453700311909339, 0.44094216752986076, 0.4537491859033782, 0.4196785974731636, 0.4395598081697101, 0.4470024808661647, 0.444160232469913, 0.4755539881287836], "nmi_repr": [0.38648624707442214, 0.359102324652838, 0.3625924183978872, 0.3579000981935307, 0.3348344251763164, 0.3426154640464738, 0.3361719279775158, 0.3579844845462177, 0.34827680062614047, 0.33701505085950684], "mi_td": [1.3868538667498571, 1.3807618946969622, 1.4603169212846119, 1.3960337780980858, 1.3793411354575242, 1.3688220000227571, 1.427856757955236, 1.3947678515990285, 1.3893915966127792, 1.4285042936628034], "nmi_td": [0.2340132514570998, 0.23221122345187964, 0.2476573077517866, 0.23431806921965356, 0.2310162578058631, 0.23019147082625566, 0.24137947533574441, 0.23549175683845408, 0.23317848038496514, 0.239639175489031], "mi_tw": [1.283167900909978, 1.3090724795739623, 1.215991103875804, 1.284841032140965, 1.3075035726786732, 1.296005279694313, 1.2362378609481166, 1.2660557852998016, 1.2935834588258683, 1.2816262176520585], "nmi_tw": [0.24205565357703823, 0.246025397221501, 0.2306832003088284, 0.24094103780058573, 0.24459935001448296, 0.24355567486545454, 0.23368718216218867, 0.23899002275033354, 0.2425517314938669, 0.24019380082045086], "coh": [-1.4539621087687384, -1.451338444891582, -1.412943638341486, -1.495324348832857, -1.3486272088825646, -1.3466526517116146, -1.3726022764725176, -1.390695398062822, -1.4217918721273937, -1.2982093288803238]}