{"p": 0.2, "p-emp": 0.19996847236333826, "t": [416.85933232307434, 411.31765055656433, 408.9655022621155, 400.0733940601349, 413.6875898838043, 406.7277684211731, 407.9284415245056, 417.1310272216797, 410.08132767677307, 407.3955235481262], "nmi_acc": [0.35725521954882133, 0.3759592196957765, 0.3678555465989429, 0.38527698643655117, 0.3518699559365894, 0.3681904566426681, 0.3723106303264194, 0.3692013256162167, 0.3689535477369887, 0.34597004321251973], "nmi_repr": [0.29275328029576986, 0.30531737624681066, 0.30253013717893223, 0.30269066420363705, 0.30633270143150804, 0.3051751211660663, 0.31927665597952326, 0.3075817325169683, 0.31445503733665847, 0.29989908904779067], "mi_td": [1.4697080968204705, 1.483182535177013, 1.4839417624286828, 1.4887504054423413, 1.4661908115203839, 1.460724485732281, 1.4810010726180654, 1.4965894760349112, 1.4838418887356206, 1.4583932673459064], "nmi_td": [0.24439507366080235, 0.2469606660972181, 0.2466887136812942, 0.2492325390955881, 0.24417772345169128, 0.24436711670954847, 0.24735874713418063, 0.24994099295002878, 0.24785253732327403, 0.24291506569851284], "mi_tw": [0.9351643425805812, 0.9188448570441285, 0.9289824700929539, 0.8880298661038579, 0.9279176126755743, 0.9152618963762835, 0.9106122914549244, 0.8996879620910242, 0.9079105556605711, 0.9347978871989822], "nmi_tw": [0.19581938114524158, 0.19272147324635985, 0.1944522162464216, 0.18753285379507198, 0.19467092257978613, 0.19311063339543036, 0.19173810585920184, 0.1894174864442296, 0.1911880110041791, 0.1961509130807706], "coh": [-1.1933872027010053, -1.1563009771108046, -1.2450339293514816, -1.3590452241411413, -1.2402827554365712, -1.1914446080241188, -1.1946809344297338, -1.1296120263099598, -1.1661970982442385, -1.2615823830156603]}