{"p": 0.6000000000000001, "p-emp": 0.5984772777869269, "t": [277.71893525123596, 277.9360291957855, 279.32106947898865, 279.1588683128357, 280.5635344982147, 279.4554238319397, 279.17423129081726, 279.7302267551422, 276.0202717781067, 280.75053215026855], "nmi_acc": [0.38077464132340183, 0.37428748780210247, 0.385346828279257, 0.39359332606581343, 0.37835280502571217, 0.3637965593882627, 0.37735502327603576, 0.366585270051657, 0.3795365598489117, 0.37199944379615696], "nmi_repr": [0.3438814900475125, 0.3478703178901467, 0.368343623492585, 0.3734641873762598, 0.3576979063954867, 0.3404037716336624, 0.3530964306396571, 0.34294884846215606, 0.3441763703173674, 0.35447126257184963], "mi_td": [1.6814777937629632, 1.6931140965888476, 1.6914195998676151, 1.6996546188113921, 1.7018593210266346, 1.673808749685347, 1.6889282369277443, 1.7061508139924944, 1.693510491638117, 1.6777828832356074], "nmi_td": [0.28087909934327726, 0.28245226880132657, 0.28282662574478395, 0.2835677137582863, 0.2835079571134159, 0.27822626983229043, 0.2819322650300452, 0.2838606939221875, 0.282641828206829, 0.28080214987101815], "mi_tw": [1.0080383691945458, 1.0084110000742044, 0.9938208686910976, 1.0033419744743581, 1.0029937048764568, 1.035402135215203, 1.0034801625257233, 1.0168533895423035, 1.0021354581738247, 0.9861378119346673], "nmi_tw": [0.20522940572820658, 0.2049774826534579, 0.2025852200309465, 0.2039684347931406, 0.20352361901684832, 0.20954129574148583, 0.2041325008197546, 0.2060158004525456, 0.2038103157484651, 0.20124251530964193], "coh": [-1.7218093760972084, -1.7113766624564168, -1.7654105156057391, -1.7273529606453746, -1.7413098190173553, -1.7729881696718834, -1.6710228452942695, -1.7824051151081282, -1.6983398821250701, -1.7075380516319563]}