{"p": 0.4, "p-emp": 0.3999961895406021, "t": [177.9513282775879, 186.58618712425232, 199.24094605445862, 188.3172059059143, 174.82117176055908, 180.18591046333313, 194.76387095451355, 193.21529507637024, 187.95129346847534, 183.72785639762878], "nmi_acc": [0.18327344169315243, 0.240618628232249, 0.2647249009429255, 0.29650773662305535, 0.2219467245899648, 0.17435508891091156, 0.2513800514188536, 0.21239484978637213, 0.23234293415977886, 0.17741086580107715], "nmi_repr": [0.2887490190303529, 0.22726571912103619, 0.21599275044725172, 0.2270286232992537, 0.2395813102304119, 0.21279359006997922, 0.19294172121137945, 0.22377333068274433, 0.25403107374867295, 0.2795728243974205], "mi_td": [0.8681053085247206, 0.8516062317133669, 0.9659707523871007, 0.9346943600709716, 0.8826453692030474, 0.7843661508016115, 0.9484074917626898, 0.976682174981081, 0.8702737257330296, 0.8933882463485789], "nmi_td": [0.15465699552930787, 0.14865401835964698, 0.16657830956275457, 0.1622542196380767, 0.15591762651869015, 0.13884250020128439, 0.16490135382523444, 0.1701046044857223, 0.15338961714559865, 0.15876159027932416], "mi_tw": [1.442832733165115, 1.573572499261408, 1.635123317355096, 1.590730417101736, 1.5547842217186567, 1.4446295598068783, 1.5313506348556456, 1.580657384972429, 1.574163189696153, 1.497903972555563], "nmi_tw": [0.3114976778045903, 0.3314458235811976, 0.33939780050547075, 0.33282368927438405, 0.332233558389252, 0.30946553268881904, 0.32102554139202627, 0.33203761967458584, 0.3354682207849896, 0.32240360736046675], "coh": [-2.6107710256253545, -2.516236867148322, -2.4595963917525037, -2.542109317387973, -2.3716486896593048, -2.4228503830347425, -2.5341545810851307, -2.35925693162931, -2.485924832211567, -2.530420260963429]}