{"p": 0.9, "p-emp": 0.8999955370646778, "t": [71.48524165153503, 67.91396284103394, 76.22316098213196, 92.5706079006195, 73.89666485786438, 88.4516327381134, 78.92761278152466, 68.8426411151886, 68.80048418045044, 70.85833287239075], "nmi_acc": [0.10342540411610039, 0.08546085922660006, 0.10825804114593794, 0.08767833071677444, 0.10930079537809044, 0.12911443043821352, 0.10591704289321077, 0.10267077086601348, 0.09879668060268061, 0.13022533324453892], "nmi_repr": [0.12044516819383384, 0.12197315738801255, 0.11675933214383025, 0.1174370071506258, 0.11254040880395534, 0.12349802838115177, 0.14129678984438104, 0.12629746271140901, 0.12194484888539464, 0.128578651436465], "mi_td": [2.7263420900282007, 2.703814105921639, 2.7636936985727214, 2.7935404950413423, 2.806912482798023, 2.7973833524970124, 2.810688082115623, 2.7153005740891083, 2.570488866283255, 2.676102211299183], "nmi_td": [0.4288044617257913, 0.42547080341423155, 0.43307713848057255, 0.4363096836560726, 0.4386043883524119, 0.4377980892516059, 0.43874305044258227, 0.42726412677622, 0.4083084535561638, 0.42262161483854754], "mi_tw": [3.0506864276853016, 3.0430062302646195, 3.091734781093422, 3.108530980267125, 3.1129733633188286, 3.1114320452385114, 3.131964774391028, 3.0487595125740112, 2.9557902114079977, 3.0196121461200383], "nmi_tw": [0.4257343119987256, 0.4248482039643611, 0.4300512112645868, 0.4311205357003812, 0.4319169557211796, 0.43230169275706903, 0.4341554229903663, 0.4256389120286851, 0.41612354186080935, 0.422924097338708], "coh": [-1.964093836926777, -2.0269294999130816, -1.925600427645154, -1.8876018648923873, -1.9448010051667728, -1.9011496321793748, -1.8934020721864133, -1.9061004662696932, -1.98792132200189, -1.9334550439571494]}