{"p": 0.1, "p-emp": 0.04999896908803958, "t": [347.7979567050934, 339.1318802833557, 334.20531463623047, 349.5129191875458, 311.10500741004944, 322.8114438056946, 363.68674206733704, 342.7961070537567, 378.19598722457886, 372.26021003723145], "nmi_acc": [0.1901303396097349, 0.241949800198521, 0.27279101732377625, 0.2734017228465651, 0.2679814622022238, 0.22033244606442784, 0.16413011225736035, 0.30717598317789674, 0.26454161003355625, 0.3215340583209142], "nmi_repr": [0.24010329173598405, 0.28505090759750307, 0.25588127433377417, 0.2574861361238242, 0.24302911926788986, 0.26796708859922297, 0.28724368532145306, 0.2649882539429914, 0.2430005804447558, 0.23815389783035557], "mi_td": [0.8013907352828654, 0.8186584883451402, 0.8164727391365049, 0.8493151811473845, 0.7181976135789488, 0.7891706582811131, 0.8281230286345854, 0.813851155203456, 0.8912883479601118, 0.888500112395196], "nmi_td": [0.14309004410674425, 0.14375066464744443, 0.14392897768259005, 0.1480883558131301, 0.12816833392674076, 0.13948739891709486, 0.14725797925089362, 0.1414011995160744, 0.1544697382719488, 0.15398933757849967], "mi_tw": [1.3530868717129296, 1.4621542455488652, 1.475138085911038, 1.5056443485053632, 1.4271786956846333, 1.4587703211771212, 1.3906733004277883, 1.5939389980148742, 1.553424031513975, 1.5043551761748735], "nmi_tw": [0.2821471891867557, 0.2990052502849152, 0.3030387303872473, 0.3053881141709483, 0.29741424968686303, 0.3006087186216583, 0.28859965122199943, 0.32196300359988733, 0.312871171742188, 0.3029948102374846], "coh": [-2.20647060512732, -2.1534045380646147, -1.9930863282779796, -1.9465787805692971, -2.236188745127466, -2.171460170982674, -2.2804691830515673, -2.28296950633041, -1.9613425510827305, -2.1564124617269647]}