{"p": 0.9, "p-emp": 0.8999994519202236, "t": [45.14202356338501, 51.82961702346802, 47.09125328063965, 47.596704959869385, 61.400710105895996, 61.04296040534973, 52.650973320007324, 50.49432396888733, 44.40489721298218, 61.9665641784668], "nmi_acc": [0.3795616945755899, 0.39526863614245367, 0.41365702368524787, 0.4065518543755852, 0.41024686882611955, 0.4001214343607519, 0.387070827985915, 0.3805739954669526, 0.3472385156399871, 0.39906162649277566], "nmi_repr": [0.40297225297655614, 0.44318163003069944, 0.5089399583854165, 0.529002246587745, 0.48772274760636064, 0.49045041069149603, 0.48397686317417726, 0.46077171477095374, 0.4337592431032262, 0.4522410482755127], "mi_td": [2.137033259086006, 2.255099804357992, 2.2772382926391135, 2.09292925594026, 2.3512513937577886, 2.214237920829963, 2.282052446878134, 2.2291708303218383, 1.9144527267210032, 2.2396200264628803], "nmi_td": [0.37600482581817046, 0.3924850326494411, 0.39756181455598744, 0.3722246615688362, 0.40678825820260905, 0.38769810361809437, 0.3960213578216009, 0.3896091818785839, 0.34532453994883, 0.39250632889175857], "mi_tw": [2.0751289102075368, 2.17629180883525, 2.1486052636362243, 2.0196633452475568, 2.2288604430788155, 2.1461678546912784, 2.185508313226696, 2.159506085148683, 1.88805314764291, 2.142002787569765], "nmi_tw": [0.4196386798600908, 0.43463184604006644, 0.43062349052060744, 0.41350368436825663, 0.44209837180439754, 0.4315853913334821, 0.43501714473362973, 0.4333688362699305, 0.3928995850335843, 0.4312070776803279], "coh": [-2.506555190141179, -2.3506596879103943, -2.339242028417381, -2.321178324180966, -2.5388498512277193, -2.468591352853933, -2.2865316170363266, -2.3193336638559106, -2.5943373981535074, -2.531566709003513]}