{"p": 0.30000000000000004, "p-emp": 0.26323723580923586, "t": [313.95102524757385, 305.646817445755, 336.09928464889526, 307.44692397117615, 308.73310589790344, 295.6924104690552, 282.88026118278503, 312.03640389442444, 311.8141164779663, 288.9843862056732], "nmi_acc": [0.3856638398343504, 0.3099393742256361, 0.3111200873403386, 0.33867636357978836, 0.345336547991091, 0.2667052444886297, 0.29813095545319274, 0.3386503446636764, 0.32318617008319384, 0.3641623672877831], "nmi_repr": [0.2749026264178977, 0.2774408346529883, 0.3041483137230494, 0.30505345966743086, 0.28234786432026376, 0.2792789861775128, 0.25271245607852305, 0.26984212969983107, 0.31901568031196065, 0.31159721589193795], "mi_td": [1.1143628098739127, 1.0964808196288776, 1.2530570435799087, 1.15079480963299, 1.1414522946972803, 1.0895897342969993, 0.9960484873479044, 1.2352573852019915, 1.1477782702696286, 1.1616763360255493], "nmi_td": [0.19024623600352217, 0.18986254540497188, 0.21455237261757293, 0.19721203506265286, 0.19657472131069195, 0.1893572086373835, 0.17389837855363552, 0.21001641823155304, 0.1984202763974093, 0.19953536720879497], "mi_tw": [1.812129031364682, 1.7334328200665123, 1.746887822479282, 1.7730905110472184, 1.7263682328450354, 1.6481043812525447, 1.6013022080086985, 1.816138663504112, 1.705775045440342, 1.7732292513419863], "nmi_tw": [0.3335195807367368, 0.32394530133675364, 0.3225297499560216, 0.32767094526686175, 0.32073221427593446, 0.30921139397985076, 0.3019253153032214, 0.3327728184577564, 0.31821450841566207, 0.3285107248003688], "coh": [-2.188320102882171, -2.4201187967999216, -2.2719323214905254, -2.272991151948687, -2.3459347618763102, -2.5102911613218875, -2.375230345009284, -2.440615736494921, -2.2121974957323665, -2.3551088943286738]}