{"p": 0.9, "p-emp": 0.4322086649324727, "t": [180.36082863807678, 178.42707514762878, 177.59412050247192, 175.69320940971375, 180.50525212287903, 177.26491737365723, 175.5739848613739, 176.20001459121704, 178.7678074836731, 181.55779933929443], "nmi_acc": [0.39374179583452923, 0.38719553934603174, 0.36303493328624503, 0.39347944682936237, 0.3384940085458867, 0.34633955596430965, 0.37061235175096763, 0.4266811386237705, 0.3735141732922165, 0.39538048754576577], "nmi_repr": [0.2148803039101683, 0.22012537809087748, 0.20500096486169864, 0.1945650573237401, 0.18346574278025926, 0.17178356125060038, 0.18863047341645245, 0.2049827643293678, 0.2061539078005869, 0.19457460981204386], "mi_td": [1.612002214376852, 1.624842637313539, 1.6384721582465132, 1.605175713955578, 1.5873042894569342, 1.562448892401856, 1.5797367673776945, 1.617056489244303, 1.6026245892605222, 1.572865519142083], "nmi_td": [0.2680826911759663, 0.27021439714291917, 0.27052680577006355, 0.2671124859749648, 0.26256702292712664, 0.26084320510343983, 0.262922833589844, 0.26920634123412784, 0.26647990040120667, 0.2622281978472225], "mi_tw": [1.3909952381581947, 1.39482359723463, 1.4034804594280317, 1.393722603331217, 1.3868409698351805, 1.3650170239725343, 1.384865939815571, 1.4020921110805422, 1.4020628518752833, 1.3793853503429632], "nmi_tw": [0.23019768355276252, 0.23082809020117834, 0.230603039226061, 0.23079096612370448, 0.22829171086213368, 0.22676486195145276, 0.22936218266675812, 0.23227719379431971, 0.2319918071445549, 0.22884438725772596], "coh": [-1.8814529802465874, -2.120451625698103, -1.956102361115099, -2.2732641435238845, -2.24900330510182, -2.3063263559647535, -2.331703626244803, -2.07662467004631, -2.120171710816608, -1.9768542509006024]}