{"p": 0.6000000000000001, "p-emp": 0.5999837142009297, "t": [229.06718754768372, 218.10190391540527, 202.78263211250305, 196.9303731918335, 217.58349680900574, 215.15489101409912, 204.30370426177979, 213.29758763313293, 214.35458159446716, 217.6734962463379], "nmi_acc": [0.46020857126173276, 0.5305546323263917, 0.4472200637016897, 0.49233633277640804, 0.5376848001231161, 0.49801305423876313, 0.475360218704336, 0.5374114908018759, 0.4770474885154189, 0.49636407484235434], "nmi_repr": [0.3106407073470168, 0.32199357660203365, 0.31553113918568537, 0.2977067681873616, 0.32992075172705665, 0.33964483183505956, 0.30932215642735883, 0.3280774598061546, 0.30245337472481115, 0.2835933833545398], "mi_td": [1.8945916487222592, 2.1067232364021886, 1.849742853836263, 1.929147588444318, 2.0480440015350245, 1.9735168789976618, 1.9669154629267456, 1.9821994183839855, 1.7703286420799096, 1.966486059845222], "nmi_td": [0.31249117409926247, 0.34178342842254683, 0.3053592855016513, 0.3175506358382179, 0.33368651100979174, 0.3242573449756918, 0.32169063989551355, 0.32541305416046445, 0.2947095972767816, 0.3223326959207143], "mi_tw": [2.124117524169524, 2.2256665381684315, 2.132498770597283, 2.137535583882865, 2.2019231331471367, 2.1448356227171805, 2.1901058349074374, 2.165331639665236, 2.056371717789606, 2.152647785941731], "nmi_tw": [0.3366624779064213, 0.3471969216809331, 0.33827339341063245, 0.3381341660748834, 0.3449072095303427, 0.33868991794451114, 0.3443139618331978, 0.3416531146938672, 0.32883525244761846, 0.3391454528111062], "coh": [-2.6379710497312985, -2.397642966968848, -2.612327742924384, -2.399476228429775, -2.359348429102159, -2.4781426838838168, -2.442221832753667, -2.5461265674953983, -2.683771483912622, -2.6978957586964927]}