{"p": 0.6000000000000001, "p-emp": 0.4322086649324727, "t": [246.63932299613953, 264.12695574760437, 248.80455017089844, 264.8059344291687, 283.4392008781433, 244.5646209716797, 259.6543700695038, 268.5187599658966, 259.0673589706421, 263.8653509616852], "nmi_acc": [0.41231337501778237, 0.4674065781327237, 0.45389024987967813, 0.4392003591125459, 0.4622337695724833, 0.45075818108814275, 0.4797107553189182, 0.4422905387021765, 0.4448505726656457, 0.4387428809335508], "nmi_repr": [0.2377625721485567, 0.2520580366099287, 0.27680500483392456, 0.2671858781654315, 0.28089001933745966, 0.26396289830088066, 0.2839556595644493, 0.2854968146256447, 0.3048401959848863, 0.29544667487987814], "mi_td": [1.3762292609122673, 1.5699309764072473, 1.4315902001289453, 1.540751386509018, 1.5261275229866031, 1.4088101991267903, 1.582389511201836, 1.4899115941201067, 1.515461233307744, 1.4581842086546724], "nmi_td": [0.232052116807183, 0.26064520077474507, 0.24010048738173748, 0.2557282273961761, 0.253487411852354, 0.23613017047788118, 0.26360989518900046, 0.2484840413633514, 0.25457498134544687, 0.24464264879024114], "mi_tw": [1.8089250775995376, 1.9657321071335248, 1.8696045798163548, 1.951392078383548, 1.9550028295237314, 1.887673411426509, 1.9440117537999848, 1.9230336261247276, 1.885632515380301, 1.8831657210395165], "nmi_tw": [0.3034995180336742, 0.32476502679803143, 0.31201698405493694, 0.32230495980794616, 0.3231377925478056, 0.31483380304302255, 0.32226691333370605, 0.319147172989899, 0.3151945201462255, 0.31438495115507925], "coh": [-2.4083296369265748, -2.391498761381532, -2.331492431417222, -2.202679980193271, -2.4166493893310257, -2.312392455603795, -2.30790406385881, -2.377492782755962, -2.3187684346073207, -2.3985918089030607]}