{"p": 0.1, "p-emp": 0.04999896908803958, "t": [648.1329827308655, 648.1781034469604, 645.3346705436707, 656.0088045597076, 641.9294393062592, 647.0519683361053, 650.8942041397095, 647.0204138755798, 659.6832387447357, 656.5313701629639], "nmi_acc": [0.42927908960227706, 0.4688343657157813, 0.4536369861253497, 0.44874436267405904, 0.4608732109499702, 0.455072983706665, 0.4567992852964612, 0.43549600527377574, 0.46308637779368345, 0.46278192609278196], "nmi_repr": [0.34588280352140477, 0.35327256964604026, 0.3602936650530896, 0.37125462814629157, 0.36006251383387755, 0.3765810984327849, 0.3696478138927121, 0.36831182854821637, 0.34143912864071707, 0.3476420292160155], "mi_td": [1.4451261210637998, 1.477092839920368, 1.4619242214803807, 1.46432789245684, 1.4758329758820152, 1.4731893544977885, 1.472200229754654, 1.451320993441046, 1.4916055972232547, 1.4760735367721285], "nmi_td": [0.24257354614802115, 0.24727727079119444, 0.24521991389161707, 0.24553461640128932, 0.24768245797344357, 0.24750588414280497, 0.2471220868396103, 0.24313070205849993, 0.25017954002740855, 0.24750219006334634], "mi_tw": [1.149288689071874, 1.1458998044566757, 1.1452331971312195, 1.1342766974231107, 1.1311899149668354, 1.1253385100496311, 1.12795690610633, 1.1476825314691619, 1.1101099231118883, 1.1359662135944966], "nmi_tw": [0.2230524502222058, 0.22170837391117612, 0.222083898146925, 0.21986760904947078, 0.21949331726268057, 0.21863070745456867, 0.21891648269832817, 0.2222306063308345, 0.21525382368303467, 0.2201931449391913], "coh": [-1.2871777799617612, -1.3430335721818587, -1.3998616778100403, -1.3897676789994093, -1.3402598882660255, -1.383327960754633, -1.3637963995375533, -1.27232634106401, -1.1855950889986102, -1.336734518905403]}