{"p": 0.1, "p-emp": 0.08724881960580533, "t": [604.5671060085297, 609.4093585014343, 607.4112219810486, 612.0824325084686, 609.3962574005127, 616.6951577663422, 609.9624717235565, 609.5500733852386, 606.2329614162445, 605.4292726516724], "nmi_acc": [0.45629528659616053, 0.4515766991006172, 0.45663855473743636, 0.46702698119731084, 0.47119691604881275, 0.46945061172605385, 0.45719751898795163, 0.4452403307284499, 0.47510280714614, 0.4548359282147681], "nmi_repr": [0.36811126200697725, 0.38249610820424335, 0.3681922181849852, 0.38968709126415335, 0.4075041113144322, 0.39872981017780984, 0.38503780548975325, 0.38302064037185896, 0.3917651188172126, 0.3894146204530151], "mi_td": [1.4126624269885806, 1.4648947318707355, 1.4228883364016736, 1.4334060648209481, 1.4339840984476848, 1.4546114493421503, 1.4093257403101893, 1.4234729371036015, 1.4388395197247215, 1.433392960472362], "nmi_td": [0.23741716766540064, 0.24734177154179743, 0.23801398751985514, 0.24119990138639466, 0.2407959464929467, 0.24500380436867408, 0.23588223185568905, 0.23984270005929118, 0.24072709622882563, 0.24055754168769328], "mi_tw": [1.3756504460792687, 1.3341701798927161, 1.3982008854824106, 1.377593650037144, 1.3833588594704922, 1.3527062062261916, 1.4005031306357636, 1.3692971793045983, 1.3940355907820312, 1.3788310864657116], "nmi_tw": [0.24972830943721672, 0.24341668419573997, 0.25253636559528897, 0.25041354885258643, 0.2508973625559133, 0.24614537123923622, 0.25311083590763134, 0.24925824864252782, 0.25183473457572114, 0.24992003643289876], "coh": [-1.4291762601692155, -1.3651968086249395, -1.3413470621183001, -1.4442635687802616, -1.4132084213147438, -1.3623181202675934, -1.4483652031339298, -1.3761086818032389, -1.3748962743704591, -1.3729784112258931]}