{"p": 0.9, "p-emp": 0.899999973900963, "t": [67.13352131843567, 66.08080434799194, 54.51498818397522, 64.93769955635071, 57.351884603500366, 65.39252471923828, 57.43208599090576, 70.65312385559082, 66.17191553115845, 61.0620174407959], "nmi_acc": [0.3095674593815093, 0.30426390557906946, 0.2979491562925586, 0.33395680509604536, 0.3021826731038563, 0.2816414744780564, 0.2680310838889496, 0.29980303976079437, 0.30597019607450177, 0.29674839937225334], "nmi_repr": [0.3736922329080313, 0.37509783886106485, 0.37311328328270044, 0.3859606306770312, 0.38061245845139235, 0.3627300461880032, 0.32937049820453057, 0.34447251206164703, 0.3732688099672501, 0.3559121034490257], "mi_td": [2.8299611671247744, 3.0077268503641084, 2.9310834469030853, 3.037269833496725, 2.9659346913351308, 2.8516292142933586, 2.865395591423233, 2.970275909223249, 2.954931765344816, 2.9274209724549167], "nmi_td": [0.4646465881308297, 0.48670786340094224, 0.4769673230331461, 0.4896831984210376, 0.4812403050049815, 0.4657549683949447, 0.46756473631012024, 0.48099775734431877, 0.480379468793722, 0.47488508699991383], "mi_tw": [2.870774779837327, 2.9882518433991097, 2.957352150655094, 3.0316685071429985, 2.9873334744264612, 2.9017908738579625, 2.9005385313955916, 2.9821627514453044, 2.9709925653122413, 2.9468184409914455], "nmi_tw": [0.46743573955937967, 0.4796005759186699, 0.4772831221608203, 0.4847961014814349, 0.48073645525199526, 0.4700347034841054, 0.46939508022394355, 0.47896914956966635, 0.4790210728919859, 0.4741114769690809], "coh": [-2.731076671191606, -2.5019363212203354, -2.790103228712373, -2.537007238942203, -2.701762475610926, -2.694328790142879, -2.650654818669637, -2.556646258229046, -2.6433982581630318, -2.66842914977853]}