{"p": 0.6000000000000001, "p-emp": 0.5997509107911427, "t": [110.45165634155273, 112.3890175819397, 111.24365997314453, 114.43716359138489, 112.28712153434753, 111.1081051826477, 108.901043176651, 110.31443953514099, 115.50542950630188, 110.84746599197388], "nmi_acc": [0.10255214899069046, 0.09947050890978555, 0.08944286147181377, 0.10035010123984808, 0.09251447339779875, 0.0840796624145244, 0.10115277090161191, 0.1014769378096409, 0.09571911944303062, 0.10983816489548824], "nmi_repr": [0.1334220057523612, 0.13365795142079337, 0.1276586690158643, 0.1323117526203369, 0.13037458018410375, 0.12876920104464845, 0.12776489112890843, 0.13347254938872466, 0.13372464023293193, 0.12721662052077198], "mi_td": [1.5628440863004882, 1.482508868057144, 1.512066411165922, 1.5481304374391593, 1.5421405541135518, 1.5364324028943, 1.4544005502016897, 1.558874892224494, 1.5655905742745009, 1.613111928326226], "nmi_td": [0.2587849661813949, 0.24728198187064157, 0.25219600235660217, 0.2581903476248348, 0.25548125114280684, 0.25563364766771224, 0.24231283290442926, 0.25825874891021383, 0.2596755563986803, 0.26613039592412535], "mi_tw": [0.40275923765716626, 0.42399507591069957, 0.4047236461171313, 0.3789255925983295, 0.412434929749465, 0.4027084319048485, 0.44740579377797207, 0.40311716130351805, 0.40714707159036756, 0.3820971498724398], "nmi_tw": [0.11293956208840047, 0.12037779955612923, 0.11489384904640877, 0.10755553738129976, 0.1157482875876113, 0.11384699911362027, 0.12677444931112675, 0.11313713277036612, 0.11449538537072908, 0.10648278891138278], "coh": [-0.7001849753498885, -0.7581879557638577, -0.7027071180904316, -0.6705070359268184, -0.7043705713339643, -0.7126087383236406, -0.6906681908936937, -0.6731454264779929, -0.6901500547955881, -0.6704094856590971]}