{"p": 0.0, "p-emp": 0.0, "t": [378.58753514289856, 337.0356225967407, 347.8119819164276, 352.26971459388733, 363.9878284931183, 356.6350874900818, 351.0959737300873, 355.78581047058105, 334.201016664505, 351.3450925350189], "nmi_acc": [0.22166348008273873, 0.2665151899868297, 0.1769428479999201, 0.22402989866439388, 0.20164336543271077, 0.14379060929681722, 0.15103548892029361, 0.2204962988253365, 0.12160253584859662, 0.11415478565212543], "nmi_repr": [0.27061722337567123, 0.26983410376822475, 0.2765220559542961, 0.27369525017146434, 0.28318037116044686, 0.28624957487391567, 0.2976327243903026, 0.2928866565299773, 0.31320805597429363, 0.34113882648558547], "mi_td": [1.013366532134651, 0.8999652098903658, 0.923863245190512, 0.9385580035645009, 0.9760426206727754, 0.9249511138364255, 0.9636849070286275, 0.9796998149217176, 0.8918673539177393, 0.9312103710737308], "nmi_td": [0.17529671694199694, 0.15810607390110595, 0.16333348063040187, 0.16490301426112533, 0.17068806909661632, 0.1649797400885062, 0.1709267960559128, 0.1715290527567631, 0.16164682129775076, 0.16777396982006892], "mi_tw": [1.6594155494444953, 1.5985218086147184, 1.4951112665977, 1.51225162797335, 1.6112926539471806, 1.3984442583279413, 1.4636666336527835, 1.6016833334337122, 1.289558824619885, 1.3197126811905167], "nmi_tw": [0.32186652318546743, 0.31548331157365056, 0.29717750923183367, 0.29849154831145186, 0.31637273896426404, 0.2807450147939758, 0.29198962297852415, 0.3149011535926599, 0.2635991898506409, 0.2679552339643299], "coh": [-2.1273567173804944, -2.30324953168996, -2.0625589813430745, -2.065390855239179, -2.2379237307651354, -2.368947427402042, -2.3868975314138923, -2.1512373861422476, -2.3666183699221928, -2.432756677479527]}