{"p": 0.4, "p-emp": 0.3995532888831935, "t": [206.13033747673035, 207.09208154678345, 204.48426508903503, 205.5152449607849, 204.1141321659088, 205.55914783477783, 204.44707489013672, 203.8242061138153, 206.72269463539124, 205.87178134918213], "nmi_acc": [0.40434588869676036, 0.3784214590233992, 0.40043895256013623, 0.38118639170387486, 0.3996163309743516, 0.3268971937318428, 0.39309178019202057, 0.3770341825587465, 0.4010098692933596, 0.40299143788149455], "nmi_repr": [0.1852636230571259, 0.19886686699962222, 0.1961974765963195, 0.2074846121420852, 0.20599709206135097, 0.19326074547443467, 0.20078262004258865, 0.20396849869051928, 0.19521789722501207, 0.21338018675278797], "mi_td": [1.6346447669070605, 1.599268000568698, 1.5852346390806322, 1.6131625468771063, 1.5550730470864942, 1.5425594992183123, 1.6041455386806216, 1.6382196731459333, 1.6033199814889527, 1.6452663270850907], "nmi_td": [0.27097146434830843, 0.26563562351456327, 0.2649465784718981, 0.26860385316255686, 0.2611639004760043, 0.25841048379922654, 0.2675844499573745, 0.2703619013661441, 0.2674299355633135, 0.27269734705586046], "mi_tw": [1.3543844315790474, 1.3242056859182718, 1.3184655235793445, 1.324412977112678, 1.3113895017125465, 1.3206428347721624, 1.3487175221383338, 1.3630911151902183, 1.3242847593390445, 1.3568150815261497], "nmi_tw": [0.22235454804896007, 0.217829195105796, 0.2182242549348637, 0.21839505119790636, 0.2180937157635433, 0.21908534372768745, 0.2228003108987808, 0.2228027888050116, 0.21875054734958788, 0.22272542347866836], "coh": [-2.1696239286275327, -2.3407034087697465, -2.458988316119479, -2.1554364466451603, -2.3298356242213893, -2.396637961471634, -2.2385286962035975, -2.09707705083508, -2.2229439965970874, -2.179131514293168]}