{"p": 0.1, "p-emp": 0.08087491279659276, "t": [355.9323375225067, 343.63453698158264, 350.1639907360077, 348.1395890712738, 365.46256136894226, 327.3847358226776, 362.2401623725891, 348.66647958755493, 373.18718433380127, 355.405246257782], "nmi_acc": [0.21117330661159947, 0.21497068497813004, 0.23505963370697536, 0.16010086725912756, 0.20711834875642643, 0.1488881762649564, 0.21686708178241135, 0.19120541433946256, 0.191027730922654, 0.1944563530084268], "nmi_repr": [0.2780925861271235, 0.2982644325296199, 0.3061116783506284, 0.31092888252585976, 0.32679464036154665, 0.28977863053872993, 0.2804363357878131, 0.3003487384894356, 0.30649731608922, 0.2949120552622342], "mi_td": [1.035112077538887, 0.9528995584985266, 0.9865069509422801, 0.9577665055769874, 1.0170998963817173, 0.8553153422417273, 1.0425521707312975, 0.9529434580392852, 1.0475043484602689, 0.9761189972512375], "nmi_td": [0.180531175350754, 0.16853621720485318, 0.17262859127730068, 0.17085551424723094, 0.17963115948728814, 0.15302103825338378, 0.18194275642708518, 0.16889289816230416, 0.18432632317379252, 0.17113232133480777], "mi_tw": [1.5983097768378598, 1.5004474088957322, 1.58820061722051, 1.3929652105525119, 1.4864444152808765, 1.3926730176341287, 1.5913792264375846, 1.4612155370971942, 1.4907019769865169, 1.5442883291824734], "nmi_tw": [0.30312926847804295, 0.28893805463373584, 0.30230604233968034, 0.2707569110503095, 0.2857912158156801, 0.2715542792744846, 0.3020205826879993, 0.2820175974137317, 0.28547241522615957, 0.29454950302135124], "coh": [-2.1819320431512708, -2.326882591428242, -2.437223344564728, -2.319132854835448, -2.3665500921873486, -2.422545813197482, -2.544723640318489, -2.5262862755097215, -2.44875197469001, -2.4670068546478627]}