{"p": 0.8, "p-emp": 0.7664196218823722, "t": [145.07835030555725, 146.42195200920105, 142.02021408081055, 146.56320452690125, 145.4665994644165, 141.6996157169342, 143.58217334747314, 152.41271352767944, 144.26969265937805, 143.42223405838013], "nmi_acc": [0.11061343766237208, 0.10996909622866309, 0.11028525778585387, 0.11218972409013642, 0.11862694590423382, 0.10910513595189937, 0.11848196232687622, 0.1118621673875838, 0.10222618912612859, 0.12080700913813308], "nmi_repr": [0.24621860121165987, 0.23089125604126098, 0.23534820168581785, 0.23702969310113886, 0.24259363059922587, 0.2500870052959924, 0.24604576879209858, 0.23798684369719553, 0.23624882892181848, 0.23013529994621162], "mi_td": [0.9809415165897387, 0.9896877086745612, 0.9664026550551916, 0.9497297476014005, 0.978460772646157, 0.9382891101209463, 0.9847952810890341, 1.0210557897106785, 0.9298268808287565, 1.0574892492388122], "nmi_td": [0.1663486432844956, 0.16757509155991007, 0.1637317862201296, 0.1616339035008546, 0.16592023204587789, 0.15959734638481723, 0.1678937515005056, 0.17279128511510677, 0.1578996121629321, 0.17974332396268305], "mi_tw": [1.2602882972673455, 1.2467073538535396, 1.2908809183310974, 1.2502520119853424, 1.2655588306870331, 1.3060109429433056, 1.198617308001892, 1.240895093369339, 1.3223910892843629, 1.145552556428269], "nmi_tw": [0.3481242322386655, 0.3435155650380347, 0.35603862525062036, 0.3473759548156553, 0.3495535797220898, 0.3625364378127752, 0.3339780200512543, 0.3416081518944881, 0.3661058018028658, 0.3176219482129802], "coh": [-1.7225276873129935, -1.8279235547923771, -1.8138369430780394, -1.8695689006597238, -1.8593386943256411, -1.9842855016239909, -1.7404989654911014, -1.78291286804119, -1.904315054880173, -1.7737470608873942]}