{"p": 0.6000000000000001, "p-emp": 0.5999996346134824, "t": [238.19972252845764, 240.35356974601746, 237.9704394340515, 246.2028365135193, 236.72514843940735, 241.47050786018372, 246.65049815177917, 240.65334033966064, 242.92657589912415, 255.2377758026123], "nmi_acc": [0.25655170571284364, 0.2802402981686002, 0.2758467815173663, 0.30567457773730256, 0.2766787092957278, 0.2855256741086576, 0.2699474825048061, 0.30751535557604015, 0.2705850869524725, 0.2591131017596797], "nmi_repr": [0.2974788650586326, 0.2990073154835624, 0.29756172989081947, 0.27768406382933697, 0.2695792961360859, 0.2822677786789453, 0.2875262950263704, 0.2700403397021122, 0.273313892755855, 0.2995840765391772], "mi_td": [1.2402786741145237, 1.2880742853227816, 1.2827418492678688, 1.3080116285367873, 1.2920995624414593, 1.2756046558975758, 1.27531374974603, 1.30908589760132, 1.2651123201716539, 1.2086103314510714], "nmi_td": [0.21064431177963772, 0.21694477397465092, 0.21748000817624882, 0.2213324167161219, 0.21752116195161078, 0.21592310147790744, 0.21488689021755136, 0.2205981857087582, 0.21392671275992817, 0.20511317052743577], "mi_tw": [1.2352636413318514, 1.2310737802763079, 1.1901994766298685, 1.183887383927235, 1.2170978523092746, 1.2211577724712885, 1.226977161497711, 1.1785236276803102, 1.2114711323457361, 1.2705089066988096], "nmi_tw": [0.27799716155073306, 0.2740132084087377, 0.2672430386236752, 0.26514052657684833, 0.2707353678929174, 0.27361222703031984, 0.27325483969311065, 0.26249664306500065, 0.2710722758539241, 0.2856473346037848], "coh": [-1.7039105971879365, -1.6897856056672793, -1.6712632259006324, -1.5522609176576803, -1.6157966053305342, -1.6862918863529963, -1.629611925255097, -1.58286073654793, -1.6988718782139087, -1.5682033082202198]}