{"p": 0.4, "p-emp": 0.39956686038241873, "t": [358.5173559188843, 370.2317991256714, 363.4887993335724, 365.7294533252716, 364.8301749229431, 356.3814227581024, 358.073096036911, 353.4416735172272, 377.0244116783142, 371.5797019004822], "nmi_acc": [0.5754795062993872, 0.5854476973457863, 0.5599601470664075, 0.5810268423327504, 0.5723688091206249, 0.5822406710165586, 0.5890071337474763, 0.6027853029742444, 0.5920555552057392, 0.589556957052943], "nmi_repr": [0.5054017519987467, 0.4690249443204679, 0.447566986775851, 0.4589948598269765, 0.4629882234004234, 0.4682145645102573, 0.46748703318301227, 0.4924056995446087, 0.4995614337262387, 0.5072011415563354], "mi_td": [1.7973817567303416, 1.7800798902980692, 1.7925026924348821, 1.8038529065600595, 1.8141568337771967, 1.7943474662996575, 1.809657547506569, 1.8181636935893348, 1.8138003922046422, 1.8067298460203998], "nmi_td": [0.2994184956201057, 0.2958879135808901, 0.2974263550215938, 0.3000218949132006, 0.3021763627767216, 0.2975688788602258, 0.3018137857927527, 0.3033815696514313, 0.3022006988958049, 0.3014404507160712], "mi_tw": [1.6251874477506183, 1.6335464652231502, 1.6327455531638575, 1.629805093433218, 1.5860543631954465, 1.6479604003778212, 1.6063125941987833, 1.5937721527487216, 1.6105240892438177, 1.6038576165037446], "nmi_tw": [0.2739028443449558, 0.2747026796863599, 0.2740771626520164, 0.2742421834402532, 0.2672747311360447, 0.27647741499611106, 0.2710400291618629, 0.26905783732721583, 0.2714743354004736, 0.27073023530049223], "coh": [-1.7880628906808487, -1.7392846711283791, -1.7371967536503479, -1.8122717521671805, -1.7004902553729935, -1.7593813183043945, -1.8082753251261405, -1.9786977760596849, -1.8321224955437931, -1.8732225371650884]}