{"p": 0.5, "p-emp": 0.4997250466455039, "t": [293.10976672172546, 285.9100134372711, 288.3910255432129, 291.90745782852173, 288.4371657371521, 292.4170410633087, 287.73769426345825, 290.81689500808716, 287.28852105140686, 291.4682877063751], "nmi_acc": [0.6238238886042188, 0.599636808319023, 0.6114392078604352, 0.6211307287755249, 0.6275138590937046, 0.6172359492157692, 0.6230911799120702, 0.608497203727574, 0.6323085680225252, 0.6337329658609531], "nmi_repr": [0.4879130434501466, 0.486830953638838, 0.5006000255370215, 0.5179818623644787, 0.49064862149208444, 0.5238794577320461, 0.5173165083965305, 0.4900885096355294, 0.5066227594097177, 0.514970854207665], "mi_td": [2.057275491913321, 1.9745712522489844, 2.0257145349281216, 2.044022692839435, 1.9937558480204591, 1.9925216815492819, 1.997747751207528, 2.0311868194719906, 2.026837016601389, 2.091105420662829], "nmi_td": [0.340736386496722, 0.32814085004896903, 0.3360055627822553, 0.3388304780431599, 0.33168717533660297, 0.33110558982493016, 0.3310246887177837, 0.33675101736659674, 0.336220574113449, 0.34651642960108037], "mi_tw": [1.7197570532303066, 1.7508141470630854, 1.7187630269549077, 1.7175039834915073, 1.7326703847204263, 1.7491077647019269, 1.7556790848198498, 1.7185143343463412, 1.730719796195281, 1.6888406616213223], "nmi_tw": [0.2772521494988816, 0.28318505414848194, 0.27749098593320953, 0.2771190602104369, 0.2805452446290839, 0.2828938191814405, 0.2831662408490758, 0.27732079402976906, 0.2794447022113207, 0.2724033437367453], "coh": [-2.0055598494408193, -2.066496914651738, -1.977031180754825, -2.0119103939345453, -1.9689947528107257, -1.9816350127584823, -2.005498118256487, -1.9574336662163998, -1.9792369306145179, -1.9666941544896812]}