{"p": 0.9, "p-emp": 0.8957599243545512, "t": [26.44507884979248, 32.89017677307129, 38.73808789253235, 31.180301189422607, 34.5377836227417, 42.49842190742493, 30.59242081642151, 35.26028227806091, 29.666056394577026, 31.949023246765137], "nmi_acc": [0.016643006773557904, 0.015591123018285406, 0.017961729746655584, 0.009627554959388496, 0.012320425010789907, 0.008607206558200336, 0.010094559369861622, 0.014808066334698349, 0.017677094848708302, 0.011312381802829685], "nmi_repr": [0.5198914681435652, 0.3135769179493989, 0.18313517095511028, 0.12754584086694612, 0.06974681044982091, 0.05628962683408057, 0.02873763315965009, 0.06806575710721484, 0.38911084685825603, 0.05174125611152887], "mi_td": [0.2191408855429446, 0.47474950364419266, 0.552335188282742, 0.3797981259360083, 0.35907740088782736, 0.5991446488405635, 0.23746345561837184, 0.4568366505132783, 0.2278912476535031, 0.37567589844036986], "nmi_td": [0.04466331103453697, 0.0933413759320206, 0.1071213237586087, 0.07569133650572672, 0.07335502640623218, 0.1165551050610034, 0.049793085889454435, 0.08968199543558007, 0.04629648769925352, 0.07708260321391948], "mi_tw": [0.5547391495563139, 0.4078702825475787, 0.41474252981495285, 0.3562858640457036, 0.10735611523546072, 0.32648241803729766, 0.07399719186601168, 0.4993768597554973, 0.5802611819568633, 0.08008028062599923], "nmi_tw": [0.6413407085468322, 0.39044710818846523, 0.37209160325560553, 0.3649786890609476, 0.12578012614086495, 0.29709898106278587, 0.10171928861446415, 0.474502576716581, 0.658720976261566, 0.09623419709315516], "coh": [-0.1730035856671841, -0.18524131740121275, -0.15585305894102566, -0.150753770205977, -0.16321396151004924, -0.16264966118086763, -0.1736221914806034, -0.1722251525564343, -0.0994783413298248, -0.1439865608488096]}