{"p": 0.4, "p-emp": 0.3996101847837916, "t": [351.8201174736023, 360.2044532299042, 355.93737721443176, 362.32370829582214, 359.2910306453705, 363.20786118507385, 377.8203752040863, 383.9839553833008, 351.4409101009369, 361.83878922462463], "nmi_acc": [0.5846720575371719, 0.5863112209305592, 0.5467694928764524, 0.555979042791279, 0.5535627763117269, 0.5731095452270778, 0.5595839737811382, 0.5673871191748526, 0.5733183701954211, 0.5739964750328368], "nmi_repr": [0.4634556025366661, 0.44269332026191377, 0.43588620329156214, 0.4619383611450648, 0.47222178245829244, 0.46245549343778525, 0.4757044093025421, 0.45277375762646743, 0.4567602280999472, 0.4533520637122481], "mi_td": [1.9065023224771291, 1.8403971419873797, 1.7908351190243486, 1.8252243223671232, 1.8359493637100543, 1.8667495011030315, 1.8394985787538884, 1.8216038851613123, 1.8178295906235047, 1.8639565818645385], "nmi_td": [0.31893263038771685, 0.30892256731297496, 0.29871370858392804, 0.3060995184237836, 0.30652855058483613, 0.3123236424516649, 0.3071894565965499, 0.30532098872959235, 0.3030606556036523, 0.3125261916966488], "mi_tw": [1.2789087073630103, 1.3151130798885227, 1.3816962922210447, 1.3329025570222757, 1.35026435759945, 1.3208900313375531, 1.3443458696323072, 1.3333766892489223, 1.3707881484517837, 1.3022783260855844], "nmi_tw": [0.23716223330425004, 0.24479699674605593, 0.2553993412876589, 0.24786034918066646, 0.2498510126497421, 0.2449830621001247, 0.24881720497275223, 0.24779430543266567, 0.25323878838162367, 0.24210640386054255], "coh": [-1.6668063017964738, -1.7155411545032642, -1.7157478963850639, -1.7597604128795539, -1.6227585636306228, -1.7444631894819111, -1.7021105635031062, -1.702191548950895, -1.7488510765831655, -1.7783510239421312]}