{"p": 0.4, "p-emp": 0.39979496596555086, "t": [139.5311222076416, 141.3161404132843, 143.7875337600708, 141.20230174064636, 143.666424036026, 138.73195886611938, 144.59773063659668, 143.15183067321777, 139.93965768814087, 139.609623670578], "nmi_acc": [0.43937523333065076, 0.4097856020613865, 0.4194562451177091, 0.41186282306357774, 0.42627737048009595, 0.3909161015490407, 0.41517363831600296, 0.42857026560182937, 0.4629361484079988, 0.4182816527603227], "nmi_repr": [0.30405275734237736, 0.2987445058011677, 0.2933348215300719, 0.2917038718217476, 0.29357044365388, 0.3034340415141457, 0.30005141877448466, 0.3145521902806312, 0.2968626023567305, 0.3007342936296123], "mi_td": [1.93242337282043, 1.9136184146081554, 1.8903163968643582, 1.868326225382184, 1.9189057204542947, 1.917732283606, 1.8948565264843527, 1.910077498538327, 1.9668053142222122, 1.9404787767415068], "nmi_td": [0.32042442560391815, 0.3166838386618299, 0.3133803070893851, 0.3105293376243168, 0.3175981092670522, 0.31736644076442333, 0.3146361225489009, 0.31669865851262474, 0.3256302165335432, 0.32093192637976675], "mi_tw": [0.7363822523263847, 0.7232425568823131, 0.7442393559008887, 0.7412143999625284, 0.7424687275615829, 0.7337066762066455, 0.7353327196793854, 0.7401073561021381, 0.7144763238620997, 0.7232583142436422], "nmi_tw": [0.1434436038975262, 0.14055949971696746, 0.14494035564030644, 0.14478647310757586, 0.1443169939524038, 0.14259411203459682, 0.14347531716620598, 0.1441582786155847, 0.13892821612618034, 0.1404612963162747], "coh": [-1.4858797266854658, -1.5447709263307754, -1.523288576443322, -1.5571656553152033, -1.3813652520159843, -1.2828391187182906, -1.4409307326076999, -1.5115926023482407, -1.2071353533740155, -1.3533443028138301]}