{"p": 0.1, "p-emp": 0.09983560216611564, "t": [524.0223662853241, 526.446072101593, 530.8704597949982, 532.8734614849091, 523.2718036174774, 520.1275696754456, 536.2981066703796, 535.9047768115997, 530.2239174842834, 529.6705825328827], "nmi_acc": [0.4320491257958026, 0.46203125773816245, 0.45819291433539866, 0.49907863130298763, 0.4262086450875324, 0.4512157529591015, 0.46572464323690066, 0.4703461444597041, 0.4665547003015973, 0.4712014668963668], "nmi_repr": [0.3630716230799275, 0.3757903158096629, 0.3755420876539344, 0.3771691072949594, 0.37240209305740174, 0.3586386036842978, 0.36568969913506605, 0.3835491624771111, 0.3695353120924563, 0.3649016823406716], "mi_td": [1.3868597306370742, 1.409877371092239, 1.4099971636454487, 1.4248130482362156, 1.4024095105534937, 1.421335213020402, 1.3946326817727621, 1.4107851815288868, 1.4140752801030128, 1.5118997699266112], "nmi_td": [0.23417710378040865, 0.23717267507646228, 0.23645890945198128, 0.2390780410753606, 0.23672543629768672, 0.23760092876902472, 0.23341488835338933, 0.2376189109469973, 0.23694670067335538, 0.25480460052202614], "mi_tw": [1.3059237462045081, 1.317393973122105, 1.3260264988426136, 1.3368206967840501, 1.2982109813549383, 1.3304491367250613, 1.3513408200058492, 1.3094347179124899, 1.3182837208665215, 1.246530946555389], "nmi_tw": [0.24685739350179475, 0.24798261568291016, 0.24874367395097222, 0.25092639471314165, 0.2453097684045255, 0.2486842444178787, 0.2529257938342091, 0.2468255583327951, 0.24706250490951498, 0.23512833941586897], "coh": [-1.5296961087235714, -1.4568528853707716, -1.4865086371061633, -1.4600907771463998, -1.5526034426269022, -1.4284470718781672, -1.5700148387348443, -1.60917471603194, -1.5531142552400148, -1.4262439990902096]}