{"p": 0.9, "p-emp": 0.8999997129105933, "t": [65.77672600746155, 65.93550705909729, 66.60283088684082, 65.11101961135864, 64.84781956672668, 66.44225239753723, 65.62563300132751, 67.00430870056152, 64.26569318771362, 65.67722272872925], "nmi_acc": [0.10338620815305423, 0.10516529133592985, 0.10297765267163951, 0.10621530678610717, 0.09990447341964963, 0.09617645459204346, 0.10229812152631515, 0.10424236371805412, 0.09647343028905607, 0.09608174517768922], "nmi_repr": [0.28773481123629163, 0.2845704335366221, 0.28321417035223284, 0.28881725892077353, 0.2851098392791834, 0.28547292462419616, 0.27696798578114507, 0.2765938688598602, 0.273279560438864, 0.2852179364578941], "mi_td": [1.2449444779522563, 1.2884307384299054, 1.2592483797003502, 1.292398938021564, 1.27000365438195, 1.2099050219534655, 1.2594120759120224, 1.2889362631955437, 1.23433320230383, 1.1497280037692097], "nmi_td": [0.2102670971439205, 0.21676301958332128, 0.2128599808211476, 0.2175673955559216, 0.21413692706689194, 0.20556050538765364, 0.21229656321139634, 0.21579098744978983, 0.20856371543865815, 0.19771209677939322], "mi_tw": [1.481921859875731, 1.4681210116411803, 1.462393602470913, 1.445600545922717, 1.4556292723625357, 1.46265497843516, 1.4922874714094019, 1.5187948364763768, 1.4530220684775252, 1.4008369997196317], "nmi_tw": [0.4027639223710484, 0.39651463699240214, 0.3979889829051401, 0.39082666780655834, 0.39454297839655944, 0.40133356061138364, 0.40431218505380667, 0.40700009708325574, 0.3951802364357276, 0.3919777027494602], "coh": [-2.1156389030911527, -2.0320707852033353, -2.2241022037200855, -2.1295020752183227, -2.00335890173019, -2.1551357204889583, -2.0355718046478475, -1.99342671108661, -2.1675193551791025, -2.2212011599467063]}