{"p": 0.30000000000000004, "p-emp": 0.29901457866106196, "t": [213.07601261138916, 215.589035987854, 272.71599531173706, 225.85251379013062, 205.41565918922424, 201.93601059913635, 224.0206174850464, 210.7176797389984, 206.05071425437927, 202.52206873893738], "nmi_acc": [0.15408586867644308, 0.14317550570029675, 0.18981962254499893, 0.28588865081928816, 0.15334576365059635, 0.19775376919747956, 0.2530601500408682, 0.1920577994599183, 0.1256913055214399, 0.12652966261308055], "nmi_repr": [0.25187206279008423, 0.28472677039764827, 0.280104667990583, 0.20057113401082682, 0.20544480375052315, 0.27045962809383733, 0.23434715159348524, 0.2258769106015002, 0.25437016680480956, 0.28026640155397287], "mi_td": [0.862655512601194, 0.8733268675998778, 0.8818504260029953, 0.8826243833361073, 0.8833887375778611, 0.823565753947614, 0.8651605367546422, 0.8291005529617574, 0.8321575306802604, 0.8238982643764318], "nmi_td": [0.15465573662742324, 0.15554444301634282, 0.15660567602869713, 0.15222171346741853, 0.1577469754461303, 0.1461385678058217, 0.15110103977917244, 0.14565562569432025, 0.14964569627819604, 0.15016364105511154], "mi_tw": [1.3838390532832838, 1.4877993455713205, 1.4382569077523992, 1.5941198780395172, 1.396691339276842, 1.5321874077964712, 1.4992245450254387, 1.576987556963852, 1.380484074118125, 1.2568111805881939], "nmi_tw": [0.2954593619391379, 0.31518344130525605, 0.30363452053631323, 0.3250612458615389, 0.2968012016818703, 0.32315827098152844, 0.31030292330726755, 0.3286776954805205, 0.2958203360240746, 0.2736691275993758], "coh": [-2.5194160850162253, -2.5024995322875125, -2.470997851802839, -2.2733297200541425, -2.1362759400211138, -2.4650132332489973, -2.4501386445560867, -2.63793399794993, -2.543367468265506, -2.5888119014361926]}