{"p": 0.2, "p-emp": 0.1999872636699579, "t": [209.9839916229248, 204.4946846961975, 212.58806347846985, 204.40180730819702, 201.26104617118835, 207.32007884979248, 201.92268919944763, 206.4805052280426, 209.58276915550232, 206.44893836975098], "nmi_acc": [0.31043745758517155, 0.3386630088803988, 0.281733019768575, 0.3186937457723583, 0.2491264407276011, 0.2762388529543513, 0.2738469604891676, 0.3219917393181074, 0.3163714724540781, 0.26757164299090125], "nmi_repr": [0.18829826426679538, 0.1970623197313214, 0.18495987285053112, 0.17408476468438694, 0.17945438338814337, 0.16657374460818938, 0.17516687228736605, 0.18039362572877818, 0.1870571573311337, 0.18034996790486987], "mi_td": [1.481659841875058, 1.3688460395147466, 1.3594919522578284, 1.3830156119906953, 1.2127593268880863, 1.3555366957212618, 1.1979454457748115, 1.3834900541782158, 1.3076288551574857, 1.3124985920556125], "nmi_td": [0.25095596199002046, 0.23625273335033245, 0.23237808089046938, 0.2378947643512572, 0.21256753104328854, 0.232302164686517, 0.20997222112620756, 0.23740756312700656, 0.2274499324476186, 0.226340749298432], "mi_tw": [0.8212536213333212, 0.8036755360509178, 0.8106050989866114, 0.8227987303496055, 0.7834759102505501, 0.8103991366413362, 0.7709780148957124, 0.8171148500364857, 0.7813834093083827, 0.8133243171695466], "nmi_tw": [0.15907001197093254, 0.15905639660902787, 0.15865828105147134, 0.16221281289681128, 0.15782933539680472, 0.15908860422121063, 0.15531269059750719, 0.16065109491256807, 0.15603124364096366, 0.16081378422297096], "coh": [-1.4873219507635183, -1.420403880776207, -1.6528399875425748, -1.3646121212699858, -1.422965686179935, -1.7165298549120256, -1.5992870011088713, -1.5019939058840457, -1.7825243711617098, -1.5299379460202518]}