{"p": 0.5, "p-emp": 0.49971930485737004, "t": [179.05971431732178, 191.8484809398651, 207.0559947490692, 190.51407861709595, 197.68610858917236, 195.5089852809906, 177.95006489753723, 191.14198875427246, 176.05186009407043, 198.71605491638184], "nmi_acc": [0.4071245657369119, 0.5063746275150397, 0.4128907335387799, 0.4709203842805041, 0.44556098528515675, 0.4519936292137827, 0.43806154935929414, 0.4631593214652561, 0.4443819981298769, 0.49113712748107735], "nmi_repr": [0.27595145916758756, 0.2871263526884191, 0.2791531133870075, 0.24679824334343692, 0.2948978870248684, 0.27931728058857136, 0.26351439204257654, 0.3237885971280809, 0.3132681845393908, 0.31196643924455036], "mi_td": [1.2520977285439332, 1.2987040777687597, 1.3092397168597807, 1.3876572443722115, 1.3570279295372225, 1.3096052211532248, 1.2221818628349135, 1.3051441697034412, 1.169353111594667, 1.4033391541194218], "nmi_td": [0.21646041096615115, 0.2230970756086899, 0.22511169601236342, 0.23734425477048232, 0.23315080657669784, 0.2240116099702685, 0.21150860298511906, 0.2251247888841862, 0.20448804656321587, 0.23956586376639036], "mi_tw": [1.5881711569873422, 1.620709277701158, 1.6051723729842298, 1.642291365315939, 1.631336994035508, 1.6070178591636384, 1.6410229967556664, 1.6253616952813823, 1.523299558904583, 1.670789833648226], "nmi_tw": [0.2978968365288203, 0.30191426467876026, 0.29931520825500385, 0.3044967351604102, 0.3039429708469484, 0.29798168497239863, 0.30815813795800173, 0.30413078365455287, 0.28930903879688, 0.30913630749424204], "coh": [-2.3760851289264093, -2.1139519724952494, -2.36255353479303, -2.196083684683408, -2.2203296154659684, -2.06785995766181, -2.0577319925378816, -1.950783509820426, -2.1769932078379437, -2.164747284358897]}