{"p": 0.8, "p-emp": 0.7995210304734965, "t": [77.65551090240479, 76.67980861663818, 76.35097861289978, 76.32075381278992, 76.29860830307007, 77.3917498588562, 76.10459017753601, 75.88972520828247, 76.49443817138672, 76.58244132995605], "nmi_acc": [0.30379440909077726, 0.3018229671885475, 0.32023313166786, 0.3145770840788089, 0.3093060301900294, 0.31659580762978895, 0.3082777794361286, 0.3078736600628067, 0.31347907723182716, 0.32554392406344124], "nmi_repr": [0.2956789856222991, 0.2728723542402969, 0.29290897773376084, 0.2849970560213716, 0.2780157375879172, 0.2910020187303671, 0.29093292678915783, 0.29195658514492523, 0.2820693696152453, 0.289884821707406], "mi_td": [1.9958438008623696, 1.9771079427210903, 2.0050974839489455, 1.9654188411480773, 2.0058529717264393, 1.9998788836823174, 1.9643973798598984, 2.0035094510441285, 2.007274022417256, 1.9790479529114782], "nmi_td": [0.33043847420778527, 0.32702051860024456, 0.33180854188424735, 0.3253794416434803, 0.33190365247137327, 0.33106150406967433, 0.3262241344465178, 0.3310310265831809, 0.33196626192832374, 0.32816509043840314], "mi_tw": [0.8433673554888498, 0.8687253176835996, 0.8632065348893028, 0.8627097040394452, 0.8544932668263296, 0.8609597355134815, 0.85812018102345, 0.8703541928535697, 0.8365104107689214, 0.8587585811862055], "nmi_tw": [0.1816013429917691, 0.18682686001096238, 0.18575533682607523, 0.1857501411519079, 0.18385876385416355, 0.18535669922941742, 0.18551175446777549, 0.18691551515325708, 0.1798678885921522, 0.1852881133817624], "coh": [-2.1196184247750516, -2.0821460966779677, -2.0095919531837327, -2.1164423354139656, -2.0673599655347603, -1.9923012836954044, -2.080903803929782, -1.9802255752978613, -2.0402503857795864, -2.0593348975600505]}