{"p": 0.1, "p-emp": 0.09983560216611564, "t": [232.41768717765808, 226.96800708770752, 222.24329805374146, 225.92196655273438, 220.4272563457489, 224.3661332130432, 221.60610246658325, 229.10158514976501, 229.0474989414215, 228.79533004760742], "nmi_acc": [0.37447448768661423, 0.31954666411050014, 0.2941844902192679, 0.3540129030688095, 0.34784726398075994, 0.3211623000465524, 0.3310936416276579, 0.3096864862995336, 0.31950100079234606, 0.339496008009456], "nmi_repr": [0.19369665610244702, 0.1969558210371535, 0.182370136352487, 0.18593770340889057, 0.19094600662974354, 0.19772172465680596, 0.1919820498646675, 0.17790837275468205, 0.17521667266175464, 0.19025219625703635], "mi_td": [1.3730560281499384, 1.4408054786605877, 1.2517915744459502, 1.3541322545523482, 1.4714010456384299, 1.3522935374573557, 1.346762515018257, 1.4599408986382791, 1.3574653764101499, 1.3947821099391804], "nmi_td": [0.23585319404318822, 0.2442313077224822, 0.21777098775304327, 0.23240215358030566, 0.24810851290449146, 0.23317170703442266, 0.2316137424473103, 0.24600045880288932, 0.23327650420851692, 0.2393597706457054], "mi_tw": [0.8296928921039918, 0.8510518103405432, 0.7922378300440671, 0.8248481402054078, 0.8860417775391336, 0.8115461346241916, 0.8151038032039205, 0.8455551081724533, 0.8173816594576271, 0.8185045687550878], "nmi_tw": [0.15987664050797898, 0.16157347451273563, 0.15485105571175808, 0.15878944219404792, 0.16722817354043185, 0.1570485013164485, 0.15727645713405194, 0.1594594414906275, 0.1575811480547535, 0.15755430985804497], "coh": [-1.5231683487301506, -1.268225908637067, -1.5497024273637807, -1.4157923347928312, -1.352945760107795, -1.525667573961087, -1.5243037587362904, -1.2254846913320225, -1.6102245361924985, -1.5117128693593744]}