{"p": 0.0, "p-emp": 0.0, "t": [324.0515947341919, 314.37423300743103, 310.14415526390076, 354.75751996040344, 335.3026943206787, 347.99484181404114, 334.81831216812134, 327.2104845046997, 314.918580532074, 341.5588300228119], "nmi_acc": [0.1902392015261075, 0.15599319511890578, 0.14959502917833614, 0.24423220816355914, 0.19798813188449324, 0.25065493779271775, 0.16600695554707906, 0.11521827377850767, 0.18555862739381263, 0.1518485165819261], "nmi_repr": [0.2753345234863276, 0.2564110238899384, 0.2565848628821251, 0.26513475893437216, 0.27614037736846275, 0.2902207386419102, 0.2811702325139709, 0.27478210679971926, 0.2619136061419888, 0.2761982563569769], "mi_td": [0.8979082783078656, 0.8248152420732183, 0.8705121705202657, 1.0220575190653596, 0.8961159355287885, 1.0101738124425734, 0.919645418292966, 0.8496680344762856, 0.8593758807257814, 0.9484699779754993], "nmi_td": [0.1581376418338258, 0.14673105727594588, 0.15526086549827178, 0.17748925705045362, 0.1572950871624843, 0.1746134317800349, 0.16261886245912235, 0.15245848429987374, 0.15147953874144152, 0.16826627649275777], "mi_tw": [1.5240121438086145, 1.4816039573163446, 1.4416075847059038, 1.6194747493288517, 1.6244745597596608, 1.6905891313952108, 1.4906622966940937, 1.3875864520918961, 1.5467770510251293, 1.46174345149024], "nmi_tw": [0.3016200571000928, 0.2965574643288824, 0.2893917685556058, 0.3154929734513623, 0.32029709259349975, 0.327637467997949, 0.2963568602464822, 0.28044240992070507, 0.30641677922383265, 0.29168028672677027], "coh": [-2.3559518432901827, -2.4517905380095995, -2.2158547184223703, -2.1439592587841205, -2.50007935444517, -2.194771962661757, -2.364110817041977, -2.6088408239097935, -2.0138840419754267, -2.452067776270961]}