{"p": 0.1, "p-emp": 0.08815758807315766, "t": [316.2723054885864, 315.08186078071594, 303.8112008571625, 282.27869749069214, 300.96138167381287, 319.5214490890503, 340.4284255504608, 297.2066433429718, 315.14836955070496, 300.114705324173], "nmi_acc": [0.3056730630939939, 0.3192219075152551, 0.26058981166454764, 0.3316542316957571, 0.19365263608279387, 0.3473342119920114, 0.22523779462601018, 0.2595695473865389, 0.22362277215192508, 0.24070809146335823], "nmi_repr": [0.2501479994586905, 0.2522881345584444, 0.2379231742412554, 0.2352482953067297, 0.24532225123548876, 0.26821223862619825, 0.24523517549045687, 0.25668310081416557, 0.24085026913122176, 0.27328220141218645], "mi_td": [0.7877424639447694, 0.7996269042455946, 0.6991444996049753, 0.6898308393832905, 0.7992425749697443, 0.7707472306055112, 0.8464453818311204, 0.7339632525494024, 0.7805115882191168, 0.7609903353823522], "nmi_td": [0.13848227124171675, 0.1422231838499003, 0.1247337466559354, 0.12188542078060666, 0.14433829979752716, 0.13515455184458144, 0.14975556003464624, 0.13095481932532785, 0.13861450582617207, 0.13657058788255652], "mi_tw": [1.5340222201029348, 1.435391328210503, 1.502798938226198, 1.5806451589674666, 1.3001779411621044, 1.5742396214513859, 1.4558561034998767, 1.4496807783572974, 1.42930951387496, 1.4131852609250686], "nmi_tw": [0.3095820146642353, 0.29359133839247253, 0.30846667569299663, 0.3208515055570601, 0.27064331722511176, 0.3167834240547803, 0.29597064370314013, 0.2975873311877628, 0.29184185664540324, 0.29204801396892544], "coh": [-2.0603081607545595, -2.1750156428502607, -2.142939907494094, -2.1671858240308746, -2.146115751998556, -1.982046502254745, -2.276537089270933, -2.033586652595647, -2.488440059816674, -2.086121311420812]}