{"p": 0.0, "p-emp": 0.0, "t": [604.7402422428131, 583.7728741168976, 585.8402569293976, 583.0640580654144, 601.1407568454742, 606.2969949245453, 613.1987776756287, 602.8340821266174, 602.9341278076172, 598.3922865390778], "nmi_acc": [0.46616846338817447, 0.4436063677002226, 0.4485587015351304, 0.4509739617570544, 0.44688666896927715, 0.44780988005089156, 0.448312105823048, 0.472160962053033, 0.44651188273886533, 0.43234216569896], "nmi_repr": [0.3558513105500686, 0.34809166757352067, 0.37777198900564113, 0.3916662161526834, 0.3511455504437454, 0.3413112896723049, 0.3780486063779306, 0.3743467198459971, 0.3590645268084175, 0.34805568955376154], "mi_td": [1.3764103406447583, 1.3680096874098175, 1.3557525528946046, 1.3802948892332731, 1.3521154234369628, 1.3679977636593919, 1.3842241661277814, 1.4013569544493403, 1.3903138201921483, 1.3702912030883083], "nmi_td": [0.2305167436887632, 0.22942750835185885, 0.2275086629047427, 0.23322911149052603, 0.22637862604652828, 0.23139007756102223, 0.23350912555833422, 0.23626068184003315, 0.23382342568711537, 0.23011994748080272], "mi_tw": [1.3304797043934962, 1.3305715444562667, 1.3340846713396473, 1.2888959751645188, 1.3280471204401716, 1.2805884100297587, 1.286270407274704, 1.2757759886906057, 1.2911695063910311, 1.3135242008208197], "nmi_tw": [0.24888713820655337, 0.24928987400469174, 0.25011607230695304, 0.2435127455983932, 0.24834718779746104, 0.24222271731095027, 0.2425707646572268, 0.2404339677931227, 0.24266745773857024, 0.24646664762731738], "coh": [-1.4781043727791867, -1.4201290390434926, -1.4020606815705812, -1.427715830900193, -1.442595424738538, -1.4333320451884806, -1.4083613480488695, -1.457829456167073, -1.431423399008866, -1.3446096569858963]}