{"p": 0.5, "p-emp": 0.49988581671324905, "t": [160.24908185005188, 153.77209568023682, 147.8768458366394, 155.61190533638, 144.5603904724121, 149.92995429039001, 154.54655528068542, 140.76661229133606, 147.51412153244019, 148.99062657356262], "nmi_acc": [0.19554526235327083, 0.11539142439035799, 0.14157976401761244, 0.16330598551382025, 0.14644658980776187, 0.14921030016973788, 0.17140329875944463, 0.1295925489680011, 0.19260682537622903, 0.12199625827522764], "nmi_repr": [0.22950051004127692, 0.24183314592660607, 0.2441643897020884, 0.2404554993894458, 0.2691534529729662, 0.2751655113134853, 0.2622291993671948, 0.2522249250748174, 0.2632914390880173, 0.2858398532142128], "mi_td": [0.8621032797240963, 0.8153843126780441, 0.8062710509168429, 0.8818764302354167, 0.8105950937020554, 0.8605158292634922, 0.8750761649044544, 0.7861197955570649, 0.8286817573383605, 0.8619238628470994], "nmi_td": [0.15287776234688552, 0.14826166934793128, 0.14517196109339012, 0.15629604454413723, 0.146503261843543, 0.15688851804089574, 0.15637272448135428, 0.14359225939878625, 0.1478480200264618, 0.1573702780025383], "mi_tw": [1.451561017616196, 1.2366513318306698, 1.4083531218441543, 1.532404912712403, 1.3681309295601514, 1.2022972425175258, 1.396439461760583, 1.2620771403477111, 1.46892893768522, 1.2268078504092998], "nmi_tw": [0.32812090670548144, 0.28864569468868073, 0.32461031723325345, 0.34614666852897047, 0.316869932332117, 0.2815961312996385, 0.3187646674114184, 0.2963067672618642, 0.33463466594346003, 0.28786572690258855], "coh": [-2.341663671690332, -2.605202965145609, -2.463218218564449, -2.5273765771166663, -2.523959507436594, -2.5492002660339774, -2.3985234209159882, -2.5481170603664496, -2.437318775142011, -2.395969953485254]}