{"p": 0.2, "p-emp": 0.1998264936022126, "t": [235.27480840682983, 240.76063203811646, 238.26583194732666, 238.51050186157227, 237.786963224411, 235.34840297698975, 238.08771681785583, 235.45674681663513, 240.01250553131104, 242.12451338768005], "nmi_acc": [0.4020151897567717, 0.39584597995885035, 0.3591290397074831, 0.3792771176535355, 0.3802189196761428, 0.36529537572109183, 0.3814393289388903, 0.42007472638612353, 0.364605733330513, 0.3587288876888642], "nmi_repr": [0.21492665491753754, 0.21079485447119276, 0.2041819853873642, 0.19481855491270772, 0.19840538180388642, 0.200286867353323, 0.19096984865353356, 0.20684974804331202, 0.21352010644876565, 0.2106184306362399], "mi_td": [1.549576561715361, 1.49700193848553, 1.4722191399987639, 1.548454243566125, 1.507381816833551, 1.4582500245362349, 1.5440191455202974, 1.5546905681267424, 1.5783051553245706, 1.5483007434445404], "nmi_td": [0.2598278527720365, 0.25251146118015916, 0.2485110104679938, 0.25868867337875245, 0.2539429965558424, 0.2474166591883086, 0.25782856337384874, 0.26118156790902314, 0.26335431140852383, 0.25959558217384], "mi_tw": [1.046208983427572, 1.0543275699754522, 1.0368963190658718, 1.0495023742297709, 1.0440070512253719, 1.0202306580378393, 1.0408340122354116, 1.0469961832329782, 1.0432420415650507, 1.039120509288816], "nmi_tw": [0.18300730891184447, 0.18557682770189576, 0.18264662039098856, 0.18288203117837892, 0.1835194628989102, 0.18067393290956954, 0.18128411801007646, 0.18350872478224822, 0.1815600625671997, 0.18175396323360846], "coh": [-1.4755355842224884, -1.7033975526913205, -1.7880584382754907, -1.4883963744330628, -1.650564495061435, -1.8006262009053386, -1.3780511359310363, -1.6408390870801184, -1.2890752900201026, -1.6735925976539583]}