{"p": 0.8, "p-emp": 0.7664196218823722, "t": [66.71429657936096, 67.64429950714111, 71.58105158805847, 67.79605865478516, 72.7635760307312, 71.870361328125, 69.77723622322083, 69.23946690559387, 65.1874406337738, 71.64485096931458], "nmi_acc": [0.0584519999582997, 0.04996900254464664, 0.05935415692652659, 0.05501520789564416, 0.0553378920449136, 0.05980788901096949, 0.062264105044215506, 0.06695005078743016, 0.04738054663772166, 0.057246590234445865], "nmi_repr": [0.3260080900373657, 0.3293222911181158, 0.29019398719467876, 0.27014975646236644, 0.30854393398255764, 0.3069151256239587, 0.3092193907787881, 0.3247528562037178, 0.33713666934458125, 0.33568274149845484], "mi_td": [0.5857703808947929, 0.557862525277298, 0.5789606432306397, 0.5664694525764542, 0.6065309873220399, 0.5937757258557456, 0.5455684691576037, 0.5650726466887217, 0.5136905124820786, 0.5858056710074899], "nmi_td": [0.11485694021451935, 0.10984497426963893, 0.11225618542895248, 0.11135225189414846, 0.11863174682137582, 0.11639903164771034, 0.10741575373958781, 0.11132659073163652, 0.10160084444825596, 0.11487679562153984], "mi_tw": [0.673559391898793, 0.6850849830476863, 0.7581793279223112, 0.6585293464980787, 0.7024617589118151, 0.6756286299410025, 0.6648844072053, 0.656043316702087, 0.6665488431936316, 0.6932672634499459], "nmi_tw": [0.2385696087860012, 0.24450210490657107, 0.26318188154419814, 0.23430963603521876, 0.24769060791025035, 0.23920012184398912, 0.2372587080310975, 0.23437361292545797, 0.23982689588515071, 0.24559994402604893], "coh": [-2.820014018508368, -2.7328939763919387, -2.5474425577590423, -2.8274332445477963, -2.84937516869603, -2.7068162082663907, -2.8396980661643134, -2.808514975634881, -2.9814719714380895, -2.756830882830832]}