{"p": 0.2, "p-emp": 0.1872449308492966, "t": [170.43669939041138, 164.8664574623108, 167.82354140281677, 167.68181014060974, 163.4534456729889, 164.13396406173706, 166.82524752616882, 168.1804904937744, 166.8232443332672, 169.13988995552063], "nmi_acc": [0.442340276700498, 0.43668138890759794, 0.4288582316813882, 0.4154418080729607, 0.4387707157483801, 0.4662431549108725, 0.40495058883007923, 0.37797977773888947, 0.4219599286990852, 0.40849000627602006], "nmi_repr": [0.28503268848760577, 0.2800686319983681, 0.27676160313262127, 0.28405065384966605, 0.28800922010151886, 0.29105739979764, 0.2774978760277275, 0.23844981746562682, 0.2472969869808361, 0.25758883235703206], "mi_td": [1.8066716538057843, 1.7760862344350652, 1.8235974586282562, 1.7776232903186822, 1.7950006664189184, 1.8911068489161, 1.7621232639422424, 1.709132589856387, 1.7784492199211832, 1.7572002978188317], "nmi_td": [0.30199911882195, 0.29722746053233523, 0.3040085602598481, 0.2974463016264531, 0.29956503276622465, 0.3136391672719164, 0.2941732307977162, 0.28556131546802044, 0.2961944223060977, 0.2924688413018856], "mi_tw": [0.7255176458722413, 0.7395733579459, 0.7391351820670006, 0.7458552937274148, 0.7566027698576251, 0.7598836176015885, 0.7403222340784592, 0.751309958465261, 0.7505284687943411, 0.7591206285327451], "nmi_tw": [0.13947811178913203, 0.1423680821985373, 0.1416566832131203, 0.1435560469080642, 0.14518478608371788, 0.14477151139584907, 0.1421135105766573, 0.14435903307480946, 0.14367986649945616, 0.14521820787702622], "coh": [-0.914964885128895, -1.0152417412384307, -1.1811662978968223, -1.0751917455771487, -0.9883404260254272, -0.8755696849754037, -1.1036511517698582, -1.0487522304197077, -1.1248428331792737, -1.009864103693625]}