{"p": 0.8, "p-emp": 0.7999803735241973, "t": [86.84036159515381, 89.79194259643555, 90.40226602554321, 87.5123119354248, 93.5036039352417, 85.7440493106842, 108.82443141937256, 89.90393447875977, 100.67686057090759, 76.82971906661987], "nmi_acc": [0.4754751958766923, 0.5012515375245402, 0.47596340212279503, 0.5094850090020352, 0.500781760455946, 0.48349742651504435, 0.49144110487346915, 0.4857598690492941, 0.4857417110932463, 0.46435449392252365], "nmi_repr": [0.3944898034152163, 0.42926415541389684, 0.4376938876222919, 0.43022216191253093, 0.4462286070312125, 0.44115197584147153, 0.4158382761863394, 0.43865020716757835, 0.4207969914525115, 0.3860713250794399], "mi_td": [1.9034446932849451, 1.969052011516004, 1.8899784245499698, 2.0041573506548835, 1.9071941731703737, 1.8687060109888505, 2.1318875166573816, 2.018562216392895, 1.8684160879722183, 1.7928260058667065], "nmi_td": [0.3288535207912224, 0.3395038108209364, 0.3263140023039927, 0.34464408529983676, 0.3306965697221246, 0.32425433703894696, 0.3602008981228285, 0.346072712143928, 0.32406568939262337, 0.31217489695652206], "mi_tw": [1.826055694322639, 1.8417167396934402, 1.8408251023450122, 1.8163625625104494, 1.7809160384927727, 1.7789908157714067, 1.9572960674635338, 1.8426415580089603, 1.8096671302018932, 1.753843923809097], "nmi_tw": [0.34980018895584436, 0.3520132739512845, 0.3523744133262423, 0.3461511927288242, 0.34252589505177367, 0.3424266650355599, 0.3657973670649812, 0.34998418483054455, 0.3481664799920598, 0.33889545805950977], "coh": [-2.174003439629516, -2.4054754946321317, -2.47578808771439, -2.3347407444039114, -2.517985403067983, -2.3864121627357875, -2.2466299531932252, -2.2735543120343165, -2.2054479883904867, -2.231812818333868]}