{"p": 0.8, "p-emp": 0.7995210304734965, "t": [142.95499277114868, 145.15881943702698, 144.33370661735535, 149.3784420490265, 144.95018649101257, 145.09181594848633, 145.38897943496704, 145.4484829902649, 142.47878980636597, 146.28019618988037], "nmi_acc": [0.3160857586467953, 0.3066155881324728, 0.30157772904903263, 0.2975049963622015, 0.30206012713925695, 0.31824674547535353, 0.31734912858046577, 0.31569536943198134, 0.3141812576701891, 0.3088759370915799], "nmi_repr": [0.3700094326598112, 0.34850730498239946, 0.3593171105945874, 0.36264840066918885, 0.32998647199704, 0.34413478707099876, 0.3773052813331063, 0.36235278248404995, 0.3493175338482727, 0.36188879080284697], "mi_td": [1.8320731251462883, 1.7665592877972116, 1.7703829846234824, 1.7483285792077372, 1.7904022176721657, 1.812391679008933, 1.8284233162768357, 1.8141864637054537, 1.7913923619239371, 1.7939135059087963], "nmi_td": [0.3052287634157791, 0.2953259430880031, 0.29623258244429557, 0.2917459489784427, 0.2976602498509616, 0.3022158979481292, 0.3053188893341976, 0.30298668945986323, 0.2991219024016245, 0.2992307757888341], "mi_tw": [0.9974225105062364, 1.0283704608837356, 1.0215775048365106, 1.0538895527048209, 1.0374583420068246, 1.0152046741909064, 0.987027543390458, 0.9957121683263638, 1.0100778410774889, 1.018042888574253], "nmi_tw": [0.21653122414892748, 0.22425103438785543, 0.22303234981866937, 0.22927023519723375, 0.22460710525524671, 0.22064473916564983, 0.21491496825549186, 0.21684807940249387, 0.2199211025705301, 0.22135426309242795], "coh": [-1.8428483016063186, -1.8566029637826464, -1.8168593009258003, -1.9078063200944038, -1.8409744538764403, -1.8382956133045485, -1.7983898501536206, -1.8418073964315265, -1.899167378133761, -1.8387727428197178]}