{"p": 0.6000000000000001, "p-emp": 0.5999996346134824, "t": [122.3707127571106, 124.76844763755798, 123.64160776138306, 122.36348700523376, 124.69142055511475, 121.77351450920105, 122.26100063323975, 119.89945101737976, 116.51085376739502, 122.12716889381409], "nmi_acc": [0.1573784062545426, 0.18609366394164908, 0.17834809486748612, 0.20493061072908628, 0.14485950203507986, 0.17527565277886917, 0.17576903954631368, 0.16614484776286145, 0.19056538385420185, 0.16922923350343025], "nmi_repr": [0.15468495037415037, 0.15481804947773106, 0.1341056174733208, 0.14302433525050845, 0.1508262392345131, 0.16159194734861582, 0.14560630189953214, 0.1396386330012437, 0.1494333380331154, 0.16163392877884572], "mi_td": [1.1299312679943243, 1.1367056910071327, 1.1797230857216336, 1.3100178388052317, 1.0596118940170234, 0.9536229424825108, 1.2594986274399653, 0.9524827016971105, 1.0486232314454216, 1.0845965151622308], "nmi_td": [0.20001023954137517, 0.2015233336897598, 0.20625345978262044, 0.22594835047894488, 0.18898223989418095, 0.17283290210086377, 0.21783473538845188, 0.1733466423030975, 0.18731807372906248, 0.19270810161348098], "mi_tw": [0.7240085802679639, 0.679349499936814, 0.7140940487178586, 0.7623656421422924, 0.7009149915777502, 0.6559989566592561, 0.760523545844156, 0.6689480692611967, 0.7046036611675446, 0.6919825516098618], "nmi_tw": [0.17218689532582693, 0.1619047575686602, 0.16703212991372526, 0.17512440853421793, 0.16839384384555542, 0.161059719216412, 0.1753442767009567, 0.16516882286288428, 0.16964073591528672, 0.1654036333145766], "coh": [-2.035328321694288, -2.094748709781359, -2.0727192872318834, -1.9026166818509853, -2.239704259962841, -2.3893958084013556, -1.802125433864467, -2.3161603179199943, -2.006164258258557, -2.0377312098029288]}