{"p": 0.9, "p-emp": 0.8995380209465651, "t": [54.019124269485474, 49.846872091293335, 49.880258321762085, 69.03364777565002, 50.94830083847046, 46.73959684371948, 52.00844168663025, 58.754369497299194, 56.492754220962524, 49.692073822021484], "nmi_acc": [0.1866744302498998, 0.1951069809995552, 0.20353889029216168, 0.18660606274968794, 0.19928651469526085, 0.21094912108666636, 0.18818879982152212, 0.20941333367560408, 0.19137163046735273, 0.21033708451301672], "nmi_repr": [0.24176920678982078, 0.25414219537120475, 0.2538103337833725, 0.21904684584627315, 0.2048097373157337, 0.23845528353623502, 0.26110058843046546, 0.23106184078634392, 0.22928193957550516, 0.22901195599527466], "mi_td": [1.2816981678070265, 1.209109363557279, 1.3675702734202775, 1.3107282174461574, 1.3533648268286602, 1.2478356576464658, 1.2425645335067736, 1.40506255614953, 1.3953956300033696, 1.42431868396219], "nmi_td": [0.22368613724881803, 0.21224513880614704, 0.23609078729753433, 0.22703759807708898, 0.23360476908699257, 0.21816166069123075, 0.2167952513710628, 0.2415808402910494, 0.23996420152817594, 0.24390222883209747], "mi_tw": [1.1575792507071117, 1.267683160542194, 1.1927200982978456, 1.1752808078357035, 1.2073271585764642, 1.2003341978231719, 1.2662031198814734, 1.2152228975441859, 1.2474265217673215, 1.2504559192404274], "nmi_tw": [0.28925722444772556, 0.3194149374591492, 0.2934432497504057, 0.2905382707469893, 0.2969760249118244, 0.3007013062882816, 0.3162725384022543, 0.2972568032623384, 0.30521641278581896, 0.3041199932867958], "coh": [-2.152084366553246, -2.1709979012674534, -2.1989777925891625, -2.249474314192008, -2.1987696523880174, -2.234415528461113, -2.225008452673108, -2.1307219082142237, -2.2336060704861387, -2.19716179385026]}