{"p": 0.6000000000000001, "p-emp": 0.4322086649324727, "t": [316.166072845459, 324.5017008781433, 323.46399188041687, 321.2685739994049, 324.8640570640564, 326.9757001399994, 327.3220281600952, 320.7313630580902, 327.64934396743774, 316.746533870697], "nmi_acc": [0.5757532720396602, 0.5723751574291146, 0.5619013298545538, 0.6095777456765321, 0.6074523926145565, 0.6031807010626319, 0.5944537524392074, 0.608995706731616, 0.6205124369307744, 0.5761561076025854], "nmi_repr": [0.49486735120201947, 0.4788892183831469, 0.4827378232218148, 0.48378392074459725, 0.5145779164265738, 0.49348203148851816, 0.5013866706816842, 0.4870235126024298, 0.4964847096964846, 0.4650751139251602], "mi_td": [1.8371712106391382, 1.8312157247155674, 1.830926697661471, 1.8710318426870136, 1.8755827833752952, 1.8752605188855078, 1.8548484677934145, 1.872173866079379, 1.893156102843658, 1.8361255980290163], "nmi_td": [0.3044445629439145, 0.3047049306332019, 0.3035055001888077, 0.31118998938034076, 0.3117090917795778, 0.3119086994578775, 0.3085954259325651, 0.3115225636278132, 0.31481961506845985, 0.30436456005463186], "mi_tw": [1.694267782822682, 1.6596750276905234, 1.688083326105762, 1.645190920492337, 1.6526370202340153, 1.6441382099103512, 1.6501380736179503, 1.6452587409565635, 1.6259591223828733, 1.685704643980537], "nmi_tw": [0.27939610336042314, 0.2748109540162806, 0.2784636569447064, 0.27229063614813515, 0.2733155184625235, 0.2721297726124617, 0.27319492625377695, 0.27242598349114294, 0.2690650455040668, 0.278068780851711], "coh": [-1.9427526645661146, -1.7867721568985733, -1.8227832757784899, -1.8918665235379017, -1.8487149827220084, -1.8250367886900456, -1.8803086924214916, -1.8663143253261871, -1.760933196986132, -1.8680893325886334]}