{"p": 0.1, "p-emp": 0.09946369088926987, "t": [512.4862456321716, 510.6825370788574, 513.1148571968079, 507.3857493400574, 562.0609042644501, 580.3792080879211, 580.7877352237701, 623.1009585857391, 577.2182657718658, 578.0283470153809], "nmi_acc": [0.5065033683362914, 0.47724254692867646, 0.48848166421931133, 0.460792620367243, 0.469333700359475, 0.4819738629926938, 0.4967919710442622, 0.4779223765746195, 0.48859545754884315, 0.4767329990468577], "nmi_repr": [0.3894419763799692, 0.3844824690201697, 0.390928174574174, 0.3721450141591366, 0.35328635262764413, 0.3755055181528211, 0.39383520283681983, 0.3913613089097668, 0.3890749542774395, 0.378022233755817], "mi_td": [1.5294836710581583, 1.4290261605951182, 1.4514839212076054, 1.4433651639204375, 1.4522224669361476, 1.4595636186681935, 1.449650813280416, 1.444143541984025, 1.4550158159957174, 1.4559174201476321], "nmi_td": [0.25666103372377724, 0.241700808260338, 0.24519820323409056, 0.24207420647242142, 0.24370211612473658, 0.2453723641661819, 0.2447193252860921, 0.24370440917928887, 0.2445934983099452, 0.2436859714623831], "mi_tw": [1.310440884029897, 1.3332736864618076, 1.3251902533153506, 1.3544072287357276, 1.358381507921812, 1.3431613084091572, 1.3431893656428062, 1.3349676657606557, 1.3528202383227657, 1.371077378921848], "nmi_tw": [0.24224848802222776, 0.24861944477890938, 0.2467780719812874, 0.25022197290561327, 0.2511178473130101, 0.24879373447126685, 0.24993937056799168, 0.2483137722960448, 0.2505666958812845, 0.2527379869876954], "coh": [-1.4405051308565122, -1.4867220859144545, -1.6016713160002514, -1.446874596764335, -1.564076822708006, -1.5275946338788444, -1.6152933282243693, -1.545900732134133, -1.4891140453615912, -1.571169804321422]}