{"p": 0.5, "p-emp": 0.49978559641127807, "t": [272.2511510848999, 280.08461713790894, 289.0311088562012, 284.6914772987366, 288.1326448917389, 282.26431584358215, 274.29613995552063, 283.52794098854065, 283.5407667160034, 275.945853471756], "nmi_acc": [0.128368136923709, 0.12937965915683852, 0.13405561485056533, 0.13289735895783447, 0.1195742720800698, 0.1296210655582957, 0.14112880014338763, 0.12813899697117434, 0.1349923051381043, 0.14031012526299153], "nmi_repr": [0.15698837391584614, 0.15810099381699944, 0.16087597322645728, 0.15632569296826893, 0.1597420289219741, 0.1621090152718875, 0.1679619749073053, 0.1602930210096863, 0.1591019016438341, 0.15859707891002828], "mi_td": [0.9838423227530761, 0.9842882377519112, 1.021197786442363, 0.9827410695920891, 0.9330224690354281, 0.9875956614771381, 1.0317723799097167, 1.0069066253336358, 0.9839280622236749, 1.038717400418871], "nmi_td": [0.16391618607311137, 0.16395934097114181, 0.17021710598702333, 0.16329018720368135, 0.15558708273045302, 0.16426701056978224, 0.17243887711114658, 0.1675621681479137, 0.16413978801729956, 0.17275748482992567], "mi_tw": [0.8596877840852549, 0.8700510072343006, 0.8357139319065664, 0.8919085067188535, 0.9051123598067603, 0.8753794079530764, 0.8120637033795246, 0.849446624065479, 0.8573721351894354, 0.83054790116929], "nmi_tw": [0.22138208520905767, 0.22398501776910068, 0.21535942560268762, 0.22872134397966434, 0.2333993128287976, 0.22484214867128866, 0.21012989945702437, 0.21834862599235927, 0.22122180970919722, 0.2133030729993726], "coh": [-1.0254781146627059, -1.0899691681388124, -1.0207318562081498, -1.042490552025334, -1.0513759200247113, -0.999935646459258, -1.035933016912876, -1.0715152777208217, -1.0595823015007728, -1.0307794752405122]}