{"p": 0.7000000000000001, "p-emp": 0.4322086649324727, "t": [231.33726286888123, 277.3073453903198, 236.56195950508118, 241.4399435520172, 266.0042543411255, 263.0009307861328, 206.30154991149902, 261.9284336566925, 238.47056651115417, 243.17588663101196], "nmi_acc": [0.43957797982467106, 0.4362281907605311, 0.46159506741004247, 0.4323756741551225, 0.4572398016356226, 0.4366373557618418, 0.4607693467329706, 0.4472735921037303, 0.4715665064840465, 0.4239064210533291], "nmi_repr": [0.28639261961356177, 0.2699931536923779, 0.2742766209719498, 0.27642843200590833, 0.302690190890241, 0.2612079017034821, 0.25787941272420084, 0.30261184243700007, 0.2930030447992278, 0.3079857163889168], "mi_td": [1.361026269553874, 1.5594679358863262, 1.4320976873211813, 1.4481683966365344, 1.537831649633367, 1.3616183137891873, 1.4275250435830975, 1.469679026795087, 1.4916491372853304, 1.5909527895972608], "nmi_td": [0.23008185045357332, 0.25774173975548564, 0.24031587991551737, 0.2435114440641516, 0.25784466017220076, 0.2300131636238317, 0.24138034786817197, 0.2458769207882002, 0.24943767656094545, 0.266107116732192], "mi_tw": [1.8723957299820535, 1.9901839341896268, 1.8823672311521553, 1.8815987970992365, 1.8883671113196328, 1.805049669929234, 1.8517183418193859, 1.9282720736432764, 1.9572470150352201, 1.9033079145930034], "nmi_tw": [0.3149565268841372, 0.3273307592752197, 0.3143164897327755, 0.31482986769862314, 0.31505801868292843, 0.30340669729273906, 0.31155140185890307, 0.32101330959199553, 0.3256877709016553, 0.3167876055497889], "coh": [-2.4438310242389494, -2.333829827200573, -2.4906086587011043, -2.47107605658946, -2.1447901343065507, -2.7702546619864017, -2.4228331489214345, -2.5272781228195185, -2.5551531386315265, -2.406732322689155]}