{"p": 0.4, "p-emp": 0.399669690588087, "t": [243.6430060863495, 243.097229719162, 242.51928806304932, 241.9615294933319, 242.8361372947693, 241.69407081604004, 232.27729058265686, 234.53378701210022, 238.96365761756897, 236.30014848709106], "nmi_acc": [0.3660835563002292, 0.40235560234085266, 0.37510617178856676, 0.3826471966217342, 0.3492536410672303, 0.37504904727485316, 0.37251320877151317, 0.3901433216547948, 0.4169904693621768, 0.40677101639507696], "nmi_repr": [0.20219567197243035, 0.21926892556614455, 0.21456206771097205, 0.2118963923399276, 0.19968039858189043, 0.19583458621348254, 0.20038425291045722, 0.20681913085344675, 0.22451153091261622, 0.23261030123065782], "mi_td": [1.569821700063699, 1.6247615007255023, 1.5688777210678047, 1.6342158585067204, 1.5925989050035632, 1.5572418799284629, 1.599046263289832, 1.6039204104477933, 1.6144228945582721, 1.6256880936481324], "nmi_td": [0.26251324264855685, 0.27116252683163355, 0.2629050565812103, 0.271262556333093, 0.26507028614982053, 0.2605778225720705, 0.266931846057201, 0.26763722035015625, 0.2699353117200961, 0.27135533695309794], "mi_tw": [1.336356460762364, 1.3590622748714742, 1.341317388529644, 1.3597707766043203, 1.34214300826827, 1.3229165468820496, 1.3423063287581969, 1.3565826764177558, 1.381861589513632, 1.3513498188418465], "nmi_tw": [0.2216957503423625, 0.2250196308265818, 0.22298124082022985, 0.22392665846797785, 0.22161738018517294, 0.2196067861944731, 0.2222957752652161, 0.2245699111565493, 0.22921422445472686, 0.22377390653141066], "coh": [-2.2832373936610053, -2.177265280558954, -2.0122879133280227, -2.185886988785378, -2.0872014166568658, -2.315507837225963, -2.312106047889287, -2.1857574522301615, -2.0397895844932536, -2.132495602779208]}