{"p": 0.5, "p-emp": 0.49971930485737004, "t": [304.25688195228577, 306.32938861846924, 301.4722294807434, 298.5470254421234, 286.80274271965027, 292.16972637176514, 289.6088786125183, 296.41905879974365, 287.9595322608948, 295.25731134414673], "nmi_acc": [0.583843137785736, 0.5970641199582549, 0.5865354853271072, 0.5868116602857091, 0.5898409107799912, 0.569408838079198, 0.5912160356997159, 0.6071558018657229, 0.5997138845838262, 0.5937233775729082], "nmi_repr": [0.4940844596153139, 0.48085709413017946, 0.49380206017857, 0.4956622222965598, 0.48577320884380787, 0.47932967249194003, 0.4640878098534758, 0.45723835201359636, 0.5033930811884709, 0.5207368912212375], "mi_td": [1.981769107455605, 1.97153888516421, 1.988353449002211, 2.0003838412410673, 1.9916649838239144, 1.9812463509735558, 2.06041543743339, 1.9958387888533404, 2.0174294602278766, 2.00134501631912], "nmi_td": [0.33048656649463987, 0.3284362872102989, 0.33110305771853576, 0.3327618935488001, 0.33174973368622346, 0.32996024901599236, 0.34253366278872915, 0.33261412059461803, 0.3361446452699181, 0.33376057836644085], "mi_tw": [1.4430244021171788, 1.4487378188734925, 1.4415049596032783, 1.4308957672476423, 1.4307835551498809, 1.4393803960129818, 1.389643176347094, 1.4303409384853274, 1.4094258016663201, 1.4219134736868042], "nmi_tw": [0.2603149285540367, 0.26104961475123045, 0.25963236860873734, 0.25743327641485386, 0.2577813555581358, 0.2592842795711579, 0.24984234576953934, 0.2578434496072116, 0.25401784620503726, 0.25651448510070557], "coh": [-1.6499379385328958, -1.7218825919315186, -1.7104926040129098, -1.6752981375388003, -1.6793383181331296, -1.6629346112751513, -1.7240382091333593, -1.6705411001493637, -1.5484116883840913, -1.6174422605068073]}