{"p": 0.0, "p-emp": 0.0, "t": [286.300931930542, 298.19226837158203, 296.388818025589, 276.098580121994, 281.9947016239166, 273.4656639099121, 283.8294258117676, 268.7199342250824, 272.11529636383057, 291.67871260643005], "nmi_acc": [0.3632031852424785, 0.36049812633930833, 0.3093720968892492, 0.38440586359126805, 0.34625734218525717, 0.36786943258914756, 0.3307002620935885, 0.34578155169020874, 0.3473691830695111, 0.35087396614052024], "nmi_repr": [0.18864131663842557, 0.18097681888364406, 0.19088028669399326, 0.19356158859762387, 0.20780606558235545, 0.20628680153717355, 0.19782594197937098, 0.20263044083936393, 0.19716605406741586, 0.21614042235066586], "mi_td": [1.4903065970093388, 1.5096903374761035, 1.2429640174572185, 1.5137778561807078, 1.380026513249469, 1.4950427962070054, 1.387160702026571, 1.3775099987150872, 1.3913589276356546, 1.466410738603358], "nmi_td": [0.25051720647532805, 0.25521111831390303, 0.21668836702946856, 0.2566921209771781, 0.23826607642239508, 0.25431195497575226, 0.23859347726079566, 0.23732396076229076, 0.2388669416100632, 0.2496626644670242], "mi_tw": [0.8411021312785998, 0.8247727893728135, 0.7613570402773628, 0.8265026785127617, 0.7882911525726808, 0.8142783482567869, 0.787841435663296, 0.7804145982647838, 0.7893417442330167, 0.825477022560155], "nmi_tw": [0.15799331736332684, 0.15590596184637381, 0.14896673714549846, 0.15677248195142304, 0.15257171026529234, 0.15499694051127189, 0.15183950404308236, 0.1506859036337521, 0.151809171429142, 0.15728447883190805], "coh": [-1.1383505638940257, -1.0274157151286187, -1.589264874335832, -1.0806610122935605, -1.351631299936439, -1.2444352677521755, -1.2760121304054348, -1.2329244857810608, -1.5257056580866002, -1.1726029504581506]}