{"p": 0.8, "p-emp": 0.7995210304734965, "t": [91.60312938690186, 119.24283075332642, 92.659982919693, 99.36940813064575, 109.36577367782593, 86.99694776535034, 91.56682682037354, 88.08673667907715, 90.3623719215393, 92.43699741363525], "nmi_acc": [0.24870275048229007, 0.24875713334706434, 0.23255733835316306, 0.21358000808760919, 0.24433043383310912, 0.21510344020924105, 0.24286683849975568, 0.24292456787662092, 0.20328976327018813, 0.23405919389273364], "nmi_repr": [0.23358973375922856, 0.22773280062086879, 0.23916325529484908, 0.22110051577156317, 0.2102574701182511, 0.19795253483708186, 0.2092920266992918, 0.20937757222586714, 0.18086341126321528, 0.17445882315475], "mi_td": [1.1336992209430183, 1.2348912052450292, 1.0429214311799697, 0.8907356562439511, 1.267472030366999, 0.9285359803521009, 1.1946189595889334, 1.098006758636244, 0.8082360049020495, 1.1148295617371682], "nmi_td": [0.19582108984237695, 0.21137110229221107, 0.1826064779756604, 0.15861283337356208, 0.21550354841540656, 0.16407372956872104, 0.2049550440441008, 0.1901798900681915, 0.1449233827066195, 0.19236494592502085], "mi_tw": [1.2435761517565718, 1.3213042613820345, 1.2747249304098056, 1.18806886222794, 1.2564597180539736, 1.2015926573298452, 1.3260627048961515, 1.2397674112442005, 1.1226562338645762, 1.218443199431265], "nmi_tw": [0.2830466841420791, 0.2971652099109785, 0.29539121130147267, 0.2815423504731208, 0.2801148174850446, 0.281843463884261, 0.2991505303748385, 0.2832077799139301, 0.2685098808457192, 0.2769528219405059], "coh": [-2.121463323739098, -2.043009381440811, -2.1149749150840327, -2.2636007727432617, -2.1488640259267378, -2.093356991446121, -2.138466621903563, -2.019500687504212, -2.092082065705223, -2.152215287796464]}