{"p": 0.9, "p-emp": 0.899999973900963, "t": [47.954790353775024, 47.68645167350769, 48.231231927871704, 48.536998987197876, 47.78797936439514, 47.754233598709106, 48.01582860946655, 47.89380097389221, 48.16459107398987, 48.37855291366577], "nmi_acc": [0.12432106224531303, 0.14663031643653954, 0.1449125808181756, 0.116911808285476, 0.13496211360058707, 0.14048023777766427, 0.15479263440919297, 0.12349632274816974, 0.12989544258531097, 0.15149588178502962], "nmi_repr": [0.15680699637419784, 0.15629004788769146, 0.1777688848933816, 0.1549024412480578, 0.15944807077945156, 0.1717795364554508, 0.1758535129634787, 0.1649992742542814, 0.15433429235662785, 0.17680335620002738], "mi_td": [1.8458813842930695, 1.875340379215494, 1.8887447664593138, 1.8650298009111987, 1.8634231564141936, 1.8686440862500986, 1.8853278717113158, 1.8671728086392727, 1.8635966991004618, 1.887015762752482], "nmi_td": [0.3150414448829903, 0.3193951709072674, 0.3217162555646126, 0.31753728709200824, 0.31764781614757254, 0.31805120785523516, 0.3219139532805487, 0.31800942010366207, 0.3174499955868489, 0.32158956714419745], "mi_tw": [2.583542364319082, 2.628426329726601, 2.62139068062646, 2.586916275144092, 2.611167963002384, 2.626055485748308, 2.6147398063526484, 2.616186882943157, 2.6188069643240603, 2.6237785942297394], "nmi_tw": [0.4371371102579356, 0.44380289156901176, 0.44266696919255777, 0.4366551672304376, 0.4412776659872985, 0.4431215020109383, 0.44260666609014265, 0.4417435837139618, 0.4422545512919011, 0.4432995502044354], "coh": [-3.3333364122568936, -3.279765705856556, -3.1519547165066095, -3.4414016598255666, -3.3414082351213623, -3.2552441926604487, -3.3595171257888468, -3.271945176265234, -3.3625151892113805, -3.296678929259374]}