{"p": 0.1, "p-emp": 0.09999611124349128, "t": [473.9881081581116, 461.8062825202942, 458.6323621273041, 468.1825294494629, 464.5446207523346, 458.00850081443787, 460.69094347953796, 470.7087199687958, 483.3203167915344, 447.5322046279907], "nmi_acc": [0.4073234559076147, 0.4110531661471785, 0.42134427346099784, 0.4363938836018837, 0.4052654425666868, 0.42393313457309695, 0.42320242141164066, 0.4323450546466345, 0.4263109264705259, 0.41279814447992125], "nmi_repr": [0.33590989641139424, 0.3546861719910915, 0.34796361849641, 0.34709906361931364, 0.32592501315100403, 0.31917286561440666, 0.32946028018482487, 0.34123358318086855, 0.3406200591302759, 0.34038858184372606], "mi_td": [1.4869262211953216, 1.4981635823197437, 1.4648508697202671, 1.4689419823368226, 1.4860166247366602, 1.486428921184196, 1.4930027905805494, 1.4956728687153655, 1.4950898125399412, 1.478050222137328], "nmi_td": [0.24802192089196265, 0.25001827778764146, 0.24512714009711678, 0.246684466815803, 0.24767011263116404, 0.2486833756999543, 0.24914243563192165, 0.2502104483501675, 0.250452998080385, 0.24740413242774306], "mi_tw": [1.0577607955175077, 1.04539931876972, 1.0563733805023963, 1.0327095008460534, 1.0565408925735194, 1.0420173013346579, 1.047028856296625, 1.03926268218326, 1.0354965997217327, 1.049201119636704], "nmi_tw": [0.20995898388933967, 0.20762581644452993, 0.21048821451263897, 0.20664355601010528, 0.2095154194052382, 0.20757339979374895, 0.2079349627588356, 0.20700549719030045, 0.20658936210570047, 0.2091277677454214], "coh": [-1.297342512557198, -1.2743541213232779, -1.275266871064273, -1.284193412250535, -1.2678037794834824, -1.238703082177941, -1.388588907650501, -1.3171339950489969, -1.3034186704097932, -1.2999669239094782]}