{"p": 0.5, "p-emp": 0.4322086649324727, "t": [331.0692481994629, 333.13862204551697, 328.3257484436035, 318.8366231918335, 328.98690962791443, 329.21165561676025, 327.3139362335205, 329.89121317863464, 332.9524247646332, 330.1417577266693], "nmi_acc": [0.5851214044346793, 0.5802909149723254, 0.6072140307914013, 0.60240055080176, 0.5792232130078253, 0.6014229961743801, 0.5995503016770033, 0.5932105398143338, 0.6138782308805956, 0.5986167727284516], "nmi_repr": [0.47315939756677555, 0.46480427756908244, 0.4672188355464718, 0.4835499182781367, 0.4672382173072314, 0.4684477344850124, 0.5047159173935336, 0.49197269841407043, 0.4937073466401162, 0.5296953936933914], "mi_td": [1.8631485492103743, 1.846886883748597, 1.8970947291696032, 1.8720384274419795, 1.841069498505188, 1.866302937176342, 1.880426849392241, 1.8729488566021417, 1.8820919328268249, 1.8866316547700621], "nmi_td": [0.3102885335275859, 0.30598906141830085, 0.314104286516623, 0.31151942907351027, 0.3062951548720383, 0.31006331923096786, 0.31224055996508976, 0.3111308137095064, 0.31313113244349544, 0.3134525699096406], "mi_tw": [1.6241766468399095, 1.6753811677491401, 1.6538536330276161, 1.6423387112632648, 1.6528094616981803, 1.6609906613240608, 1.64647992204993, 1.6543263249725588, 1.63746305240869, 1.6464607267711768], "nmi_tw": [0.2691662864152064, 0.27622271375877555, 0.272498074489195, 0.27195933302315384, 0.2736302355035452, 0.2746058170487509, 0.2720600361262856, 0.27347197456094896, 0.27109917694436275, 0.27221390341289314], "coh": [-2.0000871953015382, -1.9577400135942724, -1.8412848922284542, -1.8530503855817346, -1.9150747504997028, -1.883680220724314, -1.896747419706984, -1.8445331800124225, -1.8718067851606588, -1.8888218405896893]}