{"p": 0.1, "p-emp": 0.04999896908803958, "t": [183.08762907981873, 183.92791557312012, 183.96046924591064, 183.69809126853943, 184.743239402771, 190.67720365524292, 188.0761296749115, 184.68974375724792, 187.71121048927307, 191.87052822113037], "nmi_acc": [0.4021292832436015, 0.4050183899034797, 0.3694175246427567, 0.4207715196252466, 0.3854494171181042, 0.40994487510581035, 0.3991496983483114, 0.4063775878056239, 0.4149420889303289, 0.3502018898823665], "nmi_repr": [0.22071526542147352, 0.2177631965340534, 0.20888628369453086, 0.21502386569474569, 0.22765325763845276, 0.2208442863010122, 0.22472211706024045, 0.22378179043410823, 0.23101976030879773, 0.20620455029027845], "mi_td": [1.6017907141319188, 1.5629136431149238, 1.5905984755103264, 1.572079440955641, 1.5430298060938392, 1.6317978960251505, 1.5960204444739368, 1.6390671455713637, 1.6142607817028736, 1.462983851399447], "nmi_td": [0.26925105293801155, 0.2642136472877389, 0.26668013949059416, 0.2665857238239439, 0.2623012187127995, 0.27414194647964074, 0.2688583256499567, 0.2742449529330627, 0.27189435901585535, 0.24766043064231974], "mi_tw": [0.7535661318775562, 0.7421873434447057, 0.7496434230691095, 0.7493377867808134, 0.7019339560818373, 0.7390818571294437, 0.7533042079696429, 0.7574340313601848, 0.740165306284692, 0.7627482899344602], "nmi_tw": [0.14649040490990417, 0.14523039808169624, 0.1452933667109602, 0.14715517111104395, 0.13823757364784883, 0.14358196701442888, 0.1468039826122657, 0.14645670130614752, 0.14422098227432414, 0.1494913738948139], "coh": [-1.0619507263643353, -1.197154342554708, -0.8714482211240051, -1.1851497081306923, -1.1099289904334482, -1.0617055097587431, -1.1943424102671456, -0.8719246089442738, -1.0037667189313144, -0.9745414396733374]}