{"p": 0.5, "p-emp": 0.4992998933332359, "t": [125.81787610054016, 128.95684266090393, 127.05776190757751, 128.46200466156006, 129.07472443580627, 126.92548823356628, 127.27763080596924, 124.28366374969482, 126.83002734184265, 129.37102031707764], "nmi_acc": [0.4404335421763303, 0.42488417580778093, 0.4095935884223636, 0.40757538369271556, 0.41799265770960414, 0.398854138047434, 0.3828481130689825, 0.41822791752964456, 0.4542676047284358, 0.45289210529872925], "nmi_repr": [0.3127006713619187, 0.32151794164626407, 0.30474032161965414, 0.30314463155176263, 0.3102465751214146, 0.30812854107811716, 0.28086680902953354, 0.28934587522187677, 0.3157847959246272, 0.33315041646358173], "mi_td": [1.9731106342110176, 1.9669027383335556, 1.9193757795545925, 1.928810181867903, 1.9811979684966297, 1.9505894610521382, 1.897033675241877, 1.9862543420493914, 1.9832914780842832, 2.0073389403085615], "nmi_td": [0.32699327343738177, 0.32623459732180327, 0.3186188605514269, 0.3194046865682062, 0.32855775904617784, 0.32308409496850243, 0.314774035575679, 0.32787396986593287, 0.3294317682421331, 0.33239543770388297], "mi_tw": [0.7368927423143479, 0.7358464878890582, 0.7476052973812871, 0.7510439030627013, 0.7114325739105503, 0.7224700398090865, 0.7225648236062486, 0.7304244716632201, 0.7284397420623836, 0.7334786593924808], "nmi_tw": [0.14561556791214383, 0.14555252521371817, 0.14802648586312728, 0.14827527381724825, 0.14069893399754055, 0.14267240583290494, 0.1429947558343861, 0.14365949022992444, 0.14433768295463434, 0.1448005091650705], "coh": [-1.5165074283857345, -1.5414183776077173, -1.7244830732946916, -1.4698282991781186, -1.4552672660943997, -1.7680866036190057, -1.626514935916798, -1.4992108981454204, -1.6528577756411962, -1.545446674782028]}