{"p": 0.7000000000000001, "p-emp": 0.6999970508088222, "t": [128.43127942085266, 113.81856441497803, 120.98521447181702, 155.70450687408447, 122.20936965942383, 142.13441944122314, 138.75148630142212, 129.8413610458374, 144.22476196289062, 131.84889340400696], "nmi_acc": [0.499098810255105, 0.5081271583582256, 0.4927095197780505, 0.48302481279990683, 0.4832326496025036, 0.48943938326635383, 0.5313455465852883, 0.4811621705050074, 0.5044163227169265, 0.45959116157394364], "nmi_repr": [0.36384675819239004, 0.34800751064075347, 0.3584356314880769, 0.339326510089056, 0.3160106138629218, 0.32530412069496917, 0.3535285295051212, 0.3666695690140358, 0.3555128510904357, 0.37144099921168144], "mi_td": [1.8790492947224406, 1.6701802833677917, 1.7052123941514978, 1.866239161977349, 1.5957501563055023, 1.7097374634323892, 1.8499618791329477, 1.6687238969017695, 1.7395574406375593, 1.5726571934616047], "nmi_td": [0.31484170571731873, 0.2867412032562443, 0.2916603130343655, 0.314253353039127, 0.2758379099651163, 0.29189554370953924, 0.31216596770255756, 0.2863964869051709, 0.29599691604173156, 0.2731944741067434], "mi_tw": [1.8794984436277637, 1.7107828458743886, 1.7581803869148442, 1.8011334287146679, 1.6278734614549737, 1.7502822264757893, 1.8049037523755236, 1.7190607305337449, 1.7934415157180301, 1.6374093891904187], "nmi_tw": [0.3413640341366951, 0.31903848772945526, 0.3265454537625561, 0.3288985681105601, 0.30583524100795567, 0.32442832820395434, 0.33033701007131816, 0.3204671256053517, 0.33122587968245304, 0.3092858965934704], "coh": [-2.0608916028281308, -2.4080087054083466, -2.2576211452537667, -2.3594980505254632, -2.40816774017665, -2.30123294856875, -2.2178184949701336, -2.5303691258932752, -2.0973825347068344, -2.224415332677526]}