{"p": 0.6000000000000001, "p-emp": 0.5998644416019694, "t": [167.62146091461182, 203.13048100471497, 199.76475715637207, 222.76326847076416, 214.33620619773865, 207.30934119224548, 207.12152433395386, 213.79665660858154, 209.27549815177917, 217.95625829696655], "nmi_acc": [0.4314812638547382, 0.4684225511166332, 0.4297324274289164, 0.3841112301608162, 0.4172556023604267, 0.4500672271960347, 0.4210277092428667, 0.4607388790317402, 0.41516853739550164, 0.40713059489589054], "nmi_repr": [0.2783117955542083, 0.31269131697127867, 0.32610619574258914, 0.24018082676858696, 0.22589267884796588, 0.2825443346092944, 0.26756587889933403, 0.2741182317346423, 0.2677698219800421, 0.24976888800096944], "mi_td": [1.6449130543681492, 1.871932466257941, 1.85069956630647, 1.6788251717556237, 1.7383716145784769, 1.743539256216636, 1.6528939239308404, 1.768675188348601, 1.6802793806771006, 1.7550279635044348], "nmi_td": [0.2758286644035618, 0.30791862687409605, 0.3038925137203179, 0.2774054466765932, 0.28607722011014, 0.2887062177018129, 0.27407455926788926, 0.29087402233460724, 0.2781783657196982, 0.2892932257026516], "mi_tw": [1.9750354377752863, 2.1202832630327606, 2.1347818928730304, 2.042966711104226, 2.119838693490285, 2.0717788519956097, 2.0703451436295173, 2.1259563004743067, 2.063964151118255, 2.0965626989760726], "nmi_tw": [0.31426897782736163, 0.33127793750266554, 0.3329880160753539, 0.3205715251606689, 0.3313496667379102, 0.32574354196804683, 0.32594493424502885, 0.3320997051696536, 0.3244562773469458, 0.3282232292799285], "coh": [-2.501245000581559, -2.4904482278255013, -2.6440000427361996, -2.8696378609185103, -2.496715996907147, -2.463955848946804, -2.5924750988104015, -2.498567842439741, -2.5450322437082256, -2.623447387367935]}