{"p": 0.6000000000000001, "p-emp": 0.5999996346134824, "t": [119.95160913467407, 125.27593326568604, 129.7360155582428, 119.58209729194641, 122.74290442466736, 119.28091168403625, 122.72372150421143, 127.55658626556396, 119.99783158302307, 126.433917760849], "nmi_acc": [0.09319955360704074, 0.0995238925975828, 0.12326930339096098, 0.10318786841182351, 0.15230491987624883, 0.10009082663032044, 0.13937798120069544, 0.13397992984081988, 0.11447851157515651, 0.11484830407772716], "nmi_repr": [0.2759441737158547, 0.3055952280634667, 0.2779435153845819, 0.2934173607623109, 0.27733729743696917, 0.26230357074087823, 0.24786111814445752, 0.24499858015586623, 0.2583346488677271, 0.2724910596131801], "mi_td": [0.8229126682298763, 0.8715855080483828, 0.9052046743558592, 0.8310631037809025, 0.8140941978723232, 0.8161630649199553, 0.7910788523048446, 0.8756576356824373, 0.8142766989332471, 0.8570945341860713], "nmi_td": [0.1519631017919783, 0.1606882399728767, 0.16360944378556777, 0.153580357786383, 0.14591722064254417, 0.15103348375058265, 0.143778883217101, 0.15869219950240634, 0.14970597892886073, 0.1569478763728694], "mi_tw": [1.1394961789569635, 1.097369004002013, 1.2630979687855568, 1.1041876518667468, 1.4073979815341087, 1.1268015002019693, 1.2400153986951141, 1.2571568425905872, 1.1366641078676911, 1.1501875972319762], "nmi_tw": [0.2869812137316581, 0.27575591780216163, 0.3089669676531705, 0.27836603235258106, 0.34039790405192555, 0.2845982031911866, 0.30561311302348054, 0.30862752567390356, 0.284550949419509, 0.28637062600064855], "coh": [-2.497336584737201, -2.612288562078341, -2.49437550767407, -2.6241446153436327, -2.736795157126656, -2.672874000658209, -2.5299926904216803, -2.3798413840492962, -2.7103799384402745, -2.7106957167575207]}