{"p": 0.9, "p-emp": 0.8957599243545512, "t": [73.2793915271759, 74.87804198265076, 74.4121925830841, 76.21854424476624, 73.44109606742859, 73.31441378593445, 75.22130823135376, 73.60772728919983, 76.30224180221558, 73.57416248321533], "nmi_acc": [0.010647777237351642, 0.009379603811107948, 0.010218918999496718, 0.010610699171129284, 0.009796580337458113, 0.010156498071739904, 0.009663930727500615, 0.00926365929595662, 0.008359099871088734, 0.009886913141304769], "nmi_repr": [0.2739786691736449, 0.2729655505898892, 0.2664799567150206, 0.2713333200609634, 0.2801127735993961, 0.2772192879068384, 0.27693401307697024, 0.2851299322796615, 0.27855919313120336, 0.2711228608532357], "mi_td": [0.6069006066245186, 0.6068900307345468, 0.6098691976291306, 0.6077891303748432, 0.6059345692273654, 0.6070971171116503, 0.6068937796893088, 0.6054262334569833, 0.6072697139184927, 0.608508893321672], "nmi_td": [0.10098526966722245, 0.10097605038573045, 0.10148537573948439, 0.10113714301346631, 0.10080894944558748, 0.1010172245742898, 0.10098375499359158, 0.10074313288533368, 0.10103656999477806, 0.10123986092613718], "mi_tw": [0.8836462954842141, 0.8668689911670172, 0.8599150062107055, 0.8850234182968129, 0.8910795342286579, 0.8750117437168691, 0.8881746882827265, 0.9040536193426087, 0.8672589536485101, 0.8777625705522563], "nmi_tw": [0.4489494351533302, 0.44032615829308, 0.436973223579141, 0.4497037810170116, 0.4525125116637168, 0.4445525346487493, 0.45124498437393473, 0.45936211055878967, 0.44048892727164646, 0.4457850757825266], "coh": [-0.18574193912601195, -0.18835624245814905, -0.1909705457902862, -0.18429591684384863, -0.1722251525564343, -0.18835624245814905, -0.17979032132065606, -0.18312763579387487, -0.18312763579387484, -0.1790673101795744]}