{"p": 0.9, "p-emp": 0.8995380209465651, "t": [50.25456357002258, 50.498788356781006, 50.12368679046631, 50.07666730880737, 50.073086977005005, 49.26714587211609, 49.67227077484131, 50.441537857055664, 49.88615322113037, 49.190677642822266], "nmi_acc": [0.20638486034121445, 0.21485983521618784, 0.23158002475329106, 0.2340203612561363, 0.21249078714011546, 0.22138559372335664, 0.23152909198379443, 0.22900509541059877, 0.21960348882941347, 0.24329799528296114], "nmi_repr": [0.2605569903678631, 0.2500971356689764, 0.26599997442211243, 0.2800530513559533, 0.25889932590942927, 0.2618873972433985, 0.28195197836661234, 0.2744346125696193, 0.27196346869188986, 0.28007741899027766], "mi_td": [1.991428156689539, 2.0090464121654534, 2.044048356160943, 2.0258794453178055, 1.9990953550225772, 1.9948102375502004, 2.0273679427631124, 2.068733557451846, 2.02069249915344, 2.0552711498443808], "nmi_td": [0.32990256635314735, 0.33242794554437377, 0.33836641687728214, 0.335201016110106, 0.3309679679794522, 0.3304456040056689, 0.33546737534387455, 0.34261197156691164, 0.33566228195465003, 0.34059438965516675], "mi_tw": [1.0833654458228341, 1.0745587498023357, 1.0768202586634976, 1.084997817079414, 1.0746027651266261, 1.1010846509302095, 1.0848824189689803, 1.0444849604829036, 1.0457115844584643, 1.0797068409225685], "nmi_tw": [0.2514530550151268, 0.248996262464968, 0.24967204836716572, 0.25140236739064853, 0.24920319892153658, 0.25554706478852435, 0.25139669437560747, 0.24233252036211728, 0.24364067610829063, 0.2507230143522483], "coh": [-2.2028008769694427, -2.1784485530680846, -2.0714932515084055, -2.1005136545056984, -2.149851103938612, -2.213508206388562, -2.1003291367261743, -2.1407259447453693, -2.195985207316843, -2.083993681116808]}