{"p": 0.1, "p-emp": 0.08087491279659276, "t": [273.2749092578888, 271.1095349788666, 280.73060750961304, 273.65084052085876, 276.1868381500244, 276.4080364704132, 269.85336327552795, 275.4605784416199, 272.18984627723694, 272.9238636493683], "nmi_acc": [0.38527812797079997, 0.36915209618283235, 0.32219050391333387, 0.35802339215013596, 0.3374967678193446, 0.34757386442924504, 0.3683301313903227, 0.3530125199279149, 0.3672275047229139, 0.3673425631318418], "nmi_repr": [0.20305770451950667, 0.21569441643173126, 0.19627205063578965, 0.18263609701668937, 0.19180544084043674, 0.18186810831243524, 0.18223124698471393, 0.20590309027725992, 0.19733106900985692, 0.20386944078862845], "mi_td": [1.4845058465528451, 1.491087695945178, 1.4110476846311257, 1.5435103958493233, 1.4630253572276712, 1.448489083224368, 1.4950750425331583, 1.5291099254527492, 1.5487452948996956, 1.4878354342203144], "nmi_td": [0.251594478474178, 0.25255625079745675, 0.2398766909000912, 0.2594882037640196, 0.24730818266972057, 0.246015010429916, 0.2531313321286171, 0.2566521947632821, 0.2598473267166839, 0.252622793725017], "mi_tw": [0.919598168340713, 0.9258847144166213, 0.8892453492032184, 0.9182957784127355, 0.915576073440452, 0.8696235522113404, 0.9022552079954587, 0.9324891008963658, 0.9199868011877892, 0.9015822046663992], "nmi_tw": [0.1690627747688428, 0.17010620746031385, 0.16402548482683776, 0.16734975211855008, 0.16784790202584857, 0.16024594446465237, 0.16569372298326476, 0.16963894266456517, 0.16729435193346628, 0.16608155647934206], "coh": [-1.2041113076313772, -1.215366511027638, -1.3936207514790384, -1.2759674116942423, -1.3300088495589155, -1.4746401619027985, -1.3659872384543872, -1.1953201669581506, -1.1732445734137316, -1.4304275194140432]}