{"p": 0.30000000000000004, "p-emp": 0.2999635396453506, "t": [139.55296444892883, 142.23078298568726, 144.12524461746216, 142.9695122241974, 142.57395815849304, 141.10067558288574, 146.6926498413086, 141.52975726127625, 142.527991771698, 139.646986246109], "nmi_acc": [0.3414951700899707, 0.33757066298661426, 0.3440991666267096, 0.3335473332597272, 0.34332710137879696, 0.3669109818717237, 0.3269313904472372, 0.35203102006735276, 0.3280596350611123, 0.3534712624029263], "nmi_repr": [0.21929094060446958, 0.23187986550269937, 0.2322992967248875, 0.23574078397838472, 0.23114047566776857, 0.23968451777483568, 0.23755707779804655, 0.23792377880969431, 0.24481268341034915, 0.23949149745412565], "mi_td": [1.7752743111318536, 1.77727752657918, 1.7644650589290267, 1.750262171413412, 1.7435893852718947, 1.8410399850602592, 1.718374675635204, 1.7847944067549595, 1.72128248928805, 1.8255912292074394], "nmi_td": [0.2947475571884905, 0.294065670527775, 0.29357057879591314, 0.29179670856871764, 0.29038352292060443, 0.3044433769670768, 0.2872726344575075, 0.2966133351400208, 0.2879832198331684, 0.3026733419486343], "mi_tw": [0.5167868419824555, 0.5390223329011563, 0.5342458567232238, 0.5116075416982142, 0.5243889753822568, 0.5273239705246299, 0.506107552271402, 0.5217710073727039, 0.5237990263747277, 0.5110048158630994], "nmi_tw": [0.1145968075642162, 0.11897928924020874, 0.11880216841591076, 0.11407586828139839, 0.11676408419595936, 0.11630925800896928, 0.1132672013811244, 0.11585079694055701, 0.11734901173767325, 0.11310089677320574], "coh": [-1.0554282941561435, -1.0204185893097872, -0.9048657608272144, -0.9446055339716951, -0.8229975562806022, -0.9180454219595966, -1.1050213746751791, -1.0131957226296164, -1.0388988026341077, -0.9754260361209754]}