{"p": 0.9, "p-emp": 0.8999998473988369, "t": [97.42053246498108, 91.00538754463196, 97.06377220153809, 86.71131682395935, 90.84921216964722, 96.39624834060669, 94.37246036529541, 97.62782168388367, 91.4225127696991, 96.38238334655762], "nmi_acc": [0.4732083469154474, 0.45514401526874965, 0.46986319035546076, 0.49306739821892015, 0.4318685339657642, 0.5028077449912135, 0.48249082982611374, 0.4464883405086337, 0.44986015015603237, 0.4694486949628874], "nmi_repr": [0.5191297296905572, 0.5169145358766041, 0.5160175538322146, 0.5287563332804108, 0.50224706364952, 0.511038792041603, 0.514013608596654, 0.5035193430211266, 0.5034867302888048, 0.5372282271861311], "mi_td": [2.7454276263286763, 2.7474730701854257, 2.7458604269185103, 2.773760301526549, 2.7435125765514807, 2.7541844561849715, 2.754160335160045, 2.7494610522694236, 2.757693404083805, 2.7642826436884524], "nmi_td": [0.42982882223894725, 0.4295720846741527, 0.42968733852963625, 0.4333032753673603, 0.42898167920568026, 0.43112070872269026, 0.4305750453707987, 0.4297956016025529, 0.4309788670587496, 0.4320545269331797], "mi_tw": [2.5106131077387848, 2.526917385094794, 2.512100761653868, 2.5250336668954976, 2.503916426471924, 2.5164270209989503, 2.5098044378983073, 2.517704893673414, 2.527568945025461, 2.524800183985064], "nmi_tw": [0.4276833589113022, 0.42983262423556773, 0.4277101567224329, 0.4291040148309868, 0.4259512627656746, 0.42858820168233325, 0.426875731937487, 0.4281709385610326, 0.42973605810023663, 0.4293149087217557], "coh": [-3.455179434789637, -3.4281912893353863, -3.4411575787843702, -3.3317765948094356, -3.5374210610764414, -3.4498831372790244, -3.5558245467416625, -3.4942156463312686, -3.404230596003947, -3.471496649088236]}