{"p": 0.7000000000000001, "p-emp": 0.6994822242535133, "t": [148.20236468315125, 146.59580421447754, 153.54367589950562, 162.2117726802826, 158.57382130622864, 144.30597567558289, 154.94771552085876, 154.15734481811523, 160.24559092521667, 154.63352966308594], "nmi_acc": [0.6342941498499272, 0.6203774866405164, 0.6272467067910394, 0.6247551752870003, 0.6308918684447441, 0.6314333098385433, 0.6325054985871393, 0.6273439329700978, 0.6437903031258513, 0.6318668139577197], "nmi_repr": [0.5651583808631497, 0.5303422846438226, 0.5271108346081675, 0.5302796652388856, 0.5393883338104379, 0.5467916646166741, 0.5316355020168112, 0.5359257469545169, 0.5234554390980973, 0.5306374358941378], "mi_td": [2.481936477418929, 2.483066681429324, 2.494082286584605, 2.4557466010669122, 2.4815306919410816, 2.447622860090479, 2.473302789512426, 2.4910850065623498, 2.4194258048975694, 2.4821951620802505], "nmi_td": [0.3854112214166659, 0.3849629073839164, 0.38670474455791853, 0.3807147217760269, 0.38466945856496043, 0.3798771640418177, 0.3836102315861186, 0.3860317871982043, 0.3761683833180514, 0.38494674514695143], "mi_tw": [1.0027813650533033, 1.0094831337122736, 1.0000820861218052, 1.0261885108368944, 1.0172946063830792, 1.0252015018567069, 1.015176794681981, 1.0047617974053673, 1.0291407245838888, 1.009382689009776], "nmi_tw": [0.2082436967098162, 0.209182115630723, 0.20725843573661565, 0.21263434150370011, 0.21076027718001752, 0.212745604297283, 0.21048006247085765, 0.20807824214188264, 0.21407093601398505, 0.2092477257275926], "coh": [-1.8272950406757502, -1.9398921751471871, -1.9411550226509746, -1.9460742060442566, -1.9570747237083523, -1.972168118020063, -1.9496598292387517, -1.9908506095220329, -1.8480525928281195, -1.9095727120119044]}