{"p": 0.5, "p-emp": 0.49984877224734203, "t": [138.14038252830505, 137.68469262123108, 134.56676173210144, 148.78195309638977, 150.34599924087524, 153.73302125930786, 145.65448570251465, 144.6691427230835, 150.98806285858154, 139.03738045692444], "nmi_acc": [0.6778205880547603, 0.6879723528627759, 0.6149743031239154, 0.6263740753300391, 0.6023279473124022, 0.6259512507241941, 0.6296149214456304, 0.6578851610728986, 0.5016402433092714, 0.6683030294707171], "nmi_repr": [0.3576256995657873, 0.37039361282456806, 0.33635999454627696, 0.30534490755908383, 0.3001675198940458, 0.3019170604223821, 0.33745316410162685, 0.33726343941534614, 0.30255878360923194, 0.31229854220355335], "mi_td": [1.310746391209028, 1.2906798225669227, 1.2317424097770835, 1.4856385323512575, 1.5774022475035017, 1.5518753879402358, 1.5105138134130112, 1.5791304383216258, 1.5237852562371927, 1.4016576463402235], "nmi_td": [0.21882110386582868, 0.21587157339524055, 0.20578467146109272, 0.23987266898166773, 0.2515624914571619, 0.24960613824665648, 0.24525324556491396, 0.2549921651747375, 0.24332980869533194, 0.23001083177365994], "mi_tw": [0.9208523909884653, 0.9046154096047885, 0.9326553254174793, 1.0233578909884788, 1.032418316637072, 1.0038485458599784, 0.9884000817585284, 0.9938810943266279, 1.0373919813367571, 0.9869177530186887], "nmi_tw": [0.21358930949359692, 0.2103653815903191, 0.216550371548417, 0.2266707711100584, 0.22484421242929695, 0.22118106846234636, 0.2206111198487268, 0.22017041237436114, 0.2263314477701189, 0.2235291922620847], "coh": [-2.5865848815427945, -2.5636962766901394, -2.397285351826283, -2.2656630888742653, -2.2887524708706923, -2.3158790633992696, -2.4179598676833294, -2.3297265556296023, -2.197431266997673, -2.517704196362912]}