{"p": 0.4, "p-emp": 0.39862079068766665, "t": [159.95729517936707, 175.05864906311035, 155.79443454742432, 155.45926332473755, 149.15731501579285, 165.5215847492218, 158.92750072479248, 164.61280703544617, 152.30919551849365, 162.30850338935852], "nmi_acc": [0.7807789462194968, 0.7414706801187341, 0.7307479046577995, 0.742340640562105, 0.8029348063128033, 0.7589539310116746, 0.7532992254289482, 0.755682157169039, 0.8013213872113802, 0.7534613468259392], "nmi_repr": [0.4903633108453843, 0.4535759271439187, 0.4289461127164157, 0.42846801035567184, 0.43495894339628116, 0.460512477688387, 0.462038827495438, 0.46903135261533346, 0.47461353551531094, 0.46952976142270325], "mi_td": [1.4920140771518209, 1.519205853074154, 1.449413889927391, 1.345370218020766, 1.3588310330626012, 1.5520060143350165, 1.432138418129802, 1.559639466548006, 1.4286435334230658, 1.4890016488199174], "nmi_td": [0.24381114373641197, 0.2446690847694309, 0.237541949410713, 0.2202795992704431, 0.22520883416714088, 0.25192379285523014, 0.23425227203342638, 0.2524407642262486, 0.2367021319260416, 0.24123121817458967], "mi_tw": [1.5429154146477604, 1.6790674052809875, 1.531627959142856, 1.562458148265345, 1.4501824525934202, 1.568647694126739, 1.5223564068608084, 1.592900786499264, 1.3844748894559675, 1.6204212592817582], "nmi_tw": [0.29917190736414817, 0.3200073198969744, 0.2980136140410868, 0.30366731252822876, 0.28595377678775213, 0.30175843113135176, 0.2955230008744102, 0.3053887016412344, 0.2728913198080534, 0.31100661877741725], "coh": [-2.403393943645268, -2.3642143082814977, -2.3077067317909687, -2.180536624198654, -2.3082844719821796, -2.3665014862631493, -2.377491854054474, -2.2363383096378127, -2.303096016598397, -2.219994035043104]}