{"p": 0.0, "p-emp": 0.0, "t": [1311.207379579544, 1391.8996632099152, 1332.15101313591, 1345.8957431316376, 1343.257526397705, 1229.2305791378021, 1158.8637292385101, 1289.639041185379, 1401.345617055893, 1116.4022166728973], "nmi_acc": [0.7880802943005634, 0.6290825089440136, 0.7585557610012806, 0.6634199270198895, 0.8134219387731214, 0.7534342072386282, 0.7962635797114872, 0.7917141843109404, 0.6327160050035759, 0.647968233518957], "nmi_repr": [0.3284606079583375, 0.31790575912544183, 0.2896551331312057, 0.284223884195886, 0.3295973096566867, 0.3224303048129513, 0.31213596595182397, 0.33945425848429966, 0.30937487617989495, 0.28864927798114576], "mi_td": [1.2288079826835785, 1.199530376512289, 1.1327407285081494, 1.1347462669574198, 1.1988559244799946, 1.1420080054450783, 1.0670998948556685, 1.09269958130212, 1.3134980596355326, 1.1704038639027863], "nmi_td": [0.20050326671846108, 0.19373438570734797, 0.18270936993802459, 0.18805804714379531, 0.19504460251696684, 0.18611534562242876, 0.17734401698592844, 0.178047114224744, 0.2093332263202209, 0.19145585381179017], "mi_tw": [1.4768563879714423, 1.6466372175443573, 1.643308456009834, 1.3730826565207348, 1.5607687988287013, 1.5258332897872169, 1.4158125167752054, 1.6092576028276757, 1.664345637244098, 1.4691078862095013], "nmi_tw": [0.29401593762652156, 0.3237553554317483, 0.3225894914327159, 0.2786032428321839, 0.3096146918167804, 0.30331924408942534, 0.2882619385449321, 0.31983224313423314, 0.3219794008495387, 0.2933751031562684], "coh": [-2.557834122462822, -2.1051408801099605, -2.5881235563545166, -2.5182726281111667, -2.4763956850460893, -2.4017609609123203, -2.679503189447017, -2.536169304291973, -2.167184203985596, -2.6637699415754117]}