{"p": 0.6000000000000001, "p-emp": 0.5999996947976738, "t": [211.83249974250793, 221.9211781024933, 217.16395950317383, 209.97416615486145, 212.43784856796265, 207.47072386741638, 224.10790276527405, 216.50997066497803, 209.1726315021515, 214.5645215511322], "nmi_acc": [0.6036927946839293, 0.6244088853317896, 0.5727305589005476, 0.5728947559394425, 0.5643728401877185, 0.6122833799699987, 0.5984683253695369, 0.5991345464385851, 0.5630406591052222, 0.6069213877362263], "nmi_repr": [0.400445883571935, 0.42795108815744437, 0.39743899693458634, 0.38716289931483766, 0.3820012089374045, 0.3731330778738623, 0.39193985858521774, 0.38867732529595117, 0.38794803275896983, 0.38780221725369335], "mi_td": [2.082077744817689, 2.0550308427364303, 1.951691014562377, 1.8705053680966663, 1.884954397207203, 2.1114672273518043, 2.0100384037652237, 2.054991291731951, 1.9399791819683647, 2.130966467211935], "nmi_td": [0.32372245174883213, 0.322076997081006, 0.30416024454891927, 0.2929828526421632, 0.2939237710985559, 0.32746672482218964, 0.3128757556544583, 0.319615158594278, 0.3022243503386941, 0.33061153229877055], "mi_tw": [1.0290867742964689, 0.9841388036772775, 1.1119184189668168, 1.1458748348779135, 1.1611173016247118, 1.0270484711263017, 1.0766824006112314, 1.0521136244906153, 1.1390421706165559, 1.0209048340204872], "nmi_tw": [0.2307691617835549, 0.22324883421321226, 0.2501866347307277, 0.25971466324394826, 0.26146731296217446, 0.22947802864379577, 0.24183697666500673, 0.23604375981380554, 0.25615417480982783, 0.22822534404468656], "coh": [-1.8467498652197982, -1.8929736445558507, -1.9166182495297037, -1.8475227762633768, -1.7285116927159865, -1.897952482556299, -1.8611587563587135, -1.8723234934024084, -1.9130627072395026, -1.8384353413921748]}