{"p": 0.6000000000000001, "p-emp": 0.5999459791882533, "t": [138.16939640045166, 143.29958581924438, 140.41429114341736, 138.59860253334045, 141.22959756851196, 142.21242761611938, 137.8868327140808, 142.22378134727478, 135.6393804550171, 139.20953178405762], "nmi_acc": [0.49942692955159906, 0.3845600471376693, 0.42996452867126356, 0.4978488456790526, 0.4302680813502028, 0.4510410090216013, 0.46607015160169235, 0.45567752398087286, 0.4843105791457615, 0.4313083946856302], "nmi_repr": [0.24954227621181518, 0.242188311805692, 0.2127869352883388, 0.2392158214819958, 0.24313062606393498, 0.24307553935311565, 0.2531101339890113, 0.258093231247327, 0.2595160112361211, 0.24704316097263312], "mi_td": [1.909915560233154, 1.7293839050899193, 1.6229781513224617, 1.8476005458534461, 1.8457792927299312, 1.812658317560625, 1.9188667589033872, 1.9089805279388197, 1.8104850925709468, 1.7933797474306188], "nmi_td": [0.2986742470217866, 0.2731270523171144, 0.25914988834819, 0.29062550255837927, 0.28910360332890633, 0.2853344509895214, 0.2995366359170034, 0.2987480612926365, 0.28620840230137706, 0.28145492954726065], "mi_tw": [0.5956941666433181, 0.6152612450661799, 0.6082837558137996, 0.6001537392438532, 0.5983634360979921, 0.5855874728995238, 0.5906114105770335, 0.5818897048832125, 0.5842684159948223, 0.6158797959837443], "nmi_tw": [0.16788960809695205, 0.17653143797746032, 0.17805930077356616, 0.17094452141394445, 0.16912588877642565, 0.1670131654853896, 0.16592058999491602, 0.16421696084468487, 0.1679297133217101, 0.17470258734424116], "coh": [-1.19842184959261, -1.274539143775478, -1.3335747291549813, -1.2167361845253006, -1.1099686067580232, -1.1817789257877107, -1.1557767849619807, -1.2358310070359715, -1.2471883594281985, -1.1929002164613245]}