{"p": 0.1, "p-emp": 0.08381740965629636, "t": [335.8110122680664, 316.481023311615, 316.4324164390564, 312.3168137073517, 322.71946001052856, 323.2546830177307, 305.17445516586304, 310.0503396987915, 301.97945261001587, 305.82377648353577], "nmi_acc": [0.649836061955329, 0.6969305497281332, 0.7206387770366305, 0.7344780003632075, 0.6794438196807929, 0.6355029975088101, 0.6943795296901495, 0.7806712542043694, 0.7548109693703204, 0.755651052326594], "nmi_repr": [0.3678249780520072, 0.34473222064769343, 0.3506106570714096, 0.3666326893619622, 0.37069714326489767, 0.36847661346203414, 0.3658431912237631, 0.355977656903788, 0.3441124559770388, 0.33483786294292317], "mi_td": [1.3550894342880864, 1.2326285643033854, 1.3454387079920922, 1.134984924147681, 1.2622672387667355, 1.2862259761436314, 1.2051886007217276, 1.275420058362837, 1.2810465076150628, 1.1823111777833455], "nmi_td": [0.21825712883847329, 0.2003136754804204, 0.21997699376454893, 0.18632053224299017, 0.20529969306271773, 0.20893229154876825, 0.195465359926171, 0.20705078201190238, 0.20927815375291423, 0.19183288185478778], "mi_tw": [1.6034298457409226, 1.5642600772543778, 1.44713344244514, 1.5868805826836974, 1.5608867398729678, 1.5797608689416174, 1.6673858994811033, 1.560514692855045, 1.4748111045925196, 1.6495999330001003], "nmi_tw": [0.30253301028730173, 0.2982483168656165, 0.277888600334264, 0.306175919792998, 0.29789362497026345, 0.3010491381591718, 0.317170026812675, 0.2971689480221955, 0.2829322182723838, 0.3139363619178585], "coh": [-2.5827643683182457, -2.468456195046935, -2.4095347817215074, -2.538808201580562, -2.295370844944614, -2.311398170533236, -2.380589807800543, -2.36050611621362, -2.451968282562057, -2.3955765179449187]}