{"p": 0.30000000000000004, "p-emp": 0.2999705479755167, "t": [190.78095412254333, 196.70079565048218, 184.4581322669983, 187.2333209514618, 185.14334511756897, 183.82608461380005, 185.98677253723145, 181.58650088310242, 189.72679138183594, 176.19758677482605], "nmi_acc": [0.6704195348300863, 0.6770440219161531, 0.6291022467243107, 0.7104693331604681, 0.6292843590599644, 0.6937356633646217, 0.6440497630668858, 0.6215834491089476, 0.6851383998609354, 0.6921912785548404], "nmi_repr": [0.3267449389721874, 0.33899715223355203, 0.34218450264121036, 0.33291587284860147, 0.34017199084462946, 0.33366302357754224, 0.34138908668199974, 0.3281166361949969, 0.32867121275956723, 0.3499122539740239], "mi_td": [1.6481733563281922, 1.6263759849130306, 1.5695573097148896, 1.589856444273186, 1.7030518191862736, 1.6012543211682027, 1.6383005641752133, 1.4927251472074234, 1.5995297391113144, 1.3689628171303], "nmi_td": [0.2613769632460886, 0.2605033288587926, 0.25124133843489477, 0.2548011867461888, 0.26853718391403897, 0.25639481367676714, 0.2594521324398877, 0.24033969813781023, 0.25672734536676056, 0.225273032208024], "mi_tw": [1.052878330207286, 1.0285646009808926, 1.0343487488257208, 1.0342174525995707, 1.0777953395733446, 1.0220000263063218, 1.05495874597409, 1.0114381994763473, 1.0279605701334456, 0.9723890331014265], "nmi_tw": [0.21352561681942564, 0.21127382092907754, 0.21228734965653948, 0.21259260453594103, 0.21698471083437654, 0.20983654611990893, 0.21356946950339994, 0.20914392610413782, 0.21170397216807268, 0.20679911532876125], "coh": [-1.9100862776311984, -2.0883506506516816, -2.1966790565254604, -2.0622968573135108, -1.8918765772941442, -2.19189825125172, -1.9997558928124008, -2.4289443768389907, -2.147994734323335, -2.1888149564730557]}