{"p": 0.6000000000000001, "p-emp": 0.5991027051608188, "t": [118.782710313797, 117.22837495803833, 115.54726982116699, 115.38475465774536, 112.87001085281372, 118.45138883590698, 117.15756487846375, 117.65183210372925, 115.77238345146179, 117.13701224327087], "nmi_acc": [0.6287529123151883, 0.6353082899320771, 0.6312747197308728, 0.6425993529947167, 0.6428878602227337, 0.6327706944996356, 0.6312317803958437, 0.6161399053024158, 0.6253783983585649, 0.6214914425402149], "nmi_repr": [0.4418363789113164, 0.446860805239944, 0.42773022039164144, 0.43804686799138537, 0.45181039235382897, 0.4261652657987955, 0.4261071406021352, 0.429610841086216, 0.4458279529777511, 0.44760828960495264], "mi_td": [2.1386185553117274, 2.165944715180078, 2.023451096300059, 2.0994083964842076, 2.023201530059931, 2.128367033427865, 2.086592895555217, 2.153110904680204, 2.1001205860114056, 2.1474377943249263], "nmi_td": [0.33273980680506293, 0.33616249580782337, 0.3179972929937859, 0.3278577584930739, 0.3182208625731578, 0.331286102480544, 0.32526135793347777, 0.33450193584154614, 0.32843330364863227, 0.33409310213377136], "mi_tw": [1.1056806321307142, 1.118331521840553, 1.093230457280414, 1.102887001807436, 1.0936598916425269, 1.099170458085107, 1.1025501811566853, 1.1091273934452532, 1.0840506433426165, 1.091905983773508], "nmi_tw": [0.2234443742176054, 0.2252794623633367, 0.22383199060109354, 0.22396096747186436, 0.2241610831619267, 0.22225186872193042, 0.2233612228768829, 0.22371293777962403, 0.2205413388995472, 0.22064451181896647], "coh": [-2.0331008281626395, -1.965143869631697, -2.1067628778638126, -2.1392145703851266, -2.128201586739497, -2.111943953471889, -2.0545608766936647, -2.002465120279809, -2.1058143356438146, -2.0757752894247963]}