{"p": 0.6000000000000001, "p-emp": 0.5999459791882533, "t": [221.2569100856781, 211.241685628891, 216.97551894187927, 230.32906007766724, 221.4792776107788, 230.56746745109558, 215.9154748916626, 236.25755953788757, 215.97619581222534, 228.08023929595947], "nmi_acc": [0.44492699458810797, 0.4260937560319434, 0.42589104037244935, 0.4352287255760832, 0.44051635375757303, 0.4252214760210172, 0.42453034049438526, 0.4216854641094672, 0.41970459205972316, 0.4353158872662678], "nmi_repr": [0.22760475797483518, 0.229995032132337, 0.23686475527151632, 0.23829783396431412, 0.24181513152446246, 0.22604133639667306, 0.21492005928086722, 0.23300417481648464, 0.24733657693974764, 0.23465036062128114], "mi_td": [1.795517006975472, 1.8495884517260324, 1.816431373634952, 1.8355948528481079, 1.8092174983075373, 1.724112292344222, 1.769849375572054, 1.8255900141401817, 1.8255318243514873, 1.8192002684760107], "nmi_td": [0.2800488927764998, 0.2873763431956841, 0.28243891460794157, 0.28578082386387044, 0.28186982974431535, 0.2688696764301217, 0.27553531709039164, 0.2839759869338165, 0.283983120348371, 0.28334760169618173], "mi_tw": [0.6192826853904063, 0.6163826415033107, 0.6281079113489443, 0.6184675482080872, 0.6172983545704607, 0.6568297454856332, 0.6385085112873836, 0.6212764216491443, 0.6244258720773948, 0.6186985956222995], "nmi_tw": [0.17371539047837195, 0.1717132134962614, 0.17521802509639697, 0.1729218802938689, 0.17281039722101935, 0.18419582136819934, 0.1785139956796741, 0.17343610079151592, 0.17433313532677133, 0.17311729716096272], "coh": [-1.084802337211411, -1.1577076807931355, -1.159159026911632, -1.1684304878369012, -1.0837937964889488, -1.094662529355539, -1.0955792428964084, -1.1003999295090883, -1.144858158907272, -1.0976414311689724]}