{"p": 0.2, "p-emp": 0.1989455259627989, "t": [176.92703533172607, 185.96949124336243, 180.76346492767334, 183.51776766777039, 179.58127188682556, 184.67700624465942, 179.3725185394287, 184.64249730110168, 185.002459526062, 181.71677470207214], "nmi_acc": [0.7122991084517807, 0.6941852719771386, 0.6985362733408648, 0.6697514780473651, 0.7042957171709856, 0.6491136791501947, 0.6876165508363489, 0.6865857653303391, 0.6848953774890447, 0.6813122333952618], "nmi_repr": [0.3646859465412699, 0.37458022120050555, 0.35496762875126253, 0.34963369892895324, 0.36982125726815374, 0.36477394035642985, 0.3623642950310505, 0.382901579125248, 0.37371337813193317, 0.3674746837632768], "mi_td": [1.677118255711395, 1.7505460896872986, 1.6417016426048177, 1.6994913416592614, 1.7276194909319356, 1.758163011276624, 1.6983067955767348, 1.7393844917630779, 1.7531909259118974, 1.781871531458314], "nmi_td": [0.2644504437124304, 0.2747254781302677, 0.26023039924538244, 0.26753775878509084, 0.2731119628394588, 0.2753189630093256, 0.2686619716376894, 0.2734172256537247, 0.2749012495694033, 0.2781878820304999], "mi_tw": [1.3338611933319748, 1.3374533556088244, 1.3132320261394679, 1.336059215826749, 1.3201267621114747, 1.3413528313497354, 1.3267266922647898, 1.3224741088250327, 1.3379565610616169, 1.3618996684612668], "nmi_tw": [0.2362716708025658, 0.23565223676681826, 0.2339958511369414, 0.23622408541128653, 0.23451252602887163, 0.23576064668665772, 0.23586641645728615, 0.23343800668717538, 0.23551073008734358, 0.2385599389725028], "coh": [-1.9786238581020634, -2.0282956143711806, -2.2165818901072956, -2.0484256901475284, -2.127908559268485, -2.053764339645835, -1.8679341748506981, -1.9946680249229067, -2.139539217210923, -1.919531156689772]}