{"p": 0.7000000000000001, "p-emp": 0.699698612702826, "t": [94.85180640220642, 94.02516007423401, 89.46286964416504, 97.02020764350891, 94.4397554397583, 102.89331293106079, 91.8951301574707, 89.13904118537903, 89.25102806091309, 92.36539435386658], "nmi_acc": [0.2691786580183421, 0.44573170380708893, 0.3194565598716784, 0.3928519514546307, 0.40376990047963823, 0.4000980431297172, 0.3119641413290303, 0.2995111198736785, 0.35769912337657694, 0.3094519991559593], "nmi_repr": [0.2671405415430785, 0.24465667921311324, 0.2649105842710952, 0.27244706147888303, 0.3008846984065439, 0.30520754180272086, 0.3383680270583526, 0.36625699204907547, 0.3255023848144115, 0.25627894069762186], "mi_td": [0.9065930242038809, 1.10760411986071, 0.8793520634139826, 1.0320076877803814, 0.9602072024166651, 1.106222267007571, 0.921820059837675, 0.9242106960006712, 0.9373787604234434, 0.9628760621110679], "nmi_td": [0.15582573630708554, 0.18471527906201968, 0.15300924890070092, 0.17461155919558466, 0.1633571644803866, 0.18345459652874874, 0.157142146954284, 0.1579124980157209, 0.15872294219601454, 0.16389463263009185], "mi_tw": [1.1030034404505946, 1.1446314318247015, 0.9698541146287444, 1.1578784431162568, 1.1342186226692543, 1.2914673883614995, 1.2370559399480676, 1.2019193127799623, 1.2389905458952457, 1.1228789414350122], "nmi_tw": [0.3254859003839426, 0.3208879529729968, 0.29231411669630664, 0.3326182638069889, 0.32887728939423094, 0.3586663616728607, 0.3599282482972383, 0.35108183086357797, 0.356384869157334, 0.32587194708219797], "coh": [-2.723888122459193, -2.612339885946366, -3.000026471123442, -2.955569358247663, -2.4706549080190734, -2.7441972294801285, -2.7435978631204243, -2.660857984703223, -2.8589347472582816, -2.8446620990014644]}