{"p": 0.9, "p-emp": 0.8999977109825531, "t": [78.98419451713562, 69.1989758014679, 91.64108777046204, 77.32555913925171, 70.24831914901733, 78.63559079170227, 70.80838203430176, 75.48165583610535, 76.5059142112732, 77.56321334838867], "nmi_acc": [0.20109201901728066, 0.22697655588185858, 0.24272552107167022, 0.245341457784893, 0.2351704522323284, 0.22955332818317062, 0.21553209636753198, 0.22651307351974773, 0.20443033440252034, 0.19161667497207793], "nmi_repr": [0.10876421843346655, 0.1115061329601605, 0.13033623017309973, 0.14341169357546762, 0.13961209232487684, 0.13515182502450906, 0.12602468082805113, 0.11990615258434476, 0.11295639311164257, 0.10869767765095821], "mi_td": [2.6994523861679802, 2.6272288466543587, 2.7699159027484233, 2.808585036105263, 2.6287474880199055, 2.71629809211272, 2.6587030288611238, 2.617929896345976, 2.693956040506463, 2.7152255390709596], "nmi_td": [0.4029172941420525, 0.39499851546372383, 0.41231497665781003, 0.4166194153204767, 0.39508034901499883, 0.40533807839308517, 0.39835615312428163, 0.3934765162856089, 0.4023771240250908, 0.40460125453143514], "mi_tw": [3.0350640268565954, 2.965251515288382, 3.0805033645044677, 3.112904135573388, 2.974232871172028, 3.047273266510075, 3.0025025117551767, 2.9752049174881288, 3.0179179881647342, 3.06408879195006], "nmi_tw": [0.438170780999022, 0.43111250911806176, 0.44356580825193537, 0.44672555055174085, 0.43226330135434915, 0.4398351976276442, 0.43507674611482655, 0.4324279205839027, 0.4359890848370711, 0.44165333278207797], "coh": [-2.2100217189015967, -2.2518233309461353, -2.295871221220561, -2.2090878654046078, -2.1577531419259235, -2.219230685094335, -2.1769719069272484, -2.377078954134293, -2.1685200430331824, -2.384064465108864]}