{"p": 0.9, "p-emp": 0.8999998473988369, "t": [86.58844256401062, 84.14858269691467, 79.38664865493774, 77.62350678443909, 76.08068656921387, 77.6815595626831, 77.08314847946167, 76.76622223854065, 78.11384344100952, 78.75567626953125], "nmi_acc": [0.09949613099135624, 0.11443016297948953, 0.11301592772620339, 0.1005968978501917, 0.13172811933295012, 0.09937099776435784, 0.10532170418711052, 0.10096294072978382, 0.11623188330173992, 0.13076526691690185], "nmi_repr": [0.09970743123610717, 0.09435453377584788, 0.10327777674908147, 0.09598017760137234, 0.1078848592855532, 0.10815459695582111, 0.09319299299552306, 0.10948714669394283, 0.10288950581156857, 0.11000704883183259], "mi_td": [1.9662421495610756, 1.9901773683761652, 1.9964263961591189, 1.9758537320447698, 2.0065717571520953, 1.9869159577520201, 1.9781803002413103, 1.9895942561090547, 2.0044705725184753, 2.0063772606484687], "nmi_td": [0.30687462680842853, 0.3103700893466183, 0.3113711505156455, 0.30807295737091417, 0.3130728538605879, 0.30976314747102673, 0.3085001930643103, 0.3102378713059346, 0.3125794203560345, 0.3129636401980911], "mi_tw": [2.815586646308877, 2.8220508673396374, 2.835264206558646, 2.829606525757695, 2.8345357345847453, 2.8291155741410203, 2.8313882992158903, 2.8266483077420723, 2.8307296616274837, 2.8175923581637554], "nmi_tw": [0.47800252858662245, 0.47869706337188517, 0.48098296476211155, 0.4798713837580721, 0.48105892492222285, 0.4797298066032812, 0.4802827391514197, 0.4794075294933418, 0.4801362971823005, 0.47805236497061804], "coh": [-4.34896834476834, -4.253567465221371, -4.247702246885366, -4.31283551414623, -4.215119739540151, -4.38298178034201, -4.30471710124376, -4.321914994941995, -4.169568087538032, -4.18002808282418]}