{"p": 0.7000000000000001, "p-emp": 0.6999772624266942, "t": [79.75111293792725, 74.9966311454773, 70.77074074745178, 76.29269671440125, 79.85273575782776, 75.34213471412659, 79.52579498291016, 74.85846161842346, 71.51288914680481, 68.04636001586914], "nmi_acc": [0.7206868286615012, 0.707144295415067, 0.6907264486763148, 0.7402297001159808, 0.7094665657441165, 0.7594318784138951, 0.6905371998600047, 0.7217024173104839, 0.7677407967979067, 0.6841897980644838], "nmi_repr": [0.5056550752559773, 0.5115871623126126, 0.5102945972643892, 0.5275560715036096, 0.5369303473519826, 0.5603816394752145, 0.5488418185654559, 0.5098621407483132, 0.5034317846956124, 0.5204841855568832], "mi_td": [1.8957860245948892, 1.733909034889052, 1.7439958061838667, 1.798559944765127, 1.9630545089460176, 1.800761974315971, 1.96642197569769, 1.8339217844304483, 1.5831398255068319, 1.5984966066843678], "nmi_td": [0.3062820984964388, 0.2826442369245652, 0.28450527747193616, 0.29277311306001036, 0.3176719899262167, 0.2943258171692471, 0.3157592232351276, 0.2957128140190325, 0.2626811932330592, 0.26380502671229933], "mi_tw": [1.8291873560597736, 1.7951277674499906, 1.7675212273404206, 1.7903584023783579, 1.7985570469467045, 1.745625468720781, 1.8653175915410698, 1.879037407787002, 1.6690480550589406, 1.690744716451699], "nmi_tw": [0.36277645805633857, 0.3599531768087102, 0.35475012758446933, 0.3583797003658197, 0.357422679043947, 0.3511776518306366, 0.3671801745340359, 0.3717763502987337, 0.34206258941791445, 0.34421384034600333], "coh": [-2.576502370692666, -2.3639634174624744, -2.0948084712332102, -2.449496453196273, -2.584788387663315, -2.305093430484121, -2.2854606453738255, -2.4121653285407976, -2.442779478319174, -2.3488740969632573]}