{"p": 0.0, "p-emp": 0.0, "t": [237.38441729545593, 233.76879215240479, 235.16577053070068, 245.57278299331665, 236.2006916999817, 236.3031871318817, 247.37672305107117, 238.48512887954712, 236.77481317520142, 233.70942330360413], "nmi_acc": [0.6915010766813301, 0.7185537091342518, 0.7027006446657038, 0.6945591061105202, 0.7353622642290076, 0.7014010179264055, 0.6787738305418487, 0.7872181021222897, 0.69717296954075, 0.7269222188016529], "nmi_repr": [0.3954579850315323, 0.3775519511082896, 0.37523491996901254, 0.40160695754102466, 0.3841224308892092, 0.38035356309175256, 0.3525833590948436, 0.37927556690979625, 0.3976100438217634, 0.38404898241236773], "mi_td": [1.6131177470172642, 1.60995238193054, 1.605400836110474, 1.6587328350556696, 1.4825097030713532, 1.5748644279665294, 1.488993906220464, 1.4996344035882143, 1.5995670178410364, 1.5161181212640293], "nmi_td": [0.2569302798137526, 0.2577868405408555, 0.25723936497926686, 0.2643665072082722, 0.24193067516371247, 0.25213438061430765, 0.24115908144227197, 0.24576001848175405, 0.2552047313543291, 0.2455000418756013], "mi_tw": [1.0606236653033374, 1.0374949921707888, 1.0332978135337618, 1.0495985719656522, 0.9760818297811588, 1.0286369674403935, 0.9952472096099633, 0.9380313697916105, 1.0390695078995824, 0.9995084316270147], "nmi_tw": [0.20503636047551355, 0.20185843400574577, 0.2012141561780665, 0.20306431216920706, 0.1943511514037541, 0.20010205602082423, 0.19634952468181388, 0.18773926713759093, 0.20128384624136317, 0.197139240141309], "coh": [-1.7435671225023817, -1.8932494762873702, -2.001791842452419, -1.8510682331608312, -1.9743534382919328, -1.9391102809975187, -2.193621729087373, -2.0586630361439178, -1.744541558884806, -1.8722963018251506]}