{"p": 0.4, "p-emp": 0.39994140115335963, "t": [439.9371302127838, 585.200217962265, 948.7700579166412, 844.49356508255, 864.4950459003448, 664.3519704341888, 656.9096677303314, 779.016197681427, 677.5466420650482, 460.3532524108887], "nmi_acc": [0.7060916558089925, 0.675025965099569, 0.6366022150018624, 0.6501075905992854, 0.6692118844730192, 0.6814966614801381, 0.6875916401617512, 0.7052101972298381, 0.6741869852920359, 0.6565030697591929], "nmi_repr": [0.3672378710391802, 0.36431637323200106, 0.35943521317644533, 0.3395376212836282, 0.3417260935513701, 0.35713446061176296, 0.37344911600688935, 0.37582958436097597, 0.35884763408318565, 0.36257392671567473], "mi_td": [1.6538239332197, 1.7489119809665035, 1.7353511418109224, 1.7239915886244634, 1.707909850355525, 1.6725851234513687, 1.6981911998894725, 1.6712696250341863, 1.7147374233693689, 1.7442904627035594], "nmi_td": [0.2614304876228022, 0.2737896225337529, 0.27062819512388975, 0.26855688277080314, 0.2672718168971936, 0.2636428632478513, 0.2666704728669688, 0.26452122837022196, 0.26862913720995213, 0.27212191737124336], "mi_tw": [1.6466568191081024, 1.6811496828736905, 1.6966724297753362, 1.720818416921307, 1.696838667400614, 1.6594880412300679, 1.6952667077658414, 1.6443201226271502, 1.6994979847269576, 1.7192455799337691], "nmi_tw": [0.2852041858584308, 0.2880977033044672, 0.2895415640071244, 0.29330385820761395, 0.2906684782180427, 0.28652951818571, 0.2914994720046672, 0.2851928288007825, 0.29146710856541247, 0.2935113280201684], "coh": [-2.5652805201985056, -2.3318338404215213, -2.111329639178308, -2.106370390288747, -2.2288014445386524, -2.5287594200003505, -2.321274440638316, -2.3200924566728776, -2.317052636812112, -2.110805719323611]}