{"p": 0.0, "p-emp": 0.0, "t": [273.3289387226105, 291.80053448677063, 270.98872685432434, 277.63316559791565, 290.1842076778412, 283.08610677719116, 271.80277466773987, 292.19408345222473, 297.2843029499054, 303.1514024734497], "nmi_acc": [0.8546623738742087, 0.7443661931688612, 0.7905090531639558, 0.72490390192838, 0.6804524133563, 0.6145621881968033, 0.6843786703058368, 0.7523957066399605, 0.7142321604497153, 0.7667906918683337], "nmi_repr": [0.29270732195517135, 0.2572530863853699, 0.2826558602497742, 0.3308935799303909, 0.3449987824532373, 0.3519110632889137, 0.32611536754587167, 0.3025399259730612, 0.3388823651340365, 0.3373033179629962], "mi_td": [1.099100069305604, 1.1609225567065262, 1.0798725276770504, 1.1636876428666831, 1.1800512228457956, 1.0801075322482105, 1.0625564529235285, 1.2890400345048485, 1.2010478774522746, 1.2640972164714466], "nmi_td": [0.18019762984307844, 0.18803184092115638, 0.17725798647778646, 0.18841676097117385, 0.19432025994764265, 0.1785445568745682, 0.17441233264090095, 0.20934644939026034, 0.1951541444827614, 0.20444610075529884], "mi_tw": [1.4817029249975484, 1.5628952085795038, 1.5475653961767106, 1.6675426866802017, 1.47024375770817, 1.4785054975582756, 1.5819955128883614, 1.5344852622503686, 1.5644601164752578, 1.5116951024104557], "nmi_tw": [0.29670581991944955, 0.308354292804297, 0.3103494287709509, 0.32886710251547707, 0.2959938000314714, 0.2990539122498619, 0.31724679313810605, 0.3037454359020586, 0.30986860761400503, 0.29772636944346603], "coh": [-2.457739445865676, -2.456428602657872, -2.3665603684287784, -2.3508070328564745, -2.5891008519013154, -2.6490222896913043, -2.4427194144652975, -2.3877834962649023, -2.5992472151260677, -2.493876314210527]}