{"p": 0.8, "p-emp": 0.7992745340704988, "t": [79.43390417098999, 81.11891317367554, 82.65422296524048, 80.36367678642273, 82.66771054267883, 82.20396041870117, 80.6371808052063, 82.24604988098145, 81.66674327850342, 81.381991147995], "nmi_acc": [0.5730634206354531, 0.5624921341130577, 0.560181364576223, 0.5800175445362931, 0.5324397665049114, 0.5553167136934786, 0.5773150640373361, 0.5703939410640054, 0.5749856528626796, 0.5652764240826706], "nmi_repr": [0.4289666637692513, 0.4248280673660348, 0.41385311274828407, 0.40987468225560897, 0.3820153346314584, 0.3808125311728433, 0.39614568318517906, 0.40958019091844183, 0.39694908175987503, 0.39584605112866705], "mi_td": [2.1342218393525028, 2.1541916420396725, 2.1654544413518, 2.1016256089660867, 2.094333083881226, 2.121481133440633, 2.1348497504185464, 2.1920145914098206, 2.0899939067734796, 2.095437244143643], "nmi_td": [0.33357131727772105, 0.33649892317410207, 0.3376781967114761, 0.32885915783933684, 0.3267689929737485, 0.33105063221983977, 0.3331061506577734, 0.34108490494245813, 0.3272673090214002, 0.32760305120907207], "mi_tw": [1.2221720558692017, 1.1922771926205047, 1.193958478986427, 1.2188733253534756, 1.2243575121521781, 1.1973113809932128, 1.2181721450779377, 1.2020621364181214, 1.2081653460942072, 1.2090044297569325], "nmi_tw": [0.2666100110216613, 0.25987992555390166, 0.2596240892416751, 0.26632276876354094, 0.2664405212803576, 0.26060518215717576, 0.2651117237699911, 0.26060308392607506, 0.2642404354257648, 0.2638428120139349], "coh": [-2.292990548834629, -2.2838769617820414, -2.107246640771006, -2.3579263659594663, -2.3597947404853183, -2.3048715932193464, -2.1762204520450696, -2.2025983758935306, -2.25959773480533, -2.2804371968779895]}