{"p": 0.9, "p-emp": 0.3081487495097688, "t": [257.24102997779846, 253.66903591156006, 257.7413306236267, 244.52015781402588, 238.28166508674622, 232.51190495491028, 236.08352613449097, 237.63493871688843, 235.29847502708435, 234.55669617652893], "nmi_acc": [0.6527105645752592, 0.6996533431630529, 0.6488966425623318, 0.6919837541902777, 0.6867705972362302, 0.6854742805498486, 0.684207362012933, 0.6980107195272235, 0.6983536668687925, 0.7148926832550929], "nmi_repr": [0.3584627716020576, 0.36149581361381916, 0.3602964547742373, 0.3647350050723469, 0.3655045894559487, 0.36675290412789696, 0.3629794044015756, 0.36580136988429185, 0.38089931906283875, 0.38001798594328584], "mi_td": [1.7710452805083137, 1.7362163112595275, 1.7852694600528654, 1.6918894594209428, 1.7655625250776457, 1.719971631550734, 1.72272428745352, 1.724279939874987, 1.7280243879817634, 1.7343719747164286], "nmi_td": [0.2760665006785368, 0.2716503630738537, 0.2778174256954329, 0.26619998358130204, 0.2758763907882621, 0.2705658036281626, 0.27091703896052916, 0.2709584033416905, 0.27152501365314496, 0.27250831677110154], "mi_tw": [1.538150680988502, 1.5528881763619715, 1.5540833087028985, 1.5207324387405594, 1.5303234731448394, 1.483023415381191, 1.4920021943097834, 1.503751474350214, 1.5221817059989018, 1.520190829729432], "nmi_tw": [0.26686121226749665, 0.270540889292275, 0.2691226750411348, 0.26659482534547146, 0.2662169687308692, 0.2599278752117239, 0.2614136546480222, 0.26325220657020726, 0.26645483386965824, 0.2660910023203869], "coh": [-2.1360132028625243, -2.1241402334438506, -2.0545611216221547, -2.2385788040848538, -2.162391545748066, -2.0476226638742943, -2.2795669631980746, -2.1740639491697675, -2.1930893889252436, -2.2198527001369444]}