{"p": 0.30000000000000004, "p-emp": 0.29957470055836766, "t": [669.9600727558136, 671.9998805522919, 1003.7655262947083, 939.3083400726318, 919.3478920459747, 817.6646220684052, 852.52880692482, 919.6000599861145, 698.6654284000397, 692.6178140640259], "nmi_acc": [0.6761069566079739, 0.6771836025712523, 0.679854316030637, 0.6739208460298559, 0.6791755562693348, 0.6752769924849132, 0.6742549565317945, 0.6733279945187588, 0.6796980451618511, 0.678493713290687], "nmi_repr": [0.588020892347924, 0.559783414609768, 0.5864197245396151, 0.5519093747777698, 0.5791117030855769, 0.6126417971982762, 0.5847769201025715, 0.5846395933445381, 0.563160518410393, 0.5800647882678764], "mi_td": [2.3277916392094613, 2.3166683457090853, 2.3141725809082176, 2.3124136395405874, 2.321568449873266, 2.33452310353001, 2.3325346158238163, 2.322989774587025, 2.312567179491275, 2.342867343221554], "nmi_td": [0.35974557163749193, 0.35837636261401806, 0.35852678501033675, 0.3576710152195936, 0.3592578043913288, 0.3610214075013277, 0.36093356868520265, 0.35929822147957746, 0.3578958545221233, 0.3623885356419948], "mi_tw": [1.3696543202883495, 1.366000339757723, 1.3515108782043717, 1.3766292635557038, 1.3597070075771918, 1.3671194219216787, 1.360985354659861, 1.3707100258040692, 1.3705198511206387, 1.3549419458983556], "nmi_tw": [0.24741449777045457, 0.24703630429757825, 0.24484426404204832, 0.24892013247043013, 0.2459969757366181, 0.24714505758323957, 0.2462113244902602, 0.2478428488653755, 0.24797831946858373, 0.2450042856745957], "coh": [-1.7202176565507155, -1.754231693436223, -1.7783994706142472, -1.7518254654305316, -1.752218665636542, -1.7749683558905183, -1.7284682873277166, -1.6847442155525176, -1.6982542828338345, -1.7416971426462677]}