{"p": 0.7000000000000001, "p-emp": 0.6999772624266942, "t": [196.4060287475586, 210.53913927078247, 221.94604516029358, 201.90875840187073, 210.0789589881897, 218.28701996803284, 196.10227131843567, 224.65300059318542, 253.18436527252197, 215.52820897102356], "nmi_acc": [0.5816531867294815, 0.589460906016943, 0.606087066693128, 0.5597120385259172, 0.6119259710332972, 0.5955472463102145, 0.5769710800243497, 0.5688593619376577, 0.6108215491121712, 0.5500623205419679], "nmi_repr": [0.3515590669049054, 0.365805980123178, 0.3698168619651433, 0.34721582413727603, 0.3787794741755003, 0.3862969900923421, 0.36912253793884225, 0.3449917484658515, 0.3592376648500121, 0.3606432093595926], "mi_td": [1.9209035223864597, 1.9017635811549098, 1.859658771862389, 1.9738047441216982, 1.9271383406766895, 1.9970250201660398, 1.938632288694904, 1.9326080117173656, 1.9748985311096354, 1.9544574413955786], "nmi_td": [0.3012044515419248, 0.29898374306298314, 0.2944311396519758, 0.308007274596213, 0.302589452466775, 0.3114862560203191, 0.302986581654941, 0.3018003835799539, 0.30819073964697563, 0.3049509722101569], "mi_tw": [1.9703878560891634, 1.9740224807001916, 1.909538972785767, 1.9762774258542486, 1.9722575604446508, 2.001368399909154, 1.9852472429948345, 1.9931560363615772, 2.0045851451902843, 1.9979314485664523], "nmi_tw": [0.37675273158204675, 0.37865305844867764, 0.3694482716025002, 0.3756594834648132, 0.377730322808404, 0.38021405350572185, 0.37807568623379734, 0.3792072511036828, 0.38105959083312047, 0.3797191443155992], "coh": [-2.4495523692927477, -2.2711406556680087, -2.6742959667974198, -2.3660283554680315, -2.421300049653019, -2.161307821263924, -2.155818520062559, -2.093212781697186, -2.2190241899098666, -2.0183599622522523]}