{"p": 0.30000000000000004, "p-emp": 0.2993924947695952, "t": [1057.8431429862976, 673.3243041038513, 680.8121650218964, 663.8959209918976, 627.8236584663391, 657.5777294635773, 513.4924762248993, 619.327339887619, 994.7301366329193, 917.3354187011719], "nmi_acc": [0.6711722167075171, 0.7114079658630424, 0.7023905511858134, 0.7328721963843495, 0.7625169681404556, 0.6997249422524535, 0.6787907400885449, 0.7423341425998787, 0.8011911306566618, 0.72399261467005], "nmi_repr": [0.3383781605956788, 0.31806323590328184, 0.3515618820792741, 0.39143255935203386, 0.4150893783263623, 0.386532510343352, 0.3938252578067611, 0.40158053045897163, 0.4196752460057973, 0.41198970826078335], "mi_td": [1.4984744307573694, 1.491801988360097, 1.6321145353612359, 1.5756216883624021, 1.4415888873579557, 1.6196849648557545, 1.5883858361644052, 1.433436911414445, 1.5102170009837277, 1.5359261950635106], "nmi_td": [0.23761571664602663, 0.23786933171644076, 0.25838992208693284, 0.2503805828304677, 0.23345016053156203, 0.25505026645038104, 0.252773607315502, 0.23020524446012466, 0.24574641607396425, 0.2446441210369616], "mi_tw": [1.7934314847870099, 1.7628770347959846, 1.7905136253172362, 1.7910950558676526, 1.6705546137116418, 1.8519709908859645, 1.799979915889648, 1.777046771270808, 1.5855327279863254, 1.7700018612163648], "nmi_tw": [0.31466134375798416, 0.3111992141591942, 0.3135889861713188, 0.3149912322052621, 0.30000547671022293, 0.32243398814711083, 0.31706001312060056, 0.3161979454250801, 0.28626463217383397, 0.31208853685840937], "coh": [-2.572880062299644, -2.6349932620002225, -2.684554792909564, -2.2672868351778277, -2.476606477166795, -2.56391933825714, -2.5586150444553426, -2.523826612625754, -2.66951235773599, -2.48866533551256]}