{"p": 0.8, "p-emp": 0.7978999027930591, "t": [123.65806198120117, 124.37111330032349, 123.99396181106567, 122.29633402824402, 121.27673935890198, 122.1657133102417, 121.60810494422913, 121.2511100769043, 122.53198456764221, 119.54847836494446], "nmi_acc": [0.04055772096499773, 0.03684224725931705, 0.039655806469151664, 0.04062188996541385, 0.039342915234245955, 0.034066846004399944, 0.03551901413977518, 0.040378338269821824, 0.03399341554296766, 0.036001872193899], "nmi_repr": [0.3099221542576411, 0.3015499838674904, 0.30354576514044906, 0.30869589206373954, 0.30836614454711225, 0.3045396489709373, 0.3107168186190036, 0.3175757431098063, 0.31824250769072226, 0.31518471513646973], "mi_td": [0.6318231191867099, 0.6304273781863645, 0.6279299055826452, 0.629523653210882, 0.6306329392472247, 0.6322031659252253, 0.6257580889386946, 0.6264885237548385, 0.6296301013811171, 0.6228709755040039], "nmi_td": [0.0979735666606847, 0.09781958548067811, 0.09741359966587769, 0.09762042824071662, 0.09779577161247624, 0.0980369839886934, 0.09710422944110789, 0.09715437760615826, 0.0976417149479832, 0.09670052840372241], "mi_tw": [1.3019479822536069, 1.3132364936747152, 1.3243271670487613, 1.3385745395429263, 1.3087149515371488, 1.305820013479438, 1.353442306871124, 1.3448157385544761, 1.3343411073146627, 1.3360148160570815], "nmi_tw": [0.5242425615770296, 0.5296660639473117, 0.5338761562827066, 0.5390397683998859, 0.5270619558854627, 0.5258641502129774, 0.5460159521553969, 0.5416197877348637, 0.5374032941833924, 0.5396281614492926], "coh": [-0.7249033108092509, -0.6719994684026726, -0.7240525771387155, -0.6816665818006484, -0.7037877202653644, -0.7104425844946516, -0.7746919762573893, -0.71537529912569, -0.6726917915374945, -0.7110482225937654]}