{"p": 0.0, "p-emp": 0.0, "t": [224.481032371521, 225.69596767425537, 216.35334944725037, 208.08236026763916, 212.69918584823608, 209.62501120567322, 211.74907517433167, 210.3943953514099, 206.16922736167908, 213.22037768363953], "nmi_acc": [0.6739846119306536, 0.632954836389897, 0.6387460582367668, 0.6616193244851182, 0.6969668952500473, 0.6700224179860989, 0.6735959596536952, 0.7048459917108325, 0.7472398471819021, 0.6592582562161249], "nmi_repr": [0.35520143527008063, 0.3507819136475761, 0.347934781305996, 0.3376701711426718, 0.3454967324489289, 0.35583904322577076, 0.3615076003825429, 0.3823865296122169, 0.388908658196745, 0.3597347309455044], "mi_td": [1.5700342512159613, 1.6869226775738406, 1.5774721273359913, 1.626800209838696, 1.5926414568776683, 1.5667576582595513, 1.7477776105620997, 1.677620696445891, 1.5610157786481438, 1.5589668825283778], "nmi_td": [0.25127762665081377, 0.26631251284803326, 0.24974898877677104, 0.2580750266181347, 0.2560617724986607, 0.25066464446284764, 0.2756794296592825, 0.2664939446857748, 0.2517898217302285, 0.24974107115297625], "mi_tw": [1.0154281251902826, 1.073737635088087, 1.0761176790601827, 1.061593997549711, 1.0037052627409977, 1.0268482579627147, 1.0667763824917926, 1.042630787375003, 1.0012724658178758, 1.02578409211374], "nmi_tw": [0.19745284838120478, 0.20535055977413746, 0.20652230609593647, 0.20423027719008507, 0.19625907018923217, 0.19958783522627888, 0.20380412814888907, 0.20090829689090325, 0.19655500071954304, 0.19969463906239918], "coh": [-1.8444234973059488, -1.7334115405782466, -1.7595674157717436, -1.8014072996070702, -1.9247330333080164, -1.8149085651846568, -1.7643875272208116, -1.7180341692990324, -1.7498719729630376, -2.038647715206336]}