{"p": 0.2, "p-emp": 0.1989455259627989, "t": [271.9974100589752, 285.9253075122833, 276.14825558662415, 295.0075349807739, 269.75496339797974, 312.60067439079285, 280.6294424533844, 285.14533281326294, 305.6530764102936, 328.60418248176575], "nmi_acc": [0.8866685760208618, 0.7100281464320102, 0.8089699206192025, 0.7665585271967533, 0.7955919628897808, 0.7458278820575731, 0.8071260710386677, 0.7146785394789587, 0.6868526019023495, 0.8060193395953007], "nmi_repr": [0.3806579270367453, 0.38561423434422276, 0.3892264441727131, 0.3903187877800763, 0.372114918680199, 0.3729381897316742, 0.36950887909264, 0.3939740210084799, 0.33771110157627576, 0.3486940778479299], "mi_td": [1.4386356263350446, 1.5110089259503525, 1.4369777349911212, 1.5812311326239654, 1.320830092167705, 1.4166571145290734, 1.3855333933801366, 1.4159496337348805, 1.4680358156331061, 1.4197965061673035], "nmi_td": [0.23411515762235416, 0.24164457220813215, 0.2336663541757776, 0.2501003849303289, 0.2146263713024684, 0.22681681788427135, 0.22524876606760558, 0.22784847521099144, 0.2325417842769399, 0.2296156566645262], "mi_tw": [1.5138907307436114, 1.6943597514789426, 1.5503494908672302, 1.7622842627489868, 1.6100343379551323, 1.7225544120821739, 1.577065144336556, 1.6319793099086295, 1.7757632904486802, 1.6390676415092194], "nmi_tw": [0.277852198218137, 0.3049286405761578, 0.28429802798505144, 0.31324255861548955, 0.2950052758926737, 0.31040506755268266, 0.2891214330680435, 0.2957560700399886, 0.31616600692012775, 0.29872290321685036], "coh": [-2.588281026862989, -2.218041352866569, -2.4768221252129976, -2.2099320962099607, -2.5415290952941914, -2.622930592797656, -2.481795942682236, -2.5232970539683492, -2.3314503145071868, -2.4802186070846215]}