{"p": 0.30000000000000004, "p-emp": 0.29378898005960596, "t": [250.02456545829773, 255.25802540779114, 253.52370977401733, 256.6741774082184, 250.31913089752197, 252.63164520263672, 252.773113489151, 255.52896070480347, 258.57517290115356, 253.20305013656616], "nmi_acc": [0.6980902868796227, 0.6784847514018718, 0.6893645212438025, 0.6888764335728355, 0.7281214403197326, 0.6938599893585563, 0.6994283451021759, 0.7087925014730201, 0.6992842585618553, 0.6985005729171425], "nmi_repr": [0.3952465601089225, 0.3957866851678909, 0.3913720708530435, 0.37275261801104725, 0.3844299301899264, 0.38811997708412443, 0.38336350993908924, 0.39538015516482117, 0.3864566137426144, 0.37917119685871137], "mi_td": [1.7348353113665274, 1.7713038892437263, 1.6901436628927171, 1.7067772489703281, 1.682162837445151, 1.7284555671365982, 1.7548259654163794, 1.6995067041880632, 1.7481478660160883, 1.7371179082861414], "nmi_td": [0.27332390732841466, 0.2774724463725937, 0.2669288869673651, 0.2689809364842234, 0.26717924186757336, 0.2713625132425813, 0.27567646480718544, 0.26903080412611824, 0.2745114151357693, 0.27316488315310933], "mi_tw": [1.482778890848216, 1.5004890608629258, 1.4743163101979098, 1.4647139825568394, 1.4385075480432779, 1.486760853420217, 1.469422290164636, 1.4517436585874426, 1.4835201181348439, 1.462780248015026], "nmi_tw": [0.2617914124666345, 0.2632204070281376, 0.2610053429303024, 0.258685587613071, 0.25629044564582554, 0.2614619328710634, 0.25859546979211157, 0.25767828193466685, 0.26095299716385595, 0.2577122296242778], "coh": [-2.2256268497226745, -2.2342322287887075, -2.187631775272954, -2.224975004406088, -2.2313076214473475, -2.2771325029591107, -2.1809335517402295, -2.4026488063322855, -2.2349274940749106, -2.4185246213015876]}