{"p": 0.30000000000000004, "p-emp": 0.29957470055836766, "t": [582.7860131263733, 424.5187931060791, 497.4443244934082, 717.3208646774292, 448.20306277275085, 710.8189420700073, 454.6207275390625, 681.3428564071655, 652.81520652771, 483.2584898471832], "nmi_acc": [0.6682783431313639, 0.6754224208197219, 0.6722303020957159, 0.6984771729539517, 0.6380449072494084, 0.70603195987611, 0.6991355449840876, 0.6756005077782801, 0.6523152483354572, 0.6805717144901279], "nmi_repr": [0.37408284456158136, 0.37363490439700964, 0.3868125194729473, 0.403185128816958, 0.3798854864307742, 0.3821995218131624, 0.4021840798264516, 0.3899044225731695, 0.37590073901146376, 0.37674740505347093], "mi_td": [1.8361883233721925, 1.7628157456761107, 1.8460045593828953, 1.800035122003344, 1.8097263524973766, 1.823022049746546, 1.7606221756387603, 1.8043446355030721, 1.8151938871627282, 1.7337512709806993], "nmi_td": [0.287099696392709, 0.27742137042945825, 0.28942846206348677, 0.28380884151121183, 0.28306405793326134, 0.286905505526337, 0.2780986451212166, 0.2835955719542159, 0.2842336980720955, 0.2740451619758195], "mi_tw": [1.3788016516879582, 1.358372849374738, 1.363627359356999, 1.349773391927696, 1.3640110787464113, 1.346582645985835, 1.343974598637585, 1.3482136848072512, 1.3625995769109278, 1.3225149489076955], "nmi_tw": [0.25248822161484047, 0.2506455138222049, 0.2505143047783806, 0.24960539061222783, 0.24988506158677362, 0.24847936864089545, 0.24906244305249878, 0.24839984166402046, 0.24995035209538538, 0.24528605795843694], "coh": [-1.7818362087300166, -2.056374207522524, -2.0003919958949896, -2.0501853793399807, -1.8192245528059412, -1.9846551575624893, -2.1364781585341146, -2.139340623409787, -1.9903741944474693, -2.1122270903283527]}