{"p": 0.9, "p-emp": 0.8809909309128754, "t": [47.78089666366577, 48.87917184829712, 67.40339732170105, 53.51345419883728, 49.62022113800049, 43.89034342765808, 47.86393690109253, 70.42083168029785, 36.1927056312561, 43.8788046836853], "nmi_acc": [0.02045871555576754, 0.014007128184888914, 0.012297336301621824, 0.02635409035841637, 0.01292771531643238, 0.014345857627608307, 0.016797755379653532, 0.018010655157778763, 0.019919853601584048, 0.01927892543548491], "nmi_repr": [0.05116474675145232, 0.04677342322354252, 0.032477631376691886, 0.060414206348896514, 0.05780731002301345, 0.035773230264648646, 0.037320609526454634, 0.03526042961183826, 0.07052761703739385, 0.08040250457600105], "mi_td": [0.6356274490063218, 0.47479880759244475, 1.0358466807961786, 0.7640806545268859, 0.7084804844703227, 0.5077830555986855, 0.57146447389371, 0.975288917437687, 0.4314304168594233, 0.5617491441219564], "nmi_td": [0.11411390010589079, 0.08849387910672883, 0.1787015289249239, 0.13310659129376357, 0.12719520460848927, 0.09395900797785717, 0.1050969100732459, 0.1682452830846325, 0.07957459180842782, 0.10155716609337415], "mi_tw": [0.2420747132775854, 0.07063121861462233, 0.10205453694913738, 0.5643160099380389, 0.08425128315554078, 0.07092755539396688, 0.060911036258954915, 0.288220738860791, 0.15395363193959014, 0.24056142092746968], "nmi_tw": [0.2638287232159092, 0.09909535061945207, 0.08921248080701835, 0.5187693163443035, 0.09183142295661757, 0.09435181343415121, 0.07760049277736149, 0.2518842872161103, 0.2001629449699068, 0.27374170723452096], "coh": [-0.03331702022168667, -0.030877999094702638, -0.041609692053432366, -0.03356092233438506, -0.029201172069901117, -0.032794372837332955, -0.028814211987254607, -0.03029475491216298, -0.019140209921091986, -0.03221946071454385]}