{"p": 0.2, "p-emp": 0.18380596456906195, "t": [381.5971112251282, 387.6824839115143, 386.5062608718872, 387.0400242805481, 392.6231367588043, 389.00870966911316, 386.4891483783722, 399.88155460357666, 387.0555386543274, 386.81326699256897], "nmi_acc": [0.6744243864438227, 0.6768877536037572, 0.6678770004875282, 0.6725654088836637, 0.6787207403137124, 0.6763183285083868, 0.6740160963580174, 0.6698825516365433, 0.6699058125376002, 0.6764001696800566], "nmi_repr": [0.5278131159477747, 0.5542887882882499, 0.543838360737359, 0.5286588404243829, 0.5374676367594502, 0.5319055157340818, 0.5213416820081176, 0.5089831955058527, 0.5252662597389317, 0.5171174889136024], "mi_td": [2.235770791608865, 2.237007516590529, 2.2440360522530027, 2.235234532132682, 2.2240048529030694, 2.2192708796665026, 2.2050082218644675, 2.239722459019838, 2.2485322451517495, 2.2406380511697774], "nmi_td": [0.3461843918509814, 0.34647610151096636, 0.3472461496249234, 0.3467023749733635, 0.34468589360265783, 0.34350090770881264, 0.3413827068496117, 0.34654274124485135, 0.34778302467654776, 0.34666301654654447], "mi_tw": [1.0559654088952573, 1.0562857120871403, 1.0611165895386976, 1.038134430399683, 1.0530569580505442, 1.064400643964609, 1.0714060909802468, 1.0584809556586419, 1.0559933308850833, 1.0561935268718892], "nmi_tw": [0.20195489448943094, 0.20208835199839234, 0.20278280185264377, 0.19897072770201502, 0.20163226553122707, 0.20347401422875772, 0.20487945143010278, 0.20225323694066238, 0.20168994462297662, 0.20180078043826183], "coh": [-1.4783882607511563, -1.444971785648215, -1.5254752602773762, -1.4226740740795478, -1.541832040802448, -1.5224450482011918, -1.5251275893216034, -1.5361862863992206, -1.5238908904761712, -1.4498468745376087]}