{"p": 0.5, "p-emp": 0.4997279121261462, "t": [273.4982011318207, 258.77996802330017, 260.70866870880127, 265.0675883293152, 270.2473940849304, 288.7101991176605, 261.2712790966034, 273.83289217948914, 251.94650101661682, 255.9029185771942], "nmi_acc": [0.578506206856863, 0.5662770796647295, 0.5729315498414477, 0.5761294462886234, 0.5703789436281705, 0.5768432008406223, 0.5758166796726151, 0.5717745018827161, 0.5696974809736363, 0.5697315422776749], "nmi_repr": [0.384020806451506, 0.37157587159239036, 0.36708912620371503, 0.36890463574612375, 0.3906942365402805, 0.379902806642424, 0.38040163969152974, 0.37433396108283956, 0.3653966257800905, 0.3538605137881687], "mi_td": [2.119710195240821, 2.162082186267892, 2.1339446354098706, 2.194355957779716, 2.1801905898381264, 2.14619191785773, 2.195638492769293, 2.1293849780471485, 2.1692918546899507, 2.140092013465014], "nmi_td": [0.3308454642312539, 0.33651353816054874, 0.3325244389809305, 0.3410815775972239, 0.3390024572170598, 0.3344917139462545, 0.34171998109025453, 0.33215749907284803, 0.33772985898599156, 0.3332063312308762], "mi_tw": [0.6042599775211367, 0.5954038104971083, 0.6015054843854499, 0.5959862304215131, 0.5958112889909899, 0.5987593331030383, 0.5860648559490418, 0.6057569214501716, 0.5920984468743673, 0.605841647160607], "nmi_tw": [0.15420434823006732, 0.15124956430408004, 0.15309285934553696, 0.15106849131973965, 0.15111333034742036, 0.15243770840474946, 0.14886556380804936, 0.15443583390075322, 0.15047839900888904, 0.15398812704654458], "coh": [-1.2744419901393875, -1.2697671357076372, -1.195701255157668, -1.2219872459380912, -1.2105850700186975, -1.265418301443533, -1.259372904250983, -1.3423257148891456, -1.2630211717210142, -1.2233610316496624]}