{"p": 0.2, "p-emp": 0.16916083094385348, "t": [461.34611558914185, 463.6208117008209, 465.8661243915558, 456.37222027778625, 468.7729585170746, 444.5797162055969, 485.6232256889343, 532.9628663063049, 473.5410490036011, 524.3851861953735], "nmi_acc": [0.803181748455083, 0.7497351401964548, 0.7766010754833761, 0.8371757731618306, 0.7534334589891356, 0.7856901649794795, 0.721672647709821, 0.7531308847137805, 0.7406145612434766, 0.7885127702063259], "nmi_repr": [0.3714649198698354, 0.33106908932334783, 0.32963726111594094, 0.3681376763911176, 0.3707622713172557, 0.3552139064038862, 0.3649772059733668, 0.36405810347464085, 0.3426375618665383, 0.33425955576391203], "mi_td": [1.21760852897984, 1.2528935976631355, 1.265470179688279, 1.3610135855771432, 1.3287944698119296, 1.3251687872192932, 1.2724949638278436, 1.4865635618132147, 1.1908256272410576, 1.3907873911770834], "nmi_td": [0.1999390717719246, 0.20364050854009144, 0.20653742704210945, 0.2205759340264585, 0.21572997179108583, 0.2153401993316028, 0.20781684854077676, 0.23720305749490428, 0.1928880871897197, 0.2239502302565469], "mi_tw": [1.5654307819354485, 1.5795113191971586, 1.5679622821111439, 1.6023786030940188, 1.6154850812447021, 1.5697823496900432, 1.5879902070159617, 1.6883436645076133, 1.7247102524049087, 1.6361626849233861], "nmi_tw": [0.3068367471860649, 0.3058451313511226, 0.30510964116436645, 0.3092075465483338, 0.3123844388498656, 0.30388119287849336, 0.30924266991368093, 0.3198233101781417, 0.33259614751573613, 0.31330966342730265], "coh": [-2.5796895708989225, -2.638853019646973, -2.5448651662040382, -2.3403137606409725, -2.6322624442283877, -2.43839689098444, -2.496416747119165, -2.4927884506524594, -2.5418601650340484, -2.566160604466793]}