{"p": 0.8, "p-emp": 0.3081487495097688, "t": [811.5643968582153, 751.713369846344, 749.3212146759033, 721.2976429462433, 740.4876430034637, 697.4024279117584, 693.7367305755615, 721.4788730144501, 709.4880337715149, 602.3908131122589], "nmi_acc": [0.6903550403118197, 0.7218896216110511, 0.7332302741669342, 0.6914554258199205, 0.7198304389713664, 0.7918944255763465, 0.7271979574634624, 0.7061820003372544, 0.72722453718322, 0.6974376652942013], "nmi_repr": [0.397855970130055, 0.36804432129140796, 0.4235928173417595, 0.41121514799613607, 0.38889512517125574, 0.4097144671687378, 0.44731563833844507, 0.3906836870529442, 0.3983228249223246, 0.40662122589098204], "mi_td": [1.5056667899570326, 1.5775129074666856, 1.6164607729100755, 1.6276032494634596, 1.5706169619716823, 1.6109158290608703, 1.6431872886563883, 1.5486944325500038, 1.5484172916828896, 1.4735169307892566], "nmi_td": [0.24079781071047632, 0.25104206763373477, 0.26099773882751676, 0.25730317329574953, 0.24916199101339334, 0.2604376562324679, 0.2614567410627339, 0.2462139930170177, 0.24762160115446652, 0.23583399429333055], "mi_tw": [1.7775924072891194, 1.789376449554167, 1.5941429682130956, 1.7758142263171846, 1.8272800143516696, 1.6024113995178704, 1.7594499580392933, 1.8348316344035305, 1.7642059930138623, 1.794358325171577], "nmi_tw": [0.31734782400035816, 0.3176915156051902, 0.28764941078322853, 0.3129629507357707, 0.32328806689967327, 0.2895578860818473, 0.3123294826519418, 0.3254049992096881, 0.31493925189294847, 0.320610869822102], "coh": [-2.5756035287609134, -2.4185074838571645, -2.4073414826917285, -2.1932727402915546, -2.5746957221744684, -2.471194647865801, -2.2834223051013294, -2.5916718637772127, -2.4090216264579705, -2.3225420460663484]}