{"p": 0.30000000000000004, "p-emp": 0.29531224486993035, "t": [206.0781524181366, 195.00701642036438, 206.64284014701843, 213.6024079322815, 189.11871480941772, 196.53266525268555, 262.37551856040955, 200.2788908481598, 198.88596630096436, 196.83253002166748], "nmi_acc": [0.7783556803965299, 0.6843067710969805, 0.7082597380434793, 0.741449003025705, 0.7387774098515089, 0.7526603554346784, 0.7184674194987055, 0.7024957721199607, 0.7361593534953161, 0.7910354424277091], "nmi_repr": [0.3688203274678184, 0.3666939595580396, 0.3722899640322837, 0.3639814938804136, 0.3653472474819246, 0.38064929628610794, 0.389877775330451, 0.37118752078517153, 0.36931855870841424, 0.37755871438422645], "mi_td": [1.342157489573568, 1.2649550774242022, 1.284718328617543, 1.4030331849935778, 1.1527141784556558, 1.18507283232135, 1.4008939356343173, 1.2776295573397598, 1.2554913541462414, 1.295303669598466], "nmi_td": [0.2169979719422164, 0.20409626056865487, 0.20695479634764577, 0.22487808374910476, 0.18921465209426255, 0.19583453698804562, 0.2240498230097111, 0.20602627184052516, 0.2028291782645986, 0.21046171249610227], "mi_tw": [1.418332807858803, 1.503657237548259, 1.5156288167043765, 1.447286073414952, 1.4299047264664764, 1.3052515546855508, 1.5147245684868709, 1.5027717684109156, 1.503923509337514, 1.3961042869774833], "nmi_tw": [0.2865347423155478, 0.30299354665238726, 0.3047985252171728, 0.2892305221762739, 0.2944048656505755, 0.27101084046177887, 0.3018922003399516, 0.3026042215088716, 0.30353286511970096, 0.28379470526327794], "coh": [-2.510184726283953, -2.2340053385562553, -2.5378461967550643, -2.2037138294987484, -2.415019936370155, -2.356057748478589, -2.3793139469627977, -2.5441064549796173, -2.3013706467541377, -2.44275676742282]}