{"p": 0.2, "p-emp": 0.19995818728130343, "t": [264.9042022228241, 262.51168990135193, 278.39772272109985, 228.52386784553528, 241.4573791027069, 273.01978516578674, 261.64110589027405, 263.07667899131775, 274.3871545791626, 270.36466121673584], "nmi_acc": [0.5598221714068226, 0.5371635476147765, 0.5309602020901896, 0.6787792812881641, 0.6492158836274102, 0.5960744819720875, 0.7404858913026104, 0.6541870868331404, 0.6646489655403627, 0.5736553296751385], "nmi_repr": [0.3043090759447251, 0.35182340197373063, 0.3566461316139203, 0.33579914976837677, 0.34995205784745986, 0.3299691288360614, 0.3265817060094475, 0.3256553848982056, 0.3426108400748182, 0.34351510433085974], "mi_td": [0.9977715795922288, 0.9946490050452201, 1.0755620901064809, 0.8988426306473039, 0.98327115193446, 0.9938973525455139, 1.1247666065883186, 0.9588657893692036, 0.9597904607798696, 0.9340764203174674], "nmi_td": [0.16512000127399457, 0.16383425734079632, 0.17628388642798304, 0.15103192520283826, 0.1628288979024806, 0.16291484895133274, 0.1850406653652787, 0.15913137930116483, 0.15963629136843524, 0.15533003220207964], "mi_tw": [1.3410812781337578, 1.3901079229770983, 1.3844827793420513, 1.2778912543267458, 1.333985163263353, 1.4355049685747656, 1.267168402649768, 1.3298494898500364, 1.3186104976158606, 1.3544467646407365], "nmi_tw": [0.30732425884262304, 0.31650212364655117, 0.31306601011746515, 0.29910593722709217, 0.3059805799333076, 0.32464671697093, 0.2880247961796039, 0.3059480220627707, 0.3042910546449916, 0.31247881860323345], "coh": [-2.482296019434308, -2.2411660221203515, -2.3339679991479283, -2.4846957818780226, -2.2869555219155826, -2.341884329067396, -2.1106015704089254, -2.3054752504564995, -2.3221660139777818, -2.4827278646686457]}