{"p": 0.9, "p-emp": 0.8999885549127655, "t": [59.77978253364563, 61.30720782279968, 59.84552001953125, 61.338422536849976, 59.70578598976135, 62.51531386375427, 59.08272886276245, 59.54957437515259, 58.780412912368774, 59.26046133041382], "nmi_acc": [0.3155500599775854, 0.2915335051757079, 0.3190016285544001, 0.32156192902680164, 0.31662111015272404, 0.3014618491891819, 0.3221778311400035, 0.30149885456062714, 0.3149848194977058, 0.31126327154021965], "nmi_repr": [0.29807827532993814, 0.2901312404969042, 0.283649587832011, 0.28888441434921414, 0.29248386016226396, 0.2932084174719779, 0.2923190579265585, 0.296026618086289, 0.29171124860548925, 0.28085005613752473], "mi_td": [1.9684587063223142, 1.9138266402636885, 1.955847959006004, 2.0247663900379473, 1.9407906657373413, 1.8599006527491875, 2.0045517806275672, 2.0357240311882876, 1.9198008515718366, 1.9364066657300096], "nmi_td": [0.3104503878795485, 0.30088446359945026, 0.30901808669860953, 0.31760749818781114, 0.30588405167454097, 0.29479646377500485, 0.31604509272500236, 0.31860120162509653, 0.30334938980195164, 0.30558639447978764], "mi_tw": [1.1978230992344885, 1.2809522129537734, 1.1850870361448582, 1.219910500366379, 1.2386429305795392, 1.242715842764777, 1.1725827087088607, 1.2195308156730245, 1.213896035809456, 1.2199449159036417], "nmi_tw": [0.29435288090714473, 0.31324036196571936, 0.2920427041515704, 0.2972674193724082, 0.3040699104996261, 0.30777127832183077, 0.2880116942599503, 0.2961278919135267, 0.29918312390688273, 0.30008135632388805], "coh": [-2.1987810116180024, -2.2992561136233105, -2.3595751478421825, -2.2438988187739843, -2.34836953062509, -2.355474418272465, -2.331152129934911, -2.16544528026747, -2.3978905942125808, -2.3180887808995867]}