{"p": 0.7000000000000001, "p-emp": 0.6994822242535133, "t": [100.81508708000183, 101.40433382987976, 98.57619786262512, 101.34632539749146, 101.07794094085693, 99.09808206558228, 97.77100968360901, 100.23020386695862, 99.38920879364014, 98.80187797546387], "nmi_acc": [0.6261506282197942, 0.6281135691877637, 0.6337577217865216, 0.619128071079884, 0.6194105478865358, 0.6209148839279551, 0.6462626763774874, 0.6221606318974439, 0.6057957381823025, 0.6164363192274067], "nmi_repr": [0.43018793051978665, 0.4487529687162946, 0.44587504905174125, 0.4188058264963818, 0.42090040482435, 0.4262483082086095, 0.4190494209623806, 0.40710870457552245, 0.41507198685828395, 0.4317172338790499], "mi_td": [2.142027987888639, 2.1538189008265536, 2.0929789554741127, 2.124378660916467, 2.096548716977638, 2.1140863820094875, 2.0461434303080677, 2.1023775364790898, 2.095801205047774, 2.117559651147102], "nmi_td": [0.33344207134568654, 0.3358319709496972, 0.3275249638669702, 0.3309776775673865, 0.3274944181582446, 0.3298430399332176, 0.3213695853059428, 0.3276315827558015, 0.32787077213705346, 0.330344501106127], "mi_tw": [1.1632374635266727, 1.1283509502609763, 1.1313910509766294, 1.1392212689439205, 1.1387531648822389, 1.1560984962161969, 1.134858511953158, 1.1429450093200222, 1.1332142808900945, 1.1434745658664807], "nmi_tw": [0.24235624338656364, 0.23560838688008373, 0.2373879272600875, 0.2376245105840231, 0.2383576909519861, 0.2416046717835409, 0.23928732116284088, 0.2384808198172308, 0.23767732474950287, 0.23892730682024566], "coh": [-2.086325845567904, -2.032234965545587, -2.2205037356063606, -2.1243490051218084, -2.1700980848214266, -2.149622392865596, -2.3005644338293196, -2.1497907151864792, -2.034909759678052, -2.1325007523099764]}