{"p": 0.6000000000000001, "p-emp": 0.5999459791882533, "t": [93.67833065986633, 104.51360130310059, 120.9935040473938, 103.93883490562439, 114.67772388458252, 125.40431761741638, 121.34563994407654, 95.21259355545044, 109.42303562164307, 110.16023993492126], "nmi_acc": [0.21914340442152708, 0.27684907470358305, 0.18337014540909788, 0.08929165203522477, 0.12441932053286968, 0.3086937686999252, 0.37866709656299324, 0.4099754167726371, 0.2863237399588921, 0.2686260913113363], "nmi_repr": [0.223749027517485, 0.22118435920012725, 0.22289592417095955, 0.2693379007338702, 0.24741925094614448, 0.19106739182052462, 0.1952401104828525, 0.19508731008039534, 0.19153551363857982, 0.256143678538587], "mi_td": [0.4274520225537222, 0.5926499752425345, 0.7586123803084891, 0.5743708955533041, 0.6051110565335313, 0.8518104497343282, 0.7680016610619266, 0.5898268724401733, 0.6869917420763907, 0.5709653581723341], "nmi_td": [0.0756929507390472, 0.10213965972734336, 0.13051656213551027, 0.1026089604957675, 0.105776138940001, 0.1433476361730779, 0.13074499027372685, 0.10170018272968247, 0.11781775768213856, 0.09886930564934474], "mi_tw": [0.9430232903933133, 1.0523136119523933, 0.8977179664102917, 0.7549807604400376, 0.8343438664207674, 0.8631364715344266, 0.9829479917406068, 1.02190750050175, 1.0252728629248946, 1.030826257681467], "nmi_tw": [0.3367134814365496, 0.356012294982021, 0.30268286162920616, 0.27442331892194877, 0.2902911600181717, 0.2788127835039363, 0.3246700986180903, 0.34603986345866744, 0.34353769309062376, 0.35200568058343223], "coh": [-1.6357360953867224, -1.7435190344411413, -1.6008128523981362, -1.6116482924363842, -1.6578185844957232, -1.643422576843821, -1.5620364178308068, -1.7490061881208874, -1.6805621672809399, -1.689743335098014]}