{"p": 0.9, "p-emp": 0.8999983213872056, "t": [80.03497767448425, 77.22341394424438, 75.35012912750244, 76.55488514900208, 77.2182629108429, 80.1664171218872, 75.96719884872437, 88.81809043884277, 94.59437894821167, 95.68378067016602], "nmi_acc": [0.22857872968339424, 0.22273123973436787, 0.2541695338963421, 0.24670764081458366, 0.21610239046436713, 0.23458506718041006, 0.2618581602551401, 0.23665159936433797, 0.23793749530564898, 0.23612850174335895], "nmi_repr": [0.2783389421945451, 0.26508658568962573, 0.28113866216694183, 0.28074196597372536, 0.2770151612152838, 0.25702068147990975, 0.28221747568553956, 0.2877752095869884, 0.2533791471000528, 0.274073764870693], "mi_td": [2.1402084625680855, 2.128298121211153, 2.148532970120827, 2.152513394206096, 2.1146069539637438, 2.149708736582685, 2.148418337813266, 2.1112711840193477, 2.1052533793034547, 2.102411272513545], "nmi_td": [0.33653546891910374, 0.33529002954763737, 0.33835301896350833, 0.33881494675460555, 0.33277202654550325, 0.33806368578266177, 0.3387825433186865, 0.3322100429631709, 0.33203119925111935, 0.3314655326403143], "mi_tw": [2.530402753883446, 2.5302748723540307, 2.5491432845719997, 2.546167097152844, 2.554081767269331, 2.5297459364669095, 2.5250041373304146, 2.5701886587622917, 2.5407354262013526, 2.5861475610290063], "nmi_tw": [0.5129940449667459, 0.5142086470999736, 0.5177967836868009, 0.5168677472388737, 0.5183211799731263, 0.5129280879747885, 0.5137689904975643, 0.5215149031412353, 0.517081014349206, 0.5260826366638731], "coh": [-3.5749725112498956, -3.519948972130032, -3.4080981008278393, -3.3843134846410834, -3.504370319121933, -3.7140157115835826, -3.4395943880794304, -3.4927194854866763, -3.564483106115967, -3.832078042967276]}