{"p": 0.9, "p-emp": 0.8999977109825531, "t": [74.10029006004333, 75.1582818031311, 75.55626201629639, 75.69860005378723, 74.74745655059814, 75.53349876403809, 74.89069604873657, 76.81245422363281, 74.90775871276855, 74.76308727264404], "nmi_acc": [0.02011413843012794, 0.018403117421717546, 0.020628278914491434, 0.01995854272625331, 0.022062935183761487, 0.01897552110585306, 0.01923350948649309, 0.023135114331865606, 0.02149922966874558, 0.022308956708532002], "nmi_repr": [0.017607567267175047, 0.017287871851147992, 0.021478723192850557, 0.01821242636521401, 0.01721098474954463, 0.019895379727400533, 0.01861160806843656, 0.019746151836678216, 0.01956692631937597, 0.020460150961330904], "mi_td": [1.691493171843622, 1.6884682382441363, 1.6933593637448092, 1.6939774454011707, 1.6915407793099666, 1.6923956145093428, 1.6945223234258278, 1.6883136592468482, 1.69458651733326, 1.6948737256160182], "nmi_td": [0.2629441012585656, 0.26248155124955547, 0.26322486422286306, 0.26325766277626056, 0.2629401040289586, 0.2630372890107227, 0.2633097411115475, 0.2625197575463772, 0.26337136635282055, 0.2633889076500424], "mi_tw": [2.8593090001817116, 2.8558485764798536, 2.856721845118771, 2.8596679991823515, 2.8581575203992506, 2.8594707175873566, 2.862716640859236, 2.8545906572836564, 2.8622857031395395, 2.861903326615648], "nmi_tw": [0.4293384785970453, 0.4288309974859759, 0.42893530675930297, 0.4292779999465466, 0.42914760980586425, 0.4292885144235775, 0.4296842589608363, 0.4287402895628945, 0.4297009760930293, 0.4296008816102095], "coh": [-3.2747172948120196, -3.27094688966847, -3.220724563963264, -3.246522659652121, -3.259239079411799, -3.2315929782369004, -3.227890833306032, -3.2412040970165004, -3.235300025448501, -3.2326110939273365]}