{"p": 0.5, "p-emp": 0.49984877224734203, "t": [139.44033861160278, 135.40174460411072, 139.3419156074524, 136.81845998764038, 145.84969282150269, 146.64823532104492, 145.9457986354828, 146.9189784526825, 140.13238286972046, 140.67555046081543], "nmi_acc": [0.5416865560193732, 0.5808499688743674, 0.5999180157057787, 0.5867537878023835, 0.5871869893236992, 0.623765606616114, 0.6716042592742197, 0.7162982333038693, 0.6002782221100269, 0.6220274708318042], "nmi_repr": [0.35740796307296624, 0.34768820566403236, 0.3487445829998793, 0.380464147919567, 0.38250366354917015, 0.35587037888284484, 0.35868852896807035, 0.34162470317217425, 0.34672650647895065, 0.3663969162670565], "mi_td": [1.087853127185105, 1.0881312551898104, 1.0921281542912245, 1.0281337068852123, 1.0625756062373348, 1.2286103955728487, 1.1030040860277655, 1.2527083096009433, 1.123071666059978, 1.0647356656955398], "nmi_td": [0.18234519045469919, 0.1815506243584956, 0.1803386087823313, 0.1724354036172947, 0.18149559945724356, 0.20109559007489466, 0.18323739663682095, 0.20391247337153054, 0.1865831573634584, 0.17811434432438936], "mi_tw": [1.337715651615575, 1.3947249212309316, 1.499909991599404, 1.3878320680864016, 1.1496072355756175, 1.5103726877888497, 1.4339348959095077, 1.490160672868706, 1.4326347633856262, 1.4134728671853984], "nmi_tw": [0.31202651892293165, 0.3232399953632835, 0.3426585930264391, 0.32397868081551306, 0.2752997018965643, 0.3408749726157129, 0.33033718651760646, 0.3337688415881408, 0.33006715689106403, 0.3287828999695523], "coh": [-2.5231490973997768, -2.469370156285786, -2.6622446822848205, -2.565444977108288, -2.5160918054060457, -2.4154172875732525, -2.6322737453681104, -2.52534193917839, -2.5265360146679647, -2.72945727966665]}