{"p": 0.4, "p-emp": 0.39890371324410234, "t": [143.20375609397888, 139.38442540168762, 141.59035086631775, 142.16318607330322, 142.75017666816711, 141.49227714538574, 145.27207159996033, 140.9474012851715, 141.61963725090027, 143.99167847633362], "nmi_acc": [0.6682788565997667, 0.7086033100844366, 0.685305984432089, 0.6736742385962118, 0.6668562562191163, 0.669000480044484, 0.6845742377817584, 0.6719570726532114, 0.6803886598750535, 0.6561336041811501], "nmi_repr": [0.4485216384917107, 0.4593448766678453, 0.45870825995113607, 0.448933310112031, 0.45031304630202307, 0.45550203430264347, 0.4518345895275946, 0.4612843036795709, 0.4615968105416061, 0.46194414827060615], "mi_td": [2.084259913285368, 2.036952620442568, 2.0751290701333547, 2.0518035469456177, 2.0985761398289746, 2.0807968962239625, 2.035606126292948, 2.101660327757332, 2.040998119595621, 2.0419012197573907], "nmi_td": [0.3256805347487643, 0.31994573340578086, 0.324302359319407, 0.3211307878286259, 0.327585154913809, 0.32491978316165626, 0.3198190605556021, 0.3277549136607931, 0.32003389543751953, 0.32055642999189204], "mi_tw": [1.04416064312306, 1.0438252678204898, 1.0569844618117914, 1.0354049277984008, 1.0485032358897388, 1.0387004088842793, 1.0369312969974773, 1.041996532572074, 1.0433676880855656, 1.0280490259963857], "nmi_tw": [0.20405813893258093, 0.2053227732049554, 0.20660298154085366, 0.20275907119315428, 0.20464709822706217, 0.2028195927788672, 0.20403448122604068, 0.20313558292073253, 0.20479419981292324, 0.2020880337862327], "coh": [-1.7871362821352688, -1.8888209043520199, -1.9583034138035746, -1.891894652776518, -1.7506484151767423, -1.752788765341244, -1.8889965689386785, -1.96099626428113, -1.9544828419472537, -2.176387780322769]}