{"p": 0.2, "p-emp": 0.19845048778961794, "t": [888.2561392784119, 843.5004074573517, 842.3247468471527, 815.329351902008, 865.2066104412079, 763.6643443107605, 1057.9038438796997, 1093.5570487976074, 1057.786945104599, 1100.0819413661957], "nmi_acc": [0.7150197904465908, 0.7240611667837273, 0.7313677157951742, 0.6887628172829285, 0.7126632345802911, 0.7163918572629373, 0.6673855324168559, 0.6617805044723586, 0.6743242883377631, 0.651521111596803], "nmi_repr": [0.3874898881097595, 0.3864611719023902, 0.3587026721864952, 0.3646993868563681, 0.376973897929979, 0.37321559970855045, 0.37687678318100104, 0.3728190819987811, 0.36709203034498167, 0.36779372156706663], "mi_td": [1.7426489149638489, 1.734381840597715, 1.6812307626533232, 1.7659254812178942, 1.6996121608726913, 1.6828926924771734, 1.796044826366263, 1.7770366692579624, 1.765540198168431, 1.7488999074094496], "nmi_td": [0.274713225755018, 0.2733534612269106, 0.2652788495242191, 0.2772582106925889, 0.2682892508242696, 0.26696234650182216, 0.2803112876403243, 0.2773883942134055, 0.2767127496299806, 0.2743576078329811], "mi_tw": [1.3423662418673863, 1.325457089933215, 1.3393033158090344, 1.349345654544838, 1.337574020186531, 1.3073808501117674, 1.3623816946219371, 1.3746116095285155, 1.3507187046534017, 1.3507767252864564], "nmi_tw": [0.2377833329689865, 0.23473353890556095, 0.23748990510604692, 0.23793541956480038, 0.2372926249733065, 0.23322467494845003, 0.23863185714388738, 0.24081663680204002, 0.23770963145169735, 0.23796613751429108], "coh": [-2.213252800263986, -2.101300693755511, -2.3042963007695456, -1.9867847386839692, -1.9613722817925585, -2.4174498590727147, -1.949677353486162, -2.070804914670812, -1.9813379910419093, -2.042119068552101]}