{"p": 0.4, "p-emp": 0.39942408321036227, "t": [279.6018044948578, 283.29763746261597, 264.1965003013611, 267.97061681747437, 267.0480830669403, 274.5681314468384, 291.5690186023712, 290.76098895072937, 302.1531915664673, 284.81339597702026], "nmi_acc": [0.6595781348919513, 0.664001771440014, 0.6355635716107729, 0.6612143387261191, 0.6647653145433395, 0.6681294397740422, 0.6628200150867897, 0.6629517022636805, 0.66078390649634, 0.6659135580846999], "nmi_repr": [0.6018982846056972, 0.5618528267116396, 0.5456337617288907, 0.5576815026223247, 0.5778902066693499, 0.5544564898882781, 0.5689006040176057, 0.5693501079634283, 0.5539626479172283, 0.5655682753829766], "mi_td": [2.165932742652561, 2.150155450318462, 2.1267207318937054, 2.161844692577093, 2.1563758742363794, 2.151206701463149, 2.150938772531201, 2.128750878976571, 2.1514430906605635, 2.1424804469043393], "nmi_td": [0.33543232793098476, 0.33344604664105054, 0.3295041541354765, 0.33445065455378903, 0.3336512589202837, 0.33301030745646476, 0.3335603123466173, 0.33032944795091057, 0.3327443226470933, 0.3317681144713066], "mi_tw": [1.6581165219727856, 1.6397821272041146, 1.6708220608155357, 1.6638304896598493, 1.6626736586254067, 1.6674184813252322, 1.649804389467164, 1.6559507523462316, 1.665954817011027, 1.6727362962913148], "nmi_tw": [0.2779616126185473, 0.2752966003541609, 0.2802245409027246, 0.2786051776883123, 0.27845362038004634, 0.2793925159727737, 0.2769727158082592, 0.27819600452267296, 0.2788727736965506, 0.28038295418226494], "coh": [-2.059392628282697, -2.174308382817019, -2.105373234160674, -2.04438412413821, -2.068911171748881, -2.0537789990533373, -2.0647997001985936, -2.1195018959632654, -2.027902486031298, -2.0962746397683047]}