{"p": 0.1, "p-emp": 0.08381740965629636, "t": [198.77027821540833, 192.86673665046692, 200.57125067710876, 199.35084867477417, 197.2886290550232, 202.40367698669434, 199.85012650489807, 200.32856464385986, 194.7884602546692, 197.77498173713684], "nmi_acc": [0.6642510353611991, 0.6855070429627723, 0.6671659154407442, 0.6928186991794597, 0.6893241869695695, 0.6627037281908061, 0.6963069996947395, 0.7048215854955349, 0.7264437985838206, 0.6836989981584171], "nmi_repr": [0.36803696475876335, 0.3728489563444939, 0.3677432237595472, 0.35224846131362814, 0.3746174842361449, 0.3498540625145122, 0.3506902913940574, 0.36125674111297534, 0.37140184958131595, 0.38525019373759173], "mi_td": [1.717290999525735, 1.6784565683095922, 1.7176138474071883, 1.6537848927311978, 1.7403503824000897, 1.6388078322076645, 1.695563090822028, 1.604471422743508, 1.6711193104803705, 1.6608425347926374], "nmi_td": [0.2699902437495464, 0.26677854315739236, 0.2692809312663421, 0.26270940463123355, 0.2741354596421603, 0.2589192811053083, 0.2674387824443447, 0.2550815852839008, 0.2663861251533638, 0.2620241474844851], "mi_tw": [1.1773444452927981, 1.151379156701184, 1.1795979598224402, 1.1454133065834742, 1.1783680666261012, 1.1446736366347932, 1.1706797921770584, 1.1466645850689183, 1.1385888359127028, 1.1657906986833837], "nmi_tw": [0.21595123625634818, 0.21389548997561325, 0.21565442395444298, 0.2126474076121084, 0.2166182341936292, 0.2111652307364774, 0.21554172580666736, 0.2130806183064681, 0.21223996467967637, 0.2147006622470481], "coh": [-1.8023880522407238, -2.0817130026937423, -1.8566044170615352, -1.8876608750654356, -1.688987521500681, -1.7998936272071717, -1.519955914522223, -1.8060631264857385, -1.8003088186623444, -1.7439260472522755]}