{"p": 0.0, "p-emp": 0.0, "t": [272.8668019771576, 269.59799218177795, 300.2421224117279, 276.7665023803711, 266.876925945282, 298.8995792865753, 276.701123714447, 299.1259045600891, 285.1695725917816, 297.92601799964905], "nmi_acc": [0.6489412443984417, 0.7372824593513053, 0.6710665649113626, 0.7206438607088, 0.7797835738821166, 0.5993754592333226, 0.6762315834956802, 0.6960569035541199, 0.6160895852462894, 0.5851511534941675], "nmi_repr": [0.30761918570667224, 0.3304592697036668, 0.34452761441440155, 0.3432842679056337, 0.3432228634606502, 0.3503331820609692, 0.34649203494367176, 0.29104240425296707, 0.2943024457981169, 0.33621615048056913], "mi_td": [1.0387806593581093, 1.0379496606525156, 1.2933568316181803, 1.168378116428798, 1.1603077528834318, 1.268565419399824, 1.0670162157509226, 1.2364893917764204, 1.0927811155729064, 1.2167990667492363], "nmi_td": [0.17013283533614218, 0.17147148936750328, 0.21039817232030042, 0.18929805023486482, 0.19148813298377718, 0.208742738917682, 0.17495420746516893, 0.19976996222546872, 0.17968634312172976, 0.19700570387499367], "mi_tw": [1.5877196874210937, 1.5634701829274193, 1.5197088707588975, 1.6153241755461711, 1.409224457103552, 1.3876200601665623, 1.6225756380781235, 1.5388095353856466, 1.5700590822756528, 1.6200231140578936], "nmi_tw": [0.3175354243400116, 0.316004410693782, 0.3014328213687933, 0.3188186884319957, 0.28447030786271615, 0.2791092429218709, 0.32495304120320334, 0.3026771361889918, 0.31552418008156985, 0.3194746850562999], "coh": [-2.5856141778519763, -2.5671748332620576, -2.2641625317496437, -2.363947512042974, -2.31094074158822, -2.321462053091357, -2.637741949761505, -2.767952750723378, -2.521262300850546, -2.5137242909566044]}