{"p": 0.7000000000000001, "p-emp": 0.699698612702826, "t": [114.79461884498596, 114.46720910072327, 113.1399199962616, 104.36859488487244, 117.10239720344543, 111.64146184921265, 117.20801639556885, 118.27040982246399, 120.20021939277649, 120.90691542625427], "nmi_acc": [0.4352424315204718, 0.4774941552627323, 0.4878916533571789, 0.3371241757590698, 0.4329664591694961, 0.3372344887749582, 0.4106193036886807, 0.45383525237723527, 0.4251045641084625, 0.4629674889116665], "nmi_repr": [0.21644351543156898, 0.23650381848339194, 0.26083128576576453, 0.18865492761756078, 0.19150267828469109, 0.2012727191997797, 0.19371462203145529, 0.224552964335781, 0.21513495905695362, 0.22074262165316627], "mi_td": [1.3472071956846605, 1.522047480152806, 1.4737475930611719, 0.9184760677205996, 1.3918514823512593, 1.04416493910025, 1.4222032854149722, 1.344082764175423, 1.643761538253422, 1.4953243260456193], "nmi_td": [0.22314400515616678, 0.24750841127066048, 0.24078780626000407, 0.15728477080440112, 0.22578782990196766, 0.17640180777393955, 0.23172827669947185, 0.22122335722263262, 0.2624954199143176, 0.24277759390589662], "mi_tw": [0.8021450056680466, 0.7989676002145177, 0.8069083436348211, 0.8126526570555611, 0.8786600246331785, 0.7968158598333694, 0.8139967614762225, 0.8179143563305648, 0.8487688697173157, 0.8154442436386946], "nmi_tw": [0.22231251199099542, 0.2147603516449709, 0.21859605934684426, 0.2382886079194106, 0.2352365213736287, 0.22831144408698112, 0.21951428572690634, 0.22430247976649476, 0.22144557939446746, 0.21861584588332292], "coh": [-2.458232879597903, -2.4767328001770093, -2.553956875549211, -2.909626747985782, -2.36563118348265, -2.6165993035760566, -2.4750630958913775, -2.56216892109845, -2.1936867319091347, -2.4722836585490784]}