{"p": 0.1, "p-emp": 0.09023215214946367, "t": [238.03456473350525, 217.57445549964905, 249.48006105422974, 253.2471935749054, 239.17992115020752, 247.05477356910706, 252.72784566879272, 240.92101335525513, 219.59276175498962, 241.39110326766968], "nmi_acc": [0.7608610793774294, 0.8096322755352924, 0.7524453158856784, 0.8131122448370065, 0.6815853977950203, 0.7912183516676835, 0.761855548773179, 0.7438571470299515, 0.760473697511426, 0.7968218953285052], "nmi_repr": [0.3485499753481562, 0.3748502714969869, 0.35962285072418454, 0.36993000748383353, 0.36076724899613416, 0.34075706031630093, 0.38183251444053845, 0.38678197547264115, 0.35893253998516195, 0.3636140871333551], "mi_td": [1.0299995447436239, 1.0637305399541748, 1.1749132384482874, 1.3397331945962614, 1.1209892553060279, 1.2226461218839453, 1.3102656022804982, 1.241435727198505, 1.066536933919405, 1.2176568656891762], "nmi_td": [0.17033140561091922, 0.17864456709351645, 0.19246409208139564, 0.21931827130242706, 0.18318659098043835, 0.1990694231065143, 0.21383204451371493, 0.202346800183637, 0.17749884849659356, 0.19994198072820005], "mi_tw": [1.4495383385561134, 1.2668537421116575, 1.463661855502647, 1.3412549560564728, 1.5724743305918543, 1.4648646782246362, 1.3992856597174286, 1.4768093292246909, 1.3656709301477972, 1.3964847764026265], "nmi_tw": [0.29558407550291854, 0.26330254465411596, 0.29500203261453267, 0.2701108198110629, 0.31599062695022295, 0.29304590137237696, 0.2807277861982273, 0.29582716378957225, 0.28067623269894587, 0.28228931546427305], "coh": [-2.3614985652175, -2.115457092329739, -2.465288474853045, -2.1873195026317425, -2.3515004618085906, -2.049532889898578, -2.3172691076313985, -2.101572148818583, -2.2764310041713154, -2.1684258261328795]}