{"p": 0.6000000000000001, "p-emp": 0.5999996947976738, "t": [129.9128291606903, 126.71516919136047, 130.42964720726013, 128.84874033927917, 127.87350416183472, 124.82707047462463, 133.65316224098206, 133.30926203727722, 126.97429752349854, 133.02167963981628], "nmi_acc": [0.5371395593114905, 0.5536034770817373, 0.5663727810667566, 0.6192498394919121, 0.6363443780824269, 0.6199421654498654, 0.5860134973210385, 0.5515408543209919, 0.5578804721461994, 0.4949747185184843], "nmi_repr": [0.28225213580974523, 0.2683856001402835, 0.2727540710009632, 0.30183777049008736, 0.311629774871594, 0.3220439620539477, 0.288554137268024, 0.27828863592474695, 0.28240843761423495, 0.25354432056276055], "mi_td": [1.3357583018900856, 1.267408636923674, 1.6343610826699366, 1.5560852057118362, 1.4398892357042927, 1.4137446330209527, 1.5105287214370438, 1.4752891257045015, 1.4964278212736755, 1.4152105538087008], "nmi_td": [0.21812703562769237, 0.21062921919797084, 0.26040918545076136, 0.2509137954163979, 0.23592910804448614, 0.23185661350604633, 0.24473992224493232, 0.23914916236455072, 0.24205599031399236, 0.22845897973400017], "mi_tw": [0.965623627494613, 0.8980792673973392, 0.9878664665929123, 0.9592089960899153, 0.9325608124444598, 0.9304997293112787, 0.9448360920188414, 0.9348055874938185, 0.9501146599080037, 0.9819826712038441], "nmi_tw": [0.2325982791981159, 0.2220247167431457, 0.22953200990689895, 0.22679689356546467, 0.22576006275462185, 0.22556490302649504, 0.22497827244096816, 0.22275256923467868, 0.2256880748921061, 0.23257080161194757], "coh": [-2.4272956021349286, -2.583341291633405, -2.383549985442867, -2.3905563103050955, -2.4547349113373107, -2.5396663999856908, -2.3112325061546772, -2.4995906133098824, -2.3371106476072048, -2.410114644242948]}