{"p": 0.5, "p-emp": 0.49898504966404855, "t": [150.36412739753723, 154.4106719493866, 164.23193454742432, 179.80901503562927, 149.21719431877136, 164.445885181427, 157.11880373954773, 135.53595876693726, 130.52017879486084, 168.72064995765686], "nmi_acc": [0.7111458208849679, 0.6602372466576304, 0.6912685808850741, 0.6390212198602946, 0.6982823993701819, 0.649332208809514, 0.6544072437005207, 0.7784501105011953, 0.7351461134893655, 0.6427593628761074], "nmi_repr": [0.36135874419635644, 0.35333599969015683, 0.3467951078715479, 0.35805853983919145, 0.3567367868060909, 0.3585168060771853, 0.35436103387816703, 0.36839547522336324, 0.3729585349646746, 0.3386978680187618], "mi_td": [1.3607668231940047, 1.3984832467248134, 1.4189858540888771, 1.548866541353044, 1.3773894249337904, 1.4383097817303916, 1.4491800058768853, 1.2041792004242822, 1.1643524964810146, 1.5431313993668543], "nmi_td": [0.2193866418700099, 0.22416018122933243, 0.22782492749875285, 0.2441638462156072, 0.22191938429937, 0.2293591179622977, 0.23143993073063335, 0.19902221612595572, 0.19199985049677112, 0.24346257576333383], "mi_tw": [1.3795525975873462, 1.4261146360869903, 1.4400617639339253, 1.4845178445891174, 1.4188255959808247, 1.4704005380942062, 1.4336584128453493, 1.2833265228610666, 1.3326215342536132, 1.4930923147005666], "nmi_tw": [0.2856497471685923, 0.2930957155326003, 0.2965938081157793, 0.2986667497386643, 0.29353154687106825, 0.3002089916705483, 0.2932710369404495, 0.27436721539547243, 0.2840641838611518, 0.3007115414345759], "coh": [-2.4644468617678728, -2.1520698370127698, -2.3185960926818243, -2.2562205485935505, -2.3043771065263257, -2.411808496035409, -2.4936973158154845, -2.5837937788955365, -2.4643155845864704, -2.3881127243107683]}