{"p": 0.2, "p-emp": 0.19845048778961794, "t": [870.5730636119843, 955.662918806076, 943.4689161777496, 1036.8183217048645, 1225.7436463832855, 1048.6996738910675, 957.6854350566864, 1096.649342060089, 1190.2865734100342, 1063.3416109085083], "nmi_acc": [0.7638717417526147, 0.8294491710375061, 0.6985522091849562, 0.8087969489124223, 0.6874725397586888, 0.6965764769460869, 0.7646621430003973, 0.7235099064682848, 0.7648454784696972, 0.659557953901523], "nmi_repr": [0.3789340380909971, 0.3877902037900622, 0.38025646256575535, 0.3996129767091908, 0.3699355061164259, 0.3283051281873437, 0.330582625828822, 0.3562237387740748, 0.35329827565273586, 0.33421230685053543], "mi_td": [1.35785440201616, 1.3667749696677138, 1.5712284886717107, 1.4247740862123328, 1.5017840871451833, 1.346750755099539, 1.291879115243258, 1.3126052656873015, 1.4556266687928912, 1.3303758171474125], "nmi_td": [0.21994630156403464, 0.22077871469087537, 0.24957392462291558, 0.2331637019426572, 0.2385453075761147, 0.2148065285296817, 0.20855883848741008, 0.21191555279442126, 0.2329095923164631, 0.21303048115629203], "mi_tw": [1.6270310352513937, 1.6628311625509504, 1.6943618066806128, 1.5063929673460992, 1.7386753979021943, 1.7403732619877843, 1.728071896615342, 1.7109045506805303, 1.7066703362805165, 1.7524038660605745], "nmi_tw": [0.2971536857717866, 0.30274499310431263, 0.3027020688611483, 0.2783209879590804, 0.3106216337793662, 0.3123756086006657, 0.3144162268070537, 0.3113104386790067, 0.30742158627237254, 0.31592971879830123], "coh": [-2.188484248142115, -2.803105600233391, -2.0563577635232146, -2.4028018409830225, -2.432130882160459, -2.4876886309726123, -2.487059707927701, -2.535911565215138, -2.634574195314753, -2.595616788605902]}