{"p": 0.8, "p-emp": 0.7988844854975484, "t": [113.88194727897644, 113.97824931144714, 115.36530900001526, 115.21167182922363, 114.48087191581726, 112.29829692840576, 115.5004460811615, 113.77748346328735, 113.66459345817566, 113.49294066429138], "nmi_acc": [0.1639256382645409, 0.18730226239890543, 0.18968176178745827, 0.17340905032786394, 0.18416140762023747, 0.17300149588191124, 0.1760114519378213, 0.17737346957725106, 0.17537009861675754, 0.17222395855302622], "nmi_repr": [0.1937743237478606, 0.19947462638567864, 0.19390762897784278, 0.19392069944931006, 0.19725131007728117, 0.1966273474586918, 0.20473067771729359, 0.20472205116461262, 0.20386687187345268, 0.19119258418423984], "mi_td": [1.1763165400848576, 1.1182744349071, 1.146385889107908, 1.1615806497029866, 1.2088113036768628, 1.1917771493185052, 1.1632174193975104, 1.1511780259157165, 1.10974785884553, 1.1737467709158156], "nmi_td": [0.18739676607434558, 0.17945024295581372, 0.18385774199675173, 0.18631920357233075, 0.19265259512660363, 0.1892915488461406, 0.1859153676442401, 0.18458667694081804, 0.17740108766298424, 0.18662776796463887], "mi_tw": [1.0316387122609938, 1.035451367385669, 1.027771192368047, 0.9917562976797527, 1.0050185652736114, 1.053021997027424, 1.0526454922162407, 1.0274166579841126, 1.0976660320254847, 1.0402608495040921], "nmi_tw": [0.328764052098852, 0.33483154425444284, 0.3319712058349654, 0.320423284967268, 0.32054414624339356, 0.33357543567186126, 0.33765800864304324, 0.3317132627783398, 0.35222553630105835, 0.33023883206512694], "coh": [-2.477810157305927, -2.3606254050010334, -2.4324429401561134, -2.2899085180468948, -2.2907966531432793, -2.363967567390911, -2.4033203424804404, -2.3444257506741923, -2.366715020560913, -2.3275947341160754]}