{"p": 0.5, "p-emp": 0.49898504966404855, "t": [130.44115161895752, 126.2484655380249, 130.83145546913147, 131.69474601745605, 126.25239944458008, 126.25538492202759, 129.62673234939575, 131.8243088722229, 131.04883527755737, 132.82288813591003], "nmi_acc": [0.6656975907082628, 0.6481400906770941, 0.6606589110293347, 0.6657165721417908, 0.6591818472449033, 0.6745804098184666, 0.6666126998078499, 0.6688615290774697, 0.6586692420534064, 0.6433800179737699], "nmi_repr": [0.4341448678292259, 0.45771788311770223, 0.4496092779373936, 0.4402017540276699, 0.45684620823302396, 0.46279645881163656, 0.4411361388006703, 0.4408665258464355, 0.4494271384961783, 0.4419193425328077], "mi_td": [2.134497318602354, 2.1138981617213912, 2.087994788995628, 2.1008330258004224, 2.1202147950442116, 2.092343317878321, 2.0154336089496674, 2.053755843797166, 2.1007351005577664, 2.0943294273037223], "nmi_td": [0.33171350067451366, 0.3292306671751559, 0.32588270515884965, 0.32709987957727976, 0.3311655018018445, 0.32694830725592233, 0.316811290283761, 0.32180633211274706, 0.32790113888368616, 0.3265133124791965], "mi_tw": [1.0895806919103703, 1.0854160907719994, 1.0644958736271264, 1.073194680974547, 1.0582109896681815, 1.0640630000686535, 1.0439425769937871, 1.0648941958137987, 1.0621608646334486, 1.0621862154960218], "nmi_tw": [0.21526025106308816, 0.21503397933862767, 0.21145595478892656, 0.21253347020834368, 0.21041296250190955, 0.21168880505652368, 0.20926772700527646, 0.2126008064652568, 0.2110166875529172, 0.21070306499542324], "coh": [-1.9972251275246993, -1.8991593102884488, -2.0004520989241916, -1.9418848900914127, -2.038700985339166, -1.8432484793524218, -1.9964497531338345, -2.0094665940018825, -2.061665458545836, -1.8891446468648063]}