{"p": 0.1, "p-emp": 0.09023215214946367, "t": [1119.0777201652527, 1186.558411359787, 1211.7468972206116, 1160.5010149478912, 1211.6837418079376, 1210.5919497013092, 1151.890546798706, 1209.3793613910675, 1108.9596154689789, 1181.1411113739014], "nmi_acc": [0.6701429882901206, 0.6686054515570364, 0.6707823873439142, 0.674438799343627, 0.6673599439394188, 0.6738872506383186, 0.6762502912359499, 0.6671522671469943, 0.664964980907098, 0.6745468544980565], "nmi_repr": [0.5039467743760957, 0.5094786943538301, 0.5034371550991993, 0.5160542219595379, 0.5033797101588348, 0.5154315062663894, 0.5053225673280366, 0.5342152951022985, 0.507546616104308, 0.5037679208278644], "mi_td": [2.1632926034217315, 2.1347180659980594, 2.1478930858182834, 2.1408172291014815, 2.1609600303850796, 2.1296446547914654, 2.115690623582135, 2.153640184536393, 2.1439858347114056, 2.1289850656947737], "nmi_td": [0.33473470585434345, 0.33056271116047903, 0.3322479811291325, 0.33120133855365314, 0.3342218844952714, 0.3300704950334344, 0.32802952365356125, 0.3338426748294915, 0.3319491303984085, 0.3301301418704805], "mi_tw": [1.1940114831947128, 1.2103534219339778, 1.2024048883393024, 1.2049774648995197, 1.2004075025313867, 1.2002455361751616, 1.204507485135468, 1.1876356514018263, 1.2055898850433615, 1.1966012866558948], "nmi_tw": [0.22445279842314952, 0.22773357417574527, 0.2259447713128594, 0.2264679657849653, 0.22553061535696212, 0.2260759129325991, 0.22698106337654264, 0.22374402886645328, 0.22679686200562257, 0.22552388116104566], "coh": [-1.6100005559694277, -1.6045311755137106, -1.656039345327191, -1.5666213595250564, -1.5908946646092985, -1.5969857174590119, -1.612223500809964, -1.6360448291081435, -1.5923572528253298, -1.730779760741965]}