{"p": 0.0, "p-emp": 0.0, "t": [390.0931339263916, 339.0189881324768, 365.9670853614807, 363.6264841556549, 389.01899576187134, 397.2913410663605, 353.194935798645, 344.362815618515, 321.3499929904938, 333.6065971851349], "nmi_acc": [0.7339486813112923, 0.7594959083545937, 0.7742663151446527, 0.688579630230702, 0.7641775802751275, 0.6647059790323443, 0.7561991961153328, 0.7687512259225506, 0.8535821718853115, 0.7905609302531736], "nmi_repr": [0.3491627424694859, 0.3268477973018995, 0.3217915214547283, 0.32336262195680143, 0.32633874903637294, 0.31524112393835946, 0.33921476549177143, 0.3517901459123658, 0.3572779657082575, 0.34437466823890284], "mi_td": [1.2346998780923, 1.0895081311499133, 1.125015766690042, 1.1617381578716781, 1.2929578713528185, 1.1489497030604945, 1.1826072308479374, 1.1320133934020775, 1.0921452406672496, 1.0727924967221119], "nmi_td": [0.2020261953264033, 0.17825266788643354, 0.1854151623800702, 0.18875796216151236, 0.20932936684414083, 0.18710713507171303, 0.1946495614682869, 0.18714869995261751, 0.18196317776129567, 0.17562785175631315], "mi_tw": [1.4655672103727402, 1.562853150672176, 1.4340918679783405, 1.6189360762303118, 1.516454577669942, 1.6180484000796467, 1.4671859359985728, 1.4406911964984306, 1.3824884793435066, 1.5389482739959908], "nmi_tw": [0.29276133394133713, 0.31215941732789343, 0.28901602399552534, 0.3206401319051512, 0.2990387128964601, 0.3213583396317207, 0.2952083496364691, 0.2914509780292213, 0.2823454751283023, 0.3076199515381381], "coh": [-2.399726654375507, -2.3900010463242185, -2.64033771409089, -2.5473113723869445, -2.259330668959219, -2.5507802499474925, -2.6495630984264307, -2.6914200212832275, -2.4869913548834734, -2.564389115219803]}