{"p": 0.2, "p-emp": 0.18380596456906195, "t": [164.38940834999084, 168.2118992805481, 169.8963119983673, 167.67760586738586, 172.13637590408325, 167.209805727005, 171.5260350704193, 168.23587679862976, 170.7358205318451, 169.29723620414734], "nmi_acc": [0.6800728540996408, 0.710113895299726, 0.6672268983650779, 0.7034469321428166, 0.6725009600125454, 0.6859859816749535, 0.6985403097700315, 0.6723013666501033, 0.6816692785464281, 0.6957962584207616], "nmi_repr": [0.4669607597478352, 0.43462244327477795, 0.4304838921623443, 0.4372416767432016, 0.4209649101964821, 0.40935145227244324, 0.40601517866578235, 0.4139333084183898, 0.40419751403170995, 0.411801646429921], "mi_td": [1.9397945458451478, 1.945629630635362, 1.9695119746637348, 1.9106753230535087, 1.937788440597636, 1.8911989438593175, 1.8974833069044208, 1.9377260220313892, 1.9091518628367898, 1.8877788618153988], "nmi_td": [0.30516773809486913, 0.3050235387697638, 0.3083014531512121, 0.30054231473874654, 0.3034855431902169, 0.2957219268047895, 0.29792380480410985, 0.30279572411129657, 0.2995423592253536, 0.29673876367571234], "mi_tw": [0.995249959984503, 1.0095029000025757, 0.9999655701953843, 1.014236375649345, 1.001386997481937, 1.0340925771213563, 0.998099890848753, 1.01473608925036, 0.991551003748573, 1.0111490068127984], "nmi_tw": [0.19412383275085293, 0.19605740876711403, 0.19384202211205728, 0.19779091248445613, 0.19423644670842505, 0.20018870288590848, 0.19420485875043808, 0.19627977706441294, 0.1927603303421591, 0.19702253299629746], "coh": [-1.640785707407538, -1.47563903139436, -1.6422254329033215, -1.7603186964617634, -1.4919559154808184, -1.4879648190362593, -1.6326788618804962, -1.6804309696854989, -1.550949914575797, -1.4692181817809191]}