{"p": 0.1, "p-emp": 0.08381740965629636, "t": [786.9643838405609, 1095.2294833660126, 987.7814090251923, 1117.896437883377, 1046.4147322177887, 923.3838994503021, 921.3454847335815, 1021.4785804748535, 964.9675118923187, 989.8774299621582], "nmi_acc": [0.7715836834411016, 0.8208753177591861, 0.6259575881242164, 0.6401546772193485, 0.7838512139646712, 0.7859088327980235, 0.7542434094267688, 0.7440441075142259, 0.7782049973475096, 0.7118586433272542], "nmi_repr": [0.3612691739111428, 0.3741721102094726, 0.34843187128858677, 0.3782777122792131, 0.3515444158578943, 0.35452517990032456, 0.36724958543220426, 0.3642540083695468, 0.36301696213463214, 0.3358947884369561], "mi_td": [1.205794320380662, 1.315417304171107, 1.2979815028832529, 1.3503304449920541, 1.33955263715349, 1.2175253270145, 1.1833319568125797, 1.2036794752445092, 1.1497817272526167, 1.243778258291442], "nmi_td": [0.19865491301616944, 0.21420068626604627, 0.2108168567455161, 0.21855276828082112, 0.21594847772001005, 0.19894368598427078, 0.1922591297221585, 0.19579489474577544, 0.19136055217017248, 0.20190786552485973], "mi_tw": [1.4563408088784238, 1.5046481702167882, 1.6064548404561576, 1.579932993462288, 1.581196250886869, 1.561272161466419, 1.6287360272484834, 1.63117648423813, 1.3920592061762616, 1.5677793786197722], "nmi_tw": [0.282175000561542, 0.28756458082022135, 0.30609355550816514, 0.2998064874592247, 0.29865194358297303, 0.299594627120634, 0.31045937205567026, 0.31135336994676693, 0.272964021114507, 0.2985415930906962], "coh": [-2.4280160339937433, -2.411220233825297, -2.5174202379010313, -2.588272209736713, -2.441769581776411, -2.28264075213383, -2.587494226847367, -2.6692780275664307, -2.556956184797124, -2.2755526582714793]}