{"p": 0.8, "p-emp": 0.7999911491325387, "t": [114.26003980636597, 104.67343473434448, 108.4868655204773, 98.29847073554993, 99.40538597106934, 100.20096611976624, 100.16557168960571, 99.73073720932007, 101.26091122627258, 100.97863459587097], "nmi_acc": [0.6416650082068321, 0.6350595315543408, 0.6093385671225184, 0.6328276170189064, 0.6417374424630015, 0.6291256688776006, 0.6420014120535473, 0.6437774317191134, 0.6452113125407121, 0.640841701636475], "nmi_repr": [0.5552485239542723, 0.5515493641544731, 0.538464033865375, 0.5243803668848381, 0.541385667205239, 0.5468595392633746, 0.5445291438918103, 0.5659386616062143, 0.5589318896139338, 0.5585516149478665], "mi_td": [2.465211135131561, 2.475879520941574, 2.4218682897330774, 2.4122866733596253, 2.4541664981720643, 2.430215381215448, 2.4779642436541485, 2.477157433650815, 2.497684549577891, 2.479329584663737], "nmi_td": [0.38309550177233004, 0.38481639924056754, 0.3757944736618376, 0.37530437748004114, 0.38172165616366177, 0.37737493426177754, 0.3849499517025643, 0.38486294815337946, 0.3874668051811382, 0.3846818732312182], "mi_tw": [2.11493681685564, 2.10406372431335, 2.1560459888337427, 2.133897501918732, 2.1180451770749613, 2.1501957204067184, 2.11457808763457, 2.108959098437229, 2.1234702117315787, 2.1297684792235216], "nmi_tw": [0.3287825505173479, 0.3271458455602188, 0.3346694586269493, 0.332113769092721, 0.3295615740476144, 0.3340139386673689, 0.3286179938396806, 0.3277774293219146, 0.3295347684139817, 0.3305658880469549], "coh": [-3.1634253608911784, -3.245579071691614, -3.227672927364465, -3.3106325950122524, -3.25260139205079, -3.217233362723344, -3.1639078413657793, -3.1512656370041388, -3.233383175363894, -3.156227759418708]}