{"p": 0.2, "p-emp": 0.19995818728130343, "t": [175.97854351997375, 170.2913224697113, 180.95256161689758, 177.44356966018677, 178.01647877693176, 176.7696750164032, 180.02327680587769, 182.2822985649109, 173.63372492790222, 177.04757261276245], "nmi_acc": [0.6762503213183121, 0.7038414669809563, 0.6847779222946738, 0.6876527095186867, 0.6979192639191568, 0.6506040935195321, 0.6593681980257019, 0.6700091550493488, 0.6821677203079348, 0.6448518595750713], "nmi_repr": [0.4320957663986612, 0.43775832194153497, 0.4368750436054518, 0.4387282009127204, 0.4497490816591894, 0.42309982242106475, 0.41050658082906233, 0.4161318426730404, 0.40526568627506976, 0.40869537833720315], "mi_td": [1.9960132761850289, 1.9486301065091467, 1.9422756439111095, 1.8895939440336522, 1.9426906619081938, 1.9561354691483777, 1.9448519997212925, 1.937963024873484, 1.9074974429588107, 1.8895937577916306], "nmi_td": [0.3130176537258435, 0.30823076119486564, 0.3076738839760597, 0.30053683550444804, 0.3069800070283769, 0.30716325113435367, 0.3056021783321719, 0.30570767208984223, 0.30057585626866595, 0.2996292503532685], "mi_tw": [0.8296709076871175, 0.7924727989029923, 0.7813288007497996, 0.8004326958289115, 0.8085770432070943, 0.8239545565690742, 0.8113277384772992, 0.7929713718997601, 0.8298861588738957, 0.7910274173522402], "nmi_tw": [0.17661186287647698, 0.1706807315005041, 0.16861506094939435, 0.17368904457859063, 0.17390912064138273, 0.17570506204339792, 0.17317460318068742, 0.1701546981981405, 0.1778135170204184, 0.17094174827757658], "coh": [-1.554846830842123, -1.5627775470290586, -1.6733143288412873, -1.7451650998272334, -1.6050638402812052, -1.6104874141380843, -1.5578695359861752, -1.6480048657740785, -1.5373272759935173, -1.6590664451653176]}