{"p": 0.6000000000000001, "p-emp": 0.5991027051608188, "t": [106.71137523651123, 120.8291687965393, 115.35697054862976, 114.4190456867218, 119.60815811157227, 107.1566891670227, 123.84737968444824, 107.12711071968079, 121.08144545555115, 107.50300312042236], "nmi_acc": [0.6503268812933882, 0.6438215384117065, 0.5992674902977067, 0.6167616629419606, 0.6560319752663228, 0.6545982712161863, 0.6530574816605914, 0.6541960726590283, 0.6304795277245178, 0.693816242618762], "nmi_repr": [0.3309309881683098, 0.34675712433634576, 0.34683941949147656, 0.32965798783257355, 0.3407227386353985, 0.34054475576898974, 0.33693278299988866, 0.35718476714720515, 0.3538022133092741, 0.3599264716094106], "mi_td": [1.1481951745004035, 1.3460380595238446, 1.337661151655849, 1.258379572889542, 1.4022140298839547, 1.1964325894035541, 1.4089092164125354, 1.2015274655853956, 1.4099735016651038, 1.2551479710318436], "nmi_td": [0.18965482853966226, 0.21803153795369637, 0.2154462339017135, 0.2054617160357935, 0.22570361107467357, 0.19805929833680844, 0.22682395863161228, 0.19740841638244833, 0.2265247358854257, 0.20523506653148246], "mi_tw": [1.3049309549528638, 1.3813083998822915, 1.415727490490039, 1.3599236595840969, 1.4055207429517294, 1.2393619336725998, 1.4153609586629983, 1.3392568716319393, 1.3846273379163565, 1.3766150779370943], "nmi_tw": [0.2852196195741983, 0.294230834429027, 0.299318142813081, 0.2927279572969969, 0.29691907031701587, 0.271680974535451, 0.299071682964092, 0.2906654573993458, 0.2917819960495744, 0.2968948672093189], "coh": [-2.363403376912497, -2.389552430971712, -2.39353526037016, -2.544957481229036, -2.471574991213254, -2.3597031090294434, -2.55750535821209, -2.5023811744949223, -2.569696172166742, -2.3513297416590304]}