{"p": 0.7000000000000001, "p-emp": 0.6999565086685091, "t": [155.21120882034302, 146.57019090652466, 150.49759244918823, 156.68513464927673, 145.0097692012787, 145.81256008148193, 155.32948398590088, 163.42139983177185, 150.85606026649475, 146.78693151474], "nmi_acc": [0.6477697312643164, 0.6489120013321531, 0.6526926263368201, 0.6458119941819797, 0.6487435990391234, 0.649198096835675, 0.6525971237580013, 0.6472054151075861, 0.6465311591235507, 0.648136430797115], "nmi_repr": [0.5588041958930369, 0.5790492885852411, 0.5737803940808752, 0.5615866203999541, 0.5517160392990883, 0.5750508503574658, 0.5854442006671445, 0.5868373568211064, 0.5726665732652981, 0.5838776883088949], "mi_td": [2.325579722934309, 2.3260103942845123, 2.329342952824355, 2.3054792610155364, 2.306011880458493, 2.3276304881366254, 2.3238825399708833, 2.3121667369045213, 2.319147150928591, 2.3092333964208285], "nmi_td": [0.3603175956405374, 0.3599502181398385, 0.36078822599083904, 0.35756117674837046, 0.35747676900409747, 0.3606254279309225, 0.3605714823822588, 0.35875765376653157, 0.35897249055061725, 0.35782926973561086], "mi_tw": [2.0118171296567513, 2.018281838777587, 1.999039341456492, 1.9963524808236823, 2.0060739562144843, 2.0125760814125795, 1.988002763617755, 2.001825209396865, 2.0241274664583107, 2.0169943095540184], "nmi_tw": [0.31965736359820673, 0.32028841303782835, 0.3175256276653391, 0.31752610554926974, 0.3189195322022844, 0.3197689450983462, 0.3163385106650357, 0.3185416188309946, 0.3212935058326243, 0.320520676639982], "coh": [-2.851758550733115, -2.8921565841991907, -2.980038816534218, -2.9924178697027095, -3.012631896193254, -2.9062316988678756, -2.9231245639644268, -2.8502212355075995, -2.9456702020758447, -2.8490755750613026]}