{"p": 0.6000000000000001, "p-emp": 0.5991027051608188, "t": [188.29295587539673, 192.0559859275818, 193.43003225326538, 194.1316385269165, 197.45873928070068, 192.22229290008545, 205.9775779247284, 205.08095479011536, 200.79373025894165, 195.51464128494263], "nmi_acc": [0.6366978011183224, 0.6478046610689298, 0.6425228997959094, 0.6301620854758173, 0.6326721639671686, 0.6385658231648924, 0.6388259612659214, 0.6446270933223616, 0.6335056927523403, 0.6418800355766789], "nmi_repr": [0.509608213861351, 0.5240794384696127, 0.5394405644077396, 0.5127386606626029, 0.5374917820284616, 0.531433081677467, 0.5100163234996036, 0.5252051519510601, 0.5062642412248538, 0.5015576027168616], "mi_td": [2.3953039396450277, 2.4029362778020795, 2.4146491422445973, 2.4214559226338603, 2.43074886375947, 2.366279934350221, 2.4220162320744003, 2.4138442931028505, 2.3894926055452217, 2.4285184956346773], "nmi_td": [0.37124755307037466, 0.37264054882780473, 0.3740902670417429, 0.3748788173998038, 0.37656437942284665, 0.36720763622297464, 0.37523407802735126, 0.3742027272329691, 0.37010270086324953, 0.3762375083012019], "mi_tw": [1.0335479265176868, 1.029793332786927, 1.0283887419347304, 1.0261573155108392, 1.018339627293842, 1.0457333029155573, 1.0214821065652109, 1.0269544547517482, 1.0416156133184504, 1.0211481138924987], "nmi_tw": [0.20782819244383824, 0.2072247646881934, 0.20667924361546752, 0.20604113688583725, 0.204645434579974, 0.21061965156916554, 0.20529293808024096, 0.2065608076580037, 0.20927134972283248, 0.20522302472322063], "coh": [-1.7703685534290567, -1.8287874926869818, -1.8547789958614387, -1.825218332754643, -1.839026393206744, -1.7671297435502318, -1.86588718733447, -1.7831587858300657, -1.7653836464022017, -1.8171659437015215]}