{"p": 0.6000000000000001, "p-emp": 0.5983479398079972, "t": [728.5875556468964, 636.9184675216675, 644.2002263069153, 696.6990358829498, 930.563312292099, 920.1156508922577, 821.3588330745697, 927.0701653957367, 935.9428703784943, 789.2990410327911], "nmi_acc": [0.5770046809749907, 0.5607861164996086, 0.5702607505475966, 0.5699121481569513, 0.5629412347010456, 0.5869232176623255, 0.6016230728006904, 0.6051947042369719, 0.5776015092966861, 0.6074151963397997], "nmi_repr": [0.29617350579144025, 0.26696754241518494, 0.27862402074558684, 0.27574407743055196, 0.27042890295956346, 0.2921705226303995, 0.2920024641232136, 0.3029138478620212, 0.2948563048915295, 0.2925723547561064], "mi_td": [1.6336337104802674, 1.6468368960369788, 1.675484608060409, 1.6461379335411064, 1.6516505254408442, 1.6499365211984935, 1.6635786076881807, 1.6650660612198558, 1.6641630589020728, 1.673482702919268], "nmi_td": [0.25454712006694913, 0.256112609366661, 0.2604973153004993, 0.25601854314017725, 0.25641149589555323, 0.25747778296198953, 0.2590347802507742, 0.2593795859599623, 0.2589362034839622, 0.26061529371978065], "mi_tw": [2.104414309857329, 2.13752885190568, 2.1216511023067857, 2.131947959624129, 2.1419846524620048, 2.127420434282146, 2.129982574244875, 2.132475566893468, 2.1179996232354807, 2.130623599820574], "nmi_tw": [0.35272770407733817, 0.3575396178300728, 0.3547804737518303, 0.35662804098719464, 0.3576103306538333, 0.35716641158773843, 0.35674920827413203, 0.35733449891042784, 0.3544630373541748, 0.3569130713393834], "coh": [-2.6879705091187263, -2.81316325803844, -2.5811266923025435, -2.763717446857637, -2.620889321986107, -2.698278955728838, -2.757467742298434, -2.6522051989217426, -2.5841846489281775, -2.699830427924074]}