{"p": 0.30000000000000004, "p-emp": 0.29378898005960596, "t": [432.23873496055603, 423.5526945590973, 429.60768389701843, 450.52506732940674, 484.13643503189087, 466.1942126750946, 439.4667239189148, 439.7499375343323, 429.1157214641571, 425.3263998031616], "nmi_acc": [0.7315155311892659, 0.769055606620521, 0.8043573952838088, 0.7202600309117525, 0.6843935308859046, 0.7002822812400626, 0.7562052610448119, 0.7492601464310583, 0.6957051618511736, 0.7949806531208707], "nmi_repr": [0.4242705986319035, 0.37620600283864425, 0.3837954860047208, 0.38970395187750545, 0.3842744253967274, 0.4048498055149762, 0.3987763729305308, 0.39700163784553444, 0.38145641250108714, 0.3962203697867556], "mi_td": [1.5144004072421855, 1.4489714877211741, 1.5016209184368323, 1.5321607279292881, 1.6236720262406248, 1.737269185061206, 1.4625919594794208, 1.5184355993674776, 1.5586818961254962, 1.5883226377054411], "nmi_td": [0.24203122760137707, 0.23345655979040514, 0.24312986615716717, 0.24273933100464393, 0.25822909912199404, 0.2751769083992272, 0.23667902691619863, 0.24253079390192991, 0.2463286088809685, 0.255039461659627], "mi_tw": [1.7616366504619754, 1.682289727129571, 1.6552424658252156, 1.8365750316901521, 1.754473009639967, 1.7060641391538631, 1.6558718845601528, 1.7635430001113321, 1.8370365742389505, 1.680242185358136], "nmi_tw": [0.3160544624325386, 0.3045753962530702, 0.3013365539050994, 0.3262845622504766, 0.313046502489617, 0.3030269207208795, 0.3012627981384277, 0.31618378094074684, 0.325459140134986, 0.30304415102910975], "coh": [-2.347583191613008, -2.694515975395638, -2.717911728859043, -2.410423898993049, -2.57421977850776, -2.408063747744209, -2.617297414519486, -2.512599448927399, -2.510596060262101, -2.7247234416729045]}