{"p": 0.6000000000000001, "p-emp": 0.599931024274267, "t": [164.48570823669434, 165.66448616981506, 168.5267083644867, 164.4018783569336, 170.91176414489746, 150.09418296813965, 181.48806858062744, 172.19345879554749, 185.2469298839569, 171.3784556388855], "nmi_acc": [0.6709065523844033, 0.6966200562421186, 0.687661480860542, 0.674697630707022, 0.6649930902380078, 0.6950411201307104, 0.6088440291519537, 0.6078611272549863, 0.67542801762652, 0.6875242510220374], "nmi_repr": [0.37468047847321434, 0.3750026426709617, 0.3999717246770523, 0.38284002951241936, 0.3648283040555686, 0.36604032091223365, 0.33307667040041655, 0.35632049530196663, 0.3320369062926231, 0.3415228587324179], "mi_td": [1.7491506754186177, 1.8266833362282733, 1.7862842380767778, 1.7944475472827102, 1.8307787881710842, 1.5631533176557506, 1.9565508901222313, 1.7993105754624856, 1.6715971249953545, 1.752468052631432], "nmi_td": [0.27462061638531504, 0.28721172604111755, 0.2810959709109068, 0.28150593347396463, 0.28615490481139993, 0.2502617213967243, 0.30193368873153276, 0.2813535282507918, 0.2653996454617921, 0.2760014637664045], "mi_tw": [2.0620344055425472, 2.001741153392468, 2.017043328595912, 2.0559956700440907, 2.0661790567661322, 1.891665946213589, 2.1713499362267927, 2.029849353655632, 1.934081777243815, 1.993512787059198], "nmi_tw": [0.3389937626831445, 0.32958431964319884, 0.3323963451742149, 0.33771661436574646, 0.3380897199152738, 0.3174176489589941, 0.3505828712155753, 0.3322899548897424, 0.3217094715837233, 0.3288017601299847], "coh": [-2.6538242343210405, -2.766187953063145, -2.581247677823217, -2.9094950741579084, -2.7606243725775683, -3.063974164611915, -2.7421128183578345, -2.8100443067878857, -2.7952008375600372, -2.863257501445895]}