{"p": 0.7000000000000001, "p-emp": 0.6999772624266942, "t": [472.5378544330597, 413.82072281837463, 463.48812556266785, 388.85329961776733, 473.7531728744507, 407.5970616340637, 464.28621339797974, 411.41946721076965, 445.35251688957214, 414.9871027469635], "nmi_acc": [0.6616901639405537, 0.6604301146071779, 0.6675215186854964, 0.6643820540771257, 0.6672406608583351, 0.6649059352489725, 0.6619573357393971, 0.6618526567526382, 0.6650067932073701, 0.6694837451931942], "nmi_repr": [0.6295372104939748, 0.6379304195419543, 0.6503663805809105, 0.6537221875155139, 0.6489606790930204, 0.6387034945345448, 0.6360574649726545, 0.635999539874902, 0.645899224016902, 0.654348771307176], "mi_td": [2.547094561307738, 2.600973061361046, 2.5533417470772286, 2.5756571058155746, 2.588061628242227, 2.588440373863801, 2.5635422150742264, 2.589963950226214, 2.584225530186778, 2.598356336967141], "nmi_td": [0.3966480383408254, 0.403355084935822, 0.3971464850439128, 0.3995948065795841, 0.4018658399442942, 0.4015177537283004, 0.39773988360799056, 0.4015833912897703, 0.40093554429264655, 0.40328587289229334], "mi_tw": [1.8256759822929272, 1.8502177242170543, 1.836749177847848, 1.8469620044677337, 1.826295928449901, 1.8528146269820895, 1.850398830534929, 1.8535272687590967, 1.8493543544735098, 1.8323508378655866], "nmi_tw": [0.34616112916403535, 0.34904094717341244, 0.3477549051529418, 0.3486025891613082, 0.3450640206058892, 0.34964336847843086, 0.3492775669353148, 0.3495970709331613, 0.34906621344213273, 0.34602169229898877], "coh": [-1.8604208417218266, -1.8674416754216427, -1.8861393068976837, -1.697819245781261, -1.7368594680524037, -1.8237715215362544, -1.7341566257202026, -1.8010409510732768, -1.7721010453381574, -1.7439789617149408]}