{"p": 0.0, "p-emp": 0.0, "t": [307.2472097873688, 297.13544964790344, 302.0332820415497, 298.3895192146301, 304.10739827156067, 301.1329617500305, 307.18904304504395, 301.6788160800934, 298.1268286705017, 293.8754618167877], "nmi_acc": [0.6605886495285117, 0.729155002264027, 0.6854326421090885, 0.7540390616480488, 0.7582286330380953, 0.6901464750583644, 0.6981680627932134, 0.7548992023862489, 0.678768343946918, 0.6852580682845705], "nmi_repr": [0.3713381558117919, 0.3728391468374848, 0.38409879541364583, 0.380404261408304, 0.3965739608805561, 0.40158781412105754, 0.3728620523875222, 0.3684697672630568, 0.384368434070788, 0.36462040248499206], "mi_td": [1.679033129439392, 1.5010897172950155, 1.5415303913890586, 1.4156435091015613, 1.5872607931774696, 1.5612623697002532, 1.6691702209979937, 1.4172729262653678, 1.559212694305947, 1.6545446259060024], "nmi_td": [0.264849603766676, 0.24416658644858477, 0.24720875168850837, 0.2317287166730056, 0.2568606262330698, 0.2518784459503353, 0.26457339769355165, 0.2312953882377527, 0.24965682016961344, 0.2637781486727678], "mi_tw": [1.070566841821773, 1.0013642066200767, 1.0455846559558297, 0.9836391776263241, 0.9898565779527099, 1.009855347614267, 1.058175363674326, 0.979158101743337, 1.0354795914612884, 1.0315561750262932], "nmi_tw": [0.2045407596090117, 0.19859510116088808, 0.20381075545685196, 0.1965907869474633, 0.1950881581384641, 0.19828666694191552, 0.20336455171270096, 0.19497468324392167, 0.20146087720919015, 0.1996463979981446], "coh": [-1.7578438960363525, -1.6802165898335037, -1.6868552952789297, -1.856853633399736, -1.9087681932325478, -1.7203331762170797, -1.6897126647818894, -2.2677860881681196, -1.8619246693627294, -1.7144504667208362]}