{"p": 0.30000000000000004, "p-emp": 0.2991736647016724, "t": [168.2523274421692, 167.36722588539124, 172.03782629966736, 162.63998460769653, 171.88070154190063, 168.22374391555786, 167.06265306472778, 165.63623332977295, 168.373113155365, 171.43018889427185], "nmi_acc": [0.6792714833274521, 0.6708560226792128, 0.6748004166922197, 0.7545263092022193, 0.681916953598375, 0.6739723260608573, 0.6840922959207272, 0.672366820820898, 0.6969715579009417, 0.6884134174249484], "nmi_repr": [0.3581410303298954, 0.360047219951674, 0.33709393330623544, 0.34860616519555104, 0.37024295272308405, 0.3570539704805281, 0.3602640300390849, 0.35523332519278433, 0.36241697182281263, 0.3540926849628048], "mi_td": [1.751339956799993, 1.723884622013851, 1.6682792930135033, 1.6415268530034508, 1.737260911986482, 1.7154758119614608, 1.6712461400805734, 1.686712535355175, 1.7157017630951754, 1.656740135093345], "nmi_td": [0.2739151792983748, 0.26998902480701875, 0.2619798316541914, 0.2608150556461217, 0.271749001722269, 0.2686500075981519, 0.2640073121346473, 0.26538095564720304, 0.2695379998094895, 0.2618297480713396], "mi_tw": [1.4914830864013162, 1.4835999281828807, 1.4503170326048005, 1.4286183789654407, 1.4804826864583243, 1.4878260805083063, 1.4416448703432965, 1.4648781894739629, 1.4533249879330934, 1.4370033373753055], "nmi_tw": [0.25696661275443866, 0.2559927376946973, 0.25098817936977313, 0.2504461362855568, 0.25510841382186505, 0.25669873304968294, 0.2511243188663206, 0.25404236209826814, 0.2516230620103975, 0.2504359854608918], "coh": [-2.243207062921507, -2.3520643164151305, -2.249287345734227, -2.310765635427066, -2.1115507012684955, -2.4193602935974012, -2.4108913854710003, -2.3750616784213645, -2.344805155386586, -2.343701330825421]}