{"p": 0.0, "p-emp": 0.0, "t": [1303.30939412117, 1302.4250292778015, 1297.3482921123505, 1213.7832720279694, 1250.0698330402374, 1246.920735836029, 1222.3748922348022, 1123.655377149582, 1015.8215456008911, 1049.7260468006134], "nmi_acc": [0.6839962414251783, 0.6761033913774305, 0.6684670981075834, 0.6927895506494731, 0.6690720628784923, 0.6788282816416992, 0.6898131207633473, 0.6471454979920245, 0.6764565605940539, 0.756413040275511], "nmi_repr": [0.36352628020341254, 0.3665423333879695, 0.37040441095615967, 0.38380094776362084, 0.3848143073655847, 0.38218717666961816, 0.384635413376657, 0.3624353871018794, 0.3404498968926424, 0.3743830195997333], "mi_td": [1.6392094839183962, 1.6392579831242533, 1.6299040368314295, 1.6244598709800828, 1.7201644645248795, 1.5852469799648332, 1.5779037015456385, 1.584496062712983, 1.5512034402262802, 1.5516407325800095], "nmi_td": [0.26089179168423454, 0.26026209864370503, 0.2594361691579884, 0.25951239279513455, 0.2718609708218337, 0.2539027889533752, 0.252618404108582, 0.2518356890684961, 0.24808047686090529, 0.25187675655243885], "mi_tw": [1.0294088070851455, 1.0586248922175472, 1.044222488958215, 1.047645198854775, 1.06223258113188, 1.0223745849365118, 1.0225643196878496, 1.0600778432331461, 1.0433496424658402, 0.9793856970065119], "nmi_tw": [0.19882231620365304, 0.20385928984567953, 0.2017074336950829, 0.20326472532121917, 0.20342273670532754, 0.1989849287412574, 0.19891828538011122, 0.20440296095813007, 0.2027002440167283, 0.19375560267533878], "coh": [-1.8773071621308017, -1.790615121781061, -1.65717506914554, -1.7877865814751697, -1.7789211225076038, -2.0311405817350305, -1.7816053686349194, -1.8026832903033074, -1.9097495718837822, -2.0014790883966427]}