{"p": 0.9, "p-emp": 0.8999983213872056, "t": [176.18192672729492, 176.2230739593506, 157.9424605369568, 112.46236371994019, 121.91047692298889, 139.81404304504395, 126.18690991401672, 103.346515417099, 119.43792033195496, 133.10262537002563], "nmi_acc": [0.39540718967872623, 0.40592053096046193, 0.4033601932678319, 0.39276311408993053, 0.40569584490909744, 0.4200686240424062, 0.41250947040524755, 0.4096904666941614, 0.4038857569013572, 0.4067867978055315], "nmi_repr": [0.5888548298860706, 0.6022039216794536, 0.5794611381692187, 0.5628843961398965, 0.5754415780402131, 0.5956309669017535, 0.5687001896277994, 0.57537093614717, 0.590612553430917, 0.5508380192306547], "mi_td": [2.7120461136913665, 2.699000541744245, 2.712437512645627, 2.6992718297575475, 2.686049672502418, 2.691034117345617, 2.7302128504278946, 2.7100471460028865, 2.697002967753664, 2.6646228745544884], "nmi_td": [0.42617008598317735, 0.42370294502998457, 0.4262271828986803, 0.4243322188564093, 0.42322540234615486, 0.42388404699997995, 0.42858051625680244, 0.4258378452081647, 0.4237324672158519, 0.4201066051824694], "mi_tw": [2.2572765688368785, 2.2893637224236723, 2.2630464840026128, 2.270478773217308, 2.260136144866043, 2.2551228304471214, 2.2578836735441974, 2.2715037636666917, 2.285040402301489, 2.2712611329941814], "nmi_tw": [0.4572303411031929, 0.46314207162644355, 0.458392975888021, 0.4601414601193107, 0.4594052369697656, 0.45820948877457973, 0.4567429840331927, 0.4600869380970162, 0.4627503280185295, 0.4620316041090239], "coh": [-2.7367277409458377, -2.77381524435846, -2.7617808934276735, -2.974470825100138, -2.8742888500176407, -2.8469407990389834, -2.7176806752141167, -2.714345475820905, -2.8873529755824427, -2.846743401254156]}