{"p": 0.0, "p-emp": 0.0, "t": [538.4860603809357, 542.8675651550293, 538.4171273708344, 537.6467745304108, 531.1292281150818, 520.0046856403351, 535.7010383605957, 524.384562253952, 532.2697105407715, 517.8313481807709], "nmi_acc": [0.6720674349281609, 0.6714788569478752, 0.6684729725231483, 0.6749495813332523, 0.6662504462905987, 0.6673482237002992, 0.6661235105356237, 0.6710151073610042, 0.6616749775482622, 0.6837298096506691], "nmi_repr": [0.4745180913185194, 0.4879549424095914, 0.48214293664594216, 0.49113931523941806, 0.49368470788786156, 0.49717939418422935, 0.4936309905099897, 0.4755943929072875, 0.47069267657547054, 0.48265852283501015], "mi_td": [2.033906133377867, 2.019350017936648, 2.030118315810347, 2.0152669899927433, 2.014066003899456, 2.0045009224505757, 2.022457801238962, 2.022017122614184, 2.0233917030232647, 2.029277482882792], "nmi_td": [0.315454982208564, 0.3131282144474437, 0.31497829472452216, 0.3127991584605077, 0.31265510760350695, 0.31134118197589783, 0.31392115347687294, 0.3125739961896051, 0.31418602959055947, 0.31475219933278603], "mi_tw": [1.2273408129572076, 1.2355516146414183, 1.2251351027776356, 1.2285096921398975, 1.2387312283256011, 1.2362160413481544, 1.2256554113452416, 1.2511113140379921, 1.2233015634100564, 1.2417276404251172], "nmi_tw": [0.22975466162788416, 0.2312300751714067, 0.2294391689273849, 0.2301822577273604, 0.2321354026480039, 0.2318176896455593, 0.22965264778655364, 0.23327034299954283, 0.22931726079841638, 0.2324613051781063], "coh": [-1.4538170460052724, -1.428840610923081, -1.5225267814268408, -1.4507191299647157, -1.4546626393442188, -1.4641573185590022, -1.4894822867216835, -1.44323272994782, -1.3346061683761203, -1.4215540108563152]}