{"p": 0.0, "p-emp": 0.0, "t": [1608.1359751224518, 1623.4256381988525, 1529.539624929428, 1562.2090237140656, 1615.9561052322388, 1562.3680210113525, 1425.23357796669, 1520.9857187271118, 1325.1776864528656, 1406.0299699306488], "nmi_acc": [0.6637481999065731, 0.6673537781639357, 0.6721224280710194, 0.6668861147133255, 0.6703231255337654, 0.6670296512922166, 0.6757421067104584, 0.6698224211551176, 0.6762047161251094, 0.6733868710615879], "nmi_repr": [0.4849328408010921, 0.48213521474959486, 0.4995498667785098, 0.4977950718845329, 0.4972779256412399, 0.4682789175034148, 0.46724233494318995, 0.48118435683400124, 0.47273047468358476, 0.47652711514227486], "mi_td": [1.956009073475649, 1.9967372367213083, 1.9968130491589065, 2.0343682428027567, 2.0263305825346167, 2.0374886653531425, 1.9967492454534752, 1.9939555827749575, 1.9763409981918985, 1.9812974315434158], "nmi_td": [0.30413729568725556, 0.30967821050688055, 0.31019488614927754, 0.31585477336933054, 0.31409205754240815, 0.31574537308388795, 0.3097680905538996, 0.3097643052972446, 0.3058197861205919, 0.3070780292424345], "mi_tw": [1.2554681451000957, 1.254405051599392, 1.2422152984697914, 1.2154628291599539, 1.2396925064366338, 1.2192670569184754, 1.2468430920889972, 1.2478212087830132, 1.2731900541011136, 1.2567737567207102], "nmi_tw": [0.2357347433999771, 0.23481007620432137, 0.2329860212494637, 0.22781677935290798, 0.2318993585834034, 0.22801208518709878, 0.23347463359177748, 0.2340495922969387, 0.23767437551644463, 0.23506352618884502], "coh": [-1.5181016305705042, -1.44997215396216, -1.4676533958877418, -1.4930944188389486, -1.437505257342748, -1.4218954403645951, -1.488082503606018, -1.4535215416623253, -1.4980845522295743, -1.5423185626013098]}