{"p": 0.4, "p-emp": 0.39994140115335963, "t": [686.0433282852173, 675.1689443588257, 796.5145857334137, 638.9176685810089, 509.9782021045685, 454.7933509349823, 430.9912383556366, 675.3885304927826, 748.8198347091675, 712.0839152336121], "nmi_acc": [0.7130016174823971, 0.7070521710260734, 0.761188887933663, 0.7159392816775714, 0.7158709342191348, 0.7489749347700256, 0.7407721484106343, 0.748384498413938, 0.753508419643091, 0.7349089746390572], "nmi_repr": [0.4463356696494999, 0.43201188811567137, 0.43137670811975376, 0.43503427315558285, 0.44109277496440064, 0.4333287404482863, 0.4256750005131722, 0.41006248171510307, 0.4342695093837289, 0.40138664070322455], "mi_td": [1.7434980904036208, 1.7108827238776705, 1.6699059850389226, 1.6182015593222079, 1.7100659735142933, 1.6058607012102826, 1.674370691502746, 1.623191627056387, 1.573571711214292, 1.6043522507157428], "nmi_td": [0.2774693649748057, 0.2708922520395942, 0.2661625768585106, 0.2572337154875628, 0.27135567011977724, 0.25626532297990756, 0.2646778305996616, 0.2600152370715913, 0.25174447897038915, 0.2550044486179535], "mi_tw": [1.8033903953703294, 1.885857184443364, 1.8529531356392224, 1.8789754928093, 1.8903962224935342, 1.86191753024639, 1.9193644027754602, 1.8307036385556557, 1.8682744233934747, 1.902264196359535], "nmi_tw": [0.31466629303820287, 0.32721930616913775, 0.3238546397427793, 0.327442687621862, 0.3287939333344823, 0.3258547448069426, 0.33243682839204464, 0.32172755539828546, 0.3278697807422237, 0.3314615979800293], "coh": [-2.5310301079345376, -2.5402665088439345, -2.610872764312703, -2.49685134627013, -2.4391006906082473, -2.4454244011671924, -2.6261048055207024, -2.597039709869629, -2.651894963540084, -2.5630058450656263]}