{"p": 0.4, "p-emp": 0.3081487495097688, "t": [422.7815806865692, 432.55738949775696, 427.9810585975647, 396.8587124347687, 431.36204862594604, 530.2624988555908, 649.5292029380798, 553.7683489322662, 714.95570063591, 614.9521472454071], "nmi_acc": [0.6791323740741539, 0.6924643370993028, 0.6390003088442069, 0.6877626133897896, 0.6766713402974809, 0.7198700779165564, 0.7258838951930776, 0.7019309088550885, 0.7750234253450687, 0.6710663326693549], "nmi_repr": [0.3772067248214645, 0.37826446911789174, 0.36933112877742713, 0.38542761729249936, 0.3796466249934213, 0.38323457291368457, 0.38539547013320147, 0.37296141485055334, 0.3798608653165152, 0.3495211949962086], "mi_td": [1.5290328835649338, 1.669945046455662, 1.5703424363217326, 1.5830497749131514, 1.6202289452110914, 1.4348254923161567, 1.5096501587844593, 1.4318896253630986, 1.4821013712906281, 1.548189895331536], "nmi_td": [0.24270781813640316, 0.2621295640513644, 0.24959510603298438, 0.2510161611300193, 0.25598941935464764, 0.23066291246666956, 0.24085042938359236, 0.22981719079948104, 0.23965597288578117, 0.2443540859228123], "mi_tw": [1.8298880304167553, 1.90464636380874, 1.792356057054976, 1.83994317912013, 1.8453154166469783, 1.7741532314743647, 1.7986425964247663, 1.7851209132951156, 1.6691832403764313, 1.8725367429050666], "nmi_tw": [0.3239619217467195, 0.3330231772430441, 0.3177860511636924, 0.32535765895901986, 0.3250021536784388, 0.3185755951742219, 0.32023840533438597, 0.3199637818595384, 0.30168530438137253, 0.3294155508040736], "coh": [-2.5177409802825412, -2.193857046818897, -2.4346545739179883, -2.277898846068444, -2.2615546431138815, -2.706010945457938, -2.2378156888763727, -2.405785069108872, -2.761711721202851, -2.430700623941569]}