{"p": 0.2, "p-emp": 0.1989455259627989, "t": [374.63725328445435, 372.33313488960266, 373.998854637146, 369.07006788253784, 370.12407302856445, 381.4340064525604, 373.90155935287476, 367.05633187294006, 380.6830484867096, 376.8311674594879], "nmi_acc": [0.6709208062483583, 0.6664283883291786, 0.6647185447680313, 0.6671243358460575, 0.663819324929493, 0.6590985410271624, 0.6643654849694189, 0.6784582879444349, 0.671625286983452, 0.669011875768306], "nmi_repr": [0.52351936404755, 0.5393165613300388, 0.5266224457887181, 0.5237123323906968, 0.5366612645143336, 0.5468271390488614, 0.548713561643704, 0.5454305474571484, 0.5204218986115147, 0.5345643493307307], "mi_td": [2.075859233892277, 2.091103299086186, 2.081618968836421, 2.0834410286734224, 2.105101578288443, 2.0926866203437005, 2.1031466811287722, 2.078150513627918, 2.0818787520487856, 2.0901882280516606], "nmi_td": [0.3218970495908755, 0.3246389273872505, 0.3229730246571601, 0.3229210169434895, 0.32573076339521206, 0.32459078587624557, 0.3264329147401637, 0.32168921453507704, 0.3218808025692586, 0.32390112332085746], "mi_tw": [1.4781431184848715, 1.456722309331364, 1.469886368976654, 1.4795412426525603, 1.4722734044744272, 1.4675693985504057, 1.4582046986138766, 1.4819802408985194, 1.4928715388687879, 1.477137052056509], "nmi_tw": [0.25696177864058484, 0.253568983758915, 0.25568868365349395, 0.2570694280991425, 0.25532554459231743, 0.25519799338585863, 0.2537610220218076, 0.25712422058973056, 0.2586666154699487, 0.256593383021444], "coh": [-1.6687551590354175, -1.728432098220345, -1.7608732214142004, -1.762934475056139, -1.650398571510917, -1.7423806548687542, -1.6724951064335396, -1.6571033848687702, -1.6411111117006605, -1.7232438705197772]}