{"p": 0.4, "p-emp": 0.39942408321036227, "t": [260.45927810668945, 233.31544089317322, 234.89217233657837, 241.50119352340698, 230.80356311798096, 228.75237488746643, 238.2237069606781, 224.27854251861572, 229.53249764442444, 234.00207448005676], "nmi_acc": [0.7327396117037127, 0.6681895846219195, 0.7131878493792136, 0.6853262612905298, 0.6883577960679474, 0.7417083870154163, 0.6370176313876063, 0.7264151392604825, 0.7252467688427725, 0.7960255822703302], "nmi_repr": [0.38131172924467455, 0.38005046137043597, 0.3960335497423319, 0.38908912346825203, 0.3748056197839117, 0.3746897168226077, 0.3579980234872161, 0.3602430652531603, 0.3535979265914783, 0.3784971336630234], "mi_td": [1.5330862610583154, 1.5983793650272193, 1.5556233411457467, 1.5755415918666014, 1.5493980074849585, 1.530738768977391, 1.601515715653385, 1.4511322387508414, 1.4970854920740158, 1.5436479426794143], "nmi_td": [0.2440356944118217, 0.2520231271422649, 0.24753361865157805, 0.2493584765915205, 0.24737121687900068, 0.2436588356680834, 0.252578113337911, 0.23146299177470567, 0.23885451678870617, 0.24838410896897992], "mi_tw": [1.8567466681090472, 1.9183094791828532, 1.827164510460876, 1.8560590560352357, 1.7993109751554295, 1.8224868185157153, 1.8600462533412263, 1.8462426355967678, 1.7788028423942601, 1.7076255203346193], "nmi_tw": [0.32066195853417945, 0.32789781598417117, 0.31542933517251465, 0.31855396121300517, 0.31175324687347217, 0.31474078346838597, 0.3180213790006821, 0.3195559234195791, 0.3079695344517914, 0.29838490289984004], "coh": [-2.530133312812542, -2.6107412132288186, -2.594031380063579, -2.5854300659718965, -2.5693546254041957, -2.4486775858004743, -2.528353227128909, -2.5691466251235524, -2.5950640713036175, -2.7810606927512813]}