{"p": 0.6000000000000001, "p-emp": 0.5983479398079972, "t": [616.2333233356476, 780.5457549095154, 646.8586440086365, 625.1000168323517, 632.6469988822937, 757.7457778453827, 670.0721371173859, 705.3442847728729, 598.707953453064, 704.0198638439178], "nmi_acc": [0.7404352806001577, 0.6866317202300697, 0.6887918072921815, 0.6551601840248749, 0.6583128996256102, 0.6546307830074033, 0.6499322185184148, 0.7472057279388149, 0.6761401729556051, 0.6654633145221603], "nmi_repr": [0.4663964869705358, 0.44798886490476386, 0.4412378579580414, 0.4357599080881845, 0.43577867401137493, 0.44039235754492034, 0.4260624218621076, 0.4337942180674515, 0.44082392437548545, 0.4646866826254004], "mi_td": [1.8741977092789113, 1.9992803762575118, 1.9474412923641744, 2.0166412091543804, 2.060482574993212, 2.0695170004548635, 1.976930759884886, 1.8658102302959374, 1.9301054858475915, 2.056924640767978], "nmi_td": [0.2965149411069459, 0.31321004044980116, 0.3052591795219112, 0.31396743449780634, 0.3197013696222264, 0.32134586249858077, 0.30836128635463766, 0.2967796767564831, 0.30398427365063163, 0.32004708039677304], "mi_tw": [2.103412360148967, 2.15977410871318, 2.152425832469785, 2.1922531873477427, 2.2200061586764854, 2.1806872674939406, 2.179144138591475, 2.0295210937645938, 2.115332480986882, 2.2055042264889186], "nmi_tw": [0.3583897442574802, 0.3641190875145649, 0.36309825363214504, 0.36712540981035807, 0.37041257391446836, 0.3641479210964034, 0.3656651991641177, 0.34780874241024223, 0.3586725325950564, 0.36910629667986616], "coh": [-2.5991238981292084, -2.5436194540214863, -2.613683494494734, -2.653185111313881, -2.5211807460319444, -2.6113464958376476, -2.442881608120204, -2.809099135537344, -2.480273312359799, -2.697361854261014]}