{"p": 0.1, "p-emp": 0.08381740965629636, "t": [956.0732672214508, 952.2035109996796, 966.4996650218964, 882.647718667984, 867.2463798522949, 944.504579782486, 877.5645215511322, 921.0384249687195, 882.0092997550964, 971.1432015895844], "nmi_acc": [0.70006996622655, 0.6945191910948687, 0.6568847989910643, 0.6871779027366083, 0.7198782387167543, 0.6616648270528742, 0.681533048573179, 0.7144902324609671, 0.6934613838871239, 0.6776366744108114], "nmi_repr": [0.345800934649921, 0.3567661270623873, 0.36364614729142114, 0.36844168365853514, 0.36683977931952483, 0.3717827725692463, 0.37174971148556457, 0.3799925894504818, 0.3776329382277756, 0.3660119051050659], "mi_td": [1.6583137711628975, 1.649615727349243, 1.737743384501304, 1.6577204694093535, 1.5942597225032482, 1.7790844110517132, 1.706876812418309, 1.7279783563455449, 1.6830630403945865, 1.6753538887244872], "nmi_td": [0.262899055956648, 0.2609010343324718, 0.2739698011740473, 0.2628199978759831, 0.2558400428824584, 0.2780796411210564, 0.26920288228046546, 0.27353284940107864, 0.26560845638000324, 0.26507162628514724], "mi_tw": [1.1532851726722286, 1.1415447420079399, 1.1695627204565964, 1.1409303190033733, 1.1087476851215194, 1.2037578089357561, 1.1599221054236044, 1.1430473239148593, 1.161936300580398, 1.159606180215382], "nmi_tw": [0.21360577147826995, 0.21084675125124447, 0.2152241617055174, 0.21133155830969388, 0.20830145607320633, 0.21930030504170883, 0.21354216869497014, 0.21133910753289734, 0.21406482438701654, 0.21427704322318208], "coh": [-1.8078677501227418, -1.9564960176276132, -1.785600852078027, -1.8338044403468186, -2.0181378120982014, -1.4986019895442457, -1.706786637016365, -1.7911640712644243, -1.6956613007033627, -1.8232680824608067]}