{"p": 0.7000000000000001, "p-emp": 0.3081487495097688, "t": [378.2852363586426, 395.1975553035736, 389.5670840740204, 425.80574131011963, 537.1806502342224, 508.84943675994873, 458.2166187763214, 444.51713371276855, 308.57254433631897, 314.9369354248047], "nmi_acc": [0.8055099798650871, 0.6590023508490672, 0.7559251583784936, 0.7423394360284078, 0.7824660832891758, 0.8256441573097966, 0.7298238649845802, 0.7653931111135065, 0.7429101053488697, 0.7782631942543975], "nmi_repr": [0.40796295465812055, 0.35534761567731094, 0.37340799686120185, 0.42143321319310456, 0.41438188584037905, 0.4309467668730444, 0.42510359661090635, 0.4191757326029028, 0.40640378483873874, 0.4085892174675079], "mi_td": [1.4864747441964639, 1.5294800963856932, 1.5287234807500933, 1.5932885357051871, 1.4321244073026473, 1.510245839399258, 1.7057204705734383, 1.6351783633276926, 1.4697569294718082, 1.5119153472530367], "nmi_td": [0.240275849036404, 0.24240242510502252, 0.24546861419533417, 0.2543898158937043, 0.23281746457574823, 0.2456966271215086, 0.2705053278039718, 0.2602629447818682, 0.2357017525659288, 0.2433070662206713], "mi_tw": [1.6928466377624516, 1.8054189031884766, 1.722520732719367, 1.7635202362942937, 1.6398146296923695, 1.5986540763196984, 1.761649553480641, 1.774253421382389, 1.756461873301416, 1.6943737640531695], "nmi_tw": [0.3058379838763955, 0.3190773553298322, 0.3088974843979302, 0.31425481846884895, 0.2981562063454507, 0.2909094741582101, 0.3115616532243851, 0.3150661111084234, 0.31453916306162705, 0.304601230622701], "coh": [-2.4598094412010774, -2.349334364150779, -2.4140650785644655, -2.3934634070756515, -2.649854875682705, -2.4138415931608894, -2.5148499994084865, -2.5422437375615092, -2.529376893940841, -2.612615486735636]}