{"p": 0.4, "p-emp": 0.3998504508601365, "t": [296.2839136123657, 297.993141412735, 303.9333472251892, 308.75389528274536, 311.8149366378784, 309.27825236320496, 313.95257234573364, 306.99460530281067, 305.3373866081238, 305.1139278411865], "nmi_acc": [0.6211065500850629, 0.6157341905673152, 0.630289583440711, 0.6175719857872417, 0.6191076602906255, 0.6190646172360335, 0.6307286060257825, 0.6163865784177989, 0.6160430719970119, 0.6163729572550166], "nmi_repr": [0.42514954742256156, 0.42971433218703875, 0.4355210662895659, 0.42595116773803543, 0.4226565833256762, 0.4211009447586859, 0.4414806966284198, 0.43154083527463494, 0.4342394242956071, 0.426367216393457], "mi_td": [2.191172419335103, 2.2148966423616177, 2.278785266404146, 2.2003329195176646, 2.2168266570240136, 2.241144144318464, 2.2664750270708387, 2.175544573706201, 2.217027134931841, 2.2335309607057425], "nmi_td": [0.340943076837095, 0.3443721807910062, 0.35442324369139266, 0.34237254114712845, 0.34481848906922596, 0.3485459698281898, 0.3524367987721094, 0.33842449665200963, 0.34453977792655377, 0.34688123790808434], "mi_tw": [0.6728932987224048, 0.6668078336152357, 0.6359082281734199, 0.6666436829019868, 0.6678900454601315, 0.6493780979846853, 0.6465782590419915, 0.6812460767257752, 0.6686199435479843, 0.6663040133753084], "nmi_tw": [0.1588382499776577, 0.15722005655427562, 0.1500100611188011, 0.1573658736017725, 0.15757655782954097, 0.1531723330826227, 0.15247998584532152, 0.16074731837703427, 0.1575338442522395, 0.15683509604354456], "coh": [-1.3310368024349617, -1.2225760207231402, -1.2956742423149366, -1.3602995732741587, -1.2712898460444968, -1.35531171735208, -1.286465402681983, -1.2466624064863219, -1.3168886996623062, -1.277509990124138]}