{"p": 0.8, "p-emp": 0.7986299467574542, "t": [174.36933279037476, 177.44788098335266, 168.89586305618286, 179.08628106117249, 187.8628749847412, 172.85422348976135, 181.13903522491455, 175.41374397277832, 180.01686549186707, 183.10839343070984], "nmi_acc": [0.640429086837335, 0.6249447794970829, 0.6433189916202462, 0.6457852865722481, 0.6459424245367317, 0.6363562754983039, 0.6240701575164262, 0.6318326196720433, 0.6384276180950762, 0.6447449875087446], "nmi_repr": [0.678784071485806, 0.6445156867277022, 0.6452103537888343, 0.6789585853400621, 0.6769156498473535, 0.6654011411125274, 0.6350047910746022, 0.6456309478105877, 0.6453130207157762, 0.6285797509144152], "mi_td": [2.6464036338436387, 2.614473575301276, 2.6368186986459317, 2.655554487602852, 2.6240346988579866, 2.627082714368343, 2.6158710729456978, 2.636302457566063, 2.6187004479905402, 2.636779929198199], "nmi_td": [0.4102952344612836, 0.40614885379862875, 0.4091941364451256, 0.4115159714645288, 0.40742549454876337, 0.4075200587516973, 0.40579782228856587, 0.40901939028696377, 0.4068387872182739, 0.4087985789885787], "mi_tw": [2.3725468435190793, 2.3498247605272384, 2.3643654212828205, 2.3751977422636723, 2.3599241619694706, 2.3730484521232174, 2.368130018584493, 2.3656992302264266, 2.344888071046547, 2.3776935881773027], "nmi_tw": [0.3903423137539829, 0.38741783304817173, 0.3893849841249938, 0.3905790272474325, 0.3888715779507929, 0.39064895777991665, 0.3898565640488998, 0.38950900912302405, 0.38663750754087334, 0.3911844007236659], "coh": [-2.71764954326274, -2.8540329469750896, -2.8329943179515937, -2.7119946448897645, -2.761650601868621, -2.856829191405159, -2.8214740103081537, -2.7609721664592213, -2.8496835983845816, -2.708403860461956]}