{"p": 0.30000000000000004, "p-emp": 0.2993924947695952, "t": [832.3328461647034, 1092.2864665985107, 1028.6334450244904, 897.2046868801117, 866.8512213230133, 984.3228204250336, 738.0070695877075, 717.2874829769135, 741.3879117965698, 973.9210159778595], "nmi_acc": [0.663629604595949, 0.6722290887428273, 0.6677232957524267, 0.6668102805069108, 0.6657535896909961, 0.6668560359829679, 0.6766393094804595, 0.6691239695483371, 0.6687996532919457, 0.6692080633866389], "nmi_repr": [0.5764355011508615, 0.5687668244010418, 0.5738271439862663, 0.5375582148541809, 0.5638109400580719, 0.5537603045611813, 0.5289486457974193, 0.5404382695773025, 0.5698194151622545, 0.5521597620121936], "mi_td": [2.1484884694344464, 2.170753546024392, 2.1476807365976596, 2.157518640295371, 2.1418074940777596, 2.1218942532764644, 2.155821887292302, 2.1739987982498574, 2.146508931712826, 2.154178293953896], "nmi_td": [0.33297411836900603, 0.3359245866326475, 0.3325127122509296, 0.3339336239555606, 0.3320054915209787, 0.32872194859140574, 0.33411128350892805, 0.3363744346436921, 0.33209573671589304, 0.33324679433900056], "mi_tw": [1.6101923576127046, 1.595480316030102, 1.6118571894974227, 1.6058675823809134, 1.6059774991909945, 1.6180968378641436, 1.5853169478675087, 1.5954834040225392, 1.6233676543097129, 1.6139474059486607], "nmi_tw": [0.2754496700933999, 0.27248509742925164, 0.27542706025629465, 0.27431089647641854, 0.27478967175106844, 0.27668054457910746, 0.2711948875221509, 0.2724388267150326, 0.2771769366920564, 0.27553610975952847], "coh": [-1.8817896732514143, -1.859983252404162, -1.8805960819622722, -1.7577182652272623, -1.777892765615956, -1.8120583125975434, -1.7986920797897494, -1.8948886207394644, -1.8436870077309657, -1.8266316663090933]}