{"p": 0.8, "p-emp": 0.7988844854975484, "t": [91.55351305007935, 105.44350457191467, 97.94131827354431, 91.99158239364624, 80.83250093460083, 95.39623188972473, 105.93882608413696, 86.74340867996216, 103.36193108558655, 97.25110793113708], "nmi_acc": [0.08055120828259753, 0.1506821335172373, 0.1276768444125528, 0.12273265328088796, 0.11801125151570371, 0.21083365418635783, 0.19890234922820202, 0.15636726219314706, 0.18402717233414081, 0.16629464089140716], "nmi_repr": [0.17273111971698749, 0.14785414635977367, 0.13735296286227708, 0.14277906792362022, 0.16666526845448845, 0.18387892797668554, 0.17757379762816553, 0.15052846953157736, 0.15967551983655237, 0.16253191982459828], "mi_td": [0.7465843688857964, 1.1938009940288183, 0.9657969986578234, 0.8731628111660987, 0.6547197288232868, 0.9130065439803756, 1.1684268320005238, 0.8091996348200292, 1.0371793030546004, 1.017645119522212], "nmi_td": [0.13163033614661715, 0.20134352407501566, 0.16600060678110262, 0.15196977570270004, 0.11729843237497668, 0.15869794789964078, 0.19726829058793435, 0.1421472433830929, 0.17627784224541307, 0.17400667866216762], "mi_tw": [0.6768717894795653, 0.63779918201928, 0.6508482737371483, 0.63541617761992, 0.6435681648513869, 0.6429000050530125, 0.6343097884160239, 0.6191682746064794, 0.6853170213131551, 0.6801949196098827], "nmi_tw": [0.2672623161270027, 0.228605042286769, 0.24296089506207327, 0.24378879450841395, 0.2634935119112121, 0.24595481219716434, 0.22785586649914424, 0.24248091520800305, 0.249699968001564, 0.25107811565861515], "coh": [-2.925272275732835, -2.6507678862938953, -2.853412259000857, -2.649411988144762, -2.8364448711914987, -2.8115294500576833, -2.8561291786162295, -2.83958196531658, -2.7272198593419814, -2.699040508316996]}