{"p": 0.6000000000000001, "p-emp": 0.5999362127138133, "t": [209.59933257102966, 193.59439301490784, 225.92241287231445, 292.6470000743866, 392.2785382270813, 381.3401310443878, 268.0363745689392, 393.57463002204895, 275.0457937717438, 353.98656368255615], "nmi_acc": [0.6126601194176053, 0.6359586272012674, 0.621289086784872, 0.6109759179237922, 0.5890095208271271, 0.6104576995366178, 0.6162962938550365, 0.6450247625528428, 0.6258159324426794, 0.5871234037875448], "nmi_repr": [0.3619313474887677, 0.3533986521982702, 0.3669462368926063, 0.37115005771591625, 0.36798058787062443, 0.3456055933963823, 0.35984982108346203, 0.38347245881120945, 0.38472547388453, 0.37140252768287363], "mi_td": [1.8624317384130218, 1.9109399343478943, 1.88170737044475, 1.9128376157604072, 1.9108121703861516, 1.8908678014760392, 1.9257069043042698, 1.9404905188606045, 1.8938689773699384, 1.8977530475460487], "nmi_td": [0.2911739269398747, 0.29835884133958285, 0.29491385310993995, 0.29850096093407896, 0.29798228785240743, 0.29464051063369073, 0.3004665817470079, 0.30303631704253303, 0.2969039892952338, 0.29636665905138027], "mi_tw": [1.8019457536190582, 1.8077941833441251, 1.8045420552920108, 1.8312838648915684, 1.797912902148563, 1.8052259345071042, 1.8274791684889382, 1.8196362581214942, 1.780649314039309, 1.7845141487522835], "nmi_tw": [0.33636939912632957, 0.33692328970748603, 0.33784757910043867, 0.34109083576577015, 0.33460370012398905, 0.33564991536356303, 0.34032452376588707, 0.33921542283660566, 0.33348718861713267, 0.3326739188501732], "coh": [-2.2606493584984566, -2.20350620055056, -2.2586858979389013, -2.20596614894726, -2.1569239641381395, -1.9725677952322254, -2.194958283407746, -2.1872809242065157, -2.1282727194865263, -2.2069024125601024]}