{"p": 0.5, "p-emp": 0.49873112132860675, "t": [603.5722613334656, 616.8827648162842, 706.26633477211, 715.3456389904022, 717.624489068985, 659.6516396999359, 746.5237100124359, 740.2910356521606, 657.4063005447388, 709.0602135658264], "nmi_acc": [0.6690794454016972, 0.6688304402029928, 0.6739283662169914, 0.6745247549285737, 0.6738495301658861, 0.6718123526483828, 0.6715163278871901, 0.6703226308581074, 0.6726302303698325, 0.6743533023115494], "nmi_repr": [0.6035401804913593, 0.6045961342325241, 0.6197873610264345, 0.6138604094947825, 0.6524145335758748, 0.6169296146108074, 0.6165644503046422, 0.6063473148053866, 0.629479810147016, 0.6359604887294633], "mi_td": [2.436046776899482, 2.4775858149492493, 2.4205402427502025, 2.4541691914442985, 2.478695292964707, 2.453217069161308, 2.4763135132899063, 2.4563286268877613, 2.476087585723984, 2.467861658302879], "nmi_td": [0.3773146948874116, 0.38364017737846484, 0.3754008879257764, 0.3795420680844926, 0.3832820357705517, 0.3797374520223822, 0.38318374861887294, 0.37991374138914036, 0.3829558151198761, 0.3816351371448944], "mi_tw": [1.594820189308009, 1.562102906515659, 1.5760943014814977, 1.5947459170112952, 1.5843588391598717, 1.5870834408169825, 1.5805685761829342, 1.5917312790723266, 1.5850126556902713, 1.5856182841039241], "nmi_tw": [0.2904824279377657, 0.2844287373108649, 0.2875111569743844, 0.2899482340724502, 0.2880128524814416, 0.28886149626304314, 0.2875620520362487, 0.2894339056814098, 0.28819983973724905, 0.2882669419852149], "coh": [-1.7385890542841325, -1.7322205095214223, -1.72763017905108, -1.7176493038977239, -1.7401702073759462, -1.6968438060649, -1.774327179368568, -1.7137359419432179, -1.7209472182659327, -1.6755043979913222]}