{"p": 0.4, "p-emp": 0.3998504508601365, "t": [156.3551378250122, 161.17700934410095, 159.88992428779602, 163.2214617729187, 160.58991193771362, 154.44348073005676, 154.61033821105957, 159.5400459766388, 158.71855473518372, 159.5276460647583], "nmi_acc": [0.6280421363991748, 0.6399903056844317, 0.6178748533951116, 0.6247549219523385, 0.6300030714883111, 0.6350217716859063, 0.6430030346477493, 0.6474601716845666, 0.6079030921257031, 0.6093016953227927], "nmi_repr": [0.35865844905179506, 0.3714145287745402, 0.38278251397671104, 0.3732204209965826, 0.37931392594560775, 0.37456048676090453, 0.3791771409854984, 0.37006527348582585, 0.361519502261884, 0.36786674808403164], "mi_td": [1.9490904991250897, 1.9785706488102344, 2.0288114958329184, 1.9495162373944126, 1.9598484922915291, 1.878574690891237, 1.948562531958158, 1.940997441418101, 1.9480597419878807, 1.9590744843925705], "nmi_td": [0.306098717907896, 0.31004641956094453, 0.31637745131990846, 0.3058926162875787, 0.3083918901364254, 0.2969488635539574, 0.30630390742376834, 0.3049479305584303, 0.30561137441860026, 0.3068821555634069], "mi_tw": [0.6856270585681815, 0.6871109056084697, 0.691033718366848, 0.6954635238313592, 0.6926937518065844, 0.7002428787841868, 0.6796111588569405, 0.6863118973919015, 0.6897905903496708, 0.7046010841738968], "nmi_tw": [0.16414078054736717, 0.1639462230012276, 0.16366773375683055, 0.16626947866747846, 0.1663288794396522, 0.16931251389811344, 0.16293417940619578, 0.1644035193513561, 0.16486988427518423, 0.1680284027613367], "coh": [-1.4065267709093408, -1.4931633630597658, -1.4264571755393218, -1.4730642953163233, -1.4437963784251227, -1.4572316018848626, -1.3882912007478434, -1.5135900329810617, -1.4444925991045452, -1.3740890252200164]}