{"p": 0.9, "p-emp": 0.8999983213872056, "t": [26.57122230529785, 24.392532110214233, 27.345808744430542, 25.321444034576416, 25.32765007019043, 24.85696244239807, 28.085143566131592, 27.515669107437134, 28.200705528259277, 26.338349103927612], "nmi_acc": [0.3855103363363489, 0.3955393219164328, 0.37294675990846143, 0.4122708785860074, 0.42205079635953957, 0.35500538215234173, 0.3516828171076975, 0.4017906568920476, 0.3850684359678302, 0.39964458458246227], "nmi_repr": [0.4227872829899321, 0.40126647482920574, 0.4325277938109911, 0.39890016675639706, 0.42309905783842816, 0.4020681070504846, 0.38082990519734433, 0.3630498945079321, 0.4026406819213551, 0.40871008490985683], "mi_td": [2.278568559450425, 1.9805255882816728, 2.276624051650751, 2.018801999176368, 2.1528681795601963, 2.1179069694484167, 2.2873304733603987, 2.219116503562144, 2.226741058478257, 2.1798746962301925], "nmi_td": [0.36393107284873183, 0.32588040339864766, 0.36380129810150685, 0.330817783677096, 0.34867913371487347, 0.3429537597022139, 0.3638567108097731, 0.35630939698195374, 0.35808942929013543, 0.35122327539310466], "mi_tw": [2.3840805985418307, 2.099437719203786, 2.3729141703324905, 2.13742066213481, 2.2397320560662406, 2.2590028689245916, 2.400892090471578, 2.344683301280405, 2.3566617669710093, 2.3266836184477047], "nmi_tw": [0.49318263955387337, 0.4514391151554457, 0.49118886208328744, 0.4571492589757552, 0.47177715235742945, 0.4757226165275463, 0.4940683934423251, 0.48835932895834566, 0.4918445505280473, 0.4867941947305608], "coh": [-2.926525759609132, -2.872076335633358, -2.61870154834629, -2.961708333595351, -2.9782953728466137, -3.1585013078820676, -3.0026438842773615, -2.9456781821920455, -2.87156066518628, -3.064658650158787]}