{"p": 0.0, "p-emp": 0.0, "t": [239.7578992843628, 234.7578272819519, 236.28474521636963, 227.11983823776245, 227.65752339363098, 228.54747700691223, 232.4241235256195, 222.1999888420105, 228.46714234352112, 225.1901412010193], "nmi_acc": [0.6889195580309772, 0.7453572720130278, 0.6404826561497409, 0.7356943887356497, 0.6998434121587048, 0.6867757437732324, 0.672305198699866, 0.7408073556835397, 0.7038237552510057, 0.6646926458346388], "nmi_repr": [0.393550127245101, 0.38262033988668814, 0.36775880251565907, 0.3576719886012929, 0.3959292870474347, 0.36879149440921616, 0.3543309734620864, 0.3799116260535238, 0.3843068494124737, 0.3569941337017429], "mi_td": [1.7149638689523332, 1.3862661681113588, 1.4186259551168368, 1.629680735501959, 1.7028360247049101, 1.537632827483054, 1.6923757190232482, 1.5992079600018063, 1.6153287891136052, 1.5697319533844354], "nmi_td": [0.27173144205183214, 0.22741975872861273, 0.2287650116657162, 0.26139400595183576, 0.26940049841817393, 0.24698439737935154, 0.2676729181794209, 0.2572953221184415, 0.2586227218392839, 0.2501715451211036], "mi_tw": [1.040873370431852, 0.9582447989854128, 1.0156501032690204, 1.0162234475136362, 1.0713756608472789, 1.019245745634833, 1.0607417707943552, 1.0173699648979058, 1.0299540263582627, 1.0690950057741437], "nmi_tw": [0.1999496996818889, 0.1920307888769357, 0.19931641792935106, 0.19813262012108465, 0.2054307150780579, 0.19906918476450833, 0.2033248041293547, 0.19909831818693297, 0.20036771028129818, 0.20682609606817162], "coh": [-1.7918894285940272, -2.0821915014910415, -2.0460867130917553, -1.7950535710011646, -1.5738751943490636, -1.9319767901364728, -1.6217637345121498, -2.044839403400497, -1.783173404723804, -1.893147342484592]}