{"p": 0.1, "p-emp": 0.09998855491276559, "t": [184.27909564971924, 188.42818570137024, 185.45118594169617, 190.3946180343628, 188.01809930801392, 188.30449676513672, 181.92416381835938, 193.50564336776733, 183.17456793785095, 185.91806817054749], "nmi_acc": [0.7531279666754861, 0.6906599954897948, 0.6840818781573251, 0.7048352624723315, 0.6861886550630425, 0.7044680270304629, 0.7349034775282567, 0.6650099803633039, 0.6901183977175309, 0.6889952107042008], "nmi_repr": [0.40661987638497965, 0.41368606019465476, 0.4272734827080783, 0.41609507260386225, 0.40537341551424133, 0.4205144331448122, 0.42857438936944775, 0.4280468809488759, 0.4226560098768943, 0.42822385910197847], "mi_td": [1.608286151138199, 1.8484952682032227, 1.915563894674008, 1.7912145517101659, 1.841950074568622, 1.7675294790569784, 1.7278780745747402, 1.9172657710906797, 1.8566771626779761, 1.8673258996495938], "nmi_td": [0.2617794481738612, 0.2931357694153521, 0.30018800783880584, 0.2849212520431659, 0.2909831793084984, 0.2819678187360652, 0.27829896143268124, 0.30099971170639755, 0.2941404678971574, 0.29545395194307794], "mi_tw": [0.8537236970889721, 0.8997811298632297, 0.9261914880749105, 0.9006631348178391, 0.909247371302941, 0.8966298769868974, 0.8720198731281293, 0.9209069512991266, 0.8952659894806767, 0.910723766991499], "nmi_tw": [0.18086206871576635, 0.18428434044531034, 0.1868132062705579, 0.18519456768174986, 0.18530635101506637, 0.18505587900075912, 0.18222713040624228, 0.18618120197202495, 0.18312416906784237, 0.18598243472620363], "coh": [-1.8023610788753117, -1.5196993196321573, -1.450124550526411, -1.6125098274698775, -1.6533904891470421, -1.6841012989892252, -1.8666237760404072, -1.474994361789423, -1.8372416731659715, -1.5312275926537555]}