{"p": 0.4, "p-emp": 0.39862079068766665, "t": [752.08806848526, 777.1402513980865, 751.5521304607391, 759.0781826972961, 777.2845993041992, 793.1231918334961, 766.7269685268402, 742.8629047870636, 790.4689362049103, 749.490428686142], "nmi_acc": [0.6796224759444547, 0.6774623455966433, 0.6751968848823765, 0.6775643667385015, 0.682831273750189, 0.6714266999363993, 0.6756556745427736, 0.6706299323563136, 0.6744281587533244, 0.6727302558077075], "nmi_repr": [0.6058116494925091, 0.6134359702223865, 0.6116721373234532, 0.605407187924664, 0.6196529105070134, 0.615267580377018, 0.5942083716617226, 0.6069954796150637, 0.6008772614007246, 0.6103951485471569], "mi_td": [2.4046699147348547, 2.385419718972704, 2.408192160486947, 2.415915970278242, 2.3910159690369683, 2.415903922406567, 2.438643377160777, 2.3996617195774226, 2.4089276218474445, 2.3699263875383716], "nmi_td": [0.37231867674153857, 0.3693453699236083, 0.37243312254139493, 0.37407993569043396, 0.3704208974739198, 0.3735653692318528, 0.3769770468103929, 0.3710376553473859, 0.3724711984807204, 0.3670758576746965], "mi_tw": [1.4384378017599608, 1.4549408246507973, 1.4531545820492924, 1.4385976490292756, 1.4421414750291242, 1.45284137948126, 1.4347377887307111, 1.4542439029203773, 1.4526676794483124, 1.4575970040508475], "nmi_tw": [0.2617067601157001, 0.2647153792315902, 0.2640253434247686, 0.26175229941105227, 0.2625607432628824, 0.26391830747516515, 0.26054484541616085, 0.26415951764165113, 0.2638739014297359, 0.2653085423335435], "coh": [-1.6913002709655491, -1.7459096955590379, -1.7250593058539838, -1.7240647294593572, -1.675586211558926, -1.7083376340126715, -1.6629660590305213, -1.7449700974084634, -1.6818374211008407, -1.6940693434684906]}