{"p": 0.2, "p-emp": 0.19994262196266455, "t": [376.617080450058, 360.2072274684906, 360.76841020584106, 376.68561124801636, 384.17297649383545, 385.1248390674591, 389.64007544517517, 387.3463363647461, 377.229633808136, 378.0254900455475], "nmi_acc": [0.670350910649261, 0.6680095650011357, 0.6617146085561973, 0.6609750537851413, 0.6589721091893721, 0.6639646380653305, 0.6632194283609602, 0.668522669758135, 0.6639068031969807, 0.6699509357029688], "nmi_repr": [0.47877833823797167, 0.48885187169595906, 0.483027258241907, 0.5083142733310301, 0.4993217601651629, 0.4734185769605242, 0.48090081159578046, 0.47641273197059064, 0.499024592780934, 0.4937136697737954], "mi_td": [2.0742553152225396, 2.033855293199045, 2.056817533966705, 2.1131100550674646, 2.0747510694577587, 2.0620617440190627, 2.0192565362475805, 2.0711640387556907, 2.0885098744530453, 2.056444503776651], "nmi_td": [0.3213426560262268, 0.31616767620007213, 0.31883106423978624, 0.32810957038015215, 0.32126865638892405, 0.31931066110012063, 0.31286037089908797, 0.32158561225802, 0.32405213851234044, 0.31908680873651507], "mi_tw": [1.2227133917823787, 1.228454436143151, 1.231371264524587, 1.1830675507902688, 1.2245991880943508, 1.2346068903512346, 1.249924359539347, 1.2117199905562268, 1.2031041087595513, 1.2249548721282952], "nmi_tw": [0.233927281194526, 0.23602479184743383, 0.23575706593822626, 0.2269809640432108, 0.23415233502693789, 0.23607218629621965, 0.2391692025048621, 0.23246846181295097, 0.23061613518225668, 0.23481359858598286], "coh": [-1.726546351577823, -1.7294282968474064, -1.6510696685206863, -1.5930843526467613, -1.6779484637232258, -1.6872310010570473, -1.6919377525453414, -1.6645148058410655, -1.7420417884309898, -1.7040225416118204]}