{"p": 0.6000000000000001, "p-emp": 0.5999362127138133, "t": [103.27988409996033, 101.2852852344513, 100.82231569290161, 98.74886655807495, 107.67014646530151, 94.29655122756958, 105.70883774757385, 99.47336626052856, 102.10891270637512, 97.23333597183228], "nmi_acc": [0.7370740165454885, 0.7678519432769736, 0.7605157152127292, 0.7225088110128706, 0.7170692950358204, 0.7015193614800197, 0.7373960267527087, 0.7135200455200541, 0.6926712428149829, 0.7018744411754954], "nmi_repr": [0.5348519934063717, 0.5444022614840954, 0.5245971690616112, 0.48959806356953267, 0.49553670204386757, 0.4779118062649025, 0.482318671707839, 0.504754454999007, 0.4957830364617691, 0.45929140623300435], "mi_td": [1.706858765428592, 1.666939878862694, 1.6650767785628018, 1.5219185599488096, 1.7877333455601483, 1.5388727604399743, 1.71837804636312, 1.6101489655996681, 1.6638637930710327, 1.6062475657037216], "nmi_td": [0.2778664654546962, 0.2718437228647152, 0.2723137582338375, 0.25039234329914284, 0.2869382797161794, 0.2523670414772979, 0.279359145321686, 0.26355314536320695, 0.27018293621874634, 0.26175009700384755], "mi_tw": [1.6907032033518052, 1.682063103625796, 1.6349811942609527, 1.6434912470226073, 1.8151833837895925, 1.654256908569562, 1.7232408169396158, 1.6432231818887773, 1.702585918693209, 1.6773107544813006], "nmi_tw": [0.33128382825620556, 0.33028668069091666, 0.3221440610380595, 0.3261611376499044, 0.34966991046455237, 0.32702424140256386, 0.3371037057342815, 0.3240976620961279, 0.3325984046281129, 0.3290569076228588], "coh": [-2.393774863011482, -2.385955118772857, -2.3530826716223325, -2.638881581645581, -2.315592065173922, -2.2324708925960057, -2.4431701080293484, -2.3375268819577486, -2.3464909709360784, -2.2380027066763346]}