{"p": 0.6000000000000001, "p-emp": 0.3081487495097688, "t": [256.30007672309875, 256.5769762992859, 257.0995943546295, 248.20957779884338, 256.52894115448, 249.439879655838, 256.2556960582733, 252.32500410079956, 253.98258638381958, 250.2638819217682], "nmi_acc": [0.6949568130138992, 0.7097057526976782, 0.6462750979217968, 0.6981213193875793, 0.6781178632923043, 0.7440235922262564, 0.6793466672518391, 0.6882819034533693, 0.7171762292582737, 0.6847898991874319], "nmi_repr": [0.3566905525539993, 0.38207659862332405, 0.3781797578534755, 0.37451701562449835, 0.38209136418524, 0.4022448437755519, 0.37492361300596877, 0.34552058969585847, 0.3639002830781772, 0.3677560537973152], "mi_td": [1.7193370335468139, 1.7239837250886536, 1.72892825159072, 1.679008235228971, 1.7288715456262533, 1.6687474458276748, 1.7399843620038196, 1.6486109610484811, 1.729475520759611, 1.7067995162545282], "nmi_td": [0.270265210001569, 0.27189491515619146, 0.27115869562707606, 0.265487140649938, 0.2718214188055222, 0.26578682481529203, 0.2716480974377604, 0.26100848358844125, 0.2721364709705221, 0.269114427191991], "mi_tw": [1.495724858593832, 1.5088230911701679, 1.520168832567478, 1.502010114236036, 1.5062382251982385, 1.4703787288922225, 1.528319908869676, 1.4717522097934017, 1.5138995980833483, 1.4900120214131678], "nmi_tw": [0.2619372474012943, 0.2652082979948168, 0.26554789347975105, 0.2647726515855358, 0.263840529877325, 0.26130341797751927, 0.26561630555727767, 0.2598025788548761, 0.26542169193229104, 0.2618256049455088], "coh": [-2.127577114978542, -2.294819000015598, -2.2821349744260835, -2.472997058095132, -2.2335787550995927, -2.3778793790783386, -2.03615527736627, -2.4441504640462326, -2.1566012540479975, -2.113363048428341]}