{"p": 0.30000000000000004, "p-emp": 0.29992904045914637, "t": [339.9296956062317, 339.6681184768677, 335.90358543395996, 338.7321960926056, 346.1494023799896, 343.2776880264282, 337.5702612400055, 341.7454855442047, 342.69734716415405, 340.40476393699646], "nmi_acc": [0.6501972896040872, 0.6507483670549087, 0.6514553116754253, 0.6425691133581408, 0.6395399064060738, 0.6492879964866191, 0.6548995300362196, 0.6454357285504757, 0.6473504617683085, 0.6617055449663979], "nmi_repr": [0.4720629380017575, 0.4776461464934613, 0.4791076631236522, 0.4668607245965583, 0.4534367954017844, 0.45876526992725053, 0.4686650846109312, 0.4818667774404964, 0.4534220979908019, 0.4664427943514438], "mi_td": [2.240885926024128, 2.2556057477363503, 2.2332743633282086, 2.2109910880412955, 2.2640258849528005, 2.2546669826421035, 2.22391695284967, 2.1935236923065107, 2.230888443070904, 2.247789810387347], "nmi_td": [0.34797495084431923, 0.35050767214801876, 0.3468685424779664, 0.3434366696396267, 0.3508294823068893, 0.350084288499552, 0.345789727576932, 0.340929845640673, 0.347267308787174, 0.3494931636635453], "mi_tw": [0.7394500258621458, 0.7313415079864091, 0.7412683284237022, 0.7512308769708883, 0.7369435445969802, 0.7298706892966762, 0.7372709534611646, 0.7524276587239673, 0.7260353975392725, 0.7276220761680356], "nmi_tw": [0.16388685864184507, 0.16225290580759263, 0.16434094350367903, 0.166569830412019, 0.16284192874185613, 0.16174354774468397, 0.1637078378475639, 0.16697950299350375, 0.16147439815041417, 0.1615597493960868], "coh": [-1.3641759991233244, -1.3519998491084186, -1.3248534095754034, -1.3280859766792419, -1.3229743948170642, -1.2477951356163812, -1.2818040381629936, -1.2904071068483178, -1.3571364050222947, -1.2319262713127404]}