{"p": 0.6000000000000001, "p-emp": 0.5999996947976738, "t": [112.87329816818237, 109.48100304603577, 122.38123607635498, 112.01928186416626, 108.65109610557556, 115.65294408798218, 112.53496050834656, 109.279629945755, 110.98738765716553, 120.22431230545044], "nmi_acc": [0.41714103968461036, 0.4855610165416996, 0.4298409920248944, 0.544644293564462, 0.4590026800660897, 0.4343083022567257, 0.4839576625336989, 0.4261610320068632, 0.45604245916591735, 0.5281079396081994], "nmi_repr": [0.36006903589395994, 0.3477429535143104, 0.3367093108572562, 0.35082232838063443, 0.3488030287729055, 0.3583408423138233, 0.3820715157025397, 0.34965948864639623, 0.37636701928453764, 0.3619779302486315], "mi_td": [1.019505049839011, 1.003604430503596, 1.1249413715167649, 1.092872038640843, 0.9513587105501534, 1.0204129842343834, 1.072798141913072, 0.9412475156980032, 0.9358434929259947, 1.1372320894975265], "nmi_td": [0.1722990862520509, 0.17080453718716823, 0.1863927717814385, 0.18413619799466288, 0.16384883311532905, 0.1724192799436338, 0.18351597313719667, 0.15957110694278467, 0.15981865590606106, 0.1880698381581497], "mi_tw": [1.3029977358506828, 1.1906086371454285, 1.4233112327450461, 1.2270197313780844, 1.0880324502344572, 1.3057452056229233, 1.0915936272302174, 1.3125708481185634, 1.2694658698429353, 1.394802883268981], "nmi_tw": [0.3303103745874215, 0.305014446887546, 0.3503079066675275, 0.3096321403129476, 0.28378359761237565, 0.3309111402280459, 0.28181034566457386, 0.33430132961217957, 0.3268987916910417, 0.34231966983786294], "coh": [-2.4818933124777276, -2.771529616929376, -2.4924184204555164, -2.471750773304759, -2.9286759676133913, -2.7646017206732805, -2.7401988215280775, -2.5133762684496297, -2.737877506855568, -2.7244190543475684]}