{"p": 0.8, "p-emp": 0.7992745340704988, "t": [63.19151258468628, 64.1737596988678, 67.56219244003296, 62.872397899627686, 63.72125697135925, 75.9121356010437, 68.18766188621521, 65.3247139453888, 70.62369275093079, 63.267324686050415], "nmi_acc": [0.5886071083042114, 0.5961084189630359, 0.5732880694719389, 0.57734126778599, 0.6018022233297202, 0.5751480718889143, 0.5718671122467824, 0.6073326288797302, 0.5893420601660008, 0.605316603051261], "nmi_repr": [0.3384735338382388, 0.34625095112299875, 0.32696904942368055, 0.3582337282791952, 0.3584239828774994, 0.3356418132530788, 0.330237248766191, 0.3480442493151661, 0.3462726627357827, 0.32875806840533667], "mi_td": [1.5325177966818626, 1.4504792499538117, 1.6308674782749337, 1.525447667023704, 1.4301827798147166, 1.7316806576852959, 1.5602423231111426, 1.522236711206241, 1.5670174687790017, 1.4980003776730582], "nmi_td": [0.248440514958113, 0.2355430436035239, 0.26083149235097086, 0.24711578514565755, 0.23279235837392145, 0.27462735464795823, 0.251232950842079, 0.2465194866391554, 0.2523992123744425, 0.24308766408206933], "mi_tw": [1.3103754644241015, 1.32653571315724, 1.3333268260795452, 1.3114297708422078, 1.3040964909972514, 1.3344168071695575, 1.315872918571595, 1.3156226997059435, 1.316515101693994, 1.3028826863218737], "nmi_tw": [0.30091947639624533, 0.305368877513397, 0.300394043024602, 0.3008536224356192, 0.3012034492017904, 0.29709252290190985, 0.29930945573290374, 0.3016835679303102, 0.2995818073131007, 0.2996228446099064], "coh": [-2.4825284915676606, -2.5394834116142495, -2.4109659792275586, -2.2808768636852665, -2.5730343728842477, -2.5152752925151485, -2.6327447795939554, -2.6356364115272015, -2.6444380791046993, -2.414190816168044]}