{"p": 0.9, "p-emp": 0.8999977109825531, "t": [56.17482852935791, 59.69683647155762, 56.895650148391724, 57.69319534301758, 58.909448862075806, 57.79841375350952, 57.550045013427734, 56.58428931236267, 57.40429973602295, 57.732059478759766], "nmi_acc": [0.5194697855291323, 0.5195309127420646, 0.5171737571289415, 0.5106770159685899, 0.5189706821602218, 0.514095305363137, 0.49298785272922985, 0.5092985805934142, 0.5153411856099015, 0.5171000296517099], "nmi_repr": [0.42159215077297874, 0.42085976662446034, 0.41828287984230805, 0.42944522528313445, 0.4157299703604649, 0.4371576390027345, 0.407123432445323, 0.39459196884843967, 0.43550476809623745, 0.43678223593552185], "mi_td": [2.6127245744943983, 2.609394031140819, 2.617240526371678, 2.5909604304053966, 2.619787584796387, 2.599304893821838, 2.5704885720302477, 2.6016123961191657, 2.5980849231109033, 2.6176786891879202], "nmi_td": [0.4090419645112191, 0.4087058660287693, 0.4096127121258057, 0.4059845330496251, 0.40977068721091625, 0.40713375370233845, 0.40339663746220095, 0.407370360884785, 0.40710913743157456, 0.40932934218762096], "mi_tw": [2.3468342825524466, 2.3432378919142174, 2.349126628119458, 2.346434468235296, 2.3582555489579833, 2.3506279513058432, 2.3210324986798034, 2.3534609775388327, 2.349019852743091, 2.359931594139248], "nmi_tw": [0.35481082765786226, 0.3544222962685594, 0.35504334566938756, 0.35504589163678196, 0.3562210462932843, 0.35554692756999207, 0.3517241786271097, 0.35587014151309637, 0.35544404823328934, 0.3563804806318906], "coh": [-2.690110627886378, -2.727193890731999, -2.706594170286372, -2.7144133058800515, -2.679121316107488, -2.72572738753356, -2.6930231847075987, -2.6948651622867565, -2.7028526433757376, -2.7216522466983335]}