{"p": 0.6000000000000001, "p-emp": 0.5983479398079972, "t": [712.8927550315857, 818.2465522289276, 795.1703772544861, 865.2186131477356, 833.983478307724, 808.5252285003662, 882.3613877296448, 846.5232691764832, 905.2160601615906, 837.6552395820618], "nmi_acc": [0.6715290207046355, 0.6715527552168393, 0.669802071909105, 0.6703417744548619, 0.6685498815385953, 0.6732225288433952, 0.6716945729018213, 0.6706353415553654, 0.6700983052741318, 0.668757712614148], "nmi_repr": [0.6180612280409973, 0.6340379431944612, 0.6608193206387323, 0.6613278872322412, 0.6799193668736616, 0.6607374692254546, 0.6451005265566963, 0.6266836595171755, 0.6545165406605327, 0.6522454810313989], "mi_td": [2.4218538658275257, 2.387829978459477, 2.435531564822275, 2.409634177686868, 2.4078740205056315, 2.3901445269224237, 2.3944545596832665, 2.428965976722002, 2.4371037623182876, 2.3893530138251995], "nmi_td": [0.3749066898971165, 0.3692728094529433, 0.37638413239310886, 0.37204687261008695, 0.371844960282731, 0.3695411839734238, 0.3697617553156799, 0.3751542065276457, 0.3767542886995926, 0.3693688703594538], "mi_tw": [1.9771058182258503, 2.0220115370235794, 1.9994119534670616, 2.0249519224524213, 2.0254207952189027, 2.0192105255740715, 2.024611997450376, 2.0067806705572138, 1.9913364013342898, 2.021613618053944], "nmi_tw": [0.329068162771863, 0.3361830761849187, 0.33217360114611916, 0.33609126085498603, 0.33623698357444615, 0.3356299198514689, 0.3360921103970829, 0.3331922519731034, 0.3309520764581451, 0.335980524194015], "coh": [-2.135167973571497, -2.136710740127865, -2.1226949587823776, -2.1177277734304987, -2.143698660700075, -2.20605758791599, -2.143304816823961, -2.137733560825735, -2.108673076570603, -2.157357565638434]}