{"p": 0.1, "p-emp": 0.04999641387266651, "t": [454.90551805496216, 467.8495604991913, 455.95269656181335, 453.55791759490967, 451.45102882385254, 451.0838782787323, 456.0983028411865, 452.29402804374695, 456.0283987522125, 465.9491677284241], "nmi_acc": [0.6733837686279752, 0.6777951947044707, 0.6811257045913697, 0.6725033858765004, 0.669814723444423, 0.6784728252764564, 0.6726058803709491, 0.6859354818438467, 0.6737259364108473, 0.6688728127047548], "nmi_repr": [0.505573840708109, 0.5048593169543113, 0.5074134498892795, 0.5161077700652974, 0.5047968023284802, 0.4879142206427816, 0.5010709979985557, 0.5078755450897882, 0.5056631132070061, 0.523245344834483], "mi_td": [2.1668403222559776, 2.1644859693850624, 2.153280768365439, 2.159342397341936, 2.1567153751253896, 2.1655201976414413, 2.171170330719741, 2.133195559955457, 2.158766628835956, 2.1868412199638363], "nmi_td": [0.3351537434097487, 0.3355020033185564, 0.3338013712828465, 0.3344168341705184, 0.33409068401554465, 0.33484099906453624, 0.3362295030051194, 0.33107037291805974, 0.3343192159603459, 0.33851962678822656], "mi_tw": [1.0695856993757369, 1.0527026894811298, 1.0652810443922713, 1.066578289257603, 1.0653431476572803, 1.0733599201341835, 1.0596139906700761, 1.0620682426499921, 1.064624255990515, 1.0584420820361145], "nmi_tw": [0.20628997235044902, 0.20357278151945718, 0.20603308009133536, 0.20603476726641137, 0.20585819136546188, 0.20693424791878726, 0.20467493067777462, 0.2057083012340404, 0.20565081686988912, 0.2043456501915234], "coh": [-1.4053159560705306, -1.4253130725836378, -1.3901959246508426, -1.5016681461811692, -1.332573666468464, -1.341019766765729, -1.4012119217433336, -1.425355637409802, -1.4535931054355298, -1.5250817888711712]}