{"p": 0.7000000000000001, "p-emp": 0.699698612702826, "t": [169.07506132125854, 161.40704679489136, 171.54642534255981, 176.97686123847961, 180.24729108810425, 168.92448711395264, 162.5528404712677, 172.84309720993042, 159.16678667068481, 159.24329781532288], "nmi_acc": [0.4590893365882068, 0.42116686025915, 0.39024151976233706, 0.4229869302102735, 0.41985559780184756, 0.45652189401546683, 0.4675615146637499, 0.4450963231493383, 0.4406930559700673, 0.46154712309875223], "nmi_repr": [0.3023110510801094, 0.29092767703970723, 0.28401618477153295, 0.2961459947268363, 0.2907800188516848, 0.2956216701600122, 0.3031187846007446, 0.2990558251634929, 0.28801697831776435, 0.2921868622933406], "mi_td": [1.788159757616283, 1.7045805022909566, 1.6090476517129066, 1.6717809856542887, 1.6492737170978542, 1.7680360269493423, 1.825186135562379, 1.71412274353813, 1.7602576134046828, 1.734081701760472], "nmi_td": [0.2804152603333938, 0.26743850926956664, 0.25270926401545013, 0.26274960392375935, 0.25899953175700835, 0.27744330294901964, 0.28560895734537006, 0.26956056048143984, 0.27481611277841766, 0.2737905369701773], "mi_tw": [1.000915101624254, 1.0379023425187217, 1.1418202397372916, 1.08106720296193, 1.1133564620047252, 1.0128359537850595, 0.9734541717500552, 1.055393200205811, 1.0388649430693646, 0.9854321269647099], "nmi_tw": [0.2535486845135927, 0.263124727241013, 0.289950276706913, 0.2748403665339407, 0.2826738442275748, 0.2568432978121559, 0.24574079731488957, 0.26856499661442357, 0.2612828105311924, 0.2523898654716828], "coh": [-1.8761783032527777, -1.9298806555603172, -1.9818344660689102, -1.9116814569034861, -1.9313269723470934, -1.8779418508079881, -1.9156905970881817, -1.9549748427406588, -1.786924843326765, -1.9687524259147327]}