{"p": 0.1, "p-emp": 0.09998855491276559, "t": [275.1609740257263, 287.15526509284973, 292.70981431007385, 266.5382442474365, 345.32226753234863, 282.6229271888733, 311.8959321975708, 248.77101039886475, 254.11790823936462, 303.76644945144653], "nmi_acc": [0.685233592353503, 0.7130638281785815, 0.6679860883749569, 0.7008274322710575, 0.7466566222825478, 0.7015903119769994, 0.7348450848998098, 0.783977656831946, 0.7565579878677892, 0.7165026395607891], "nmi_repr": [0.3452972316136054, 0.34074787457254085, 0.3349764800795803, 0.3576638213046865, 0.35830707414270896, 0.3300614088368192, 0.34469121058105623, 0.31312823064208767, 0.3208434377509797, 0.3230530470831405], "mi_td": [0.9750848330670094, 1.0431820470715887, 0.9422635583091468, 0.9741106801461988, 1.2307276213640688, 0.9826885216715692, 1.0980247075782354, 0.8394952453972983, 0.8333784770716567, 1.1115514076429014], "nmi_td": [0.1619077343717937, 0.1700406075841611, 0.15696889990315677, 0.1629156880285349, 0.19808753886709793, 0.16204426622104515, 0.17903204821556343, 0.14018113488903125, 0.14003327979976563, 0.1803654704490332], "mi_tw": [1.406252146479328, 1.455130137559128, 1.3440693741658858, 1.3370896876530334, 1.4897329483144417, 1.4448833983553695, 1.4196559271639209, 1.339076521348303, 1.3154798936625443, 1.4334326089001805], "nmi_tw": [0.30576639081517754, 0.30884426186844494, 0.2934968457968621, 0.2934874907789807, 0.3110295306743221, 0.3113331669802665, 0.3014290012599479, 0.29331746949246434, 0.29052612959003254, 0.302449789018598], "coh": [-2.428735522663481, -2.1974539778179274, -2.7669056619586216, -2.124231265983841, -2.4833084441818873, -2.3857185811809334, -2.462305035514652, -2.331373245112968, -2.6169752341301864, -2.35398894520878]}