{"p": 0.2, "p-emp": 0.16916083094385348, "t": [467.57558369636536, 451.499675989151, 452.0154700279236, 459.20610642433167, 465.9046425819397, 462.55664443969727, 456.997034072876, 458.4772524833679, 458.28971433639526, 449.060866355896], "nmi_acc": [0.6721362694138945, 0.6779064544172434, 0.6702606398823864, 0.6682981783617534, 0.6707748679024866, 0.6674997374144315, 0.6754877058874438, 0.6699898027541095, 0.6773921288164884, 0.6737306528733686], "nmi_repr": [0.5224400583281397, 0.5013325803995, 0.4941213009048783, 0.5178509160822449, 0.5307846791644287, 0.5068355705032079, 0.551336632666517, 0.5256953808513806, 0.5068681483658758, 0.5005708685101085], "mi_td": [2.129392444720569, 2.1011563587639452, 2.137457936981556, 2.157885235159001, 2.1313750671727942, 2.1197281886793062, 2.158499703255588, 2.1351266462093683, 2.1167672277181926, 2.1228847486905322], "nmi_td": [0.32914153406550656, 0.3251967415456472, 0.33046330732746954, 0.3347469279437545, 0.33008817614298863, 0.3281976787358681, 0.3340586470088444, 0.3303559106751019, 0.32822293810739867, 0.32815070764741], "mi_tw": [1.3810460494644772, 1.381252143647302, 1.370319252007124, 1.3476001423192274, 1.3616596582805478, 1.3791051717623637, 1.3600676929980258, 1.3718691466540818, 1.3639055349278684, 1.386025753034784], "nmi_tw": [0.2519480036028486, 0.2523700012425297, 0.2500581420699008, 0.2468920534309685, 0.2489812182121994, 0.25209249520760224, 0.2484878253944664, 0.2505674941818149, 0.24974862134525633, 0.2528701726693427], "coh": [-1.9095591225708919, -1.918954078276015, -1.895671334010872, -1.855005901100677, -1.98192797553127, -1.9430359033115387, -1.86597227323854, -1.9391895953192324, -1.9601637507299166, -1.9133767282326226]}