{"p": 0.9, "p-emp": 0.8809909309128754, "t": [89.9537205696106, 89.95512342453003, 92.06267213821411, 91.2467188835144, 89.9531319141388, 92.16572761535645, 90.55998706817627, 90.09594225883484, 87.55908703804016, 89.568363904953], "nmi_acc": [0.012882249107528177, 0.01336662221201866, 0.013258376290707667, 0.012424263267230595, 0.011425624661224324, 0.014247006779884995, 0.013512292893238314, 0.013488726950273328, 0.011843378974018225, 0.011691422431439415], "nmi_repr": [0.2029347616000057, 0.20293631481392413, 0.20297140016084314, 0.2029237597353199, 0.20286419897015687, 0.2030710938372807, 0.2031339451858325, 0.20294500040260416, 0.2028750985889419, 0.20287672794666345], "mi_td": [0.7669407350924687, 0.7636383549667312, 0.7659219133545292, 0.7699540653427803, 0.766633775231358, 0.7634341605437363, 0.7654947975690716, 0.7643871609012852, 0.7657202256187816, 0.768683892820166], "nmi_td": [0.11884795870508186, 0.11839330704036465, 0.11869904158032173, 0.1193166259107815, 0.11879494704722617, 0.11836104286110911, 0.11863067513096391, 0.11845691793775372, 0.11865291971473235, 0.11911794440640627], "mi_tw": [0.6071817180853942, 0.6066597715543535, 0.607181718085394, 0.6071817180853942, 0.6071817180853939, 0.6071817180853942, 0.607181718085394, 0.6071817180853937, 0.6071817180853941, 0.6071817180853941], "nmi_tw": [0.3372190469161179, 0.3375125332011592, 0.3373103343504228, 0.337236373385382, 0.33716367026929644, 0.3377967077376157, 0.3372881771282866, 0.33726670522924695, 0.33715891682558313, 0.3372176220559997], "coh": [-0.03221946071454385, -0.03423165314430569, -0.03221946071454386, -0.03221946071454385, -0.03221946071454386, -0.03423165314430567, -0.03221946071454385, -0.03221946071454386, -0.03221946071454386, -0.03221946071454385]}