{"p": 0.2, "p-emp": 0.19995818728130343, "t": [388.68501830101013, 389.1581332683563, 393.00308108329773, 395.49428033828735, 393.1411774158478, 388.94637513160706, 400.5701849460602, 391.8412890434265, 393.9360373020172, 389.86156845092773], "nmi_acc": [0.6748961303634922, 0.6925629990327259, 0.6788528833425286, 0.6678884084418251, 0.6777576212197844, 0.6829350339981924, 0.6787041008841113, 0.6758762133827158, 0.6502736336119163, 0.6791339307793548], "nmi_repr": [0.4958788073122232, 0.5019774435919783, 0.4982773410014123, 0.5015647182411064, 0.5010002524656978, 0.4945202097934361, 0.5006919224500187, 0.4954640730257195, 0.49280011393659495, 0.4967833233234627], "mi_td": [2.2473639459343517, 2.2043264643508422, 2.2685933633196815, 2.2712496452062454, 2.2253517307409862, 2.2370578784364614, 2.2357002151622956, 2.2488067148884667, 2.289869888321144, 2.243583970010462], "nmi_td": [0.3488181025543225, 0.3435427505119715, 0.3523105950144528, 0.35182017265442805, 0.34536875812606505, 0.34747835906450086, 0.3470186277162982, 0.3490067821491039, 0.35482079466957733, 0.3486953569135293], "mi_tw": [0.8325582362427211, 0.8224743632286262, 0.8204294335043161, 0.8310294655636836, 0.8423460303854367, 0.8301611815042236, 0.8390715632642405, 0.8306105741501947, 0.818823206726436, 0.8263219119993201], "nmi_tw": [0.17476677939849034, 0.1736099968086379, 0.1723513803612665, 0.17397419053474272, 0.1767986918691508, 0.17444004802031893, 0.17614149406036417, 0.17433411770299095, 0.17149481669727268, 0.17377037453647018], "coh": [-1.3391225094397794, -1.4113896513200763, -1.3932920443378536, -1.315405088341609, -1.2764501023898491, -1.346309513989254, -1.3181034085303225, -1.3151145616052995, -1.3416092860846822, -1.301033933299569]}