{"p": 0.7000000000000001, "p-emp": 0.6999565086685091, "t": [112.49722957611084, 115.3306052684784, 115.8634877204895, 112.12565755844116, 113.94796848297119, 114.66587686538696, 115.65898895263672, 114.14274883270264, 115.08128309249878, 114.09707570075989], "nmi_acc": [0.38250115792772044, 0.3465678969065538, 0.3815597353095613, 0.40427964676026046, 0.459425073987348, 0.3623498458879567, 0.36580072164494853, 0.4005409688010689, 0.4335310758787488, 0.3769797561974965], "nmi_repr": [0.11063233631247713, 0.10781530516543458, 0.10831417024883784, 0.12639827693754216, 0.14884191406751954, 0.13245053295661502, 0.11127312070195465, 0.113840426729439, 0.13116357762117564, 0.1321309696148344], "mi_td": [1.4904611333278655, 1.4673496282428822, 1.4906205830586552, 1.4798417505865429, 1.5104686269051242, 1.4733760162617116, 1.4838901740808184, 1.4990323157615641, 1.4955297871138153, 1.4760996758788867], "nmi_td": [0.2304976465013165, 0.22741379236794412, 0.23101376715314284, 0.22980711869881454, 0.23442328295937281, 0.2285649098846564, 0.22989390744577423, 0.23193951180734698, 0.23190890786685428, 0.2289282435440513], "mi_tw": [2.183470926960697, 2.144274351455105, 2.1577820490659017, 2.1583987235555666, 2.15978927995971, 2.153458049269086, 2.1473903491142328, 2.171000158853097, 2.1591252793177302, 2.1594599144481106], "nmi_tw": [0.34626980303328864, 0.3408072372644749, 0.3429440483147276, 0.34375358870616524, 0.3437646007716959, 0.3426006480768574, 0.34117558479666, 0.3444692944582407, 0.3433614821903445, 0.3434644353410291], "coh": [-3.5113706989531352, -3.7043333380597914, -3.564486679038145, -3.7428713193154914, -3.663580286870103, -3.6446803669407615, -3.7501333748561096, -3.519766557080795, -3.578834369026702, -3.6833407382955654]}