{"p": 0.7000000000000001, "p-emp": 0.6999565086685091, "t": [144.01709532737732, 155.5201017856598, 148.19320487976074, 149.15360641479492, 150.72456860542297, 152.47201991081238, 152.72381353378296, 149.04274463653564, 144.18896865844727, 151.36712837219238], "nmi_acc": [0.6510814736218928, 0.6325484933780966, 0.6339010697243236, 0.6703611225143018, 0.662481500922192, 0.6151840529168985, 0.600068617819001, 0.6870842330575755, 0.568284800794405, 0.672612680149569], "nmi_repr": [0.3718865888203272, 0.3665818308725184, 0.3589252146496916, 0.37190001062688266, 0.3697645371014711, 0.3406490788290852, 0.33873128688564186, 0.34496885015830436, 0.3306461338856009, 0.34284500170364596], "mi_td": [2.011262417099199, 1.8998934313839062, 1.818659173938287, 1.8612036235816767, 1.8597178412315356, 1.9709438168909243, 2.073026900818004, 1.9194558984214907, 1.9544227268363519, 1.916120402469504], "nmi_td": [0.3129127052885286, 0.2974193623744565, 0.2871291061872945, 0.29313838981096124, 0.29262087077784554, 0.3056787348812919, 0.31960959399633593, 0.3007676909263693, 0.30320986065728117, 0.30077089089458103], "mi_tw": [2.1863277890519264, 2.1691034103003606, 2.083989674121699, 2.069368261783852, 2.1286814067832656, 2.241156019108715, 2.257773734677424, 2.1601898552635075, 2.2178651072243656, 2.14246113034156], "nmi_tw": [0.34886526989072836, 0.3483190995863363, 0.3375778641170406, 0.33438122618278576, 0.3436238454619597, 0.356464426657288, 0.3569298018091462, 0.34722633538433645, 0.35287142071999505, 0.3449953832149246], "coh": [-2.5511409683806963, -2.827347273981003, -2.6908760762718487, -2.529457383600827, -2.7853057956130334, -2.6662420263815116, -2.8331274093782386, -2.791471772176715, -2.581003425161012, -2.6601761247783617]}