{"p": 0.0, "p-emp": 0.0, "t": [714.6443250179291, 743.3843147754669, 747.9917240142822, 668.6521158218384, 782.8029658794403, 718.5543053150177, 766.9087827205658, 727.1907641887665, 774.8936688899994, 757.1134161949158], "nmi_acc": [0.6460797704349637, 0.7730315364748337, 0.6809582537889215, 0.6600990366588643, 0.7057973288861021, 0.6555137299389304, 0.7386191162692812, 0.7021914212222831, 0.6595283175130479, 0.7005528921629155], "nmi_repr": [0.3266911216235401, 0.3262098683501802, 0.31650372736871857, 0.32793049220159254, 0.3276874361811947, 0.30231411496032895, 0.30101919350826073, 0.33328246535758715, 0.35019078038058593, 0.3175457827215091], "mi_td": [1.1153422790863818, 1.2426409119266322, 1.0834107276703324, 1.0950209846051622, 1.2272602227514995, 1.099323681120816, 1.3095405516602718, 1.0620912124122617, 1.2348496813707617, 1.276295326058452], "nmi_td": [0.18351117718208632, 0.2021863686506689, 0.1768985982768801, 0.18141581185955102, 0.19868955813524894, 0.18133973803178585, 0.2100837061332451, 0.1768590329928621, 0.20020486915143287, 0.20455309057558227], "mi_tw": [1.5070768999385422, 1.5215073045115042, 1.6392143754009805, 1.4341837448152823, 1.5382217841511288, 1.4979540137139444, 1.5749465905170552, 1.4444979610907487, 1.56270852269199, 1.6387671869609666], "nmi_tw": [0.3030994100721604, 0.30185955314282464, 0.3266080546926766, 0.2908856610290389, 0.3033248229562385, 0.30221017088258073, 0.3071356610146176, 0.2948118329686748, 0.30869165296357537, 0.31920738773399704], "coh": [-2.4950278697214014, -2.570784310690586, -2.6182410811004924, -2.360961689805431, -2.4490358771419776, -2.5958041183864156, -2.305494767392477, -2.642065156433144, -2.209646692995899, -2.506854537340864]}