{"p": 0.4, "p-emp": 0.4, "t": [292.43799114227295, 288.252320766449, 292.43147373199463, 290.5823538303375, 290.7878489494324, 291.8456425666809, 307.71267461776733, 338.76927614212036, 309.32987236976624, 315.3313727378845], "nmi_acc": [0.6548185185994265, 0.6411755734929432, 0.6480499705474948, 0.6477498216403041, 0.6654706188737101, 0.6263364932423564, 0.6303601268285561, 0.6522906253372511, 0.6489267250483635, 0.6453132742190208], "nmi_repr": [0.4584569388177782, 0.43811850152641063, 0.45037525427146646, 0.44460014259745156, 0.4279638375384466, 0.4314855277117688, 0.42678188920820437, 0.44979677480762764, 0.47338239251786546, 0.4502198267806776], "mi_td": [2.1259754650656237, 2.0131003822784947, 2.0606246673542867, 2.0352477001722127, 2.0830663801921774, 2.035403252953902, 1.9967165421995288, 2.0984586838804518, 2.122941279322787, 2.0422790653480267], "nmi_td": [0.32979176825983314, 0.31318669007056416, 0.31955843396580835, 0.3150309017169122, 0.3235165694887855, 0.31610944905791855, 0.3103243329823163, 0.3259770715201174, 0.3290645860143184, 0.317385639772654], "mi_tw": [1.1515587768996454, 1.2209932596552047, 1.1976524790407153, 1.229865809031135, 1.1697360655793518, 1.1949345521871113, 1.2342187856968623, 1.1666260717885715, 1.16703654081859, 1.196695701314895], "nmi_tw": [0.2309060006854134, 0.2457462921113044, 0.2400555059427925, 0.24591489339364667, 0.2349085014635176, 0.239964330337934, 0.24808397776109248, 0.2343489779613918, 0.23377399360340329, 0.24052215267285937], "coh": [-1.8454864525210073, -1.927054392964218, -1.9005008721728198, -1.9083710606687494, -1.9062576997702532, -1.8970831843171148, -1.9059549241340665, -1.9174379660828034, -1.8990328542898542, -1.857100773188413]}