{"p": 0.8, "p-emp": 0.7978999027930591, "t": [53.88285279273987, 64.43418645858765, 52.902891635894775, 70.08602499961853, 54.20388388633728, 69.24805760383606, 60.263466119766235, 58.4722318649292, 50.26000475883484, 60.63037943840027], "nmi_acc": [0.03309751339860883, 0.041435473654180106, 0.025279649815523015, 0.036816499813577264, 0.005313564927422709, 0.026522653936799156, 0.008310104278291937, 0.016547127014115637, 0.011445117382723588, 0.06247524027398892], "nmi_repr": [0.07048595657794456, 0.09192131990542847, 0.11260389937802649, 0.15077859319877998, 0.0632973183926554, 0.073812635407299, 0.0878520390341081, 0.05684932607389596, 0.0939220241980201, 0.06004539975591782], "mi_td": [0.383730694343513, 0.6238198519190845, 0.3313723376262988, 0.6968492527589296, 0.2797902618322176, 0.6092487363648037, 0.28063405595171487, 0.5038780127799473, 0.2973960008919486, 0.5842184407925394], "nmi_td": [0.06875224713189011, 0.10975250974462174, 0.0595253007919381, 0.12041375007801805, 0.05298254332008971, 0.10764778103732213, 0.052297755281182925, 0.09025983668210046, 0.05511706195129344, 0.1032158195608179], "mi_tw": [0.6688403134386033, 0.3869235668604163, 0.7962999716133259, 0.518230504197102, 0.1948023560470949, 0.5012427794454906, 0.29219701686075805, 0.47516982172264643, 0.4492865141931702, 0.40859619764662003], "nmi_tw": [0.4139056077587772, 0.2251587828208132, 0.49722580674958294, 0.2844773487073254, 0.148096926210353, 0.2958546787767798, 0.2086149932672756, 0.2938412215900907, 0.3141236407903035, 0.2410976026650094], "coh": [-0.696764730467144, -0.7629604419114028, -0.7357592422146368, -0.7923153139107519, -0.6217924430022496, -0.7121254589918302, -0.66814347584442, -0.7205484432359361, -0.6169715438807111, -0.700156694963574]}