{"p": 0.6000000000000001, "p-emp": 0.599931024274267, "t": [197.54518246650696, 191.73867416381836, 193.4875226020813, 195.80784678459167, 200.06667137145996, 190.70830869674683, 201.63186120986938, 205.87370347976685, 202.615314245224, 185.1118426322937], "nmi_acc": [0.6564607629132395, 0.6467531561296217, 0.6527172418800984, 0.6561910728115974, 0.6480712403518151, 0.6561564344266526, 0.6567524124108807, 0.6664191230229318, 0.658524441583344, 0.6582764192211112], "nmi_repr": [0.5460146815415298, 0.550703642279398, 0.5749732962535933, 0.5700829019397401, 0.5554626890916137, 0.5517043199197911, 0.5868815522120854, 0.5682127958353059, 0.5617823063743247, 0.548543520959528], "mi_td": [2.2429098218312187, 2.245227959095271, 2.2320732569780306, 2.260933776949922, 2.248310104310285, 2.224978880539465, 2.262782359436698, 2.275745006617523, 2.2385431344300475, 2.2711614610920208], "nmi_td": [0.34734184269900326, 0.347666438667683, 0.34617937371465723, 0.3500403704295588, 0.3482121431392512, 0.34550062637061807, 0.3503389009170496, 0.35262782838517054, 0.3469573105020822, 0.35117422259577075], "mi_tw": [1.8586162085866997, 1.8590765218182677, 1.8458636619399935, 1.857876836198588, 1.8531688499453178, 1.8353705497507304, 1.855688082535198, 1.8320468253256974, 1.8583614063657137, 1.851825222416775], "nmi_tw": [0.30119387323587243, 0.3012372820985884, 0.29959431781490115, 0.300990643767336, 0.3003418022675386, 0.2982720681912824, 0.3006471215055207, 0.2970654743807629, 0.30141776377509266, 0.29960883844360137], "coh": [-2.6596733825342165, -2.774434459075123, -2.640557789654602, -2.6959800187218703, -2.650957230556721, -2.671200935379524, -2.6330086788728364, -2.659011776772739, -2.695345434843213, -2.6663672276154746]}