{"p": 0.1, "p-emp": 0.09989974103582622, "t": [206.41874504089355, 215.96902179718018, 220.0762689113617, 221.32070064544678, 216.8884403705597, 216.9498302936554, 207.440256357193, 217.65362739562988, 215.99873423576355, 222.92003464698792], "nmi_acc": [0.7451039895876356, 0.6717669131210052, 0.6798480905258075, 0.7003074962084473, 0.715617138207895, 0.7120868622902589, 0.7156251175736084, 0.6898869531327496, 0.7144411664564062, 0.6480042374678183], "nmi_repr": [0.3860570929781922, 0.3852706527995754, 0.3760368398667178, 0.36805742415706727, 0.3652318454907606, 0.37521659466306967, 0.39764433354490236, 0.38835011915100054, 0.3778873558088749, 0.36904738592452974], "mi_td": [1.4884502534812285, 1.5760760845208055, 1.6682619622485055, 1.5029983593324372, 1.6814574099111126, 1.5443711706908485, 1.458939443737535, 1.604642210597391, 1.648559023811825, 1.6846482520945751], "nmi_td": [0.2435410028589627, 0.2515742051684366, 0.2658936110999804, 0.24258473030207467, 0.26736572139412496, 0.2494078150699746, 0.238988641888608, 0.25700570053755173, 0.2631269081276215, 0.2659311340315076], "mi_tw": [1.0181006808594957, 1.0906229034102966, 1.0821256487386535, 1.0612328593051867, 1.0835427754529352, 1.0417998157048274, 1.0191518310796022, 1.057757565608851, 1.0948419787782733, 1.1130401044255729], "nmi_tw": [0.20353026039715819, 0.21155123174524051, 0.20952440409654033, 0.20864651893780567, 0.2091989798221659, 0.20497148517780556, 0.20402850759578137, 0.2060254754968414, 0.21235287980612338, 0.2130053478840047], "coh": [-2.0359816117962275, -1.9320348801211467, -2.1412019911081472, -1.940799480770685, -1.9176110632704801, -2.1900809472159835, -2.088220740982057, -1.929296098823854, -1.757603832743524, -1.9305669147321134]}