{"p": 0.30000000000000004, "p-emp": 0.2991736647016724, "t": [288.0081949234009, 304.8180892467499, 262.94440937042236, 284.4809057712555, 269.36373138427734, 267.6163098812103, 261.7717936038971, 270.7691249847412, 262.0096945762634, 250.0213007926941], "nmi_acc": [0.7371677123705881, 0.6878588745223724, 0.7032751124391056, 0.6641137776823167, 0.6178386263891015, 0.6778294169055018, 0.7345993286901686, 0.6943143928042104, 0.7149921891657199, 0.7385096485839523], "nmi_repr": [0.38583986024551686, 0.3940037507924543, 0.372856747910013, 0.35436771953544766, 0.3501096848195324, 0.3558559988133579, 0.39942162292495326, 0.3843823232790409, 0.373914910895108, 0.3796196756832518], "mi_td": [1.6149554406703215, 1.6960435253933162, 1.5412908293659031, 1.526542495706138, 1.5198135513821776, 1.4776014631289598, 1.4441391269021673, 1.4591126273626014, 1.4368393962744157, 1.4141583258428105], "nmi_td": [0.25464141550006625, 0.2650246336726836, 0.24562849656494964, 0.24187890779581492, 0.23936497641841442, 0.23558177526935234, 0.23167844058082493, 0.23265557872466144, 0.2296557452913445, 0.22739748409885854], "mi_tw": [1.7765094358592501, 1.8572580170655748, 1.7433690465498684, 1.7975188164448987, 1.8850153312879447, 1.8184998446529663, 1.7567149259119006, 1.8117547729732946, 1.7780721767615575, 1.746950456483135], "nmi_tw": [0.308821951803997, 0.3196641789039043, 0.3066425975595366, 0.3141612439507439, 0.32727008038379285, 0.3200120813538112, 0.3112625473149083, 0.31885774923037546, 0.31376167184624726, 0.3103294163191636], "coh": [-2.417781965814832, -2.700582835353199, -2.2913019781776622, -2.560901673817285, -2.381799653999471, -2.5886878973896943, -2.457110960394981, -2.502363541404257, -2.5526944578060036, -2.4484996864465494]}