{"p": 0.7000000000000001, "p-emp": 0.6999980161848793, "t": [833.7592239379883, 834.4839725494385, 893.9969208240509, 864.839635848999, 916.4745886325836, 948.5139329433441, 787.7013254165649, 918.2524735927582, 981.5826096534729, 951.339860200882], "nmi_acc": [0.4992499038293635, 0.4788756747954661, 0.4219927716599925, 0.4738393225906887, 0.47011756573438024, 0.42869855555434405, 0.4799485267051122, 0.4341002248802274, 0.4904300654354213, 0.40710775636651786], "nmi_repr": [0.2339332940399524, 0.24052436400640725, 0.2175694379932735, 0.21710614658891292, 0.22955539083731502, 0.2098021582195193, 0.22123240402694383, 0.2390299015227388, 0.22881479155961423, 0.20492597783674418], "mi_td": [1.6632060257874415, 1.659181478070166, 1.6187254479135318, 1.634958238466627, 1.6121032232325665, 1.6082780994913457, 1.6325842384417593, 1.650699417446673, 1.6566190619201362, 1.6126323535599643], "nmi_td": [0.2577191911942385, 0.2576988539200078, 0.2508638856712014, 0.2543111488338693, 0.2512029005094847, 0.25006850161821226, 0.25449681012288916, 0.2559714430225268, 0.2573893570954522, 0.25082156167179576], "mi_tw": [2.408796769070865, 2.3900433747647485, 2.3741761488503594, 2.369606681422353, 2.3480263897884406, 2.339012141163059, 2.3682355732877167, 2.3805300317034703, 2.371290438467733, 2.342771765644348], "nmi_tw": [0.3989387477800959, 0.3968257719183821, 0.3932671401419726, 0.39405305003787544, 0.3912081928182014, 0.3888113156973336, 0.39474525941479893, 0.3945706332213856, 0.3938569170131111, 0.38956250687550625], "coh": [-2.669933153607596, -3.0186837672265634, -3.1042071927124844, -3.0197835516708937, -3.137136640822261, -3.0388755941242613, -2.9768530159668103, -3.013977675335492, -3.007310105366011, -3.017977562807464]}