{"p": 0.1, "p-emp": 0.09998855491276559, "t": [461.90786266326904, 449.02983021736145, 462.37962794303894, 448.8442454338074, 453.02223944664, 473.8876967430115, 459.53316473960876, 473.10945224761963, 474.4263958930969, 467.7644259929657], "nmi_acc": [0.6743305347298952, 0.6773946266401668, 0.675434048635087, 0.6709384452793007, 0.6733207049747694, 0.6783652416775925, 0.669838931635882, 0.6767611684309185, 0.6733533357287693, 0.68743551121595], "nmi_repr": [0.5145359008816777, 0.5039238136360116, 0.5072811795721905, 0.5134771689106371, 0.5075220586969315, 0.5088776580955044, 0.5120571794406686, 0.5126391453987195, 0.5070636512887329, 0.5100820191875316], "mi_td": [2.204610021145667, 2.1762571436270575, 2.2326765236636463, 2.2544706340377423, 2.193997050026292, 2.2044630699448553, 2.2473599390028216, 2.1864645347137976, 2.194714649399301, 2.2082111512077414], "nmi_td": [0.34149583309366893, 0.3371652501947322, 0.3457787444645053, 0.34874374798041735, 0.3393432214418676, 0.34111309364030684, 0.3480783677868532, 0.33870542018965805, 0.3399790771826262, 0.3426411423159907], "mi_tw": [0.9708744250672955, 0.9869491488666218, 0.9619093595906439, 0.9552856751737877, 0.9879266525944919, 0.9818633159977438, 0.9521826394620417, 0.9762244324014349, 0.9785190000031438, 0.95777907174146], "nmi_tw": [0.19292553290568298, 0.19616554471181816, 0.19109824797358574, 0.18949636974686795, 0.19593726760184274, 0.19484539195763206, 0.18918371510729134, 0.19400359334797793, 0.19445638348126787, 0.19074286331582888], "coh": [-1.3645503113991229, -1.3656711206924115, -1.4099626147975188, -1.3110643358649692, -1.3249412327992516, -1.3691424194419168, -1.3753431418822566, -1.374353357635996, -1.3664476411945379, -1.3552213682362875]}