{"p": 0.9, "p-emp": 0.8995527259908775, "t": [57.32254338264465, 56.9477002620697, 59.91677403450012, 60.49513792991638, 57.6718647480011, 56.279852867126465, 59.46795034408569, 57.8946533203125, 54.2104332447052, 54.039082050323486], "nmi_acc": [0.48289921566359295, 0.4788440357857588, 0.4701871466586775, 0.4772449157731539, 0.4785705953349344, 0.4758181319010286, 0.4762437625415431, 0.46781125235494303, 0.47377867012547165, 0.4755432902117693], "nmi_repr": [0.5124535462711984, 0.489524101826014, 0.4968184326498621, 0.48065242288517634, 0.49845140418332085, 0.5094176010250944, 0.47632631196151576, 0.5026195543028842, 0.47767834162589495, 0.502934672074216], "mi_td": [2.558654676037386, 2.5636765059711664, 2.6045802799418096, 2.525941714785331, 2.5756448054471215, 2.588259722371983, 2.5955638960137586, 2.544330808654339, 2.5992863374190733, 2.5627992987060297], "nmi_td": [0.3996380472202708, 0.4003744344643024, 0.4051713320369228, 0.3950395485542346, 0.40178697818149933, 0.40337203672094646, 0.40455052023804705, 0.39756429740109456, 0.4051436611785237, 0.4007306647191815], "mi_tw": [1.0610913160624476, 1.0514566099226297, 1.0600327069865567, 1.0710746249943353, 1.0628909039241001, 1.0571157118556633, 1.0488915555632639, 1.0660349486669325, 1.0402012595541603, 1.045775279781457], "nmi_tw": [0.24887910932843052, 0.24657491809204976, 0.24712879894852122, 0.2517096045692089, 0.24883175946674965, 0.2471277751039981, 0.24524167957545934, 0.25019315716391066, 0.2432214633823087, 0.24569669601488114], "coh": [-2.219636257617162, -2.277145429007903, -2.2243389250310925, -2.26388153801964, -2.210145960095349, -2.2130880838210336, -2.222121038144364, -2.2281984739087326, -2.207523941395801, -2.250543548924811]}