{"p": 0.5, "p-emp": 0.49873112132860675, "t": [274.12543058395386, 335.0451891422272, 267.0008034706116, 376.3648204803467, 274.0174608230591, 338.1008298397064, 304.39080357551575, 314.17443656921387, 269.48788261413574, 310.5602722167969], "nmi_acc": [0.6443033385470421, 0.6653247938218203, 0.659149052601752, 0.6409672895942294, 0.6182002502630146, 0.6783349050038203, 0.7026448803121782, 0.6440504278812466, 0.6244636032510479, 0.6608703201349142], "nmi_repr": [0.3537757856314187, 0.3652643996623654, 0.3710866045773811, 0.3671282542150484, 0.3545877115741555, 0.3612228063352064, 0.38102277806724905, 0.39099832130937984, 0.36598973035811266, 0.36273732872726305], "mi_td": [1.8278393257572572, 1.8438067057218368, 1.873706402021568, 1.8368907479834409, 1.8207292929278032, 1.8124096129009715, 1.7752174727063312, 1.8682016864037152, 1.8492512294129952, 1.8440341939620424], "nmi_td": [0.2864205868390057, 0.28854506583251627, 0.292859090890653, 0.2879278399961817, 0.28475271763765864, 0.28508947195813034, 0.2813194046722513, 0.2921317817609714, 0.2893347228286241, 0.2896928565358781], "mi_tw": [1.6140561722711941, 1.661034274953336, 1.644756290005831, 1.6560369389542335, 1.6467752014382662, 1.6375797494096571, 1.5986920053722018, 1.6617925481187719, 1.634534811165948, 1.6148334383289105], "nmi_tw": [0.29803635139771856, 0.3062386519429936, 0.30279282084261155, 0.30589942472746756, 0.30338273963245654, 0.3037443349025674, 0.29913961361976144, 0.3060933568258899, 0.3012765228080182, 0.29907347969104636], "coh": [-2.257281856256729, -2.14272184658252, -2.0291714661896476, -2.1592931512496856, -2.2129644336549816, -2.0696210701338478, -2.340514423576912, -2.0810515144252486, -2.1238499767024916, -2.049781128723901]}