{"p": 0.9, "p-emp": 0.8999885549127655, "t": [63.37257218360901, 62.83275818824768, 62.15544247627258, 63.35034942626953, 63.122597217559814, 63.76595449447632, 62.44204568862915, 63.37923884391785, 63.362354040145874, 63.17181587219238], "nmi_acc": [0.16271529609353064, 0.18687173038254923, 0.16330093877674023, 0.18339466252153103, 0.17863175526314484, 0.1701586876562615, 0.15167915811131757, 0.15962853834345228, 0.1857194442482111, 0.2054270437783913], "nmi_repr": [0.15155174777975866, 0.15097461609077417, 0.16433690965743225, 0.1553380105005445, 0.14200404318320478, 0.1559820142657897, 0.13746278394856734, 0.1429156454572966, 0.1553039796045645, 0.15212567487169099], "mi_td": [1.9019144199653357, 1.883364341478805, 1.847006887683119, 1.9142305640921882, 1.8736665684464044, 1.921302989648824, 1.9358467892886653, 1.9006198882595877, 1.9464362592949866, 1.9812187728029371], "nmi_td": [0.29764342640471375, 0.296507394059519, 0.2902571958035408, 0.3007725309619228, 0.29464620668286035, 0.3014785112612122, 0.3019473663392128, 0.29712087579746854, 0.30384495636026676, 0.30957571675315304], "mi_tw": [1.3483567513897123, 1.3160709164315099, 1.3381414421801554, 1.2859517060400885, 1.3317666950960458, 1.3043634783409608, 1.359702356699348, 1.3571019068909622, 1.3392991989033531, 1.299189617601461], "nmi_tw": [0.32738244187562165, 0.3225254157271359, 0.327011245306896, 0.31417788494596716, 0.325796333140556, 0.3180114451797611, 0.3284388282293257, 0.3289561749808891, 0.32391633333173053, 0.31468983320433463], "coh": [-2.5984265453988296, -2.6815981676427345, -2.3442206817210165, -2.62166092996041, -2.462876347139754, -2.381096655672025, -2.5254527656642662, -2.5753520712140396, -2.5864323211898963, -2.452527718216612]}