{"p": 0.2, "p-emp": 0.19994262196266455, "t": [204.49582409858704, 205.20029759407043, 210.208886384964, 197.20131301879883, 204.8648693561554, 207.6028697490692, 210.096666097641, 207.26824259757996, 198.65014147758484, 205.16776752471924], "nmi_acc": [0.6228065985492546, 0.684630092394179, 0.7016860861272676, 0.7258053833344494, 0.6887251276117131, 0.6947084534672514, 0.702697687704377, 0.714251200779356, 0.7085282631790207, 0.7129365858716716], "nmi_repr": [0.3243836943677556, 0.3293382721448868, 0.37857186162945283, 0.3809934816990607, 0.3681796562779991, 0.3566319434301977, 0.35314786797131154, 0.36362199592496, 0.35697900040763514, 0.36729090237628514], "mi_td": [1.6302190061636257, 1.5789823020932081, 1.6390102819258114, 1.4794633741866503, 1.6296098093343843, 1.5901164574077296, 1.6478716380784997, 1.5617051013650711, 1.4225812340767139, 1.5124204510056993], "nmi_td": [0.2570398747782526, 0.2541074878389807, 0.26175316652049824, 0.24130059755944883, 0.2607071584516166, 0.2546929423504274, 0.26239183282996126, 0.2511504666073766, 0.23330830630512703, 0.24510833661698583], "mi_tw": [1.0965341289023076, 1.0468289877386394, 1.0583344947488016, 1.0130919754513446, 1.0680058297058388, 1.0523204803402326, 1.0654016611936523, 1.0535579543256752, 0.9933952546232935, 1.0192004130159502], "nmi_tw": [0.21440921771132393, 0.2099634670532201, 0.2102542117495991, 0.20662123171795216, 0.21263748574276714, 0.20982623496934258, 0.210881879928924, 0.211128097118233, 0.2040093318590102, 0.20621788554369247], "coh": [-1.9190662085939239, -2.1129392428564957, -2.109215466976239, -2.24662251791798, -2.048288833273801, -2.165380325522875, -2.0153940803605126, -2.0673734378043243, -2.353087769262752, -2.112394481950049]}