{"p": 0.9, "p-emp": 0.8995527259908775, "t": [55.6055965423584, 54.17673182487488, 54.09276080131531, 52.091660499572754, 54.214908599853516, 53.03237438201904, 52.88636136054993, 52.371421813964844, 54.59019088745117, 53.34977841377258], "nmi_acc": [0.42281604700372044, 0.4249795476993074, 0.43268980911184424, 0.40397744296294635, 0.4108241921120048, 0.41915132243159015, 0.4254831481395287, 0.43201089573081125, 0.42433309218160287, 0.40475292185898026], "nmi_repr": [0.32945923807887045, 0.32235475235472055, 0.33907161858402124, 0.3355492886430811, 0.31824948820961085, 0.313936673126436, 0.3369793839497348, 0.34363700150407483, 0.3485019914548447, 0.3358978058683855], "mi_td": [2.11838647107459, 2.098547594684083, 2.1342096458780726, 2.0909653143127986, 2.0819738010134063, 2.0817897958363485, 2.077605646822022, 2.116328464729331, 2.132259375877735, 2.1220460627937885], "nmi_td": [0.3311098536942651, 0.3273855514955717, 0.3324030157775191, 0.3266165684746318, 0.32547404191644125, 0.3253357943342163, 0.3247025577523737, 0.3303509008209501, 0.3326918737752274, 0.33063833973828227], "mi_tw": [1.426214041653075, 1.482717259807869, 1.4824847795250302, 1.484737140004838, 1.4559253478757155, 1.4912805233674469, 1.4974886252803254, 1.4906631495354525, 1.4556822141437449, 1.4862868895014927], "nmi_tw": [0.33487956101363564, 0.34715361030176817, 0.3462455838065342, 0.34828892493896346, 0.34194360830197074, 0.3500702589641518, 0.3515611617635259, 0.3493178027874762, 0.34089621842120565, 0.34733807233947667], "coh": [-2.5516388520197832, -2.484742579575613, -2.422177872631248, -2.5861236825658835, -2.5337558618431277, -2.5375120477507234, -2.5112722221925985, -2.4729952259801458, -2.4526542195191805, -2.4926759681978634]}