{"p": 0.5, "p-emp": 0.49990737109398253, "t": [256.77707982063293, 249.19872760772705, 237.62037205696106, 236.5641369819641, 243.6836552619934, 248.2904567718506, 242.16908812522888, 241.83276748657227, 231.8035237789154, 241.64302349090576], "nmi_acc": [0.6594490658858425, 0.6559675185657222, 0.6309803393727268, 0.663968483912975, 0.6632761782367272, 0.6631504448546878, 0.6604957784164694, 0.6597658053001947, 0.6624591054829989, 0.6598487267690231], "nmi_repr": [0.5840872123575683, 0.579268561003644, 0.571520016556947, 0.568088902319879, 0.580784109670122, 0.5745947882528789, 0.5709658345840067, 0.5576360114148669, 0.5658045719470522, 0.5803939169058352], "mi_td": [2.201090259397056, 2.196878447013317, 2.188777386611993, 2.196675831846249, 2.173914596661196, 2.1795468880001034, 2.1780120740770634, 2.2439637199001643, 2.189212092107705, 2.1975429206502994], "nmi_td": [0.34082623435176657, 0.3402971105406941, 0.33900765013458356, 0.3400393724820929, 0.33717148052964996, 0.33796219960890483, 0.3373733913914414, 0.3467450870745849, 0.3394213075869871, 0.3404917167314917], "mi_tw": [1.749850120643565, 1.7448379159105956, 1.744389060662439, 1.7508143422896474, 1.7418693292510352, 1.7465379683215525, 1.7529752556363754, 1.7294910957827332, 1.7384320664574704, 1.7436844577540127], "nmi_tw": [0.28854417370117363, 0.2878285138800471, 0.2877231943903688, 0.28860979062799735, 0.2877309366082354, 0.2884268285499818, 0.2891696516567514, 0.2845579366152387, 0.2870525485778138, 0.28772074075201043], "coh": [-2.3681778390329624, -2.386937552853057, -2.3870682648968655, -2.3797241802619107, -2.3828722387328756, -2.390809649723553, -2.3801152744152883, -2.415652219729047, -2.405710631712402, -2.4312794400397904]}