{"p": 0.30000000000000004, "p-emp": 0.29531224486993035, "t": [154.28976321220398, 154.52586674690247, 157.41507267951965, 159.73094654083252, 152.40982341766357, 157.1397566795349, 160.69103050231934, 153.87371969223022, 157.92459988594055, 155.1374442577362], "nmi_acc": [0.6891961619860224, 0.6983936508004919, 0.6793333186432764, 0.6647434887920778, 0.6808447401953659, 0.6713260475227221, 0.6520096515629745, 0.6921723869612364, 0.6556791558956172, 0.6905638115601032], "nmi_repr": [0.46344744011137895, 0.44914136630410245, 0.45261360121187644, 0.4503739495565293, 0.4482262945842721, 0.44877130678654303, 0.43591820971091183, 0.44004789227205166, 0.4389554944710475, 0.446576005863557], "mi_td": [2.0097397932878835, 2.0265584101823997, 2.0268318149987996, 2.0311732317371707, 2.0356833622638972, 2.0829194806712406, 1.9770172899100473, 2.0325607180445124, 2.031403889305923, 2.0367213163939617], "nmi_td": [0.31592221287942235, 0.31709220646241826, 0.3179672804570986, 0.31673128416520735, 0.31869473122582664, 0.3237144532081048, 0.30975457079640417, 0.318632899399678, 0.3173275327209875, 0.3194656045611721], "mi_tw": [1.0081934075580161, 1.0190579360153296, 1.0171826619108, 1.0295497823035986, 1.0319819342435448, 1.0358629243910105, 1.0227478143438105, 1.0091026671808774, 1.011826325074851, 1.00695339148085], "nmi_tw": [0.19666935007002975, 0.19764870481367952, 0.19792718882048008, 0.19884085140269903, 0.20029148791163542, 0.199232385157034, 0.19869353122860955, 0.19617692517803306, 0.19584613250451005, 0.19589632927447095], "coh": [-1.8447224540453722, -1.7081763716926741, -1.7464088802065245, -1.7782115785550172, -1.6951862585943918, -1.5213019829235637, -1.8093693966898041, -1.7717368214715397, -1.7082496908170886, -1.9795137317432563]}