{"p": 0.8, "p-emp": 0.7978999027930591, "t": [117.51917052268982, 117.03807830810547, 114.24877762794495, 118.49641370773315, 116.08724856376648, 115.71295428276062, 114.93265438079834, 114.01324486732483, 114.45559477806091, 112.75711917877197], "nmi_acc": [0.07384281764012464, 0.10049652858449652, 0.08740553612427811, 0.09351615355193614, 0.07553642762644149, 0.07605250302693553, 0.07135242748848039, 0.08543751712102798, 0.09016183917283307, 0.0813987629122154], "nmi_repr": [0.17715826043835067, 0.17368839552261742, 0.17683656209193904, 0.18206618411434164, 0.1793212570909621, 0.17540230777229066, 0.17892477935699513, 0.17891663321918996, 0.1613472245958608, 0.16480450273834935], "mi_td": [1.6913988614722826, 1.9428887407210491, 1.790865013122993, 1.8925619874650919, 1.6301953306015013, 1.77108323971998, 1.8370494229773997, 1.8036494714820588, 1.8055559165126978, 1.7975135187059437], "nmi_td": [0.2683101206732281, 0.3037692018109222, 0.2827711872887757, 0.29660972520264045, 0.26089672216782683, 0.2797883768238097, 0.28905885809814635, 0.28376319168950714, 0.28585506437120756, 0.28342515654106853], "mi_tw": [0.4731232996672491, 0.38738720290626055, 0.41659371809530743, 0.40307252406837024, 0.42657935630585847, 0.4697684844380803, 0.42146290468891867, 0.43013299784217596, 0.3918558750507558, 0.4376265063572089], "nmi_tw": [0.20232217058577703, 0.15938534685311767, 0.17593863585967767, 0.16688874660363184, 0.1868502361010676, 0.19866289620902658, 0.1763555366604233, 0.17991564163872487, 0.16668311126547944, 0.18413355748019256], "coh": [-0.6145317709072796, -0.6073295490063796, -0.6434894796369448, -0.5942386912401262, -0.6206785554410936, -0.6710655149320871, -0.6100031428891722, -0.5894135593953813, -0.6465006759398346, -0.6658234486673966]}