{"p": 0.9, "p-emp": 0.8999885549127655, "t": [41.213305711746216, 42.66564059257507, 42.97524046897888, 42.5114643573761, 38.99432301521301, 41.43596863746643, 39.542481660842896, 42.79303336143494, 40.195191860198975, 41.552706241607666], "nmi_acc": [0.2730258865162522, 0.28147338585818327, 0.2779531246507588, 0.25819764922070193, 0.25242054377847073, 0.26735206163175834, 0.27139112885576333, 0.2964656768568672, 0.27579669999418205, 0.3395890232502876], "nmi_repr": [0.2677983371084024, 0.2849904582950121, 0.23577561631072688, 0.2255902653634282, 0.23154512083709686, 0.23310014804449308, 0.23448119697309716, 0.25242967302008923, 0.2739612446645233, 0.2646175511179113], "mi_td": [1.2623996912325384, 1.266103551121477, 1.412430163693819, 1.429887437949922, 1.230641782475856, 1.3666078548493161, 1.2676871930795257, 1.3242569851245358, 1.2741605811706282, 1.2511555317501117], "nmi_td": [0.21486314803574455, 0.21460533718770244, 0.23199774453670127, 0.23496782278977862, 0.20815923176704193, 0.22610789475795626, 0.21371473046062908, 0.22027335599333303, 0.21310919515773105, 0.21113091153932081], "mi_tw": [1.1895423456668488, 1.152331155468264, 1.3931437571792995, 1.269890284981619, 1.1755692883993032, 1.2793667516046412, 1.1585966673628685, 1.3305173794826288, 1.2684556239568703, 1.175241995018373], "nmi_tw": [0.33005661372114375, 0.31758897731431857, 0.36500217673143887, 0.3329418962293002, 0.3228955805591378, 0.3391080140310587, 0.31652461695937933, 0.3556991734640247, 0.34212322833596936, 0.32157358574032446], "coh": [-2.838689334851559, -2.8734458699589087, -2.748398642009447, -2.629514234332245, -2.8182596163915243, -2.7589594450284842, -2.7260074696264094, -2.7449967193328804, -2.5470598429549955, -2.903994561253129]}