{"p": 0.0, "p-emp": 0.0, "t": [482.8122732639313, 479.1968603134155, 478.6713273525238, 475.7445156574249, 478.5685794353485, 480.1106986999512, 470.39017057418823, 476.10394048690796, 488.5132076740265, 469.2868883609772], "nmi_acc": [0.6729313989888577, 0.6589966330372958, 0.6892375449791066, 0.6751954860098478, 0.6609258205318091, 0.6699774450022775, 0.6438093701378482, 0.6714032168304941, 0.669356430738339, 0.6775248838270368], "nmi_repr": [0.4777192712816435, 0.4741974035401041, 0.48265633689251713, 0.49469931250657967, 0.47003152677637405, 0.4664920637942281, 0.44999330588720493, 0.44405997088957466, 0.4604672555189571, 0.475736961656241], "mi_td": [2.0152592484321037, 2.0131753208305816, 1.9891536506480572, 1.9944177486284544, 2.024659387224404, 2.024441572499397, 2.017779504493287, 2.000282133927212, 1.9855491439007769, 2.0177876822484686], "nmi_td": [0.31263107187928174, 0.31259227348207624, 0.30916386224469883, 0.30934601197520206, 0.3138973205029583, 0.31427586265788576, 0.3125977023960332, 0.309708266934627, 0.30868894076014297, 0.3126385998332392], "mi_tw": [1.2178707412273089, 1.238857300585802, 1.2289763511685838, 1.2468512185791336, 1.228022704202373, 1.2229616697459718, 1.2353663298027835, 1.2492619213568112, 1.2402780584303779, 1.2381655693262095], "nmi_tw": [0.22804192192108413, 0.23222667717560372, 0.2306460237500533, 0.233421163677292, 0.22977319010777594, 0.22918911102493353, 0.23093951734248896, 0.2333746618841412, 0.23284475186768544, 0.23149821743599525], "coh": [-1.5123249636807148, -1.5022874581407364, -1.4733844486025072, -1.565616343046046, -1.4112867324018363, -1.4581132274870119, -1.5252017765407806, -1.4836265311305263, -1.4739276391761602, -1.4385036568032539]}