{"p": 0.2, "p-emp": 0.19845048778961794, "t": [1260.6812200546265, 1227.9656376838684, 1251.7163376808167, 1219.491178035736, 1186.5189487934113, 1224.1585309505463, 974.8373742103577, 939.7081878185272, 942.7252497673035, 847.820689201355], "nmi_acc": [0.6745223279283156, 0.6684166568892075, 0.6664012610396672, 0.6688029512768724, 0.6672708236570278, 0.6782470571742996, 0.6672281029974538, 0.6764926796541327, 0.6639797223532966, 0.6649807229358132], "nmi_repr": [0.5267003627994805, 0.5415863413299489, 0.519152095947472, 0.5261273597642251, 0.5015862704734233, 0.5319748947981131, 0.5236472205120954, 0.502623393293577, 0.5115951130252083, 0.5280453454055861], "mi_td": [2.1037916528581717, 2.1054126514767355, 2.0650346652315217, 2.0902467984714965, 2.0829501470534555, 2.1027379391760292, 2.0852418862089057, 2.0951144859165605, 2.0814793136393837, 2.0990306163295287], "nmi_td": [0.3260454349945974, 0.32587259324698964, 0.3209114693309869, 0.32364382022158933, 0.32280587369605074, 0.32583118417074536, 0.3224915970097072, 0.324716713454764, 0.3221964650022763, 0.32536387460539407], "mi_tw": [1.4702286358768144, 1.4831694635938752, 1.4710160993911365, 1.490278365255115, 1.484260185375435, 1.4714722574531054, 1.5009619367040956, 1.4708787515729802, 1.49283436229822, 1.4733272364035694], "nmi_tw": [0.2555025231688474, 0.2573758686942841, 0.25642120343925057, 0.2587157543797795, 0.25793243128211785, 0.25567381774168524, 0.26022910123730775, 0.2556296845045088, 0.25907848507917136, 0.25609070494753117], "coh": [-1.666002196816636, -1.6184676660561195, -1.69860511906198, -1.6960242396693972, -1.6487308713049789, -1.6336730466305098, -1.6498018403702712, -1.6618234209505829, -1.685295375246012, -1.6547569161072093]}