{"p": 0.9, "p-emp": 0.8999998473988369, "t": [215.8984570503235, 235.73034644126892, 119.30159974098206, 209.96763920783997, 216.95819449424744, 222.05619978904724, 153.72090530395508, 153.7851026058197, 283.69608187675476, 243.34898734092712], "nmi_acc": [0.3715478508010535, 0.3835204440092034, 0.32605012669614164, 0.3840658936418284, 0.373201926802063, 0.3963242480224912, 0.35394374313900623, 0.3058834382099645, 0.3175986361414609, 0.32752664397170783], "nmi_repr": [0.2737567357884401, 0.3007366714842299, 0.3014784451800702, 0.2868887018306353, 0.2887533044755288, 0.30593978803374655, 0.30871766930226013, 0.25740571678200697, 0.26858577279142476, 0.2765286612762484], "mi_td": [2.4567755538705676, 2.5353372494852455, 2.4340361060166584, 2.4922132527698615, 2.568693228654651, 2.513139478069059, 2.5904284426040967, 2.4915060810194225, 2.7438910546128206, 2.5438445904855906], "nmi_td": [0.38469784810059626, 0.39476820921078665, 0.38178345412011533, 0.3894027731693302, 0.39819760477436045, 0.39200109604528727, 0.4007806434466666, 0.38773266290988734, 0.41863011631207125, 0.3951790259354929], "mi_tw": [2.6373587182080804, 2.7156892262982657, 2.623373124045834, 2.6676320944243495, 2.7392103778551133, 2.694039583194146, 2.7532622873745547, 2.6892619946700593, 2.9030156055182843, 2.7213839244393143], "nmi_tw": [0.449351876444092, 0.45986951873414117, 0.44779383120880556, 0.45344029586011914, 0.46162808342438305, 0.4570774065356076, 0.46300860831672436, 0.45512534018916934, 0.48083429328487265, 0.4596778061691723], "coh": [-2.9549346287527345, -3.0641460307452197, -2.7905146310500046, -2.958973983570338, -3.2839606023572885, -3.033126503285789, -2.9453812140929694, -2.8237046065776545, -2.8624723548902065, -3.1111414119623886]}