{"p": 0.8, "p-emp": 0.7992745340704988, "t": [98.44501805305481, 101.00108623504639, 101.19306516647339, 99.33379340171814, 100.04109358787537, 98.81733322143555, 99.66442394256592, 98.28682160377502, 100.75686192512512, 101.70963335037231], "nmi_acc": [0.5882436810030928, 0.5807799670159164, 0.5719485809390267, 0.5903041090959724, 0.5859305676489414, 0.58885081467815, 0.5885848131327063, 0.5874924036820498, 0.5935236207692942, 0.5835135017860761], "nmi_repr": [0.540850417336642, 0.5419440799583803, 0.5271691905858181, 0.5199349678384033, 0.5626393247697549, 0.5480900835905453, 0.5597844648457285, 0.5098200836072327, 0.5182214031269949, 0.53770553455924], "mi_td": [2.503962584260538, 2.5097577315643003, 2.5423071575188003, 2.5020851505692807, 2.494221113090017, 2.536973737762349, 2.535328002867155, 2.458300455810305, 2.4851631044350415, 2.5094746346040075], "nmi_td": [0.3896601678902804, 0.39000617982719704, 0.39483161321103577, 0.3896983663773943, 0.3880962341301947, 0.39467403245207155, 0.3937539771146003, 0.3832042029197022, 0.3868236682017501, 0.3899097604293591], "mi_tw": [1.017375949766915, 1.01926509539275, 1.0046034466341822, 1.005884926805357, 1.0237456336118689, 0.9972373979439793, 1.012580107427843, 1.0272655675288027, 1.0281851365181804, 1.0272428930802537], "nmi_tw": [0.22059141401374802, 0.2205630606974806, 0.21721216112935587, 0.21835780053162082, 0.2219342755804377, 0.21613085784988506, 0.21894169354816972, 0.22326325753853024, 0.22300661509578734, 0.22224779616525575], "coh": [-2.0507356532315013, -2.0837380600307402, -2.0496666364593388, -2.0374437384017274, -1.9943615982064042, -2.021046639084003, -2.018062479559728, -2.071255601764073, -2.056035171306234, -2.0542669133188474]}