{"p": 0.30000000000000004, "p-emp": 0.2999705479755167, "t": [343.6046187877655, 337.58451771736145, 339.4609262943268, 337.47342920303345, 342.51865911483765, 335.52620339393616, 337.24964475631714, 337.4383707046509, 343.6894555091858, 339.17704486846924], "nmi_acc": [0.6539814198290901, 0.6516732406476027, 0.6521673479375852, 0.6538807280109675, 0.6604732290196592, 0.664824394869104, 0.6620559007085568, 0.6640080015360669, 0.6573353560863527, 0.6641530477513389], "nmi_repr": [0.4508902646763502, 0.46933349749006953, 0.4842924547994074, 0.4856197455412636, 0.47571551418981306, 0.48535527768982334, 0.4992946652389835, 0.4898358188630795, 0.456208856261468, 0.45393316837572584], "mi_td": [2.0640444771540847, 2.0775539193108425, 2.096226091863627, 2.1391007434474325, 2.0943475546617214, 2.120356277299316, 2.0865782685330228, 2.1003542174163523, 2.092403707585306, 2.0809867752393667], "nmi_td": [0.31989125010592956, 0.3222127745067217, 0.325601907348265, 0.33233673824183746, 0.32462550598928347, 0.32840442681023735, 0.3239133746438215, 0.32583519965001534, 0.3237444673413007, 0.32285949241318046], "mi_tw": [1.1926460286010794, 1.1826381205227532, 1.1679877177255944, 1.128092848083929, 1.1761209906389667, 1.1644446999517937, 1.168471159876344, 1.168403403966079, 1.1940902260334845, 1.1663313853610258], "nmi_tw": [0.23488743987304608, 0.2331258554431177, 0.23068205243872897, 0.22286679503315923, 0.23166717357075453, 0.2291433800014829, 0.230605574252183, 0.23039739282140992, 0.2346726364986226, 0.23001492000328055], "coh": [-1.6509643135311989, -1.6025939621551533, -1.697789841343221, -1.5869150479933591, -1.6707549398541208, -1.6708402945015919, -1.6323094766910455, -1.6742759870046164, -1.5935468708553047, -1.5843855240426428]}