{"p": 0.9, "p-emp": 0.8995527259908775, "t": [35.29369306564331, 35.00134801864624, 42.50406527519226, 38.93997001647949, 35.35781788825989, 30.813881158828735, 39.349008560180664, 43.073647022247314, 38.653252840042114, 37.1574342250824], "nmi_acc": [0.4656469175631177, 0.46214681590161105, 0.4327919246815758, 0.4558271191596746, 0.4649134417778473, 0.5040442696159685, 0.4500358771397445, 0.41741083035669624, 0.4197040957815054, 0.44929502380275954], "nmi_repr": [0.32538633257752475, 0.31438213389717806, 0.3139954643512228, 0.3280762761648551, 0.3318169387396395, 0.34939228207408596, 0.3474430067808962, 0.33471165119833546, 0.30749472706819786, 0.3087569118880943], "mi_td": [1.7140283048450629, 1.6889926922785083, 2.0052704077308716, 1.8777601261980015, 1.631602802161733, 1.5028926309337047, 1.8709069333878838, 2.028210830586084, 1.8307272595632134, 1.8547218004765167], "nmi_td": [0.2764886880505911, 0.2730834858475902, 0.31576603416698773, 0.29873474261759314, 0.26525951853927854, 0.24843329083151244, 0.297677585294332, 0.3179531209595022, 0.29170619207584036, 0.2954448431042895], "mi_tw": [1.3076726529434397, 1.3026166911567665, 1.3969354190873386, 1.3720458339081483, 1.3090941204006086, 1.221560730801234, 1.3946024334328058, 1.4392790842134147, 1.352217459304679, 1.377031790206666], "nmi_tw": [0.32206134042887463, 0.32195604586961013, 0.33169191029106276, 0.3308716714711066, 0.3262931266115247, 0.31237709370853683, 0.33636797750836867, 0.3394516078308419, 0.32686105670790655, 0.33271467741422234], "coh": [-2.610028483852389, -2.754188442053483, -2.440505844740378, -2.4545876377780296, -2.789894686211848, -2.590392874511941, -2.6496769877572977, -2.372560713584759, -2.756615175125506, -2.544668751528425]}