{"p": 0.0, "p-emp": 0.0, "t": [280.04540634155273, 290.3015389442444, 283.1055850982666, 288.60423946380615, 276.0405683517456, 291.2497844696045, 272.76921820640564, 281.3566539287567, 262.1393301486969, 268.10097551345825], "nmi_acc": [0.7594274406699185, 0.6821705199764163, 0.7471708535573351, 0.6797158358474413, 0.7341749279038728, 0.6426514045845048, 0.7287748665985636, 0.6990190727879914, 0.5596878933845957, 0.6389274169783331], "nmi_repr": [0.32604629766239074, 0.3479584144181396, 0.3516234321569665, 0.3204132530577894, 0.3047687370861862, 0.3125623639513465, 0.3203670366416823, 0.341416535610762, 0.3275456221768237, 0.3275247420142746], "mi_td": [1.162447363534075, 1.2088174985825948, 1.1993329290086299, 1.135781234714973, 1.1484091116878403, 1.0870173193816581, 1.0264634060850204, 1.1055953336639637, 0.9743201361134625, 1.1517138003980778], "nmi_td": [0.19081272006278083, 0.19681921640123246, 0.196402270167224, 0.18325048090751306, 0.18944887886357897, 0.17868575991329097, 0.17007478162731643, 0.1806318798647457, 0.1609675508103813, 0.18961750707398142], "mi_tw": [1.5223037292016444, 1.5508443620804369, 1.4719946088064166, 1.690016730467883, 1.4302406784044543, 1.522659576023265, 1.5002379681738174, 1.6198971596226268, 1.5555875200082188, 1.4789993050400694], "nmi_tw": [0.3052840501114092, 0.3079396288087648, 0.2943434061440387, 0.33187026039976053, 0.2885718597624095, 0.3058880674182083, 0.3043205208191404, 0.3230013595641758, 0.3144298147874344, 0.29768662760946485], "coh": [-2.4195562078916213, -2.400431362687873, -2.5438604822229056, -2.430496339478579, -2.578883622517151, -2.2757767248016885, -2.6176933217789813, -2.3595322675113373, -2.532968287426049, -2.4308582506743233]}