{"p": 0.6000000000000001, "p-emp": 0.3081487495097688, "t": [354.0242681503296, 351.04910802841187, 349.16309881210327, 354.0910174846649, 351.08114528656006, 347.5099914073944, 345.50116896629333, 351.7325949668884, 352.65466141700745, 349.91061878204346], "nmi_acc": [0.6735567623790724, 0.6712834013199782, 0.6677916729270189, 0.6660802900285757, 0.6673223277668097, 0.6806389843015164, 0.6686463574701345, 0.6789937840983336, 0.6691533548603533, 0.674253235540182], "nmi_repr": [0.5596820704805647, 0.5770012007225949, 0.5983877954247041, 0.5679159069036794, 0.5629623911211635, 0.5519779540741147, 0.5608176625400502, 0.5567078042871818, 0.5764189753423935, 0.5816067301260928], "mi_td": [2.178653616363501, 2.1854079263656594, 2.1863669422351233, 2.205760783700542, 2.2212588089032987, 2.195110284499149, 2.199018014746305, 2.1749291691270214, 2.1962303336293862, 2.194785316979444], "nmi_td": [0.33703257936113085, 0.3382530037009372, 0.3384552441219715, 0.34144873871489195, 0.3432154303588868, 0.340275176792443, 0.3401436757821432, 0.3367332866782087, 0.33999950176444577, 0.33928262596902864], "mi_tw": [1.595253953050114, 1.5949055356497837, 1.5894574651281403, 1.5804393669363517, 1.5847444715190748, 1.5653958868816864, 1.5822057140480505, 1.5942063434083458, 1.5870396876267883, 1.5993568147521304], "nmi_tw": [0.2744382392347134, 0.2745367476306028, 0.2736473330733965, 0.2720870115479911, 0.27227025010499095, 0.2699162859564677, 0.2721585909132146, 0.27450901724495314, 0.27324661240342224, 0.27492285748460454], "coh": [-1.6168526690841278, -1.7370287970651694, -1.737327664533521, -1.7490991400383096, -1.7309935038964082, -1.7233234339096906, -1.682213344628801, -1.7281908630942606, -1.7503987169379722, -1.7696332317091261]}