{"p": 0.5, "p-emp": 0.49990737109398253, "t": [195.09041786193848, 186.4976086616516, 204.20091032981873, 216.70005464553833, 194.89547967910767, 199.74018692970276, 197.95629692077637, 194.32295536994934, 203.5252034664154, 201.8086714744568], "nmi_acc": [0.7092223256954784, 0.69765894110746, 0.6601121818816134, 0.6654698323072721, 0.6297459116142301, 0.7086125380257442, 0.7295529141063237, 0.7457003619382269, 0.73359171779921, 0.6987017634500602], "nmi_repr": [0.3751153293887801, 0.3368939044979062, 0.33576477125075355, 0.35801547693468433, 0.32380292468530564, 0.33635229214092255, 0.38937137314874454, 0.3864871275674853, 0.3906330433885084, 0.3919067340829018], "mi_td": [1.592068031494262, 1.5054875474567935, 1.6413882876462256, 1.7663107960631317, 1.4676402079930326, 1.6279127188016675, 1.6533166016967409, 1.5782208605415566, 1.678808000727892, 1.684953790247798], "nmi_td": [0.25290101638937396, 0.24173417380426737, 0.25983647734696647, 0.2766724181429029, 0.2343453422594121, 0.2590397247561599, 0.2624357960642027, 0.2527977578961633, 0.26587950121418275, 0.26662277559603553], "mi_tw": [1.8625679501185488, 1.7916019777532757, 1.8980815548170302, 1.9334333038494906, 1.8604789745722854, 1.856458916474565, 1.8833948551603257, 1.816575599064218, 1.882012323438326, 1.8899441158296126], "nmi_tw": [0.31560759971513735, 0.3070875786686098, 0.32044252153258274, 0.32275357096139, 0.316999245555918, 0.3151496299902205, 0.31888444350415485, 0.3105615024587077, 0.317881853096139, 0.31892808457416], "coh": [-2.5084811407305985, -2.7406969517222213, -2.8880741115603534, -2.677244320635916, -2.619121542947454, -2.7362555056201825, -2.740642757596539, -2.8218618462595697, -2.5424309315057703, -2.7716804134827333]}