{"p": 0.8, "p-emp": 0.7999734473976161, "t": [278.82237792015076, 276.20468759536743, 300.66402649879456, 264.9036979675293, 316.5231304168701, 309.572482585907, 270.2554569244385, 302.4917001724243, 315.85909724235535, 240.47708129882812], "nmi_acc": [0.6322791090564062, 0.6372997065099835, 0.6255975358178837, 0.626040878671358, 0.6271217199791886, 0.6201027963852946, 0.6311150354249881, 0.6202523835523833, 0.6315467394249028, 0.6348751597518096], "nmi_repr": [0.6471999566258627, 0.6608717856688879, 0.6458666094043908, 0.6668761964510258, 0.6490138409856655, 0.6560713328995531, 0.6618348961724815, 0.6566484336296164, 0.6568732615353912, 0.6625246949712108], "mi_td": [2.668439741133966, 2.664937150861241, 2.648810158372826, 2.6661513297668273, 2.671760988174121, 2.6729200937710065, 2.6693996991247673, 2.642309038529129, 2.6453047969020043, 2.6456386631184614], "nmi_td": [0.4145997771233533, 0.414468991808151, 0.4129424714734891, 0.4144937369372611, 0.41580108385457343, 0.4155562708629057, 0.4151873809884808, 0.4114379708018555, 0.41179420727732025, 0.41214109237906255], "mi_tw": [2.0296259864564785, 2.020729158107625, 2.0114564356021707, 2.0293350037815716, 2.0272931995828296, 2.016265137634559, 2.019724946902847, 2.0250322103983214, 2.036458071354268, 2.0194352916715], "nmi_tw": [0.39295570604861574, 0.39172007966139366, 0.39108133317645694, 0.3931943132434448, 0.39331180145777805, 0.39067394036249986, 0.3915540275287156, 0.3931357277452513, 0.39522201080950436, 0.3922682828807985], "coh": [-1.8871459735103049, -2.0358976005958995, -2.054263788918154, -1.998172989704664, -2.098720764327067, -2.1303287022734976, -1.9905180579146413, -2.1603766953681656, -2.0502931956134, -2.0440128825653945]}