{"p": 0.0, "p-emp": 0.0, "t": [1638.530428647995, 1607.1630194187164, 1516.7348082065582, 1533.198345899582, 1581.6965041160583, 1634.159241437912, 1463.6060581207275, 1545.6482560634613, 1434.7358655929565, 1414.7746798992157], "nmi_acc": [0.6634142201039481, 0.6682897726997468, 0.6795536121046793, 0.6687067482263649, 0.6716440018711489, 0.6644034775449797, 0.6672174594693591, 0.6619575129654138, 0.6788049304648194, 0.6778266578594501], "nmi_repr": [0.4866386506527807, 0.5069694735117591, 0.4846653692951924, 0.472943951614774, 0.49274029614998327, 0.4731397393164479, 0.4780539255583909, 0.49914812825343546, 0.4904461194997248, 0.4711911464319623], "mi_td": [2.0245243760523466, 2.0263066797401894, 1.9963030808462852, 2.0335465810794644, 2.0374343729487188, 2.0166401268240994, 2.0360292488128184, 2.0390561090633934, 1.989265716817735, 2.009481952820308], "nmi_td": [0.31425242293683703, 0.314611736192562, 0.3091327284611621, 0.31547481770768915, 0.3157160523449346, 0.3123398997910827, 0.31597688843705646, 0.3160955327107838, 0.3080226246275906, 0.3115899404539421], "mi_tw": [1.2241988596707545, 1.2241527462933226, 1.2549605695222696, 1.23210725948824, 1.2321236067304124, 1.2380533937646134, 1.2213083801068116, 1.2297463045614585, 1.2601189099997945, 1.2366414353126634], "nmi_tw": [0.2293889845093287, 0.22945311750062902, 0.23447633355962866, 0.2307136581924127, 0.23039794472497158, 0.231369177143703, 0.22879374154162763, 0.23006598799279704, 0.23542134984865923, 0.23142677689363236], "coh": [-1.472918182413642, -1.5459776464454136, -1.4362459418831688, -1.5315545796322607, -1.4817187492055852, -1.4754116837450668, -1.5032687470825303, -1.4602718059995365, -1.4282183287576866, -1.4928737405756856]}