{"p": 0.4, "p-emp": 0.3998504508601365, "t": [162.02615666389465, 193.23019671440125, 171.6153666973114, 181.02663922309875, 167.63647961616516, 174.49537897109985, 172.7091166973114, 150.57095503807068, 179.46450185775757, 189.05932235717773], "nmi_acc": [0.4639609702668725, 0.38780923813265933, 0.32168888868068873, 0.3385351794947886, 0.5022954421766412, 0.3488163163212282, 0.4323195357628198, 0.37927169049528797, 0.3695301977330523, 0.46818845433281636], "nmi_repr": [0.29903099559892204, 0.2957340925064537, 0.34020634851617365, 0.34620198297348703, 0.26380874543556093, 0.2765561859185652, 0.31697938364431416, 0.34026784156524614, 0.30284046993794017, 0.2738827948501119], "mi_td": [0.6947436110357346, 0.8791283284524356, 0.7670166770752661, 0.8688149223950519, 0.7782638992005476, 0.6895080089301783, 0.681949712480576, 0.6490738460240751, 0.7506398859373519, 0.8824110990332731], "nmi_td": [0.11772647708481583, 0.14789361563153594, 0.1316726036769741, 0.14630816316874082, 0.13122073352093636, 0.11883046529287222, 0.11889998025454988, 0.11279738301865228, 0.12721675774357377, 0.1479385644646975], "mi_tw": [1.096458705011043, 1.1903946019974045, 1.0699208536929339, 1.1998527095938538, 1.193189606995413, 1.1344734442180728, 0.9735608327550164, 1.0171568094445942, 1.1684384932511147, 1.1412103242800358], "nmi_tw": [0.2954712249702869, 0.31711099087347694, 0.2943608815029473, 0.3201487333476517, 0.3189922853753875, 0.31408490976910214, 0.27462657174501026, 0.28540723870492196, 0.3149409392098741, 0.30236682835338474], "coh": [-1.8595376498457232, -1.909117358902968, -2.0010986335255514, -1.7328089890249954, -1.8927936565751022, -1.9919388285842377, -2.1425260297440953, -1.91958378707251, -2.11074501851661, -2.073273294006577]}