{"p": 0.30000000000000004, "p-emp": 0.29378898005960596, "t": [381.7682192325592, 385.6221408843994, 389.6493413448334, 382.9016492366791, 391.91215324401855, 383.8554482460022, 385.20647978782654, 388.0452768802643, 396.40697979927063, 398.738098859787], "nmi_acc": [0.6762921043240454, 0.6721010564868664, 0.6727995710220449, 0.6687435758969303, 0.6703656137770116, 0.6679040192273306, 0.6722511340673383, 0.6722748917425512, 0.6746569564403548, 0.6622333479033102], "nmi_repr": [0.5756618524059712, 0.5735903361892444, 0.593568045368236, 0.5532201759669756, 0.5505719368380529, 0.5954369231982743, 0.5747811160836996, 0.5415831511151767, 0.5327930495836807, 0.5632517095350581], "mi_td": [2.173506017404867, 2.185287879825537, 2.1859676472571095, 2.193671411414612, 2.1945421387280044, 2.200154882857993, 2.1818206958567057, 2.2013865424557104, 2.1892006396343398, 2.201842323045958], "nmi_td": [0.33686999375943394, 0.33828531332213113, 0.3387021101366357, 0.33930678670071884, 0.33990512725179073, 0.34050190250827234, 0.3381297282384693, 0.34026949139757334, 0.3390387020662514, 0.3403515227247745], "mi_tw": [1.5556656057822924, 1.565612870126986, 1.553633998346991, 1.5600859526827842, 1.5543666844345163, 1.5626719234783844, 1.5536839703350438, 1.5596235319190541, 1.55370885843867, 1.5670027013701022], "nmi_tw": [0.2696662617593004, 0.2710225220373986, 0.2692258129820993, 0.2698200507030514, 0.2692415580474662, 0.27043806259297254, 0.26929696773120104, 0.26953579479011314, 0.2690929070921355, 0.2708213739390452], "coh": [-1.9256011768357504, -1.878252699047352, -1.905483814597515, -1.8958576983084323, -1.8482652695569157, -1.850408006509768, -1.871468067840976, -1.8490957118702345, -1.909066609717857, -1.8489036582614102]}