{"p": 0.4, "p-emp": 0.3081487495097688, "t": [246.71369218826294, 251.64605498313904, 245.29240036010742, 251.43637132644653, 253.38071417808533, 245.6705846786499, 249.42324805259705, 250.16601085662842, 252.13044452667236, 249.6477222442627], "nmi_acc": [0.6880629833750207, 0.6782212877959113, 0.6904417507791133, 0.6933433860616294, 0.6876173390614717, 0.6775903433182902, 0.7236614201266592, 0.6880216517592544, 0.7046672435279638, 0.6939202071002026], "nmi_repr": [0.35923354061259977, 0.3695733869821216, 0.36485090758164473, 0.3639997895973239, 0.3502479152934362, 0.37240082737835895, 0.36883004564658906, 0.3609624039542063, 0.35383587725217847, 0.37366732582455847], "mi_td": [1.7299248137001746, 1.6755816655478177, 1.7130448990879825, 1.691770154580565, 1.7681576425519108, 1.6646236350521073, 1.6851881544945437, 1.745633490589168, 1.6744155620048207, 1.713064399629982], "nmi_td": [0.2717631533132367, 0.2643403408378608, 0.27005820212376747, 0.2657154710905588, 0.27730916700072317, 0.2635635992234256, 0.26718494321815395, 0.27349047776579966, 0.26486432818476335, 0.26982848039307866], "mi_tw": [1.5237021736930405, 1.4868271581583585, 1.5099696518724874, 1.5150532064848032, 1.493920155102073, 1.4821440983150993, 1.4775791292997775, 1.526523966848578, 1.4853265765974668, 1.5180200247109987], "nmi_tw": [0.26665488421182193, 0.26142918711524715, 0.26528774119167475, 0.26508152654275235, 0.2609604686817903, 0.26165914010318875, 0.26125152055399575, 0.26634541335014605, 0.2619456859801662, 0.26644593046177617], "coh": [-2.2155567973523325, -2.3544359335268394, -2.1144878871464323, -2.1949216429884353, -2.1195416954119457, -2.2336699041263715, -2.3487006866119606, -2.36813694764112, -2.183399504376591, -2.26108465615699]}