{"p": 0.0, "p-emp": 0.0, "t": [483.1795961856842, 486.8244574069977, 482.7804911136627, 472.13044452667236, 475.72793412208557, 472.5391676425934, 479.4522135257721, 482.5272834300995, 473.7938885688782, 473.4447612762451], "nmi_acc": [0.6639815770242302, 0.6737667409940302, 0.6654360823950138, 0.665662848625024, 0.6742270292002129, 0.6641801004605252, 0.6733022799925449, 0.6687333152274614, 0.6677044996044127, 0.6818850808012247], "nmi_repr": [0.4795553609052416, 0.49260133591359845, 0.47492291762235844, 0.46404017435342826, 0.48016677266611885, 0.47606932352146186, 0.4694701259215739, 0.46705639792526815, 0.47594731524936046, 0.49311741399799147], "mi_td": [2.0097858988944317, 2.0304589808529987, 1.9319191947226944, 1.9931920475858935, 1.9838356748076178, 2.024637623254216, 1.9826617949480556, 2.0096555098505875, 2.0192329961709086, 2.0477174213932146], "nmi_td": [0.3118654664769113, 0.3150036761911516, 0.2998764491873263, 0.30958217495390034, 0.3078085467120797, 0.31399896405054734, 0.30702666595602307, 0.31094269096857974, 0.3137410242866346, 0.31796764172216574], "mi_tw": [1.2409015797251859, 1.2288500721732791, 1.2939119734035587, 1.2435800226771139, 1.2508108993595148, 1.2322820713359235, 1.260349127565844, 1.26227647779774, 1.2231205002290078, 1.2048976767264685], "nmi_tw": [0.23242946534239226, 0.23011067099392288, 0.2424502504835702, 0.2331963238264926, 0.23425786767812404, 0.23066325730070097, 0.23548898400445825, 0.23560763949252767, 0.22946056644905913, 0.22587107544954735], "coh": [-1.5270818479649129, -1.5461064835732536, -1.5119655425968195, -1.446672196087751, -1.4233116052517083, -1.5341787734997132, -1.586397771820818, -1.4136104404523073, -1.569403725090678, -1.4101506826384271]}