{"p": 0.2, "p-emp": 0.16568091401992668, "t": [1158.1383483409882, 1209.801866054535, 1158.7727935314178, 1169.7360036373138, 1166.5653581619263, 1171.0010018348694, 1205.1029262542725, 986.0337512493134, 911.5606725215912, 921.3928360939026], "nmi_acc": [0.6711783901441999, 0.6712552435389147, 0.6740723650946356, 0.6741799755041911, 0.6807394671591542, 0.6725571802474052, 0.6766862597742666, 0.670183614827136, 0.681946987944733, 0.6799190620193063], "nmi_repr": [0.5189561447335809, 0.5418855388884563, 0.5544692566441133, 0.5528401228510066, 0.5343511823059135, 0.5419347723410991, 0.5639028859653198, 0.533773097254165, 0.5314030401085125, 0.5295945407245196], "mi_td": [2.2512785024069375, 2.2634983121138563, 2.2640613233979745, 2.2353092266428787, 2.2378572524428937, 2.2328077360526466, 2.2464857302914933, 2.2439845002764933, 2.235486182977974, 2.23695550266041], "nmi_td": [0.3484487184052329, 0.3500885870585636, 0.3502535645719377, 0.345975191901412, 0.3464797475945579, 0.3456991693347958, 0.3479591424025801, 0.34720100905372264, 0.3461448950231758, 0.3467451114423692], "mi_tw": [1.198271110681126, 1.201837121482594, 1.2072143996473337, 1.2127223717212374, 1.2076333461001456, 1.2148503467981673, 1.2067009698343383, 1.2083964077340748, 1.2061731456153042, 1.201952888611437], "nmi_tw": [0.22721572228255427, 0.22769152312546653, 0.22877258763385191, 0.2299544736274847, 0.2290787447656833, 0.2304487514529406, 0.22901757868626274, 0.22903970117544117, 0.22882787827978748, 0.2283279327631948], "coh": [-1.6596001690516164, -1.652605487615808, -1.7024850042516466, -1.745847086448189, -1.660111851410316, -1.6286685475406195, -1.6998097538639125, -1.7135419629975175, -1.8038406213767544, -1.6641405560916698]}