{"p": 0.1, "p-emp": 0.04999641387266651, "t": [179.2691764831543, 180.92947697639465, 185.08770370483398, 180.96119117736816, 184.9819836616516, 183.87181615829468, 185.90902876853943, 182.77652764320374, 182.4634075164795, 183.93070459365845], "nmi_acc": [0.6910684775739127, 0.7552755792992574, 0.6922956711151237, 0.7309608023465312, 0.7014963924418258, 0.6685796015388585, 0.6887533524427993, 0.6712043053454739, 0.6982317052050231, 0.653923587025497], "nmi_repr": [0.3849101344684525, 0.40141410851222853, 0.40759130760753487, 0.4213642579220146, 0.40755089155930113, 0.3987450652484103, 0.37611392513075825, 0.35314976850225743, 0.38122848522560776, 0.379932353948671], "mi_td": [1.8077420008051428, 1.7222346378638929, 1.8390596096584195, 1.679696631429516, 1.6522149938463642, 1.8263123529341223, 1.6529461532330263, 1.6550729125001564, 1.6981792313926276, 1.768229824467898], "nmi_td": [0.2841770448628139, 0.27520098688577443, 0.28865747876147896, 0.26917072826676597, 0.2641616610459511, 0.2870304040317466, 0.2634548281014653, 0.26208961711579853, 0.27178436281528934, 0.27669128662761366], "mi_tw": [0.9962771272141941, 0.9536276062320206, 0.9964855772477998, 0.9563812837459904, 0.9684379485942648, 0.997607721151131, 0.9636642718768943, 0.9920512617117752, 0.9298859050958319, 1.0379250630430565], "nmi_tw": [0.19607989755695818, 0.19157804888631985, 0.19574507511885783, 0.192822030281968, 0.1946917166991951, 0.19628535338871414, 0.19297336648621408, 0.19704808174379834, 0.1871784259270543, 0.20310549246777132], "coh": [-1.4148159131806195, -1.690971510107942, -1.5575874626650599, -1.851764009455702, -1.7283219330658253, -1.4836918844945308, -1.7002161798950415, -1.7334017136090387, -1.9805119798872641, -1.4890582358365356]}