{"p": 0.4, "p-emp": 0.39890371324410234, "t": [171.47135519981384, 191.32773303985596, 182.7236511707306, 166.91241812705994, 207.86821341514587, 193.7503068447113, 170.94567799568176, 199.05071115493774, 184.93093967437744, 208.09795451164246], "nmi_acc": [0.7475975819218247, 0.6862390572251077, 0.719435711670617, 0.7393889022801284, 0.6712566522039558, 0.6519970619987466, 0.6624129750325968, 0.6592415596081106, 0.7253766478314544, 0.6239726144241536], "nmi_repr": [0.3512537505370083, 0.3685447179314753, 0.3486464971825192, 0.35445167206558, 0.36482309538277685, 0.3484278613148752, 0.35560179863262975, 0.34768985791303614, 0.34720792048069665, 0.3487579111078321], "mi_td": [1.321578132363779, 1.478858775115905, 1.3622552155997658, 1.300562279369272, 1.504657613078514, 1.4281680307112161, 1.2962757285164048, 1.51607400442092, 1.3711776353471719, 1.512770599561776], "nmi_td": [0.21390828270326132, 0.23506126940127745, 0.21793253880424274, 0.21065952371176216, 0.23699787944134024, 0.22640219864728758, 0.20816008492151733, 0.23877634615456644, 0.22007134943910217, 0.23815224658879489], "mi_tw": [1.4207822694215806, 1.4867464168925792, 1.503427845966782, 1.4453145760219193, 1.5278140330389696, 1.5601912480418272, 1.521043888462318, 1.5322392208527114, 1.4747551531657113, 1.5792671494253105], "nmi_tw": [0.29022113944198963, 0.2968360393090345, 0.30261742103481337, 0.2955028726836235, 0.30157641396642365, 0.31046290534859616, 0.307618946116188, 0.3024185997823407, 0.298058324046557, 0.3115303193532842], "coh": [-2.369909939324927, -2.4080391190790182, -2.1422793673805143, -2.4506433924300053, -2.331117125149944, -2.3895051251238577, -2.077923158160589, -2.2326286755421347, -2.3443324117935282, -2.309425589169669]}