{"p": 0.6000000000000001, "p-emp": 0.599931024274267, "t": [130.18610405921936, 128.1490569114685, 131.2846930027008, 130.02028036117554, 131.78456163406372, 128.908833026886, 129.05580949783325, 130.27144932746887, 130.55983304977417, 130.08702993392944], "nmi_acc": [0.5053171083199234, 0.5761231283307132, 0.515369453458016, 0.554344439723782, 0.5724389334882815, 0.534449676466669, 0.5515219983568712, 0.537807767407526, 0.5800281617549495, 0.5274053860884982], "nmi_repr": [0.19892935399130515, 0.1998890699863868, 0.19101123052198185, 0.1983778083780291, 0.22201111207499266, 0.2114693058753096, 0.2052681545855681, 0.21074293642738806, 0.22283204230233136, 0.21489152388849164], "mi_td": [1.562794181833317, 1.5341037989018549, 1.5246671703429295, 1.5656391099192002, 1.5804679588368282, 1.5399418520369577, 1.5614580875230852, 1.5639708910587928, 1.5710037028689594, 1.5548673644205389], "nmi_td": [0.24213050807485517, 0.2396119316029523, 0.2368809257985241, 0.24366254470324006, 0.2462150953908189, 0.23949321383335914, 0.2426875904860927, 0.24310942373369934, 0.2450425781678399, 0.24161509699391184], "mi_tw": [1.9262522892663776, 1.9005697415110623, 1.9041886815236284, 1.8987806131642482, 1.9124420823710788, 1.9073275010177568, 1.9244655395733925, 1.8973454790267037, 1.89498825119259, 1.9120000075348402], "nmi_tw": [0.3123067848140896, 0.3107574783576422, 0.3096290592891556, 0.3093023347325738, 0.3118521441938136, 0.31046387608962345, 0.31304849959945075, 0.30867851310072447, 0.3094050219793404, 0.31095591755655383], "coh": [-3.0214316668987458, -3.1797254628222307, -3.1826329370197195, -3.294436943240445, -3.2707225091617174, -3.2695617349009867, -3.3049873007925603, -3.2889944248993475, -3.214634727233995, -3.299704988981803]}