{"p": 0.2, "p-emp": 0.16916083094385348, "t": [265.8315079212189, 262.988094329834, 263.6079273223877, 265.8377990722656, 269.3954586982727, 261.88791036605835, 255.63105416297913, 274.753680229187, 270.610454082489, 271.718781709671], "nmi_acc": [0.6836105503492498, 0.7397557531199067, 0.6853652337507161, 0.633854805227535, 0.6587442680695574, 0.7305953953570898, 0.7029691840295429, 0.6307799662121145, 0.6895657726287123, 0.6947907040076601], "nmi_repr": [0.38654608798328244, 0.3688883887473, 0.3575889356633962, 0.346653853257383, 0.340642316362733, 0.35900044330111297, 0.3810167929005513, 0.3670224425311708, 0.3530871861098202, 0.37798605696693005], "mi_td": [1.537181023763728, 1.5699964656391392, 1.5930982058791323, 1.6532621814900548, 1.5959105028993859, 1.6266260526443872, 1.5224557204937985, 1.5870168318849398, 1.605725731891148, 1.530334323702442], "nmi_td": [0.24550591534138222, 0.2518953097303673, 0.25331427547077473, 0.260327555944296, 0.25338158268000227, 0.2593153940364519, 0.2453758737280662, 0.2502404903490594, 0.25582792493468587, 0.24647952234179044], "mi_tw": [1.230429520140517, 1.1979583077314582, 1.2441131354126516, 1.2731369280925229, 1.2220347359578194, 1.2367710844803128, 1.2159138950449873, 1.2883044448908376, 1.2335206440679096, 1.1871220335060586], "nmi_tw": [0.2333356441076138, 0.2284143340015519, 0.23469595613631203, 0.2374086988659053, 0.2301216697411696, 0.2340282254721941, 0.23308890040519842, 0.24062894220801614, 0.2332448184399456, 0.2273872251848022], "coh": [-2.48417495595403, -2.4628389329838134, -2.3514884623390526, -2.0865951589649083, -2.19397148049554, -2.4156578060346066, -2.272386707449831, -2.182858170435573, -2.2715543208487405, -2.2737407714363096]}