{"p": 0.7000000000000001, "p-emp": 0.3081487495097688, "t": [354.15199542045593, 347.12376284599304, 348.410404920578, 349.5296070575714, 349.99566769599915, 350.7772538661957, 346.90058398246765, 352.4553325176239, 348.8537333011627, 362.29592633247375], "nmi_acc": [0.6692069931069271, 0.643618746176937, 0.6464446604682194, 0.6685212239666325, 0.6710417472089947, 0.6673589409812983, 0.6716115137764894, 0.6716147655574544, 0.6640709703686428, 0.6665282954491042], "nmi_repr": [0.5835178652467458, 0.5915063206656056, 0.5622462959497944, 0.5409218664704617, 0.577571850239094, 0.5706446191073697, 0.5611617027411876, 0.5565760975193906, 0.5542294153590369, 0.5721774407460163], "mi_td": [2.1918732609331357, 2.1949200399019277, 2.1995242346886203, 2.190774493211923, 2.1983261622457544, 2.190729346990858, 2.216927589626476, 2.186234940030899, 2.1975557905268905, 2.1943449317463095], "nmi_td": [0.3394897256144997, 0.33984319045241057, 0.34032156549422626, 0.33908079326701, 0.3401286402902938, 0.3392007593523114, 0.3424150561242976, 0.3380464725989935, 0.3399750582432827, 0.3391917772518638], "mi_tw": [1.5858301555816907, 1.5783655992473424, 1.5756808115629641, 1.5856277408964436, 1.5861084285408773, 1.5883642517034346, 1.5881122542016715, 1.5986754927144335, 1.5909652097497862, 1.5918308806562251], "nmi_tw": [0.2731858004976912, 0.2717945539240252, 0.2711244572906546, 0.2729371884651115, 0.2729119779076092, 0.2735220803795221, 0.27273271545229827, 0.274883153240193, 0.2737168644555566, 0.2736087549680448], "coh": [-1.6983697314392772, -1.7577589072307567, -1.7022769121305914, -1.7452770237435644, -1.7403789693835896, -1.7863780429282605, -1.7292243239342653, -1.769253221501098, -1.7661461390968722, -1.7480123769412366]}