{"p": 0.5, "p-emp": 0.49873112132860675, "t": [131.5549829006195, 117.3837673664093, 129.81773352622986, 130.0306692123413, 123.46996998786926, 127.54073143005371, 128.0199737548828, 144.24914073944092, 144.15306854248047, 132.45636868476868], "nmi_acc": [0.7272904420974453, 0.744603312793507, 0.7815429918743941, 0.7357507493948678, 0.7971809334373182, 0.7779912431092868, 0.7456254032898828, 0.7433147186580071, 0.7276392610274778, 0.7125582968955204], "nmi_repr": [0.4716344245437186, 0.459350246927357, 0.47916092747818945, 0.5018560821215897, 0.5148395665314153, 0.5187045609268512, 0.4999293427299688, 0.5018844792782317, 0.4942332315413642, 0.4765707956394773], "mi_td": [1.5657093684789902, 1.3710447883950687, 1.5612514958761792, 1.5561851056579754, 1.5080854683034446, 1.5153576296111497, 1.5767041060282851, 1.618628196424945, 1.6030650882494497, 1.5761772458962073], "nmi_td": [0.2537980575641116, 0.2272416442678383, 0.25508184607499523, 0.25354789634790276, 0.2487326460202446, 0.24768496420315322, 0.2564122452612067, 0.26221228425372717, 0.2589675563518249, 0.25451432818667696], "mi_tw": [1.668269696677934, 1.5183326399369823, 1.6276226205488589, 1.6437700467759544, 1.5329619293381687, 1.6354124690742762, 1.6467062577016407, 1.682217786830922, 1.7319835009855107, 1.705210705175687], "nmi_tw": [0.32063067241530185, 0.2996278052731606, 0.3157634045781552, 0.3178448713982225, 0.3007546440082338, 0.3174289531403794, 0.31770855938727594, 0.323072117698216, 0.3315315330017961, 0.32624025515787314], "coh": [-2.3770196191549497, -2.4642119129717432, -2.4478359993862076, -2.3940842334384245, -2.157253669474124, -2.474543305649366, -2.3951470136083772, -2.457619107987097, -2.42987362951909, -2.622774383886774]}