{"p": 0.6000000000000001, "p-emp": 0.3081487495097688, "t": [590.3834002017975, 500.2586634159088, 513.491217136383, 558.3717567920685, 554.5668344497681, 493.2337317466736, 606.77712225914, 688.3545343875885, 769.4697127342224, 652.0083775520325], "nmi_acc": [0.6976540279033031, 0.7710460732506585, 0.8019742946931298, 0.7879479845462739, 0.6920775614505416, 0.7444152813649011, 0.7295158929711123, 0.7810640433893812, 0.6595118992473892, 0.7532873470271964], "nmi_repr": [0.3791213647121725, 0.3826681190900997, 0.4066073391778976, 0.4155614394905507, 0.3657376892635405, 0.3851331335403863, 0.4142486449202186, 0.4161074773202944, 0.3806053149985825, 0.38036407958586593], "mi_td": [1.5942474639646365, 1.4550020223194473, 1.4581383435031137, 1.55458350393183, 1.4719868385042252, 1.4977300977310402, 1.6221491582116787, 1.5151447945649288, 1.6759819952938393, 1.5406660686824654], "nmi_td": [0.25205293979315535, 0.23484130292793814, 0.23568665188096216, 0.24940076516037765, 0.2361220172097457, 0.24061510186839166, 0.2592692424393391, 0.24259925053481876, 0.2636426212394578, 0.24764642431533004], "mi_tw": [1.8450301621999636, 1.7105148904785907, 1.6928938370178788, 1.7431127900126655, 1.7439624520704828, 1.773955201832968, 1.7196832751976436, 1.7727088954106929, 1.8538152137611321, 1.7281650247467624], "nmi_tw": [0.3251942316658411, 0.30852012965333653, 0.3058336583642069, 0.3122822785454069, 0.31239339316604053, 0.31830306973378614, 0.30680167639646583, 0.31689249884672205, 0.3249116844916047, 0.31027372154312155], "coh": [-2.484342607593975, -2.479539214519566, -2.308688190270361, -2.5482533758632373, -2.4999779646816016, -2.602068391006465, -2.4456296187964615, -2.4632186702651158, -2.3603344687113346, -2.54135476192138]}