{"p": 0.30000000000000004, "p-emp": 0.29531224486993035, "t": [332.04438948631287, 338.673947095871, 331.67923307418823, 330.0658824443817, 331.79767203330994, 334.5051357746124, 334.108695268631, 334.3394160270691, 327.33197474479675, 337.6675615310669], "nmi_acc": [0.6695127479205031, 0.6730522295293384, 0.6697852642399292, 0.6862297810300415, 0.6749801134888225, 0.6709313322658716, 0.6755398356727167, 0.6750562223619988, 0.6737284934463753, 0.6741346062986319], "nmi_repr": [0.5420674345577521, 0.5371245639511046, 0.5390107985730188, 0.529667073579723, 0.5537059102538169, 0.5511764526589997, 0.5441270177223951, 0.5390228950070761, 0.5387551288138495, 0.5237990919987486], "mi_td": [2.284834039898988, 2.289709574748904, 2.2965340164380748, 2.239456188116944, 2.2715799629172158, 2.3048950013267313, 2.2771733309115625, 2.3143084522158155, 2.2852916148042177, 2.2785319090215754], "nmi_td": [0.353716111947771, 0.35470646302305253, 0.3555516466523958, 0.34795835996552105, 0.35202394197154674, 0.3568073535317441, 0.35301885603635513, 0.35847846592718896, 0.35383345687426626, 0.35322134545237616], "mi_tw": [1.0556471698255674, 1.047558437105955, 1.0429026455484753, 1.0578506950158535, 1.0597910269907107, 1.048008813485267, 1.055427906999848, 1.0349876327071175, 1.0541291735542657, 1.0535764302964967], "nmi_tw": [0.20206291889359973, 0.20067942776654069, 0.1996403113998959, 0.2034005858290554, 0.20311270955201652, 0.20059083796719043, 0.202367330399663, 0.19824479564082753, 0.201805153360239, 0.20200658241655448], "coh": [-1.6346471664104, -1.5863809541500857, -1.6029297221009204, -1.5759290904894798, -1.5979456525224491, -1.608756582519818, -1.6026232497247463, -1.6463160300564823, -1.5670403518432958, -1.5907019355077359]}