{"p": 0.1, "p-emp": 0.04999641387266651, "t": [268.4770851135254, 283.20771193504333, 266.72279143333435, 251.29749703407288, 302.2761435508728, 288.7451844215393, 263.2201521396637, 312.3484163284302, 238.06963467597961, 249.5315763950348], "nmi_acc": [0.7622621456583403, 0.678205515772805, 0.6878853983690874, 0.6922236318651331, 0.7587214248682044, 0.7155636780478732, 0.7410302988805572, 0.7073822561235544, 0.6997874058279318, 0.6594443020857362], "nmi_repr": [0.3622774062776258, 0.33772601405072145, 0.34255217994035714, 0.35359887715994065, 0.3579701717814659, 0.3363884895023795, 0.3461149691980996, 0.3604629973909309, 0.3437222724542289, 0.34316040535575015], "mi_td": [1.227784807939915, 1.1805332826600807, 1.1930896023994504, 1.112675758562741, 1.3396770142862051, 1.2082539799191183, 1.1574153005437748, 1.365669708650549, 0.9611592503308999, 0.9737156507621532], "nmi_td": [0.19950415979879893, 0.19038727130873564, 0.19639749188093317, 0.1830050143060899, 0.21622957141839058, 0.1946481833711683, 0.18903531943997456, 0.21802651877612053, 0.1600256846841141, 0.16117664896593328], "mi_tw": [1.4089904475937451, 1.5281000006644352, 1.2984589241215778, 1.3756129365407703, 1.3998821440842348, 1.458585469439661, 1.3940812399904365, 1.4596191195624955, 1.4032829167423166, 1.4088820429467253], "nmi_tw": [0.28909284173804095, 0.31056755055480684, 0.2708212297797494, 0.2866050722578345, 0.28480236191103836, 0.2960377184134775, 0.28789064511415147, 0.29289446218523324, 0.29693243703058286, 0.295924745288838], "coh": [-2.181735222853663, -2.20985039077965, -2.136553317662073, -2.2879755180057098, -2.1960082340799807, -2.299643603547648, -2.277497954193944, -2.3597885577914472, -2.412874450472849, -2.018277045004184]}