{"p": 0.0, "p-emp": 0.0, "t": [473.0593340396881, 477.4208950996399, 481.21784234046936, 479.9983620643616, 476.9344401359558, 470.09232926368713, 484.6620132923126, 480.67213702201843, 473.86931133270264, 471.4961817264557], "nmi_acc": [0.6707559606883237, 0.6662369803335682, 0.6692862181890994, 0.6761571041212193, 0.6703881874243176, 0.6647817318294263, 0.6678095055345604, 0.6691902802560508, 0.6691666632133457, 0.6729790045052322], "nmi_repr": [0.4752271585196466, 0.4835692732846003, 0.47531557860780765, 0.47854861526781173, 0.45702689562964616, 0.462840416171532, 0.4999875858483816, 0.4782030780932233, 0.48222298207368, 0.47760268895718144], "mi_td": [2.0324242375263104, 2.0041644376944636, 2.012163907288241, 2.0081045197889322, 1.96705296101929, 2.0245847906799894, 2.043711651009311, 2.0011182365249915, 2.0178416467237255, 2.0234888544897993], "nmi_td": [0.31592241892006073, 0.3102611719987281, 0.31276987820322316, 0.31128590961390096, 0.3051033887539431, 0.31495990668589935, 0.3170575450259835, 0.309924614103539, 0.31317245867440746, 0.31274277532857253], "mi_tw": [1.2155024476113283, 1.2598740563202733, 1.2135628874650681, 1.24307707799033, 1.2607663263653384, 1.2072707105365683, 1.2196916822136992, 1.2589942717582538, 1.2327734421610352, 1.2542518454830343], "nmi_tw": [0.2281463113126655, 0.23531300766659569, 0.2277794024683967, 0.23254960312874004, 0.23602788735406904, 0.22682391112454975, 0.22839383922608114, 0.23527234749834086, 0.23095770884409833, 0.23380294132381932], "coh": [-1.5161641078875343, -1.4363632518261515, -1.4844461812765863, -1.533394898695552, -1.4681259018933903, -1.3883459773387237, -1.4934633846008907, -1.4816423078949001, -1.455900512427097, -1.4938975338340288]}