{"p": 0.1, "p-emp": 0.09989974103582622, "t": [253.4870867729187, 237.60621285438538, 261.40836095809937, 240.8382625579834, 263.2042067050934, 276.4165699481964, 254.2407259941101, 259.9729149341583, 272.5061991214752, 249.0266010761261], "nmi_acc": [0.7654054133773859, 0.8361538128128484, 0.7128876710473926, 0.7979116570491633, 0.7042052992318514, 0.703195682942391, 0.748196904291635, 0.8135135455474602, 0.7313060247963765, 0.7137760517290138], "nmi_repr": [0.3481114635372833, 0.3750818492438771, 0.35141694450308586, 0.36546978663729135, 0.338227353858531, 0.31680265268956537, 0.35114623706940695, 0.36540015264891834, 0.3429863741593623, 0.3335596950128214], "mi_td": [1.2656086732852445, 1.2420607075469035, 1.2684455636970613, 1.2545824202178133, 1.2219010905980578, 1.3568638643796653, 1.202144617537578, 1.3503682977417732, 1.3261603483792743, 1.2147135444460648], "nmi_td": [0.20537905193615563, 0.20319832526802153, 0.20460828574819073, 0.20691745178658993, 0.19768822777634937, 0.21947417851285134, 0.19764415034939414, 0.21909649784397164, 0.21322629953854086, 0.2005638083289503], "mi_tw": [1.5331700848284775, 1.4598665371492798, 1.58034177274424, 1.3833966353757792, 1.5799447285655555, 1.5369533896048575, 1.4714048293457118, 1.4680473362161497, 1.5746790933204797, 1.386856392251334], "nmi_tw": [0.30342910448683635, 0.29179479426515026, 0.31048642040911767, 0.27926489742899946, 0.31153676020146576, 0.30297664532395124, 0.29588621715402263, 0.2904807252134902, 0.3081562513211593, 0.2803429567210728], "coh": [-2.660217308751738, -2.173146897925609, -2.4829207220016065, -2.642568955243547, -2.5036925079767594, -2.545534599401557, -2.4686366422652117, -2.340592693559003, -2.49100101350598, -2.320933472903252]}