{"p": 0.9, "p-emp": 0.3081487495097688, "t": [354.1326975822449, 348.84714245796204, 352.94711470603943, 352.61813020706177, 345.80304765701294, 355.6594684123993, 364.16657280921936, 349.0878653526306, 349.53256487846375, 354.41734623908997], "nmi_acc": [0.6757735807151545, 0.6779936123438429, 0.6736931041885995, 0.6739680075989455, 0.674323968889231, 0.6669722209925003, 0.6748351108733874, 0.6715280797628737, 0.6696166776072191, 0.6713527476364196], "nmi_repr": [0.5797106636139442, 0.5796607368279261, 0.5677053981409422, 0.5743657806536512, 0.5616875400890495, 0.5544986512296817, 0.5574015415960489, 0.579518802783527, 0.5653284871809038, 0.5523633173177025], "mi_td": [2.2180856983176556, 2.224353815641963, 2.2004968378815577, 2.2040091329235256, 2.2109768682897055, 2.1857465075647524, 2.218429244833682, 2.1921733721778156, 2.193419022783403, 2.2251656166168394], "nmi_td": [0.3431916565083341, 0.3437638461768691, 0.3406926775551949, 0.34073184133402135, 0.34132715123635204, 0.33870016146535786, 0.3428733255139627, 0.3389467616647793, 0.3394471025015396, 0.343645435451704], "mi_tw": [1.5725022605449273, 1.5796338448611464, 1.5812547384030775, 1.5900926102600883, 1.5917363565449667, 1.581440617450193, 1.581738376673503, 1.5939374343020576, 1.589626577658047, 1.5819049902204467], "nmi_tw": [0.2705759228477414, 0.27145384102960113, 0.27227963943446093, 0.27335120399749346, 0.27320488189005027, 0.2725722869984212, 0.2718376196517015, 0.2740523404745476, 0.2735869707950864, 0.2716297850383347], "coh": [-1.8199522877667929, -1.7544498247826084, -1.7193013872268117, -1.7511875286961185, -1.7443310191370114, -1.8093698999119023, -1.777727772679323, -1.794235166650686, -1.7108606453921567, -1.7352152480293115]}