{"p": 0.5, "p-emp": 0.3081487495097688, "t": [252.36103320121765, 249.64102482795715, 253.8226923942566, 252.89505124092102, 248.11288404464722, 248.27639245986938, 254.9442183971405, 249.07452821731567, 251.5078411102295, 241.96345686912537], "nmi_acc": [0.6369935101345782, 0.6851093320944133, 0.6720128261499241, 0.6667934037729568, 0.7043673864509203, 0.6827968722018544, 0.6445008943920365, 0.6799066274917505, 0.6663306823355996, 0.7039073487737505], "nmi_repr": [0.3613706407669252, 0.36282452336657084, 0.3629284871320296, 0.3534478181308687, 0.37817685488942787, 0.3806528903142532, 0.3425663163013323, 0.34806420505543323, 0.365823794724455, 0.370525734762841], "mi_td": [1.7349462157668705, 1.7680365371763453, 1.6766479626398956, 1.7901682185038157, 1.7161677213731386, 1.717383280564352, 1.7263101628868531, 1.7659939037152819, 1.7177752709134266, 1.6875015686638988], "nmi_td": [0.27091432634589924, 0.27673396068860595, 0.2644238600630127, 0.27859558717213767, 0.2713064795283461, 0.2699757139214729, 0.269667647166777, 0.27581902875575237, 0.26976676289515455, 0.26683507607501145], "mi_tw": [1.543110759365898, 1.5116741342812943, 1.4727486750795253, 1.5594575799148942, 1.482343280533963, 1.5206691247980006, 1.5073673362381652, 1.5401035884392358, 1.51500368601579, 1.492462337043433], "nmi_tw": [0.2682450871489005, 0.2634719468880601, 0.25886134807298555, 0.2700704254553349, 0.261245290306872, 0.2663249475712523, 0.26214188784133363, 0.26778347089689175, 0.2650365652061439, 0.2630950296130124], "coh": [-2.1245909712947144, -2.2104301227511933, -2.50839777826465, -2.0589040232030387, -2.2855692365175146, -2.007897332924392, -2.025417349231189, -2.1759783424200516, -2.0586820386764413, -2.0026762530426407]}