{"p": 0.8, "p-emp": 0.7988844854975484, "t": [59.503427505493164, 63.83549475669861, 63.98273301124573, 58.7515070438385, 55.43396878242493, 63.59070134162903, 64.98728966712952, 62.26719117164612, 57.19346475601196, 60.904672622680664], "nmi_acc": [0.07270922623236763, 0.11016029373466037, 0.1356555765926526, 0.08967615808506811, 0.07475281850570444, 0.15186631345201648, 0.16304748974732886, 0.13051618685428937, 0.12084489941461891, 0.13698839561441137], "nmi_repr": [0.2155585945954527, 0.2596428472484749, 0.2039020590690653, 0.2279999703634503, 0.2997846721898504, 0.2739551076489148, 0.17363429142609746, 0.20575633076609348, 0.2803315119103314, 0.28854087867603107], "mi_td": [0.6010635940483376, 0.7581648895847848, 0.7553964848106569, 0.5965852321407774, 0.5567071908533084, 0.7830053366924653, 0.8752516363900719, 0.7043980385608178, 0.5918576862850206, 0.7087051431767595], "nmi_td": [0.10944501137187358, 0.13222641783324693, 0.13231147468644194, 0.1061254056610067, 0.10214483607535234, 0.1360476353398381, 0.14911344127912252, 0.1242867034715794, 0.10754236740501585, 0.12559822934984066], "mi_tw": [0.7419235250322952, 0.8302589289082546, 0.7481882156939853, 0.9288101177868296, 0.6988248596939429, 0.7749574304931873, 0.899365928194352, 0.9601717941534296, 0.7069709536488155, 0.6899588622540153], "nmi_tw": [0.31534857779936976, 0.3199919607848654, 0.29112212824387007, 0.3741734919442822, 0.3023958211296934, 0.29621915952519234, 0.3293790390040444, 0.3797680084191699, 0.2990229353367423, 0.2756062370838202], "coh": [-2.970840334108267, -2.9256747820948807, -2.945552766809127, -2.9142820074514173, -2.7622059799842074, -2.7985786071342433, -2.776702256220494, -2.732304644586063, -3.0015521375833756, -2.78232875996351]}