{"p": 0.1, "p-emp": 0.08381740965629636, "t": [430.0631539821625, 431.010910987854, 436.1036014556885, 426.86004972457886, 459.0739674568176, 425.6812994480133, 429.04065895080566, 425.10978651046753, 423.9855842590332, 427.8578357696533], "nmi_acc": [0.6715064115570238, 0.6775373836887804, 0.6703510058947849, 0.6676743645755375, 0.6709899794999007, 0.6747808271927633, 0.6629693516125801, 0.6456706443919489, 0.6682902922034725, 0.6661552577601518], "nmi_repr": [0.4916342152634968, 0.49844093550768603, 0.49819968899218475, 0.49743705465697025, 0.5090370859311539, 0.4919576955782626, 0.5100137332125223, 0.48819097643642484, 0.4847003253592544, 0.5005599527631149], "mi_td": [2.0156505614720315, 2.038724552211485, 2.039838455646623, 2.050195373877635, 2.0440557085062916, 2.0205253272606205, 2.049813084371599, 2.0422789666342727, 2.0332351439037586, 2.060518586542887], "nmi_td": [0.31292085229052397, 0.3159345763965967, 0.3159954678394334, 0.31776882348975327, 0.316859376462749, 0.31341526462501224, 0.3187272016367663, 0.31640688976795667, 0.3157122605079687, 0.3191100681054225], "mi_tw": [1.326936089131929, 1.3405987146775935, 1.3342985957339553, 1.3327906283727986, 1.3315811299176614, 1.3478054331608693, 1.3064186397102486, 1.3290112662696845, 1.3303621845725075, 1.3321440898289922], "nmi_tw": [0.2398334593436654, 0.24179640114799164, 0.24056108836937615, 0.24043798929642599, 0.24025700734827765, 0.243368237925871, 0.2365595287214207, 0.23963723698505543, 0.24050722607026678, 0.24009471895875603], "coh": [-1.5631973796117853, -1.57939695554359, -1.5405390633985943, -1.601413444522756, -1.502655599709986, -1.6114039528535944, -1.573403424161538, -1.5145535288362235, -1.574905272177244, -1.559802490660731]}