{"p": 0.5, "p-emp": 0.49898504966404855, "t": [230.6818037033081, 248.23574781417847, 238.87225699424744, 242.7333903312683, 233.2799050807953, 240.1909041404724, 231.36139106750488, 238.0066683292389, 231.14798617362976, 241.55972266197205], "nmi_acc": [0.6613206212540312, 0.6637238162098472, 0.6624859677694575, 0.6647546742054516, 0.6626368888037576, 0.6631048967509143, 0.672409045404566, 0.6727475460245743, 0.6739894830615473, 0.6611612504611014], "nmi_repr": [0.5325800452248526, 0.5413249047035228, 0.5487882955081734, 0.5379572525255393, 0.5310530657162025, 0.5355573471296402, 0.5583295418942246, 0.5409410241002466, 0.5325705862612456, 0.5468919541144636], "mi_td": [2.410306761402569, 2.3857352790020445, 2.3937941564376817, 2.358658357562079, 2.366639527109673, 2.3698407042253793, 2.367702190478231, 2.326192797457933, 2.377769076768189, 2.387542548814763], "nmi_td": [0.3729794261499706, 0.3692869583249713, 0.3709051318910449, 0.3653819504410104, 0.36651295382471893, 0.36736997385275644, 0.3677934307008589, 0.36086094481903835, 0.3692433066539999, 0.36983817419459447], "mi_tw": [1.0242940014327224, 1.034722959017024, 1.0215969680944958, 1.045942451894716, 1.0468819226934056, 1.035957925410627, 1.0189979780668559, 1.0534116287431252, 1.0191496692862536, 1.027014963633078], "nmi_tw": [0.20126685716373832, 0.2033928751466107, 0.20106795735668215, 0.20580298731177976, 0.20591265059720287, 0.20401880705349107, 0.2012034501086771, 0.20764412289533526, 0.20115453545941778, 0.2020660869307675], "coh": [-1.7610925404983635, -1.7915197649619476, -1.705403473104467, -1.791800056159658, -1.739416608349917, -1.7518515172184272, -1.8159968637753567, -1.7943773668143617, -1.755944961697977, -1.7552501593319927]}