{"p": 0.0, "p-emp": 0.0, "t": [290.5046343803406, 293.1497070789337, 293.0865080356598, 293.2765054702759, 293.75687170028687, 288.7421314716339, 287.2680606842041, 272.31912875175476, 288.3941102027893, 289.57044434547424], "nmi_acc": [0.7222692400571682, 0.7087768806443094, 0.6761984704174164, 0.7257336012462817, 0.7300170624242467, 0.7079077611947895, 0.7165889624532226, 0.7605380126821744, 0.6638514392487603, 0.6239315208988259], "nmi_repr": [0.3915710637107681, 0.39069958125836546, 0.38007058708779384, 0.37732917307688135, 0.39417012810058066, 0.3859253689058381, 0.3806147721800171, 0.40623601582405106, 0.3724207495741826, 0.3510266526115911], "mi_td": [1.5681651286821991, 1.6894318664852135, 1.690223159050376, 1.6202785252613212, 1.5965399037232166, 1.59578823060736, 1.5747800432329222, 1.3954280884012396, 1.6346430063057547, 1.6615184219990142], "nmi_td": [0.2533216994721719, 0.26830061139220523, 0.2676624643639785, 0.2601731178682031, 0.2564759407135684, 0.255635343833828, 0.2543720051474508, 0.2313891412312162, 0.25939114079638315, 0.26212164641794927], "mi_tw": [0.9970150568851868, 1.0376110033821806, 1.058758187760235, 1.0082877177160103, 1.0156877740404233, 1.0333383526972433, 0.9975481943861733, 0.9353968044338674, 1.067058096053351, 1.0663802056376583], "nmi_tw": [0.19607598328597112, 0.1998781515807041, 0.2032482780487969, 0.1968495203307769, 0.19840203623140457, 0.20116107794981922, 0.19616368014097235, 0.18992498743554762, 0.20535052599392623, 0.20377363698013648], "coh": [-1.854502577303822, -1.7550051457386064, -1.575707654109568, -1.7830927028661503, -2.112163123218752, -1.7569440962558516, -1.9145816603053956, -1.9990827205652448, -1.8429641049929884, -1.6330280715532066]}