{"p": 0.8, "p-emp": 0.3081487495097688, "t": [249.02148699760437, 253.27593159675598, 255.97282552719116, 255.9274935722351, 251.6770396232605, 250.5854799747467, 247.69246196746826, 255.47410821914673, 255.30326509475708, 255.31440949440002], "nmi_acc": [0.7470369341318159, 0.6747998567197872, 0.6884602408453324, 0.6688602906505899, 0.6944077714295598, 0.6926809541559893, 0.667751667319367, 0.6787013222379068, 0.6599161694013433, 0.6657869269095793], "nmi_repr": [0.38268792265863805, 0.3837719420820152, 0.38250926929812185, 0.38902764231791903, 0.3739466276174129, 0.37363855082902847, 0.37561062414206353, 0.3678817272814347, 0.3546144664517472, 0.33748784752234734], "mi_td": [1.6799279850778728, 1.7364289774959356, 1.7505100021305662, 1.7692776509347987, 1.7241714002121973, 1.76259542656538, 1.725309918531838, 1.756820032483151, 1.7333639103551193, 1.6832110349476663], "nmi_td": [0.2665510111622065, 0.2724347932586501, 0.2749979236821979, 0.27692930295581414, 0.27009984801120424, 0.2760241025246431, 0.271190790687281, 0.27493632186515427, 0.27071265816583384, 0.2650611655955105], "mi_tw": [1.4793954646190048, 1.5265065728286022, 1.5114752790276549, 1.5177641019993984, 1.531731227240856, 1.5268052532278746, 1.507439250423717, 1.5369036282325927, 1.526638627591059, 1.4848830712257968], "nmi_tw": [0.26179178988334834, 0.266763736234482, 0.26451612106045647, 0.2645345279519237, 0.26722296472179785, 0.26626147343288736, 0.2639742882774392, 0.2678236463586426, 0.2654312380433431, 0.2605584128803921], "coh": [-2.356717506300181, -2.1478637573555077, -2.1629805087886957, -2.1014323063459237, -2.143918926616571, -2.151912279468065, -2.1176006924438067, -2.0570633662646154, -2.065678803842082, -2.0030656253104793]}