{"p": 0.7000000000000001, "p-emp": 0.6996775537423146, "t": [73.32076287269592, 66.47509789466858, 78.88722276687622, 84.88843965530396, 77.85234355926514, 88.04861354827881, 77.35212779045105, 78.45501923561096, 73.48845171928406, 75.19178247451782], "nmi_acc": [0.06614057401401288, 0.04326745596792119, 0.08638687838938408, 0.07428544449478877, 0.10686136089372282, 0.10867498393758875, 0.007914145979741941, 0.12014639526774194, 0.04911313003272457, 0.029750692181491994], "nmi_repr": [0.148126945211188, 0.13372420611984925, 0.17884951600735352, 0.17520669118588525, 0.22022539422648443, 0.21770264139327714, 0.16231983370068936, 0.15815228507301382, 0.15781301602369996, 0.16295222555750394], "mi_td": [0.30324746853986656, 0.22588718713471684, 0.3964805468597272, 0.5523649659208877, 0.5035238256839683, 0.571404298026478, 0.33646603320109075, 0.5629213915006823, 0.37570794073383024, 0.37266116544298905], "nmi_td": [0.0550358871881627, 0.041649344766900485, 0.07088617671567002, 0.0963827810237471, 0.08859865063915547, 0.09940072952614995, 0.06269955736650383, 0.09886380973626925, 0.06757585433769558, 0.06812533892904762], "mi_tw": [0.6451299687352318, 0.6702951434738158, 0.6757330080039645, 0.828433680723482, 0.8825674786455908, 0.838752074360979, 0.46783665630845106, 0.8453102624829167, 0.6432341196681766, 0.6307469115377464], "nmi_tw": [0.2933219074331987, 0.31723272829195215, 0.29603692345912364, 0.3422787496883264, 0.37198372921717965, 0.3440484688335136, 0.22757805026830355, 0.3546798773138467, 0.28598441270367453, 0.2920630684071321], "coh": [-1.4156130080316682, -1.3777999769890417, -1.2817979533037087, -1.3345221032377288, -1.4050210452559242, -1.3694899119123958, -1.2806198199494323, -1.4044673951718685, -1.1944153916414868, -1.3451230972725245]}