{"p": 0.4, "p-emp": 0.39862079068766665, "t": [420.1246929168701, 634.2499492168427, 435.49147295951843, 605.9408376216888, 451.27814245224, 560.2953460216522, 501.44353914260864, 524.6865739822388, 572.9536507129669, 393.7253465652466], "nmi_acc": [0.6793830297104394, 0.6437291488660681, 0.6931957886905283, 0.6592901487636479, 0.6740088073591993, 0.6530217634907742, 0.6766018466526686, 0.7136078387330302, 0.6778393402786139, 0.6602304456655725], "nmi_repr": [0.37132688397302493, 0.3762514062025231, 0.38694993844494224, 0.39163885391653025, 0.379558563053391, 0.3858678282151832, 0.378450446612746, 0.3710523591627719, 0.37929970601010987, 0.37109021236752765], "mi_td": [1.8643751827106134, 1.8542711156796654, 1.8441910710157263, 1.8821963509353987, 1.886467237527916, 1.840874923306451, 1.8163135179424064, 1.7354248228406282, 1.7739033978675312, 1.8137526887308884], "nmi_td": [0.29177388456894826, 0.2887809400707055, 0.29036255204725225, 0.29328634449064783, 0.2951223360850075, 0.28890600001134975, 0.2834989611989706, 0.27528525227903344, 0.2792154090347134, 0.2854422354067004], "mi_tw": [1.4744657066864175, 1.5032707798921907, 1.4518381052787082, 1.4888376054193482, 1.4698971650954615, 1.484550141368567, 1.5145984707301545, 1.4483759409907366, 1.4502400641441286, 1.4702646261625034], "nmi_tw": [0.27166405400195326, 0.27538641258529667, 0.26940380253660423, 0.27291354345887653, 0.270704671137775, 0.2744277694564074, 0.27818811137853755, 0.27113825939898767, 0.2690158018761419, 0.27267906043181545], "coh": [-2.027873102578686, -1.8367917436461756, -2.0127877635849183, -2.027130531938232, -2.03796662623146, -2.079553317709272, -2.126521167310032, -2.253180511840455, -2.0909015486335436, -2.1232449539698406]}