{"p": 0.8, "p-emp": 0.7986299467574542, "t": [829.7827877998352, 877.1011848449707, 834.5095655918121, 943.8801243305206, 871.5053226947784, 865.1747610569, 578.9776859283447, 533.0315289497375, 504.4718885421753, 498.06172037124634], "nmi_acc": [0.2674578986641279, 0.316017976782133, 0.3018028880072378, 0.24010080609327758, 0.2657894157542371, 0.30257196924653085, 0.3275080535743723, 0.2871537326826248, 0.28858148988717297, 0.26395006629055295], "nmi_repr": [0.13424652920387647, 0.1586050714433989, 0.1749118765858633, 0.14537421030143663, 0.13534245187207428, 0.15020465842894162, 0.1483357915737124, 0.14845682705486474, 0.14296106715937484, 0.13872953513612435], "mi_td": [1.7302500907280174, 1.7521966780453542, 1.7235729575673553, 1.6985147094966853, 1.705167913942877, 1.7050488658533602, 1.7286210070968184, 1.735677911242315, 1.7058273494198903, 1.7123689701020115], "nmi_td": [0.26784994396215467, 0.2717131407379304, 0.2671040069812436, 0.26308037329577344, 0.26444881106178736, 0.26437780309956027, 0.2685404066982455, 0.2692747097921218, 0.2644116357464282, 0.2653164419334654], "mi_tw": [2.5934675451416735, 2.631354172130535, 2.636860462390943, 2.5988852818044226, 2.605246733705137, 2.616295040501077, 2.586477750743898, 2.581541465914924, 2.6020261842742967, 2.601182802506655], "nmi_tw": [0.4260040577590402, 0.43301495158135106, 0.43362741001303545, 0.42714067938258804, 0.4287676188151009, 0.4304951349493896, 0.4264442902762039, 0.42502403506053066, 0.4279980540458168, 0.4276725777537574], "coh": [-3.8086473745802585, -3.520589155463454, -3.4595736304839653, -3.717121083255722, -3.611057818428936, -3.678821089949794, -3.5530959864118343, -3.6350772602481767, -3.727074424699078, -3.619179572471674]}