{"p": 0.30000000000000004, "p-emp": 0.29957470055836766, "t": [196.61611557006836, 204.89316630363464, 187.38809394836426, 186.80854058265686, 184.885315656662, 190.57483983039856, 176.86954283714294, 220.1358289718628, 204.64415287971497, 184.68754935264587], "nmi_acc": [0.7545318430893968, 0.767361388845226, 0.7883530360008781, 0.7718033920774238, 0.7357705945793266, 0.7863147536485355, 0.7630084233897603, 0.7565831874329815, 0.7026168955668564, 0.790116385786298], "nmi_repr": [0.4444062005908313, 0.44614186341484946, 0.43284175505325195, 0.4320556594751322, 0.4264143062014127, 0.4438965942287903, 0.4417473317779446, 0.4400936722556772, 0.40243559717734195, 0.39878844740825203], "mi_td": [1.4875239482512508, 1.4686855844281632, 1.4208810549821327, 1.3648049510286195, 1.3949110759995031, 1.4229363061222164, 1.3307419218859673, 1.380695753050357, 1.398894814225134, 1.3539161397509563], "nmi_td": [0.24145423186696088, 0.23627533110025942, 0.23053808161263126, 0.22260307723493253, 0.225546029776943, 0.2320728167660188, 0.21930224609758553, 0.2254939472172433, 0.22566986063734204, 0.22149925149593797], "mi_tw": [1.5154529935208325, 1.6134256883859444, 1.552003195319991, 1.5275203802541888, 1.593687619594061, 1.4648698544710859, 1.4590773386155036, 1.4946360826812337, 1.6456117017655267, 1.5096985695771958], "nmi_tw": [0.28998916113826684, 0.3055035933645992, 0.2968333936520197, 0.29396179674671025, 0.30357086229094865, 0.281888426631917, 0.28423875608948096, 0.2880841914694792, 0.3126124274316747, 0.2915760983926545], "coh": [-2.376750363671658, -2.3169844042562304, -2.176159898484551, -2.3765522297678707, -2.0335015130480527, -2.292817606752435, -2.2951599791669737, -2.4230502495114465, -2.2281298319658265, -2.5794016770721506]}