{"p": 0.1, "p-emp": 0.09023215214946367, "t": [770.0795755386353, 741.6423187255859, 510.3786759376526, 682.8854405879974, 667.1785447597504, 496.3092246055603, 576.3465046882629, 728.5308816432953, 571.8259832859039, 518.3626964092255], "nmi_acc": [0.6571891945498326, 0.724220699229215, 0.6942776016543225, 0.6524112063360363, 0.7148964821987429, 0.7100542234369751, 0.6916790085796074, 0.6966728134417243, 0.6870993775176352, 0.6832713108960184], "nmi_repr": [0.3672775174441835, 0.3455487857156549, 0.37199568236703867, 0.37294192130005993, 0.37630317133849406, 0.373976339398159, 0.3670664074196443, 0.3635112502888098, 0.3628703517422219, 0.3610575309018343], "mi_td": [1.7446728340538693, 1.4827999690659306, 1.7070143698202525, 1.6561368752117733, 1.6527578710189181, 1.4843494164226056, 1.586496947795455, 1.7166797593230876, 1.6442144501471605, 1.6439512996488985], "nmi_td": [0.2749256766609874, 0.24205245301185557, 0.27091900146104547, 0.2635515503584642, 0.2641270665112408, 0.2421743023429693, 0.2549071399492498, 0.27177367482503567, 0.2628125117780618, 0.2614901917273956], "mi_tw": [1.0909409313044451, 0.9961951524511687, 1.0679234484611166, 1.057249243075478, 1.0563966482585831, 1.0006251383752258, 1.0349343842733778, 1.0894566592524861, 1.0589523167923123, 1.0666904012132776], "nmi_tw": [0.20967829724841236, 0.1999230821841204, 0.20705112643714713, 0.2056558096411788, 0.20655411451910893, 0.20067858177413866, 0.20369634884169505, 0.21058301282159414, 0.20710276508930248, 0.20737385192689758], "coh": [-1.743890154845344, -2.085196391314857, -1.9093353725228952, -2.068369392755323, -2.0877298647991056, -1.9097947468290948, -2.036970722365025, -1.7450396224327203, -2.0119152266103426, -1.9512665741329969]}