{"p": 0.0, "p-emp": 0.0, "t": [1361.424926519394, 1318.996440410614, 1356.6966619491577, 1185.112505197525, 1236.270351409912, 1235.9847328662872, 1174.709142923355, 1206.0153868198395, 1099.7977390289307, 1037.3263204097748], "nmi_acc": [0.6735020648368958, 0.7186740559148108, 0.6834057120680354, 0.6530088145740877, 0.7216111260748094, 0.7045777745952907, 0.6691391228593785, 0.7793881517024879, 0.7131877519550585, 0.7614538624518612], "nmi_repr": [0.3553247559147595, 0.3642763925778355, 0.35886279418864425, 0.330800126455362, 0.3591105523538234, 0.37414596209501266, 0.3644218950617024, 0.38408329003875763, 0.3953070403589285, 0.3924869698602407], "mi_td": [1.5407990100601983, 1.5836986353660556, 1.4823389961841489, 1.528898943288517, 1.4428120528342574, 1.6744540646705084, 1.4556573917363165, 1.4392373326882264, 1.5488441632706367, 1.5807342589571018], "nmi_td": [0.2473468300507476, 0.2540287928944344, 0.2387520958909694, 0.24592064267094182, 0.23438670157460825, 0.265867957914306, 0.23515595596610506, 0.23726517876743047, 0.24911974239714363, 0.2552469890566545], "mi_tw": [1.0191721318738884, 1.031699601109203, 1.0079922703010558, 1.0147964008655561, 0.9887722815245066, 1.0403156935717575, 1.0193722528658242, 0.9715351726571039, 1.0074849203842646, 1.0087693471463695], "nmi_tw": [0.198911907598983, 0.20115974412238036, 0.19752448380328966, 0.1985330882185504, 0.19579179071157368, 0.2003497946328075, 0.20048192775659024, 0.19585923168054914, 0.19709397072570659, 0.19828819010540077], "coh": [-1.862256132700183, -1.8701473450933122, -2.0227618504735236, -1.8891624784478913, -2.068976277985349, -1.6642838761993037, -2.1729299361947416, -2.1348968333622116, -1.8353229903394848, -2.0443661399523023]}