{"p": 0.5, "p-emp": 0.4997279121261462, "t": [164.36429286003113, 150.56011199951172, 131.07415294647217, 126.78644943237305, 164.2983901500702, 137.05038022994995, 153.58330965042114, 134.63179969787598, 150.33705687522888, 176.2724540233612], "nmi_acc": [0.32238421805940604, 0.4728897820277219, 0.20694703096250475, 0.4287324901694224, 0.393260829360043, 0.27021718706140435, 0.37986338118669294, 0.47571938571224964, 0.3996949866678074, 0.3328243594153797], "nmi_repr": [0.27664573351123406, 0.2534454149401391, 0.23730880798034396, 0.2373458627117623, 0.2220473040799701, 0.25003692885016493, 0.22307438086326734, 0.2583404743176644, 0.2549238091418292, 0.2512637934927451], "mi_td": [0.7917463912550595, 0.8833222922950776, 0.6327564675610508, 0.6575395234962055, 0.9025736667218325, 0.6429696860599587, 0.8696581290575216, 0.7028792599446876, 0.8759577686466774, 0.905751303991727], "nmi_td": [0.13480571410933315, 0.14853494942687476, 0.11104830656298245, 0.11323886576304215, 0.15069120168961112, 0.11093077568613213, 0.14469799555976656, 0.12022463604883517, 0.14611085243043842, 0.15231894322101588], "mi_tw": [0.9783055489070889, 1.068255222558083, 0.9352495941129241, 0.9982188214694631, 1.0515824902807807, 1.0833287751601959, 1.1800993019300836, 1.0691557466714576, 1.1417455621033772, 1.0904570825179478], "nmi_tw": [0.28902415104783663, 0.3088768044806687, 0.2913871639207121, 0.30082450831999624, 0.3003513348038149, 0.32751216387359355, 0.3350863197471683, 0.31839065346136125, 0.3255827176774067, 0.315340587117908], "coh": [-1.9968515152079944, -1.8285475892313445, -1.7603799690463537, -2.090655599035724, -1.850115000808227, -1.880260382650674, -1.7462144041706193, -1.7165750881082324, -1.7367614580539508, -1.7796001522917804]}