{"p": 0.9, "p-emp": 0.3081487495097688, "t": [510.99414706230164, 559.5905404090881, 676.8350932598114, 721.7749125957489, 713.2606694698334, 671.9540874958038, 641.4590651988983, 681.090455532074, 706.6246466636658, 643.875191450119], "nmi_acc": [0.6612088686868459, 0.6803634841886071, 0.7081027871887776, 0.731479329445322, 0.7364837692135872, 0.7277849161969636, 0.7830052541774997, 0.8169063679811376, 0.7570115180561944, 0.7846350597387198], "nmi_repr": [0.3658679114203571, 0.35204347345061476, 0.37884788547528425, 0.3861210666375428, 0.42142211100640004, 0.38627238581650447, 0.3530465380927363, 0.39159088050815527, 0.4309999441687549, 0.4259117716321764], "mi_td": [1.5317799975013855, 1.6253108004470034, 1.5089461177752268, 1.677652145894872, 1.6254184050594602, 1.4954252014917788, 1.4423298398995585, 1.5302219464093398, 1.6256588517423438, 1.4523210909173399], "nmi_td": [0.24293364880592322, 0.25758440472235433, 0.24174962286394847, 0.2672400528242053, 0.25730628900380526, 0.23751331843279272, 0.23203181572037196, 0.24649385847423688, 0.2597509816386978, 0.2366335384806392], "mi_tw": [1.8237913670889823, 1.7960728553888854, 1.7230791135591894, 1.7010760238643259, 1.7940943545886117, 1.8465100304027076, 1.7291078151875947, 1.7045204295855294, 1.7356215795880219, 1.6357200523023034], "nmi_tw": [0.32257123805621946, 0.3174174595358595, 0.3082239763057994, 0.30234512847749334, 0.3166627213262151, 0.3271199451852535, 0.3107300947189254, 0.3067600556424386, 0.30953979110159924, 0.29816248838980397], "coh": [-2.4398349127860564, -2.3930610902747835, -2.342267789284884, -2.4004416385326337, -2.3145778887173734, -2.425257372882479, -2.4451508028543167, -2.742279623230264, -2.4535493017652166, -2.6083494399241522]}