{"p": 0.2, "p-emp": 0.16568091401992668, "t": [232.72279906272888, 241.84289526939392, 225.0864381790161, 224.96387696266174, 235.9115252494812, 220.72445249557495, 230.6030035018921, 199.33829593658447, 214.57499289512634, 226.45026755332947], "nmi_acc": [0.7311873614435852, 0.7505613539752825, 0.7477809694754332, 0.7175307065232457, 0.7982247849148815, 0.7613403170285831, 0.7644568336903819, 0.7475560852959451, 0.7802989738220938, 0.6808446974121388], "nmi_repr": [0.38971998729446117, 0.3664328809267653, 0.38682864326147925, 0.3910037893910614, 0.3640906195052746, 0.36906866619370793, 0.38623700289296586, 0.3459406784137663, 0.3522046980676804, 0.3666623582524166], "mi_td": [1.210130092163815, 1.3122992829033178, 1.2670522572660432, 1.151878977380097, 1.218525212461462, 1.2460321475490568, 1.324621122290063, 1.0234856237191803, 1.139445720746021, 1.1806729994460798], "nmi_td": [0.1990890942743148, 0.21263471552940594, 0.2065658595032433, 0.1887587428619417, 0.19837515246269935, 0.20533761336337567, 0.21539703490307882, 0.16911070392216004, 0.18777799492798725, 0.19275073938493434], "mi_tw": [1.4368697619321436, 1.5212440759922357, 1.5247976261801583, 1.576576956472295, 1.4608386671997562, 1.404305617290883, 1.4834643899513087, 1.5094792010950042, 1.4808272626489394, 1.5718565749523166], "nmi_tw": [0.29376692418408556, 0.3051968280743357, 0.30824259829203166, 0.32075261406874667, 0.2947982327938865, 0.28770462610937503, 0.2989332418165256, 0.31027201914941716, 0.30339210466115674, 0.3183028019048733], "coh": [-2.146669741439748, -2.378777637102551, -2.390904383150876, -2.186152715629096, -2.28331765486779, -2.0909965015902428, -2.324843816528439, -2.0130964464367875, -2.185201613176536, -2.1200857840478515]}