{"p": 0.7000000000000001, "p-emp": 0.6996775537423146, "t": [129.00699615478516, 124.08182191848755, 129.23293614387512, 124.61123633384705, 126.23190808296204, 127.88171434402466, 128.78485774993896, 124.36121821403503, 128.78311276435852, 127.13931202888489], "nmi_acc": [0.22742625917875528, 0.27086704561792324, 0.22900633872450257, 0.2930945290969718, 0.2862008988462267, 0.21991122233814872, 0.283125885874948, 0.2813689039644999, 0.2643052741091648, 0.26869079286073133], "nmi_repr": [0.1728743316106492, 0.17489790284407258, 0.17824791921354047, 0.17972788453299868, 0.19894362352262202, 0.18289568677113788, 0.17400402751130176, 0.19785970640513906, 0.18173142671198492, 0.1704883548504048], "mi_td": [1.7279620450210242, 1.8165042666595408, 1.6747308501938647, 1.7398002825610313, 1.7682223691020984, 1.7022063167890742, 1.7095697209063856, 1.8024762187954226, 1.709998794113078, 1.673685122796885], "nmi_td": [0.2711492507622648, 0.283955843109158, 0.26369624276935716, 0.27445382629345805, 0.2776007937828529, 0.26760084778206156, 0.26975212928986425, 0.2819744820346779, 0.2693201777568571, 0.2645034122056761], "mi_tw": [0.5978136758185151, 0.5581566214814716, 0.6065693087972064, 0.5459237552492524, 0.5820043112918523, 0.5943570861748031, 0.5883162258806109, 0.5788007177046308, 0.5935582756992719, 0.5829969562209749], "nmi_tw": [0.19522797137330067, 0.18083606856480441, 0.19950429786876858, 0.18026008101833238, 0.1902561686903861, 0.19484643439532007, 0.19435908433722485, 0.18781648948759067, 0.1953321378740133, 0.1932342529565914], "coh": [-0.8906132303191253, -0.8126666916662592, -0.9535520679313617, -0.9248669530460738, -0.8733715990507891, -0.9253119399192492, -0.8637412801694966, -0.9044823932600725, -0.9538345496318061, -0.8797909804570281]}