{"p": 0.2, "p-emp": 0.18380596456906195, "t": [259.2685875892639, 215.40318822860718, 216.7125186920166, 226.46859288215637, 223.59142994880676, 236.48200607299805, 212.3098702430725, 220.6712703704834, 241.11154913902283, 223.82774543762207], "nmi_acc": [0.7043055314039862, 0.6774916213810742, 0.7284282603061987, 0.75523986707889, 0.7817413666506375, 0.735108625657483, 0.7635808512252521, 0.7564121117961714, 0.7673997206290477, 0.7669895044324543], "nmi_repr": [0.3422579056375921, 0.34266022615349745, 0.35889193441981876, 0.36870010858294827, 0.38326707317706593, 0.372876457575996, 0.3501557228764162, 0.36227371081999404, 0.3561047083343515, 0.37067795154074945], "mi_td": [1.2889441752542137, 1.08278400226539, 1.120807489368256, 1.1399371774748435, 1.1636558428554402, 1.2286237163087133, 1.0586120711823221, 1.1112205632783054, 1.2935795282249194, 1.18122269547097], "nmi_td": [0.20545461244752858, 0.17687593834545662, 0.18352967115772512, 0.1852476313351835, 0.1899542254821388, 0.19788948631360181, 0.17514379079744805, 0.18160049710006992, 0.20826011310779707, 0.19246105662431678], "mi_tw": [1.5692639935254153, 1.492173869547302, 1.4352177506343837, 1.5124759149730171, 1.460963353662263, 1.5268956901547242, 1.3761332544529203, 1.4731432518516547, 1.4595206777459608, 1.4536803221013024], "nmi_tw": [0.31111402307604946, 0.3050164112363764, 0.2942617417047853, 0.30716524404217005, 0.2983764707670746, 0.30666521758345056, 0.2858226042275553, 0.3012911131722201, 0.29297288056414456, 0.2961943938256815], "coh": [-2.489692514606553, -2.552495947695473, -2.1193073507955416, -2.411324587123716, -2.7165467418742546, -2.3283516037009284, -2.3597444905034846, -1.954297980224948, -2.0514049412635655, -2.1403796686376113]}