{"p": 0.1, "p-emp": 0.09989974103582622, "t": [433.3088400363922, 429.0113253593445, 433.93805837631226, 432.7430853843689, 431.2461235523224, 434.061913728714, 439.43674063682556, 429.67291259765625, 434.2667450904846, 419.86818194389343], "nmi_acc": [0.6670800979045008, 0.6745021749152138, 0.6594495886478844, 0.673433242103316, 0.6676701575320347, 0.6621672452915369, 0.6724159888361294, 0.6754264418376204, 0.6623293124812777, 0.6698305782348386], "nmi_repr": [0.5002586483668755, 0.49654175766643155, 0.47208588942400853, 0.4682098767092884, 0.4801507714268074, 0.49092978121218517, 0.4940138330995617, 0.511415583946217, 0.509497456248189, 0.4815843278445892], "mi_td": [2.0584452479714463, 2.065737079478712, 2.00470590761219, 2.0263217209328337, 2.0111447914082263, 2.061114567251151, 2.0729351090613433, 2.0696499157867874, 2.046616657337612, 2.074303763815612], "nmi_td": [0.3196881171512072, 0.32018652940767234, 0.310758050467879, 0.3137640367883876, 0.31230654410443665, 0.31958429351884177, 0.32107195326892535, 0.3205752044320164, 0.3183702775500673, 0.3208814023156238], "mi_tw": [1.2506852501147725, 1.2513378407199416, 1.2973360426162028, 1.2800124956131684, 1.274850774801902, 1.254482303380739, 1.2554099798234102, 1.2583040339210207, 1.2426276698202128, 1.2571763265122775], "nmi_tw": [0.2346755892452405, 0.23423762455259536, 0.24287753426791633, 0.23931675947533274, 0.23917706039964823, 0.2349276617296481, 0.23479652788609218, 0.23534851119453395, 0.23362400241303052, 0.23477125462094023], "coh": [-1.728274253206088, -1.6949021979922558, -1.6822022983355782, -1.6535722553182866, -1.7167418665780763, -1.7367488520706815, -1.708301169438597, -1.7649667718345277, -1.6810473721985832, -1.7208545666564645]}