{"p": 0.7000000000000001, "p-emp": 0.3081487495097688, "t": [260.6927671432495, 256.9561107158661, 256.5044343471527, 255.42385482788086, 256.27199125289917, 256.3228950500488, 260.3021264076233, 250.22399735450745, 254.72332310676575, 250.6658284664154], "nmi_acc": [0.6632089429388789, 0.6752069205097015, 0.6587828956229429, 0.6993224910630907, 0.6467479982022782, 0.680609064509552, 0.6670016262602685, 0.7218466489215064, 0.6993974348860897, 0.712086443480208], "nmi_repr": [0.37587269525358463, 0.3780887642185105, 0.36986437880407985, 0.3677779904185749, 0.3593052232831358, 0.35585885348623403, 0.3583368450501778, 0.3503880126013377, 0.37108143284896106, 0.3836003762989152], "mi_td": [1.7318721486500583, 1.750669739009606, 1.7590577209602927, 1.739403605040808, 1.769256523655688, 1.690780234484197, 1.7123366404725087, 1.6368082374761634, 1.7310373521840952, 1.7117917887064813], "nmi_td": [0.2719299488223716, 0.2748646772102929, 0.27500120579802845, 0.2735184410632319, 0.27566727291217624, 0.2670488500981476, 0.2687957120216265, 0.2598404682682313, 0.2725608191439083, 0.2697607343315693], "mi_tw": [1.5101608778438687, 1.5060504471417728, 1.5105725793020897, 1.498064916758796, 1.5366720507941118, 1.4842700475873798, 1.4980692535553732, 1.4826000946977582, 1.4985275072164805, 1.495692274224796], "nmi_tw": [0.26413455607325065, 0.26339771403394113, 0.26293139882140065, 0.26245281112566865, 0.2664751381061505, 0.261318511566215, 0.2619470821254027, 0.2625066869192131, 0.2629185562583684, 0.2626709113322254], "coh": [-2.2074688105024016, -2.213895886490026, -2.1145515107027415, -2.2284503103879922, -1.9932002668431792, -2.1789499512937818, -2.1536067326372605, -2.358885490407929, -2.3005040549991898, -2.3080800433914765]}