{"p": 0.5, "p-emp": 0.49990737109398253, "t": [142.05967259407043, 143.0152349472046, 143.98234915733337, 141.9832890033722, 143.28873777389526, 142.66660404205322, 145.32244634628296, 144.83543586730957, 141.68541479110718, 141.33729147911072], "nmi_acc": [0.6474186366505631, 0.6349947982152565, 0.6732277472883753, 0.6251364767128768, 0.6485569455957448, 0.6213775703361519, 0.5621002984166664, 0.6456037308692887, 0.6626952934333514, 0.6577174751155908], "nmi_repr": [0.27271819025508665, 0.2885446247024409, 0.28719704908425975, 0.2802594552733285, 0.2713462539514632, 0.2734556964335486, 0.2638752746344436, 0.2615327104828173, 0.2858384741303381, 0.2922491392662794], "mi_td": [1.6130546683217992, 1.621427579193144, 1.6041145613378098, 1.6285867157483476, 1.5578003876739865, 1.642015047305938, 1.612007267449083, 1.6069472578041837, 1.63425360038234, 1.6117391956110534], "nmi_td": [0.25261548895877783, 0.2536531848969412, 0.25223753841616176, 0.2539318684304921, 0.24515435450689957, 0.25595488481547524, 0.2506278939676948, 0.2514467627527843, 0.2553831236000467, 0.25242016100465225], "mi_tw": [1.7024674071597272, 1.6933699349658886, 1.6970508722489897, 1.7285509926082734, 1.6843451414531523, 1.7183959751593423, 1.7356130658735378, 1.7119456462831053, 1.737147762747707, 1.7242589971271671], "nmi_tw": [0.28413650935167317, 0.28229371768238565, 0.28446095581232167, 0.28714483714430866, 0.28257627331512053, 0.2853738561267651, 0.28743959283392545, 0.2854615864486092, 0.2892579340802216, 0.28778643932451203], "coh": [-2.7828596743019696, -3.028751969415776, -2.957102616174393, -2.837560873155713, -3.128396321850349, -2.8165985532605013, -2.698753085342297, -2.850866213948483, -2.822802307178533, -3.031841808403397]}