{"p": 0.30000000000000004, "p-emp": 0.2993924947695952, "t": [1047.6664731502533, 961.3830015659332, 929.0506443977356, 1054.9037659168243, 996.765243768692, 610.878261089325, 627.2925539016724, 683.0594899654388, 673.0283739566803, 578.4400305747986], "nmi_acc": [0.6668945332466748, 0.690875636909815, 0.7137026933778888, 0.643656924270146, 0.6852900248255074, 0.6751134554837473, 0.6854146407298397, 0.711349799887772, 0.6704844122805896, 0.6837113598165799], "nmi_repr": [0.3568216190582749, 0.36424130860439785, 0.3813579148943447, 0.3625501304358659, 0.3568882063446341, 0.35624519977832464, 0.3717375042424879, 0.3783136027481657, 0.3791261557869261, 0.37171640109615084], "mi_td": [1.6951508860755484, 1.6435705444885196, 1.7098167790215444, 1.7857154748968096, 1.707271993946995, 1.7679000757344825, 1.7065097749596494, 1.6997376901114307, 1.7112396158209418, 1.6987300178003817], "nmi_td": [0.2661657405492143, 0.2615375186947835, 0.2693679695957976, 0.27818397480040563, 0.2680885015474187, 0.2761151400074924, 0.2684913049512537, 0.26845277303153914, 0.26893134900772636, 0.2680448291861818], "mi_tw": [1.5145265697404648, 1.4403597874164111, 1.4798620100393336, 1.5357106515192769, 1.4997015167607504, 1.528079607316296, 1.4928843804898206, 1.5037659074515257, 1.5090498714515113, 1.5044526444417992], "nmi_tw": [0.2628452365533699, 0.25369477196982315, 0.25778061621859105, 0.26421026931995467, 0.26029334109231594, 0.2636423941430906, 0.25966867298003404, 0.2626722543251206, 0.2621527201161252, 0.26252271773134045], "coh": [-2.3334228440419915, -2.419059880510402, -2.379382572544314, -2.092201268514333, -2.4673631540488614, -2.055322332362706, -2.3363632567884802, -2.345352576754908, -2.352553835670431, -2.185486883025518]}