{"p": 0.5, "p-emp": 0.3081487495097688, "t": [708.5496468544006, 585.3472864627838, 641.8386363983154, 667.8531458377838, 550.0112633705139, 668.3789758682251, 654.2237820625305, 577.9894638061523, 689.3619158267975, 677.6399831771851], "nmi_acc": [0.7326542550647848, 0.7195158044347912, 0.7309005661412111, 0.779258985287234, 0.723908291622185, 0.7546548792772622, 0.7171286763180865, 0.7318380268252185, 0.7369336969854716, 0.6992639815273743], "nmi_repr": [0.38640862282929506, 0.4070590543517413, 0.3845373107747708, 0.3903311108437532, 0.39457789039782304, 0.4040885693304709, 0.4277397903011794, 0.40827600347477117, 0.4213817851933892, 0.384112379411022], "mi_td": [1.641435223854014, 1.5731172289831106, 1.5267192012401631, 1.5660609838670445, 1.5079125877190185, 1.6086369120703412, 1.570395963257128, 1.5656742531376167, 1.5726492044509377, 1.5859370935285537], "nmi_td": [0.2591870352489908, 0.24958335467229079, 0.24280726990975682, 0.25021108333473807, 0.240771188212348, 0.25692552762706805, 0.25065732439552174, 0.24912408884396933, 0.2520020245265957, 0.2505406946072825], "mi_tw": [1.845757288823503, 1.819875213804725, 1.8419929976322031, 1.7414186823764846, 1.7991132641526326, 1.7629444979920312, 1.777114421618264, 1.8047564419259177, 1.7297905402637805, 1.8436665010362465], "nmi_tw": [0.32486636128965574, 0.32201355966845363, 0.3268055861461154, 0.31054980253685793, 0.32061640479844966, 0.3142684523558851, 0.3165681872621427, 0.3203733463097842, 0.3094882390353752, 0.32466731492534356], "coh": [-2.1963274043531222, -2.575897142686831, -2.4505434237763275, -2.3950627952446, -2.6281078957299795, -2.472015063119332, -2.380458104916663, -2.32831635059352, -2.47647011980719, -2.653226998868482]}