{"p": 0.1, "p-emp": 0.09969250865630097, "t": [613.8473556041718, 726.4664990901947, 618.0319125652313, 644.8780596256256, 748.4546852111816, 685.2346985340118, 758.3458330631256, 698.5382964611053, 693.2715549468994, 666.0418744087219], "nmi_acc": [0.6995272246680297, 0.7292757418861102, 0.7674492707353152, 0.7419571668597293, 0.6354950774040804, 0.683831414970058, 0.6576625854816432, 0.700721533203464, 0.7024472929299664, 0.775125782705573], "nmi_repr": [0.35948397431423607, 0.37943090409548724, 0.36075965506219065, 0.35709349837451176, 0.36424720647563286, 0.3736225733158495, 0.33858401728780235, 0.3294635880453241, 0.34194632584803447, 0.3663723789440357], "mi_td": [1.1748900187889117, 1.2660325538140342, 1.217498920382846, 1.1295154082409393, 1.399203976477457, 1.2369513869207476, 1.3577585050619736, 1.3698516920629165, 1.223905566091935, 1.2805774775371317], "nmi_td": [0.193777743989993, 0.2069454699131473, 0.19868601424160579, 0.1843945499675935, 0.22249939867839374, 0.20128845767049713, 0.21622961623462286, 0.2187895542132953, 0.20046795278775845, 0.20851603651716727], "mi_tw": [1.5219514647193586, 1.5069775234451723, 1.562201493205008, 1.6548303300175657, 1.7469302047926138, 1.6500739423986248, 1.72249404254591, 1.6811197658802204, 1.55530256204189, 1.5530045794874139], "nmi_tw": [0.3013322208976003, 0.29517480574154076, 0.305390913953327, 0.323639008163935, 0.3310939954009637, 0.321474481893503, 0.327040957958574, 0.3202920319883286, 0.30538611746513267, 0.30278610941763956], "coh": [-2.4161001195631453, -2.3482552678608015, -2.4604467743228855, -2.538294698909015, -2.1034227499204823, -2.6171507019587414, -2.375418250676884, -2.1349640206969234, -2.492326874508459, -2.3923694440600167]}