{"p": 0.1, "p-emp": 0.09969250865630097, "t": [489.35555362701416, 480.5408663749695, 473.46265482902527, 480.4236526489258, 473.9675920009613, 491.7391471862793, 486.7162833213806, 485.59843921661377, 484.1121528148651, 499.16366958618164], "nmi_acc": [0.6736719298367424, 0.6696257083564627, 0.6661450795514842, 0.659431819303465, 0.6685381173900922, 0.6634530554914344, 0.6675404426957615, 0.6663308367412694, 0.6721460944795629, 0.6698729207056163], "nmi_repr": [0.5107715430547347, 0.5213729106503991, 0.4806714788796802, 0.4964803820501009, 0.5075638270482012, 0.5010040577330213, 0.5026600719783363, 0.5168932442020843, 0.5100107340525052, 0.5172756075846359], "mi_td": [2.0665460250312253, 2.06666869094894, 2.019344510514868, 2.1087931024059343, 2.062161041096832, 2.1020600938873995, 2.088072356420195, 2.070292409084111, 2.0758538773219737, 2.075586158623088], "nmi_td": [0.3202276288026239, 0.32058479988113225, 0.3124785153106519, 0.3269246871849585, 0.31987689379518786, 0.32528272954279047, 0.3237722824518053, 0.32134340783113746, 0.3218979240755964, 0.3215882850854472], "mi_tw": [1.3240952546991462, 1.3147405878182377, 1.3636303289083163, 1.2922476786496708, 1.3189730923124101, 1.3123241035478548, 1.3090584987810685, 1.3115614351794904, 1.3115044328353564, 1.3168138292609082], "nmi_tw": [0.24335387441072195, 0.2419372767144444, 0.2502069876637408, 0.23763042789826516, 0.24270833184443288, 0.24079704943644678, 0.2407746095220537, 0.24152745090579872, 0.24124245936847388, 0.2419797679157719], "coh": [-1.7907475355578686, -1.9104359277243834, -1.8241320622918682, -1.734695378979573, -1.8279590065281568, -1.888289932746408, -1.8866472192801615, -1.884460573009557, -1.9510604192095837, -1.8523528627624344]}