{"p": 0.30000000000000004, "p-emp": 0.2999705479755167, "t": [205.60344696044922, 208.7059724330902, 202.72332978248596, 200.6847848892212, 204.0985713005066, 205.71885180473328, 252.2701916694641, 186.61830306053162, 188.62074184417725, 193.9417850971222], "nmi_acc": [0.753130826932435, 0.6341817278066116, 0.7220549664086837, 0.6750769431926028, 0.6457472780464663, 0.7634697531462968, 0.7901544673161832, 0.7407611682773508, 0.6844499609061747, 0.7323133458634675], "nmi_repr": [0.3323862774581581, 0.33653960553925105, 0.3237022887673269, 0.3570765877901474, 0.3712324153086219, 0.3601501767056538, 0.37463400436161604, 0.36041988872069064, 0.3564606055528261, 0.3593920458013787], "mi_td": [1.3405140529459518, 1.3131352523486997, 1.2595394534145918, 1.3162854329006572, 1.1812612429298974, 1.2272643465062882, 1.2320911549129303, 1.1433383065262646, 1.1534307081509196, 1.2381271008131465], "nmi_td": [0.21944968907234, 0.2140636235217259, 0.20523745972378163, 0.21818350071703757, 0.19378236231761206, 0.2038351486505445, 0.2046091231773008, 0.19104044229594005, 0.19162886881897617, 0.20660530479845648], "mi_tw": [1.3591610341196654, 1.4392348761686753, 1.4772357799431568, 1.2664695003021142, 1.5141784474173912, 1.3113568447464863, 1.2903009717494816, 1.2798374504770844, 1.387977508204625, 1.2380976296469506], "nmi_tw": [0.2871235224450348, 0.3023912692783509, 0.31020185024399133, 0.2718843681459143, 0.3207323107817645, 0.28225156990413564, 0.2776708579404432, 0.2776227925172487, 0.2988576653856579, 0.26810798225851196], "coh": [-2.5846697072097804, -2.3391347056217167, -2.1794976250483225, -2.5183854773512486, -2.379077283533922, -2.6157105141849164, -2.6896216674551567, -2.3581681676936537, -2.573203666166086, -2.4200057708576606]}