{"p": 0.8, "p-emp": 0.7999734473976161, "t": [170.6786572933197, 170.65105175971985, 152.48244047164917, 137.4302055835724, 145.22003030776978, 138.65913605690002, 141.16753792762756, 144.77075338363647, 143.07212734222412, 129.78700399398804], "nmi_acc": [0.5065790448785276, 0.5252389929868798, 0.48384314237477083, 0.5004784583136068, 0.48065466332837103, 0.4945201567180827, 0.46300138151762477, 0.48361629601711836, 0.5215065961778249, 0.46917888626368265], "nmi_repr": [0.32747048575472354, 0.3601408612688288, 0.3149662361942667, 0.31417528972950376, 0.33304259109733375, 0.3246015311173793, 0.33105424600740624, 0.33265679891808486, 0.33892477006696425, 0.33366594215805084], "mi_td": [2.019626493576165, 2.0226646783033284, 1.9432789165505804, 2.0586352125726886, 2.010645873263985, 1.996767628128708, 2.0325637795681466, 1.9882520478830554, 2.0740939621923897, 2.0194809133890823], "nmi_td": [0.3168238376620026, 0.3171348314374312, 0.30495108670461657, 0.32224085831188864, 0.3146226852477413, 0.3118176596585702, 0.3177821171810906, 0.31133954632929656, 0.323746868816271, 0.3158616805376908], "mi_tw": [2.205174887823442, 2.2178399383296377, 2.171265709652859, 2.1895266782963754, 2.209709294230979, 2.2447275485021336, 2.1932850800017705, 2.190797631561343, 2.2019132148976177, 2.2222158567369434], "nmi_tw": [0.432095226805681, 0.43429360655160065, 0.4256323166160895, 0.4278641363484217, 0.4316259786966687, 0.4373571844848894, 0.42796349655375177, 0.42831147454278057, 0.428773818063446, 0.4338228804101082], "coh": [-2.53877832565073, -2.469098601606789, -2.612808842901524, -2.2949310481216143, -2.3718496953711066, -2.608926282436174, -2.5352445236034633, -2.5500338584817857, -2.351361810604686, -2.454598469094548]}