{"p": 0.4, "p-emp": 0.4, "t": [174.32324528694153, 173.5788116455078, 171.43008828163147, 159.37287425994873, 159.2366063594818, 175.05049085617065, 179.09348726272583, 168.46621108055115, 165.95915007591248, 164.26327896118164], "nmi_acc": [0.7014898033945905, 0.6299628368838268, 0.6987586727905981, 0.6372683818314323, 0.6205685589790674, 0.7137974549991041, 0.6764375334629624, 0.7143613015959372, 0.7494587642814092, 0.7034372948246755], "nmi_repr": [0.35532204978606335, 0.3577436994240434, 0.3546280075034166, 0.36909287309666977, 0.3688733747692315, 0.35043233745409574, 0.3395233574700753, 0.35880452298969495, 0.38430605750453745, 0.37972426418620026], "mi_td": [1.143628317272426, 1.1165491925079916, 1.2666281300501165, 1.013794665022494, 1.147356338178277, 1.1859938114136737, 1.320033289044352, 1.2432650555273401, 1.3248560698621843, 1.177958174186325], "nmi_td": [0.1907251001687471, 0.1858751072966316, 0.20878904109716426, 0.16993239491095352, 0.19096328297214515, 0.1976284866017379, 0.2182822840045636, 0.20646267532920537, 0.21881855031701253, 0.19543069938993554], "mi_tw": [1.385800769492228, 1.3893925780052032, 1.3650182023675608, 1.4003590276615931, 1.362143596713936, 1.3221785631255822, 1.2669605071138268, 1.2961356923280576, 1.287211375040084, 1.3039205460320293], "nmi_tw": [0.30544916637954, 0.30551538681215695, 0.2962755020085687, 0.31073616975414914, 0.299439942348102, 0.2911106132679913, 0.27614160524513914, 0.2840872040368365, 0.28011462740486903, 0.28543340639268416], "coh": [-2.593932965667148, -2.7657587121545704, -2.6184459571653296, -2.745571765161795, -2.712662393066567, -2.5939786979723154, -2.5883782654839838, -2.35149125165558, -2.3196228793711087, -2.5434881467617325]}