{"p": 0.30000000000000004, "p-emp": 0.29992904045914637, "t": [172.19838070869446, 168.23877000808716, 165.71256303787231, 175.77975869178772, 168.45103859901428, 168.99644136428833, 172.44753336906433, 163.82578659057617, 174.20452666282654, 179.61509037017822], "nmi_acc": [0.6324627096138818, 0.6446964799054845, 0.6479646628071609, 0.6590223386350333, 0.6619320242573782, 0.6600460576278884, 0.6382255115219038, 0.6610482437122789, 0.6095388989817072, 0.6508757621309357], "nmi_repr": [0.3846420370898793, 0.38936420701027785, 0.39875861868099977, 0.40314171266253224, 0.41004021675527486, 0.4253022384657031, 0.4031714606283422, 0.41120316527379186, 0.40123475619883897, 0.3925611745587943], "mi_td": [1.9152405007654099, 1.9449922350626365, 1.9144655934975827, 2.0342681920098205, 2.0045274191246794, 1.8862783817892432, 2.0580751564555535, 1.9308710396750033, 1.9714142915855657, 2.026195923115595], "nmi_td": [0.3000831345725773, 0.305340019721573, 0.30239545879613666, 0.31831476742055, 0.31464432702595113, 0.29994349549881566, 0.3212492428082175, 0.3046565175023003, 0.30890138304916287, 0.31738274702231284], "mi_tw": [0.7720355033690224, 0.7535306901318801, 0.7314433380246768, 0.7278401545317538, 0.7330989026811524, 0.714201097542835, 0.732896714601668, 0.7398461737034236, 0.7437272598070686, 0.7286829667642022], "nmi_tw": [0.17331470181140232, 0.1696344272336024, 0.16611769652233824, 0.16308654447872967, 0.16500325805680588, 0.16377218739377786, 0.1636427605453853, 0.16776459501678878, 0.1669728124918323, 0.163519666754875], "coh": [-1.5434980213019245, -1.6279407439473441, -1.6660331966748387, -1.3353538856267646, -1.4938406881378714, -1.5627889554535779, -1.385834831121466, -1.6427480303981603, -1.6036763622430357, -1.4541440251147677]}