{"p": 0.8, "p-emp": 0.7999911491325387, "t": [95.33422946929932, 96.70000648498535, 96.60966372489929, 97.36484241485596, 96.12454319000244, 95.14151191711426, 98.04102110862732, 95.42963576316833, 95.50054049491882, 98.02396273612976], "nmi_acc": [0.17676481066906014, 0.10945983859810883, 0.15434517056638963, 0.09479883161470573, 0.1568235645306629, 0.14371799634015725, 0.13851614063604606, 0.15120157811607227, 0.12836876168539618, 0.10409647034371658], "nmi_repr": [0.03327566591207327, 0.030794820398485554, 0.028590638628120765, 0.02464231737528092, 0.024896312271568303, 0.03463295414742184, 0.031447285489052186, 0.032732757269625795, 0.02998199985603892, 0.022541390087399638], "mi_td": [1.4641285795727774, 1.4477881218767834, 1.4635234167778333, 1.439146173961606, 1.4664951633180525, 1.4631049840266104, 1.4415865670373342, 1.4510163555540423, 1.4416778625900362, 1.448139520509408], "nmi_td": [0.2264937184541604, 0.2240529336856024, 0.2263983169186966, 0.2226695777219053, 0.22681640941587036, 0.22630765387175047, 0.22320179346579724, 0.2246343083259481, 0.22312018205163942, 0.22415135820874757], "mi_tw": [2.46321628348864, 2.4246460708068005, 2.4510285367417532, 2.424057145523351, 2.458684073213303, 2.4482820545420885, 2.4426874838411403, 2.4531729643204803, 2.4350466931760675, 2.4181932513392552], "nmi_tw": [0.38118622855015266, 0.37536325051735175, 0.379297164559977, 0.37519459387432047, 0.38041203260729045, 0.3788287177709655, 0.378340392237408, 0.379917920050948, 0.37699509617815735, 0.3744378798261443], "coh": [-3.868559885233423, -3.9162259438723597, -3.907803192764372, -3.9713085346279557, -3.9381274487139444, -3.8775102376001342, -3.9184840440503996, -3.8551037300263076, -3.976721836824791, -3.9083731224919935]}