{"p": 0.7000000000000001, "p-emp": 0.6999980161848793, "t": [490.9454905986786, 468.4110224246979, 394.87588334083557, 419.1897602081299, 449.63489055633545, 311.9866554737091, 258.5820918083191, 257.35531544685364, 245.39569973945618, 250.76408338546753], "nmi_acc": [0.6610315414707858, 0.6539256340954264, 0.6676486455784854, 0.665713126446419, 0.6659178801027863, 0.6700426480413477, 0.6614449204208206, 0.6613823248767593, 0.6626170422302414, 0.664661904208053], "nmi_repr": [0.6945737260234942, 0.6694861271524017, 0.6582919060056391, 0.6807281777209797, 0.6901998707208408, 0.6745099971281804, 0.6568077059794052, 0.6584733887292072, 0.6424007311830922, 0.6607088189968687], "mi_td": [2.5307906675800047, 2.535185492324629, 2.5246620140030616, 2.5472858761134067, 2.5410216459689896, 2.512611189801324, 2.5284358363203823, 2.5098041129847184, 2.5351642564866643, 2.511823874121916], "nmi_td": [0.3916328071876908, 0.392176977507713, 0.3905093854056709, 0.39378490010535, 0.3926986187918281, 0.38897686478886145, 0.39143027081929277, 0.38869860499221986, 0.39185839083714497, 0.3900302018113173], "mi_tw": [2.16983631965857, 2.165219187224592, 2.18392569409924, 2.1722525429141295, 2.186129164924518, 2.172848627533704, 2.171746071846419, 2.1718222413552923, 2.186062245924096, 2.147174434391306], "nmi_tw": [0.35885204383876085, 0.3579558706168229, 0.36100924632279474, 0.35886158491266135, 0.36103820781999457, 0.35950558019697376, 0.35932668593942063, 0.3594902578404735, 0.36109115732795755, 0.3564054327172337], "coh": [-2.350830663134256, -2.377726865013575, -2.3159629972102342, -2.27569370549459, -2.334217619632074, -2.3391295540879544, -2.309558738832936, -2.376995090466306, -2.3847851240462283, -2.3927787216898375]}