{"p": 0.6000000000000001, "p-emp": 0.5999362127138133, "t": [570.1284484863281, 522.2382996082306, 549.5130620002747, 606.2632386684418, 499.60469222068787, 566.242269039154, 641.9317259788513, 541.5811326503754, 589.7069001197815, 561.0200345516205], "nmi_acc": [0.673339560855551, 0.6678196569230107, 0.6721368285862209, 0.6555555962940396, 0.671577409623714, 0.6755081256084275, 0.67069817700744, 0.6672595732030172, 0.6737624550559235, 0.6709791192201698], "nmi_repr": [0.6276113383644042, 0.6585625992111045, 0.6649452311124073, 0.6534183193188534, 0.6376584149798046, 0.6497039060003654, 0.6634150593384376, 0.6799372364600011, 0.6607026500198679, 0.6302575553312253], "mi_td": [2.5219913212927514, 2.5405128611174383, 2.516267863986607, 2.526635104791576, 2.494082002780877, 2.5117954659333983, 2.5312639053489785, 2.536111312312192, 2.481073653151438, 2.5184761066932024], "nmi_td": [0.3907935040863232, 0.3930705979393265, 0.38956354426469786, 0.390568411345482, 0.3870961526185326, 0.3895038906955137, 0.392120239615714, 0.39302953581483524, 0.3853526911706933, 0.3901441098304472], "mi_tw": [1.7091648139441669, 1.7010143361143475, 1.7188171783656934, 1.7171247301238572, 1.7050522154639576, 1.6970499131533696, 1.6998390413652666, 1.6997763300406792, 1.7035234310629206, 1.7041157029820524], "nmi_tw": [0.3156776733559831, 0.31360846642162743, 0.31712753637518765, 0.3162361516535159, 0.31552757330252706, 0.31371876336582344, 0.313850200752694, 0.31398942979717676, 0.3155136261204024, 0.3146444745808208], "coh": [-1.8043865596900392, -1.719448195642722, -1.7243406711105282, -1.7397835744297114, -1.743879814969254, -1.7322749210629702, -1.7703158130899646, -1.7537933130726533, -1.8107740964013797, -1.7823277972566298]}