{"p": 0.30000000000000004, "p-emp": 0.29992904045914637, "t": [214.02565574645996, 211.32629895210266, 220.9226689338684, 175.9770863056183, 226.4604811668396, 199.10520672798157, 222.82863473892212, 228.348792552948, 216.47603392601013, 202.62066793441772], "nmi_acc": [0.5081669177957714, 0.5015817400628877, 0.46754625569327, 0.4518208037832226, 0.4713918600474026, 0.35870467630254893, 0.5386726534449148, 0.44980475373928736, 0.4020033920379118, 0.49410429892194135], "nmi_repr": [0.3118032955759626, 0.32916286401767264, 0.34378986359528263, 0.2985424987905016, 0.28216130424753505, 0.3593961018821712, 0.34544163414586737, 0.3263934422808065, 0.3451141239343787, 0.3335371534333662], "mi_td": [0.9243798351211381, 0.8725111600233822, 0.8226764550900224, 0.5154094814020785, 0.9182143324416611, 0.7765275552237952, 0.8829420054727062, 0.8944013755805381, 0.8473217789003076, 0.7498064657335137], "nmi_td": [0.15437666302303096, 0.14817777738382554, 0.1401751087714363, 0.08939024352819888, 0.15449715267515884, 0.13300073673117835, 0.1488578513819087, 0.149946176955574, 0.14314518332553308, 0.12596131662939214], "mi_tw": [1.2099861966699794, 1.0867559154482893, 1.1551795542481527, 1.1946284822664586, 1.1599043019098416, 1.1208800083304324, 1.1769196366507741, 1.233307379385352, 1.1922923805150645, 1.3987287829218236], "nmi_tw": [0.29802729372759945, 0.2744030904936925, 0.2931122020162677, 0.31126333109927906, 0.2888633872583672, 0.2866199276918584, 0.2939647956725418, 0.3055025063206566, 0.298709280451594, 0.3475244212755694], "coh": [-2.1309012049672953, -2.26034321830282, -2.186064902498171, -2.2712776080704162, -2.258857979774203, -2.040818873488999, -2.12374771011165, -2.095154952383481, -2.0198390127201167, -2.0974731579991692]}