{"p": 0.8, "p-emp": 0.7999734473976161, "t": [52.27193808555603, 51.1030056476593, 46.21244812011719, 50.726956605911255, 48.33665680885315, 51.326199531555176, 47.94761085510254, 51.65006637573242, 49.279979944229126, 49.54224896430969], "nmi_acc": [0.6196043964935097, 0.6415545928309893, 0.675269941875048, 0.6433953724704224, 0.6409607321465994, 0.6537701185465451, 0.6301644653382805, 0.6560838080747509, 0.6546771135470502, 0.6568552394402921], "nmi_repr": [0.5035018753681598, 0.5065161819151226, 0.5057411720226086, 0.5126472808032547, 0.5026280570084452, 0.48921430115684045, 0.4831421588921461, 0.4924711652414528, 0.5307830638346627, 0.49240078249794045], "mi_td": [2.096316873367566, 2.029520429375518, 1.766103058681117, 2.070026057579478, 1.968471482015331, 1.9911361492710347, 1.9522081522764083, 1.9291267654724424, 1.9822613793936372, 1.8917646312999388], "nmi_td": [0.33591419658136484, 0.3277904523412, 0.2914546802442909, 0.33215536259485257, 0.3172250578684147, 0.31998486803154774, 0.316613278718728, 0.3142521144385073, 0.32181151533998337, 0.308541760422185], "mi_tw": [2.0232766645590265, 1.9671458726593034, 1.7916651688122327, 2.064724405933166, 2.0289263446296766, 2.080619730362934, 1.9396804947145694, 1.929975310166252, 1.9440516854620886, 1.924535860633883], "nmi_tw": [0.4071409667160228, 0.39979711163218584, 0.3741633427950524, 0.41619583366668333, 0.4112027610573969, 0.42020520758876356, 0.3962777499276883, 0.3964918287057836, 0.3976753623843914, 0.39598274765527003], "coh": [-2.327869672590798, -2.6732569598743074, -2.2348189505372553, -2.1983277121244083, -2.1596211515161805, -2.4645413229518445, -2.384484522671273, -2.467773676920266, -2.4746234000072285, -2.3652639608960304]}