{"p": 0.5, "p-emp": 0.49990004623815243, "t": [368.8825867176056, 359.38056325912476, 787.2956230640411, 791.0893251895905, 728.9785912036896, 821.6484882831573, 835.103556394577, 800.5361940860748, 765.0386464595795, 735.258926153183], "nmi_acc": [0.6231115210680243, 0.6476936152660402, 0.6606561145179343, 0.6203940803336402, 0.6647137686859549, 0.6120881751741759, 0.6083376588646919, 0.6287357585934078, 0.6131170034599033, 0.6535358164675105], "nmi_repr": [0.32046552840733467, 0.330002989506589, 0.3410575559642009, 0.3223177496177565, 0.3113612839009298, 0.3199712818775625, 0.3051553434686238, 0.31494389198954803, 0.3136829257221987, 0.31610727761011553], "mi_td": [1.6642093548015913, 1.6881974261064618, 1.642740852816336, 1.703266473935986, 1.6493993850244772, 1.641631113103099, 1.6981964624441221, 1.6962511266191613, 1.6384685641835466, 1.6668368416869004], "nmi_td": [0.26045058664367254, 0.2645591659047641, 0.25809161425076804, 0.2650552499694083, 0.25853179588622643, 0.2578028847888151, 0.26407002774198124, 0.2642417603275065, 0.2563553389579963, 0.2610293217567379], "mi_tw": [1.8903976580328163, 1.8848490249128247, 1.8769980910232207, 1.911832708676518, 1.8764846799291797, 1.8636959661063972, 1.9065578603356552, 1.9138889360326634, 1.8780849738561916, 1.8692204733827074], "nmi_tw": [0.32118294700946043, 0.32070664988690767, 0.32025461488950824, 0.32283106537038464, 0.3193541541077469, 0.3178318614673205, 0.32168094927438096, 0.3235479204175382, 0.319000770839569, 0.31780633069032], "coh": [-2.5651636528936863, -2.5531385955479564, -2.5105118272358826, -2.232639775199287, -2.5449307475994507, -2.6458464587577946, -2.270229165354299, -2.404036258491299, -2.447840479613287, -2.4571849654696494]}