{"p": 0.7000000000000001, "p-emp": 0.6996775537423146, "t": [171.0805881023407, 162.46346473693848, 162.22409200668335, 166.29027009010315, 164.89789748191833, 160.37903380393982, 167.26925802230835, 163.27079939842224, 165.8982799053192, 162.39200043678284], "nmi_acc": [0.15134876990778934, 0.14402200545111257, 0.1413794050656023, 0.13281648188753734, 0.13913792214010193, 0.14440728435648797, 0.1432923908329891, 0.14687865738813322, 0.13668348027513919, 0.13140324713335752], "nmi_repr": [0.17403975875514754, 0.1711713568558789, 0.17653089777445857, 0.17801204680048302, 0.17437579138178946, 0.16875151312570114, 0.173645732434812, 0.17162196124867676, 0.1680387227314622, 0.1707887847614643], "mi_td": [1.005049687542186, 0.9883916777056341, 0.9830724706805154, 0.9820306009481677, 0.9740031291529823, 1.000389226472514, 0.9893769767894962, 0.9830187569653558, 0.9930283179389487, 0.974456986879799], "nmi_td": [0.1578198416979567, 0.1550781099723599, 0.15409617595323324, 0.15384762078246736, 0.15298012161773297, 0.15710165398636414, 0.1551352498247306, 0.1547872462262702, 0.15598310148057168, 0.15269014955935614], "mi_tw": [0.939225927161715, 0.9976373581444247, 1.0454214911410897, 1.0066685458188802, 0.9861417241303614, 0.9995688186519023, 0.9897054526349996, 0.957945585470078, 0.9533436452625664, 1.019072861193304], "nmi_tw": [0.30716416972998456, 0.3257159619405097, 0.3406390667812072, 0.32763449019786567, 0.32266311231986317, 0.32695777042416746, 0.32270446787747026, 0.3150959671250038, 0.31199342061034996, 0.3318027138452601], "coh": [-1.0058202782201051, -1.0480496515687032, -1.0874542547502482, -1.0307258382709512, -0.9713939245558187, -1.0577501711470032, -1.0166734925091911, -1.0318692168753811, -1.004171681268118, -1.008093248617802]}