{"p": 0.5, "p-emp": 0.3081487495097688, "t": [394.39583349227905, 380.9617416858673, 390.0278649330139, 396.49702310562134, 384.9039099216461, 389.6473774909973, 372.3055169582367, 360.8211598396301, 360.4539752006531, 358.37503004074097], "nmi_acc": [0.6732940934411304, 0.6715728872460778, 0.6573349896858435, 0.6749541731579655, 0.6744980566122053, 0.6781637059876106, 0.6690121348497581, 0.6722367434317683, 0.6774703218329319, 0.6708671317732706], "nmi_repr": [0.5485494999713655, 0.5823000095643127, 0.5570061105663119, 0.5826922432544009, 0.5540258431980238, 0.5492027602507434, 0.5538187568523839, 0.5900445797634217, 0.5600759384620221, 0.5670100708594841], "mi_td": [2.1880946795759337, 2.184292788783846, 2.2104924266419186, 2.2062628660168153, 2.167913182605429, 2.1743161900547583, 2.19553384762079, 2.194621225369412, 2.1852537872707223, 2.2306002618692795], "nmi_td": [0.33866536209077797, 0.33831770181169946, 0.34174476542361487, 0.34135946386419985, 0.33587710656068454, 0.3364578985755633, 0.33987826796017, 0.33980340538064724, 0.33796479038723953, 0.3442956053608085], "mi_tw": [1.5872807503600708, 1.5856376546642543, 1.5869804416645379, 1.5852475235099486, 1.5887574992675277, 1.5970254259420642, 1.5889565152064682, 1.5815748118502528, 1.5998302957820025, 1.5854458379051224], "nmi_tw": [0.2732211333534815, 0.27315450914727657, 0.27282563115423736, 0.2727663742293638, 0.2737793412280154, 0.27483047771984354, 0.2735646352640824, 0.27235295746064236, 0.2751451127286912, 0.2720716089414747], "coh": [-1.699695246621684, -1.7737229672799262, -1.814809352624454, -1.8120753577067075, -1.7548717016607207, -1.7262490125571517, -1.7505960595526378, -1.7314251528907552, -1.7927487813466185, -1.743375656476309]}