{"p": 0.1, "p-emp": 0.08381740965629636, "t": [1208.5129959583282, 1270.5553081035614, 1194.174821138382, 1260.3050005435944, 1209.4364001750946, 1248.2603359222412, 1269.4171113967896, 1204.036699771881, 1232.6351101398468, 1349.2513949871063], "nmi_acc": [0.675629642145623, 0.6703606439407925, 0.6685465024463976, 0.6734758814911898, 0.673378511635858, 0.6761744399404446, 0.6746596534583095, 0.6627784176111275, 0.6755646608000859, 0.6736234477305533], "nmi_repr": [0.49933466282845207, 0.49833851957654124, 0.5175760270468273, 0.5003411178915208, 0.5233265820309241, 0.5116956041329547, 0.4976680831213518, 0.49585573871845207, 0.47818395753980836, 0.493847605651729], "mi_td": [2.0160785975448765, 2.085092758537307, 2.0329416959868296, 2.0395584711200514, 2.0216731008841204, 2.0327839696762506, 2.0260195538734433, 2.0379945940559887, 2.033833882450321, 2.047562578484823], "nmi_td": [0.3135529655221333, 0.3225327209509896, 0.3149852869423744, 0.31604880490899057, 0.31377752422856947, 0.31582488798510355, 0.3147581750544054, 0.31570977116763393, 0.3147171177708739, 0.31705926499012804], "mi_tw": [1.3222570437958792, 1.3177871823630165, 1.3489392103932938, 1.337378563822867, 1.335465470266111, 1.3206508385749596, 1.3240564817253504, 1.3410792004421312, 1.342377806679022, 1.3411981224116205], "nmi_tw": [0.239490767022127, 0.23717927509730696, 0.24325296729157506, 0.24120227532128194, 0.2413049738930948, 0.23891247391149636, 0.2395146128427146, 0.24178351178620716, 0.24170648707219317, 0.24168722513566432], "coh": [-1.5262741816308476, -1.51743405084484, -1.6266652159570598, -1.558761362796617, -1.5581227228900194, -1.5922177681731169, -1.612153110242274, -1.5188275623784817, -1.4809008593597233, -1.5270831525816182]}